{"type":"FeatureCollection","features":[{"type":"Feature","properties":{},"geometry":{"type":"MultiPoint","coordinates":[[-123.22448,49.27474],[-123.22386,49.27467],[-123.22383,49.27497],[-123.2238,49.27472],[-123.2238,49.27491],[-123.22378,49.27472],[-123.22378,49.27492],[-123.2226,49.27304],[-123.22254,49.27242],[-123.22242,49.27345],[-123.22232,49.27232],[-123.22228,49.27345],[-123.2222,49.27729],[-123.22219,49.27345],[-123.22215,49.27347],[-123.22179,49.27451],[-123.22178,49.27457],[-123.22175,49.27717],[-123.22103,49.277],[-123.22083,49.27104],[-123.22076,49.2738],[-123.22075,49.27388],[-123.22074,49.27108],[-123.2206,49.27078],[-123.22052,49.27081],[-123.22028,49.27529],[-123.22027,49.27536],[-123.22019,49.2702],[-123.21999,49.27025],[-123.21998,49.27021],[-123.21992,49.27678],[-123.21985,49.2695],[-123.21976,49.27532],[-123.21975,49.26953],[-123.21964,49.26711],[-123.21952,49.26882],[-123.2195,49.26904],[-123.21944,49.26719],[-123.21944,49.26725],[-123.21925,49.27634],[-123.21904,49.27375],[-123.21903,49.27367],[-123.21896,49.27521],[-123.21861,49.27358],[-123.21843,49.27233],[-123.21843,49.27236],[-123.21817,49.27651],[-123.21784,49.27147],[-123.21783,49.27142],[-123.21781,49.27487],[-123.21777,49.27493],[-123.21748,49.27331],[-123.21748,49.27341],[-123.21746,49.27332],[-123.21737,49.27338],[-123.2173,49.27647],[-123.21721,49.27323],[-123.21661,49.27641],[-123.21645,49.2692],[-123.21643,49.27432],[-123.21638,49.27436],[-123.21606,49.26565],[-123.21588,49.26527],[-123.21584,49.27633],[-123.21576,49.27633],[-123.21571,49.26538],[-123.21551,49.2593],[-123.21548,49.26],[-123.21547,49.26038],[-123.21544,49.26129],[-123.2154,49.26219],[-123.21534,49.26375],[-123.21533,49.26491],[-123.21531,49.26742],[-123.2153,49.26474],[-123.2153,49.26735],[-123.21528,49.26532],[-123.21527,49.25929],[-123.21526,49.26584],[-123.21524,49.25826],[-123.21524,49.25835],[-123.21524,49.26],[-123.21524,49.26815],[-123.21523,49.26038],[-123.21523,49.26662],[-123.21523,49.26819],[-123.21522,49.26903],[-123.2152,49.26129],[-123.21518,49.25842],[-123.21518,49.26803],[-123.21518,49.26812],[-123.21517,49.25851],[-123.21517,49.25981],[-123.21517,49.26219],[-123.21517,49.26918],[-123.21516,49.25935],[-123.21516,49.25942],[-123.21516,49.25986],[-123.21515,49.26896],[-123.21515,49.27042],[-123.21515,49.27205],[-123.21513,49.26025],[-123.21513,49.26032],[-123.21513,49.26072],[-123.21513,49.26076],[-123.21512,49.27141],[-123.21512,49.27147],[-123.21511,49.26116],[-123.21511,49.26123],[-123.21511,49.26162],[-123.21511,49.26166],[-123.21511,49.26379],[-123.21511,49.27201],[-123.21509,49.26213],[-123.21509,49.27258],[-123.21509,49.27266],[-123.21508,49.26205],[-123.21506,49.26472],[-123.21506,49.2649],[-123.21505,49.27019],[-123.21505,49.27376],[-123.21504,49.27376],[-123.21503,49.27383],[-123.21502,49.26583],[-123.21501,49.27134],[-123.215,49.26661],[-123.21498,49.27196],[-123.21497,49.26729],[-123.21497,49.27252],[-123.21497,49.2754],[-123.21494,49.26814],[-123.21493,49.27368],[-123.21493,49.27369],[-123.21491,49.26898],[-123.2149,49.27018],[-123.21489,49.26741],[-123.21489,49.27429],[-123.21487,49.27132],[-123.21483,49.27237],[-123.21483,49.27238],[-123.21482,49.27279],[-123.21482,49.2728],[-123.2148,49.27526],[-123.21479,49.27526],[-123.21478,49.25981],[-123.21478,49.27355],[-123.21478,49.27356],[-123.21478,49.27429],[-123.21478,49.27525],[-123.21475,49.27258],[-123.21472,49.27365],[-123.21469,49.27568],[-123.21463,49.26162],[-123.21463,49.26166],[-123.21463,49.27238],[-123.21457,49.27365],[-123.21452,49.27382],[-123.21441,49.27342],[-123.21439,49.25982],[-123.21437,49.27279],[-123.21434,49.25841],[-123.21433,49.25833],[-123.21433,49.25849],[-123.21432,49.25825],[-123.21425,49.26476],[-123.21425,49.26483],[-123.2141,49.26114],[-123.2141,49.26121],[-123.21409,49.25889],[-123.21408,49.25894],[-123.21398,49.27374],[-123.21393,49.27302],[-123.2139,49.26201],[-123.2139,49.26211],[-123.21388,49.27369],[-123.21386,49.27306],[-123.21385,49.25933],[-123.21385,49.27365],[-123.21382,49.25939],[-123.2138,49.26023],[-123.2138,49.2603],[-123.21375,49.26383],[-123.21375,49.26397],[-123.21374,49.27363],[-123.21373,49.26295],[-123.21373,49.26301],[-123.21369,49.26733],[-123.21368,49.25979],[-123.21368,49.26739],[-123.21366,49.27023],[-123.21366,49.27029],[-123.21365,49.26648],[-123.21365,49.26654],[-123.21365,49.27137],[-123.21365,49.27146],[-123.21364,49.26561],[-123.21364,49.26569],[-123.21351,49.26916],[-123.2135,49.26901],[-123.21349,49.27335],[-123.21347,49.26475],[-123.21347,49.26482],[-123.21344,49.27081],[-123.21344,49.27086],[-123.21342,49.27335],[-123.21339,49.27433],[-123.21339,49.27439],[-123.21337,49.25823],[-123.21337,49.25832],[-123.21337,49.26824],[-123.21336,49.25839],[-123.21336,49.25848],[-123.21336,49.26818],[-123.21329,49.27373],[-123.21316,49.27239],[-123.21308,49.27242],[-123.21303,49.26022],[-123.21302,49.27359],[-123.21302,49.27371],[-123.213,49.27366],[-123.21297,49.27293],[-123.21296,49.26568],[-123.21294,49.27295],[-123.2128,49.26968],[-123.21279,49.27379],[-123.21278,49.26965],[-123.21269,49.25978],[-123.21269,49.25981],[-123.21269,49.26342],[-123.2126,49.27179],[-123.21254,49.26817],[-123.21247,49.26341],[-123.21246,49.26201],[-123.21245,49.26157],[-123.21245,49.26433],[-123.21244,49.26341],[-123.21243,49.27372],[-123.21241,49.26067],[-123.2124,49.26072],[-123.2124,49.26111],[-123.21239,49.26118],[-123.21238,49.25865],[-123.21238,49.26162],[-123.21236,49.26208],[-123.21236,49.27021],[-123.21234,49.26248],[-123.21234,49.26253],[-123.21233,49.26014],[-123.21232,49.26293],[-123.21231,49.26299],[-123.21231,49.26559],[-123.2123,49.26105],[-123.21229,49.26381],[-123.21228,49.25864],[-123.21228,49.26395],[-123.21228,49.26434],[-123.21226,49.26196],[-123.21225,49.26473],[-123.21225,49.2648],[-123.21225,49.26517],[-123.21225,49.26522],[-123.21223,49.26285],[-123.21223,49.26567],[-123.21222,49.26603],[-123.21222,49.26608],[-123.21221,49.26013],[-123.21221,49.26375],[-123.21221,49.27513],[-123.2122,49.25838],[-123.21219,49.25846],[-123.21219,49.26645],[-123.21219,49.26651],[-123.21219,49.26689],[-123.21218,49.26105],[-123.21218,49.26401],[-123.21218,49.26693],[-123.21218,49.27144],[-123.21217,49.2593],[-123.21216,49.2583],[-123.21216,49.26731],[-123.21216,49.26737],[-123.21216,49.26774],[-123.21215,49.25821],[-123.21215,49.25937],[-123.21215,49.26196],[-123.21215,49.26486],[-123.21215,49.26778],[-123.21214,49.27083],[-123.21213,49.26285],[-123.21213,49.26822],[-123.21211,49.26601],[-123.2121,49.26375],[-123.2121,49.26638],[-123.2121,49.26899],[-123.2121,49.26914],[-123.21208,49.26401],[-123.21207,49.26724],[-123.21206,49.27027],[-123.21205,49.26486],[-123.21204,49.26809],[-123.21202,49.27079],[-123.21201,49.26611],[-123.21201,49.27134],[-123.212,49.26638],[-123.212,49.26895],[-123.21199,49.27437],[-123.21197,49.26724],[-123.21196,49.27014],[-123.21193,49.2681],[-123.21193,49.27077],[-123.21193,49.27492],[-123.21192,49.2713],[-123.21192,49.27378],[-123.21192,49.27431],[-123.21191,49.26894],[-123.21191,49.27371],[-123.2119,49.27203],[-123.21188,49.27259],[-123.21186,49.27013],[-123.21186,49.27504],[-123.21184,49.27078],[-123.21183,49.27365],[-123.21182,49.2713],[-123.21182,49.27424],[-123.21179,49.27204],[-123.21176,49.27286],[-123.21174,49.27365],[-123.21173,49.27384],[-123.21172,49.27417],[-123.21159,49.27495],[-123.21158,49.27482],[-123.21153,49.27333],[-123.21139,49.26664],[-123.2113,49.27473],[-123.21121,49.27332],[-123.21101,49.26814],[-123.21101,49.2682],[-123.21097,49.2616],[-123.21096,49.26156],[-123.21081,49.27219],[-123.2108,49.27214],[-123.21076,49.26065],[-123.21076,49.26069],[-123.21075,49.26109],[-123.21075,49.26115],[-123.21074,49.26019],[-123.21072,49.26025],[-123.21072,49.27018],[-123.21072,49.27025],[-123.2107,49.27122],[-123.21069,49.26199],[-123.21066,49.27369],[-123.21066,49.27376],[-123.21065,49.26393],[-123.21063,49.26378],[-123.21058,49.26564],[-123.21057,49.26557],[-123.21057,49.26649],[-123.21057,49.27123],[-123.21056,49.26642],[-123.21051,49.27213],[-123.21051,49.27221],[-123.21048,49.26728],[-123.21048,49.26734],[-123.21047,49.26897],[-123.21046,49.26912],[-123.21045,49.27018],[-123.21043,49.27291],[-123.21041,49.27297],[-123.21025,49.26289],[-123.21025,49.26296],[-123.21025,49.27331],[-123.21025,49.27335],[-123.21024,49.27081],[-123.21024,49.27443],[-123.21021,49.27076],[-123.2102,49.26067],[-123.21019,49.26065],[-123.21009,49.26476],[-123.21008,49.2714],[-123.21006,49.2647],[-123.21006,49.27133],[-123.21004,49.27077],[-123.21001,49.27084],[-123.20998,49.26813],[-123.20998,49.26819],[-123.20991,49.27212],[-123.20991,49.27217],[-123.20974,49.26017],[-123.20974,49.26024],[-123.20973,49.26017],[-123.20973,49.26024],[-123.20962,49.2721],[-123.20962,49.27216],[-123.2095,49.25826],[-123.2095,49.27023],[-123.20949,49.25818],[-123.20947,49.25842],[-123.20946,49.25834],[-123.20945,49.25972],[-123.20944,49.25882],[-123.20943,49.25886],[-123.20941,49.25926],[-123.20941,49.25933],[-123.2094,49.25977],[-123.20937,49.26064],[-123.20937,49.26067],[-123.20935,49.26153],[-123.20935,49.26204],[-123.20935,49.26248],[-123.20935,49.26376],[-123.20934,49.26107],[-123.20934,49.26113],[-123.20934,49.26157],[-123.20934,49.26197],[-123.20934,49.26294],[-123.20933,49.27017],[-123.20932,49.2592],[-123.20932,49.25939],[-123.2093,49.2598],[-123.2093,49.26243],[-123.2093,49.26288],[-123.2093,49.27451],[-123.20929,49.26336],[-123.20927,49.26388],[-123.20927,49.2709],[-123.20926,49.261],[-123.20925,49.26334],[-123.20925,49.26376],[-123.20925,49.26426],[-123.20925,49.2643],[-123.20924,49.2619],[-123.20923,49.25878],[-123.20922,49.2592],[-123.20922,49.26475],[-123.20921,49.25939],[-123.20921,49.26513],[-123.2092,49.26281],[-123.2092,49.26517],[-123.2092,49.27094],[-123.20919,49.26555],[-123.20918,49.26562],[-123.20918,49.26599],[-123.20918,49.2701],[-123.20917,49.25834],[-123.20917,49.26366],[-123.20917,49.26371],[-123.20917,49.26603],[-123.20917,49.26647],[-123.20916,49.26466],[-123.20916,49.2664],[-123.20916,49.26684],[-123.20915,49.25843],[-123.20915,49.261],[-123.20915,49.26688],[-123.20915,49.26855],[-123.20915,49.26858],[-123.20914,49.26726],[-123.20913,49.25885],[-123.20913,49.26732],[-123.20912,49.26191],[-123.20912,49.2677],[-123.20911,49.26549],[-123.20911,49.26634],[-123.20911,49.26773],[-123.2091,49.25925],[-123.2091,49.25932],[-123.2091,49.26811],[-123.20909,49.25972],[-123.20909,49.25976],[-123.20909,49.26016],[-123.20909,49.26817],[-123.20908,49.26023],[-123.20908,49.26281],[-123.20908,49.26896],[-123.20907,49.2672],[-123.20907,49.26908],[-123.20907,49.27012],[-123.20906,49.26963],[-123.20905,49.2637],[-123.20905,49.26959],[-123.20904,49.26804],[-123.209,49.26461],[-123.209,49.27138],[-123.20899,49.27131],[-123.20898,49.26547],[-123.20898,49.2689],[-123.20898,49.27439],[-123.20895,49.2721],[-123.20895,49.27215],[-123.20894,49.25881],[-123.20894,49.26634],[-123.20892,49.27288],[-123.20892,49.27295],[-123.20891,49.27328],[-123.20891,49.27333],[-123.2089,49.25885],[-123.2089,49.27039],[-123.2089,49.27366],[-123.2089,49.27373],[-123.20889,49.26719],[-123.20888,49.27122],[-123.20885,49.26804],[-123.20885,49.27203],[-123.20883,49.26888],[-123.20883,49.26975],[-123.20883,49.27282],[-123.20881,49.2743],[-123.2088,49.27012],[-123.2088,49.2736],[-123.20879,49.27123],[-123.20879,49.27125],[-123.20879,49.27452],[-123.20875,49.27203],[-123.20873,49.27281],[-123.20868,49.27407],[-123.20864,49.27432],[-123.20848,49.25816],[-123.20847,49.25824],[-123.20847,49.25832],[-123.20847,49.2584],[-123.20828,49.27455],[-123.20825,49.26853],[-123.20825,49.26857],[-123.20804,49.27445],[-123.20797,49.26985],[-123.20783,49.26988],[-123.2078,49.26241],[-123.2078,49.26246],[-123.2078,49.26963],[-123.20776,49.26105],[-123.20776,49.26111],[-123.20776,49.26982],[-123.20776,49.27208],[-123.20775,49.27039],[-123.20772,49.26772],[-123.20771,49.26768],[-123.20769,49.26194],[-123.20767,49.26201],[-123.20765,49.27037],[-123.20764,49.26285],[-123.20764,49.26291],[-123.20761,49.27215],[-123.20758,49.26466],[-123.20758,49.26473],[-123.20757,49.26682],[-123.20756,49.26388],[-123.20755,49.26374],[-123.2075,49.26638],[-123.2075,49.26644],[-123.20749,49.26551],[-123.20749,49.2656],[-123.20742,49.26809],[-123.20742,49.26814],[-123.20741,49.25815],[-123.20741,49.25823],[-123.20741,49.26893],[-123.2074,49.25831],[-123.2074,49.25839],[-123.20739,49.26904],[-123.20738,49.27011],[-123.20734,49.27128],[-123.2073,49.27136],[-123.20703,49.26723],[-123.20702,49.26729],[-123.20666,49.26685],[-123.20665,49.2668],[-123.20664,49.26643],[-123.20659,49.26636],[-123.20658,49.26643],[-123.20655,49.27206],[-123.20653,49.27213],[-123.2065,49.26643],[-123.20648,49.27213],[-123.20645,49.27484],[-123.20644,49.25813],[-123.20643,49.25821],[-123.20641,49.25837],[-123.20641,49.27472],[-123.2064,49.25928],[-123.20639,49.25829],[-123.20636,49.25921],[-123.20635,49.25968],[-123.20635,49.25972],[-123.20634,49.26011],[-123.20634,49.26152],[-123.20633,49.26058],[-123.20633,49.26599],[-123.20632,49.26018],[-123.20632,49.26062],[-123.20632,49.26594],[-123.20631,49.26109],[-123.20629,49.26148],[-123.20628,49.25915],[-123.20628,49.26192],[-123.20628,49.26199],[-123.20627,49.26239],[-123.20627,49.26243],[-123.20627,49.26559],[-123.20626,49.26283],[-123.20626,49.26289],[-123.20626,49.26422],[-123.20625,49.26006],[-123.20624,49.26056],[-123.20624,49.26333],[-123.20623,49.26095],[-123.20623,49.26144],[-123.20621,49.26372],[-123.20621,49.26424],[-123.2062,49.26186],[-123.2062,49.26385],[-123.20619,49.26464],[-123.20617,49.25907],[-123.20617,49.26276],[-123.20617,49.2647],[-123.20617,49.26508],[-123.20617,49.26512],[-123.20617,49.26551],[-123.20614,49.26365],[-123.20612,49.26005],[-123.20611,49.26458],[-123.20611,49.2685],[-123.20611,49.26854],[-123.2061,49.2689],[-123.20609,49.26096],[-123.20609,49.26108],[-123.20608,49.26536],[-123.20607,49.26144],[-123.20606,49.26806],[-123.20605,49.26185],[-123.20605,49.26813],[-123.20604,49.2663],[-123.20602,49.26276],[-123.20602,49.26899],[-123.20601,49.26714],[-123.20599,49.26366],[-123.20599,49.26954],[-123.20599,49.26957],[-123.20598,49.26148],[-123.20598,49.268],[-123.20598,49.27011],[-123.20598,49.27017],[-123.20597,49.2707],[-123.20597,49.27074],[-123.20596,49.26457],[-123.20595,49.26883],[-123.20594,49.26152],[-123.20594,49.27126],[-123.20593,49.26536],[-123.20593,49.27132],[-123.20592,49.26952],[-123.2059,49.27004],[-123.20588,49.26714],[-123.20588,49.27068],[-123.20587,49.26511],[-123.20587,49.2712],[-123.20587,49.27356],[-123.20587,49.27365],[-123.20585,49.26508],[-123.20585,49.26796],[-123.20584,49.2655],[-123.20584,49.26801],[-123.20582,49.26872],[-123.20581,49.26952],[-123.20581,49.27199],[-123.2058,49.27297],[-123.20578,49.27003],[-123.20578,49.27269],[-123.20577,49.27353],[-123.20576,49.27375],[-123.20575,49.27067],[-123.20574,49.27469],[-123.20573,49.26548],[-123.20573,49.2712],[-123.20572,49.26558],[-123.2057,49.27013],[-123.20566,49.27268],[-123.20562,49.27353],[-123.20561,49.27375],[-123.20558,49.27473],[-123.20552,49.27273],[-123.20543,49.2728],[-123.20542,49.23577],[-123.20534,49.25811],[-123.20534,49.2582],[-123.20534,49.25827],[-123.20533,49.25836],[-123.20529,49.23577],[-123.20522,49.27012],[-123.20519,49.2695],[-123.20519,49.26976],[-123.20518,49.27008],[-123.20516,49.25875],[-123.20508,49.27008],[-123.20496,49.26468],[-123.20495,49.25966],[-123.20495,49.2597],[-123.20495,49.26462],[-123.20488,49.26468],[-123.20474,49.24925],[-123.20467,49.261],[-123.20467,49.26106],[-123.20467,49.26421],[-123.20466,49.26009],[-123.20466,49.26015],[-123.20465,49.2619],[-123.20465,49.26369],[-123.20465,49.26383],[-123.20464,49.26197],[-123.20461,49.23542],[-123.20461,49.2355],[-123.20459,49.27006],[-123.20453,49.27007],[-123.20447,49.26853],[-123.20444,49.23638],[-123.20442,49.27124],[-123.2044,49.27133],[-123.20439,49.23664],[-123.20438,49.23553],[-123.20436,49.23672],[-123.20433,49.23635],[-123.20433,49.23693],[-123.2043,49.2581],[-123.2043,49.25818],[-123.20429,49.25834],[-123.20428,49.25826],[-123.20425,49.27356],[-123.20425,49.27361],[-123.20421,49.26902],[-123.2042,49.22962],[-123.20418,49.26908],[-123.20417,49.24937],[-123.20415,49.2628],[-123.20414,49.26286],[-123.20412,49.27017],[-123.20411,49.2701],[-123.20407,49.26724],[-123.20404,49.27006],[-123.20402,49.23034],[-123.20396,49.27006],[-123.20392,49.26328],[-123.20381,49.23031],[-123.20375,49.22936],[-123.2036,49.26236],[-123.2036,49.26239],[-123.20357,49.24867],[-123.20356,49.24866],[-123.20354,49.26279],[-123.20353,49.26285],[-123.20345,49.25877],[-123.20343,49.26328],[-123.20341,49.25873],[-123.2034,49.25824],[-123.20337,49.25808],[-123.20337,49.25817],[-123.20337,49.25832],[-123.20335,49.25872],[-123.20335,49.25877],[-123.20334,49.23641],[-123.20334,49.26961],[-123.20333,49.25916],[-123.20333,49.25924],[-123.20333,49.26007],[-123.20333,49.26013],[-123.20332,49.25967],[-123.20331,49.23649],[-123.20331,49.25963],[-123.20331,49.27069],[-123.2033,49.23648],[-123.2033,49.26098],[-123.2033,49.26554],[-123.20329,49.23516],[-123.20329,49.25795],[-123.20329,49.26104],[-123.20328,49.26053],[-123.20328,49.26057],[-123.20327,49.25838],[-123.20327,49.27066],[-123.20327,49.27069],[-123.20326,49.23655],[-123.20326,49.26144],[-123.20326,49.26148],[-123.20326,49.26195],[-123.20324,49.25909],[-123.20324,49.2593],[-123.20324,49.26188],[-123.20324,49.26879],[-123.20323,49.23669],[-123.20323,49.26544],[-123.20322,49.27354],[-123.20322,49.27359],[-123.20321,49.26052],[-123.20321,49.26142],[-123.2032,49.26367],[-123.20319,49.26091],[-123.20318,49.26379],[-123.20316,49.23515],[-123.20315,49.25795],[-123.20314,49.25838],[-123.20314,49.26182],[-123.20314,49.26459],[-123.20314,49.26465],[-123.20314,49.26504],[-123.20314,49.26508],[-123.20313,49.25909],[-123.20313,49.26884],[-123.20311,49.2593],[-123.20311,49.26269],[-123.20311,49.27181],[-123.2031,49.22996],[-123.20309,49.2636],[-123.20308,49.2639],[-123.20307,49.22884],[-123.20307,49.2298],[-123.20307,49.26453],[-123.20307,49.26822],[-123.20306,49.26052],[-123.20305,49.22894],[-123.20305,49.26092],[-123.20302,49.26181],[-123.20301,49.26141],[-123.20301,49.26537],[-123.20301,49.27131],[-123.20301,49.2719],[-123.203,49.26271],[-123.20298,49.24861],[-123.20298,49.26919],[-123.20298,49.27008],[-123.20297,49.23663],[-123.20297,49.24861],[-123.20297,49.26915],[-123.20296,49.26356],[-123.20296,49.2642],[-123.20296,49.26957],[-123.20295,49.26097],[-123.20295,49.26103],[-123.20295,49.26143],[-123.20295,49.26147],[-123.20294,49.27015],[-123.20293,49.26187],[-123.20293,49.26194],[-123.20292,49.26452],[-123.20292,49.26537],[-123.20291,49.26943],[-123.20291,49.27122],[-123.2029,49.24856],[-123.20289,49.24857],[-123.20289,49.26278],[-123.20289,49.26284],[-123.20288,49.26324],[-123.20288,49.26328],[-123.20287,49.2737],[-123.20287,49.27371],[-123.20283,49.2747],[-123.20281,49.24962],[-123.2028,49.27005],[-123.2028,49.27112],[-123.20276,49.27473],[-123.20275,49.23023],[-123.20273,49.27318],[-123.20273,49.27319],[-123.20269,49.27118],[-123.20269,49.27258],[-123.20269,49.27259],[-123.20267,49.27343],[-123.20266,49.26052],[-123.20266,49.27332],[-123.20266,49.27333],[-123.20264,49.27377],[-123.20264,49.27378],[-123.2026,49.27257],[-123.2026,49.27259],[-123.20257,49.27332],[-123.20257,49.27333],[-123.20256,49.27127],[-123.20255,49.27376],[-123.20255,49.27377],[-123.20254,49.26501],[-123.20254,49.26506],[-123.20244,49.27124],[-123.20242,49.2642],[-123.20239,49.23479],[-123.20239,49.26096],[-123.20239,49.26102],[-123.20238,49.23488],[-123.20237,49.27026],[-123.20235,49.26415],[-123.20234,49.26951],[-123.20231,49.23577],[-123.2023,49.26828],[-123.20229,49.27066],[-123.20228,49.27128],[-123.20227,49.23017],[-123.20226,49.25875],[-123.20225,49.25871],[-123.20223,49.26818],[-123.20219,49.23574],[-123.20219,49.27024],[-123.20217,49.26006],[-123.20217,49.26012],[-123.20217,49.26954],[-123.20215,49.23565],[-123.20215,49.26006],[-123.20215,49.26012],[-123.20212,49.22941],[-123.20208,49.25922],[-123.20207,49.25915],[-123.20204,49.22951],[-123.202,49.24788],[-123.20193,49.22835],[-123.20192,49.26886],[-123.20191,49.26894],[-123.20185,49.22843],[-123.20165,49.25822],[-123.20164,49.2583],[-123.20158,49.24903],[-123.20153,49.23007],[-123.20153,49.24897],[-123.20152,49.26364],[-123.20152,49.26378],[-123.20151,49.23017],[-123.2015,49.2596],[-123.2015,49.25965],[-123.2015,49.26542],[-123.20149,49.265],[-123.20149,49.26505],[-123.20146,49.26549],[-123.20142,49.26463],[-123.20141,49.26498],[-123.20131,49.26456],[-123.20131,49.26535],[-123.2013,49.24753],[-123.20128,49.25814],[-123.20127,49.25805],[-123.20125,49.26004],[-123.20125,49.2601],[-123.20122,49.26468],[-123.20118,49.24754],[-123.20116,49.22901],[-123.2011,49.2475],[-123.20105,49.22911],[-123.20099,49.22796],[-123.20099,49.23433],[-123.20099,49.26417],[-123.20097,49.22805],[-123.20095,49.24826],[-123.20093,49.26414],[-123.20093,49.26892],[-123.20092,49.23442],[-123.20082,49.2483],[-123.20082,49.26421],[-123.20082,49.26852],[-123.20081,49.26881],[-123.20059,49.25868],[-123.20058,49.26377],[-123.20051,49.26497],[-123.20048,49.25872],[-123.20047,49.26846],[-123.20044,49.22993],[-123.20044,49.23003],[-123.20043,49.25868],[-123.20042,49.26494],[-123.20036,49.25812],[-123.20034,49.25828],[-123.20031,49.23512],[-123.20031,49.25804],[-123.2003,49.2582],[-123.2003,49.26868],[-123.20026,49.24701],[-123.20025,49.22876],[-123.20023,49.22862],[-123.20022,49.26093],[-123.20022,49.26099],[-123.2002,49.26183],[-123.2002,49.2619],[-123.20019,49.25924],[-123.20016,49.25004],[-123.20016,49.26274],[-123.20016,49.2628],[-123.20016,49.2632],[-123.20016,49.26324],[-123.20015,49.26015],[-123.20014,49.26362],[-123.20013,49.26085],[-123.20012,49.2343],[-123.20012,49.25835],[-123.20011,49.26177],[-123.20011,49.2638],[-123.20009,49.23543],[-123.20008,49.23555],[-123.20008,49.25924],[-123.20006,49.23536],[-123.20006,49.25803],[-123.20006,49.26015],[-123.20004,49.23423],[-123.20004,49.26357],[-123.20003,49.22869],[-123.20003,49.26085],[-123.20002,49.25828],[-123.20001,49.23568],[-123.20001,49.25872],[-123.2,49.25812],[-123.2,49.25867],[-123.2,49.25912],[-123.19999,49.23567],[-123.19999,49.25918],[-123.19999,49.26176],[-123.19998,49.25958],[-123.19998,49.25962],[-123.19996,49.23529],[-123.19996,49.25819],[-123.19993,49.26356],[-123.19989,49.26539],[-123.19988,49.23584],[-123.19988,49.26546],[-123.19987,49.22748],[-123.19981,49.23553],[-123.1998,49.26422],[-123.19977,49.22756],[-123.19975,49.26502],[-123.19973,49.26513],[-123.19971,49.26497],[-123.1997,49.26532],[-123.19966,49.24908],[-123.19966,49.24915],[-123.19947,49.23572],[-123.19936,49.22979],[-123.19934,49.22988],[-123.19929,49.24918],[-123.19927,49.25818],[-123.19923,49.25826],[-123.1992,49.23516],[-123.19906,49.25802],[-123.19905,49.2581],[-123.19903,49.2351],[-123.19902,49.22976],[-123.19902,49.22984],[-123.19901,49.26414],[-123.19894,49.23519],[-123.19888,49.25003],[-123.1988,49.26272],[-123.1988,49.26278],[-123.19876,49.26449],[-123.19873,49.26454],[-123.19872,49.25018],[-123.19863,49.22735],[-123.19863,49.2609],[-123.19863,49.26098],[-123.19859,49.22829],[-123.19853,49.22962],[-123.19852,49.22713],[-123.19848,49.26],[-123.19848,49.26006],[-123.19848,49.2618],[-123.19847,49.22768],[-123.19847,49.22846],[-123.19847,49.23393],[-123.19847,49.2636],[-123.19847,49.26374],[-123.19846,49.22902],[-123.19845,49.23402],[-123.19845,49.26187],[-123.19845,49.26412],[-123.19844,49.23353],[-123.19843,49.26578],[-123.19842,49.23358],[-123.1984,49.22976],[-123.1984,49.23468],[-123.19837,49.26269],[-123.19834,49.22721],[-123.19834,49.23405],[-123.19833,49.22768],[-123.19832,49.22901],[-123.19831,49.22852],[-123.19829,49.23353],[-123.19823,49.26537],[-123.19822,49.23463],[-123.19822,49.26544],[-123.19819,49.26878],[-123.19816,49.26614],[-123.19792,49.26589],[-123.19785,49.26227],[-123.19785,49.2623],[-123.19778,49.26892],[-123.19777,49.26878],[-123.19777,49.26882],[-123.19775,49.2627],[-123.19775,49.26276],[-123.19775,49.26869],[-123.19763,49.22651],[-123.19759,49.22641],[-123.19757,49.22657],[-123.19757,49.26408],[-123.19757,49.26413],[-123.19755,49.23314],[-123.19754,49.26413],[-123.19754,49.26494],[-123.19753,49.26458],[-123.19753,49.26499],[-123.19751,49.26458],[-123.1975,49.23323],[-123.19749,49.26459],[-123.19747,49.26452],[-123.19746,49.2266],[-123.19743,49.23427],[-123.19737,49.2284],[-123.19733,49.22676],[-123.1973,49.25824],[-123.19729,49.22637],[-123.19727,49.25815],[-123.19726,49.22657],[-123.19726,49.26178],[-123.19725,49.22705],[-123.19725,49.25908],[-123.19725,49.25914],[-123.19721,49.22674],[-123.19721,49.22758],[-123.19721,49.25998],[-123.19721,49.26004],[-123.1972,49.22821],[-123.1972,49.2583],[-123.1972,49.26095],[-123.19719,49.22898],[-123.19718,49.26088],[-123.19716,49.25902],[-123.19715,49.26186],[-123.19713,49.26267],[-123.19712,49.25991],[-123.19712,49.26274],[-123.19709,49.26082],[-123.19709,49.26358],[-123.19709,49.26372],[-123.19708,49.23068],[-123.19707,49.22703],[-123.19707,49.26173],[-123.19706,49.25829],[-123.19705,49.259],[-123.19703,49.25991],[-123.19702,49.22773],[-123.19702,49.22837],[-123.19702,49.22898],[-123.19702,49.26262],[-123.19702,49.26535],[-123.19702,49.26542],[-123.19699,49.2324],[-123.19699,49.23255],[-123.19699,49.26082],[-123.19699,49.26352],[-123.19696,49.26439],[-123.19695,49.26173],[-123.19694,49.23513],[-123.19693,49.26262],[-123.19692,49.23067],[-123.19692,49.24443],[-123.19689,49.26352],[-123.19688,49.23657],[-123.19688,49.23773],[-123.19687,49.23572],[-123.19687,49.23872],[-123.19687,49.26466],[-123.19686,49.24062],[-123.19686,49.26439],[-123.19686,49.26458],[-123.19685,49.23967],[-123.19684,49.23255],[-123.19684,49.24157],[-123.19684,49.24253],[-123.19684,49.24635],[-123.19683,49.24347],[-123.19683,49.24733],[-123.1968,49.23656],[-123.1968,49.24537],[-123.19679,49.23573],[-123.19679,49.23773],[-123.19678,49.23872],[-123.19677,49.23967],[-123.19676,49.25518],[-123.19675,49.24062],[-123.19675,49.24157],[-123.19675,49.24633],[-123.19675,49.24833],[-123.19675,49.25814],[-123.19673,49.23644],[-123.19673,49.23651],[-123.19673,49.24259],[-123.19673,49.24347],[-123.19672,49.24444],[-123.19672,49.25798],[-123.19671,49.23522],[-123.19671,49.23866],[-123.19671,49.23954],[-123.19671,49.24537],[-123.1967,49.23526],[-123.1967,49.23561],[-123.1967,49.23568],[-123.1967,49.23907],[-123.1967,49.23911],[-123.1967,49.23912],[-123.1967,49.2396],[-123.1967,49.24003],[-123.1967,49.24008],[-123.1967,49.25807],[-123.19669,49.24098],[-123.19669,49.24102],[-123.19669,49.25471],[-123.19668,49.23859],[-123.19668,49.24144],[-123.19668,49.24151],[-123.19668,49.24193],[-123.19668,49.24197],[-123.19668,49.24735],[-123.19667,49.2376],[-123.19667,49.23767],[-123.19667,49.24246],[-123.19667,49.24288],[-123.19667,49.24292],[-123.19666,49.22769],[-123.19666,49.24049],[-123.19666,49.24239],[-123.19665,49.24056],[-123.19665,49.24427],[-123.19665,49.24438],[-123.19665,49.24524],[-123.19664,49.24334],[-123.19664,49.24341],[-123.19664,49.25709],[-123.19662,49.2581],[-123.19661,49.24531],[-123.19661,49.25662],[-123.1966,49.24714],[-123.19659,49.24721],[-123.19656,49.24618],[-123.19656,49.24628],[-123.19651,49.25579],[-123.19651,49.25603],[-123.1965,49.25663],[-123.1965,49.25762],[-123.19649,49.22771],[-123.19645,49.25559],[-123.19645,49.25566],[-123.19643,49.25515],[-123.19643,49.25519],[-123.19643,49.25605],[-123.19643,49.2561],[-123.19642,49.25649],[-123.19642,49.25656],[-123.19642,49.257],[-123.19642,49.25705],[-123.19641,49.26864],[-123.19641,49.26867],[-123.1964,49.2486],[-123.1964,49.25749],[-123.1964,49.26876],[-123.1964,49.2688],[-123.1964,49.26888],[-123.19625,49.22615],[-123.19622,49.25756],[-123.1962,49.23487],[-123.19615,49.23465],[-123.1961,49.22622],[-123.19609,49.23703],[-123.19609,49.23707],[-123.19608,49.26268],[-123.19608,49.26274],[-123.19607,49.23471],[-123.19607,49.23606],[-123.19604,49.25336],[-123.19604,49.25371],[-123.19601,49.25822],[-123.196,49.25468],[-123.19599,49.2648],[-123.19598,49.25371],[-123.19597,49.2542],[-123.19596,49.2534],[-123.19592,49.25425],[-123.19591,49.23484],[-123.19588,49.23452],[-123.19587,49.26488],[-123.19586,49.25906],[-123.19586,49.25912],[-123.19584,49.26042],[-123.19583,49.26046],[-123.19582,49.26086],[-123.19582,49.26092],[-123.19581,49.26086],[-123.1958,49.26092],[-123.1958,49.26465],[-123.1958,49.26533],[-123.19579,49.26486],[-123.19577,49.2654],[-123.19574,49.23455],[-123.19574,49.24007],[-123.19573,49.24003],[-123.1957,49.26527],[-123.19567,49.26462],[-123.19565,49.26487],[-123.1956,49.23606],[-123.19558,49.26176],[-123.19558,49.26183],[-123.19556,49.26224],[-123.19556,49.26227],[-123.19556,49.26526],[-123.1955,49.25796],[-123.19549,49.25805],[-123.19549,49.25813],[-123.19543,49.23643],[-123.19543,49.2365],[-123.19543,49.24143],[-123.19543,49.2415],[-123.19542,49.25424],[-123.19541,49.25429],[-123.19541,49.26355],[-123.19541,49.26369],[-123.1954,49.22945],[-123.19539,49.26132],[-123.19539,49.26136],[-123.19537,49.23484],[-123.19536,49.25393],[-123.19535,49.26491],[-123.19534,49.24055],[-123.19534,49.25468],[-123.19534,49.25475],[-123.19533,49.24481],[-123.19532,49.23469],[-123.19532,49.24477],[-123.19532,49.24576],[-123.19531,49.24048],[-123.19531,49.24573],[-123.1953,49.22956],[-123.1953,49.24101],[-123.1953,49.24523],[-123.1953,49.2453],[-123.1953,49.25392],[-123.19529,49.25995],[-123.19528,49.26001],[-123.19527,49.24618],[-123.19527,49.24626],[-123.19527,49.25429],[-123.19526,49.23759],[-123.19526,49.23766],[-123.19526,49.25995],[-123.19525,49.23953],[-123.19525,49.2396],[-123.19525,49.26001],[-123.19523,49.25424],[-123.19517,49.24435],[-123.19516,49.24428],[-123.19514,49.23858],[-123.19514,49.23865],[-123.1951,49.26002],[-123.19509,49.22938],[-123.19508,49.24236],[-123.19508,49.24246],[-123.19508,49.24808],[-123.19508,49.2582],[-123.19507,49.24815],[-123.19507,49.25377],[-123.19507,49.25904],[-123.19507,49.25911],[-123.19507,49.26085],[-123.19507,49.26091],[-123.19506,49.25385],[-123.19505,49.25377],[-123.19505,49.25385],[-123.19505,49.25747],[-123.19505,49.25754],[-123.19504,49.26886],[-123.19503,49.26873],[-123.19503,49.26878],[-123.19502,49.26865],[-123.19498,49.2261],[-123.19497,49.24002],[-123.19497,49.24006],[-123.19492,49.22585],[-123.19491,49.22605],[-123.19489,49.2686],[-123.19488,49.25384],[-123.1948,49.24333],[-123.19479,49.2434],[-123.19475,49.2434],[-123.19474,49.25899],[-123.19471,49.25987],[-123.19468,49.25898],[-123.19465,49.25987],[-123.19459,49.26535],[-123.19458,49.26526],[-123.19457,49.25655],[-123.19456,49.24002],[-123.19456,49.24006],[-123.19456,49.25649],[-123.19451,49.26431],[-123.19447,49.24382],[-123.19447,49.24386],[-123.19445,49.24287],[-123.19445,49.24291],[-123.19443,49.26439],[-123.1944,49.2271],[-123.19435,49.22718],[-123.19435,49.26855],[-123.19426,49.25803],[-123.19425,49.25819],[-123.19424,49.25795],[-123.19424,49.25811],[-123.1942,49.26265],[-123.19414,49.2648],[-123.19413,49.26181],[-123.19413,49.26475],[-123.19412,49.26174],[-123.19411,49.25897],[-123.19409,49.26367],[-123.19408,49.25987],[-123.19408,49.26271],[-123.19408,49.26311],[-123.19407,49.26315],[-123.19406,49.23643],[-123.19406,49.2365],[-123.19405,49.26077],[-123.19405,49.26353],[-123.19404,49.23388],[-123.19402,49.23388],[-123.19402,49.25807],[-123.19402,49.25897],[-123.19401,49.26168],[-123.19399,49.25987],[-123.19398,49.26258],[-123.19396,49.25949],[-123.19395,49.26078],[-123.19395,49.26345],[-123.19394,49.23066],[-123.19394,49.23432],[-123.19394,49.25819],[-123.19393,49.23372],[-123.19393,49.23471],[-123.19392,49.23372],[-123.19392,49.23426],[-123.19392,49.24671],[-123.19392,49.26168],[-123.19391,49.23187],[-123.19391,49.24572],[-123.19389,49.22893],[-123.19389,49.24575],[-123.19389,49.25993],[-123.19389,49.26258],[-123.19388,49.23483],[-123.19388,49.23602],[-123.19388,49.25999],[-123.19387,49.2356],[-123.19387,49.23567],[-123.19387,49.23606],[-123.19387,49.2581],[-123.19386,49.26083],[-123.19386,49.26347],[-123.19385,49.24287],[-123.19384,49.23255],[-123.19384,49.24291],[-123.19384,49.26089],[-123.19382,49.23394],[-123.19381,49.22899],[-123.1938,49.23073],[-123.1938,49.24523],[-123.1938,49.2453],[-123.19379,49.23573],[-123.19379,49.24625],[-123.19379,49.24671],[-123.19379,49.24713],[-123.19379,49.24807],[-123.19379,49.26853],[-123.19378,49.2349],[-123.19378,49.23772],[-123.19378,49.24617],[-123.19378,49.24666],[-123.19378,49.2472],[-123.19378,49.24761],[-123.19378,49.24766],[-123.19378,49.24814],[-123.19377,49.23608],[-123.19377,49.23655],[-123.19377,49.2387],[-123.19377,49.24861],[-123.19376,49.2257],[-123.19376,49.23965],[-123.19376,49.24061],[-123.19376,49.24856],[-123.19376,49.2486],[-123.19376,49.2609],[-123.19375,49.23172],[-123.19374,49.22581],[-123.19374,49.24155],[-123.19374,49.25558],[-123.19374,49.25564],[-123.19374,49.26452],[-123.19373,49.23257],[-123.19373,49.2425],[-123.19373,49.24348],[-123.19372,49.24441],[-123.19371,49.25604],[-123.19371,49.25647],[-123.1937,49.25609],[-123.19369,49.24632],[-123.19369,49.24852],[-123.19369,49.24935],[-123.19369,49.24936],[-123.19368,49.23382],[-123.19368,49.2349],[-123.19368,49.23573],[-123.19368,49.24537],[-123.19368,49.248],[-123.19367,49.23656],[-123.19367,49.23772],[-123.19367,49.25025],[-123.19366,49.23965],[-123.19366,49.24156],[-123.19365,49.2387],[-123.19365,49.2406],[-123.19365,49.26509],[-123.19365,49.26869],[-123.19365,49.26875],[-123.19364,49.2521],[-123.19364,49.25302],[-123.19364,49.25551],[-123.19364,49.26861],[-123.19364,49.26884],[-123.19363,49.25392],[-123.19362,49.2425],[-123.19362,49.25662],[-123.19361,49.24346],[-123.19361,49.2564],[-123.19361,49.25668],[-123.1936,49.24441],[-123.1936,49.25787],[-123.19359,49.24536],[-123.19359,49.25739],[-123.19358,49.23643],[-123.19358,49.2365],[-123.19358,49.23765],[-123.19358,49.24632],[-123.19358,49.248],[-123.19358,49.26518],[-123.19357,49.23809],[-123.19357,49.23813],[-123.19357,49.23952],[-123.19357,49.23959],[-123.19356,49.23906],[-123.19356,49.2391],[-123.19356,49.24001],[-123.19356,49.24005],[-123.19356,49.2512],[-123.19355,49.23758],[-123.19355,49.24047],[-123.19355,49.24054],[-123.19355,49.24853],[-123.19354,49.23858],[-123.19354,49.23864],[-123.19354,49.24926],[-123.19354,49.24928],[-123.19354,49.26852],[-123.19353,49.24237],[-123.19353,49.24333],[-123.19353,49.2434],[-123.19353,49.25391],[-123.19352,49.24244],[-123.19352,49.24287],[-123.19352,49.24291],[-123.19352,49.24435],[-123.19352,49.25008],[-123.19352,49.2521],[-123.19352,49.25643],[-123.19351,49.24381],[-123.19351,49.24386],[-123.19351,49.24427],[-123.19351,49.25029],[-123.19351,49.253],[-123.19351,49.25787],[-123.19349,49.22761],[-123.19349,49.25551],[-123.19349,49.26496],[-123.19348,49.24572],[-123.19348,49.24576],[-123.19348,49.25662],[-123.19348,49.25739],[-123.19347,49.24523],[-123.19347,49.2453],[-123.19346,49.25016],[-123.19346,49.25106],[-123.19345,49.25113],[-123.19345,49.25152],[-123.19345,49.25156],[-123.19345,49.25337],[-123.19344,49.24996],[-123.19344,49.25003],[-123.19343,49.25243],[-123.19343,49.25246],[-123.19343,49.25293],[-123.19343,49.25333],[-123.19343,49.25384],[-123.19342,49.25197],[-123.19342,49.25203],[-123.19342,49.25287],[-123.19342,49.25377],[-123.19342,49.25428],[-123.19342,49.25467],[-123.19342,49.25474],[-123.19341,49.25424],[-123.19341,49.25604],[-123.1934,49.25609],[-123.1934,49.25793],[-123.19339,49.25558],[-123.19339,49.25564],[-123.19339,49.25648],[-123.19339,49.25655],[-123.19338,49.25023],[-123.19336,49.26487],[-123.19334,49.2581],[-123.19333,49.25799],[-123.19331,49.26853],[-123.19329,49.26347],[-123.19327,49.22779],[-123.19327,49.24481],[-123.19326,49.24477],[-123.19324,49.22762],[-123.19322,49.26347],[-123.19321,49.22674],[-123.19319,49.26408],[-123.19317,49.22774],[-123.19317,49.23069],[-123.19314,49.22669],[-123.19313,49.23186],[-123.1931,49.22564],[-123.19309,49.23069],[-123.19309,49.24477],[-123.19309,49.24481],[-123.19308,49.22574],[-123.19307,49.23184],[-123.19304,49.26854],[-123.19303,49.26453],[-123.193,49.25817],[-123.19298,49.26459],[-123.19297,49.25992],[-123.19296,49.25998],[-123.19296,49.2641],[-123.19279,49.23643],[-123.19279,49.2365],[-123.19275,49.26529],[-123.19274,49.24142],[-123.19274,49.24149],[-123.19272,49.26437],[-123.19272,49.26536],[-123.19269,49.2419],[-123.19269,49.24195],[-123.19257,49.23334],[-123.19252,49.23283],[-123.19252,49.23287],[-123.19251,49.2332],[-123.19251,49.23471],[-123.19251,49.23483],[-123.19249,49.22831],[-123.19249,49.23081],[-123.19245,49.23758],[-123.19245,49.25518],[-123.19244,49.23764],[-123.19244,49.25513],[-123.19243,49.24667],[-123.19242,49.24663],[-123.19242,49.24764],[-123.19242,49.24768],[-123.19242,49.25293],[-123.19241,49.22842],[-123.19241,49.23338],[-123.19241,49.24332],[-123.19241,49.24339],[-123.19241,49.24806],[-123.19241,49.25286],[-123.1924,49.23404],[-123.1924,49.24625],[-123.19239,49.26351],[-123.19239,49.26365],[-123.19238,49.23082],[-123.19238,49.23489],[-123.19238,49.23562],[-123.19238,49.26484],[-123.19237,49.23701],[-123.19237,49.23706],[-123.19236,49.22821],[-123.19235,49.23864],[-123.19234,49.24434],[-123.19234,49.26178],[-123.19234,49.26262],[-123.19234,49.26269],[-123.19233,49.23857],[-123.19233,49.26172],[-123.19233,49.26493],[-123.19232,49.23333],[-123.19232,49.24427],[-123.19231,49.23405],[-123.19231,49.2472],[-123.1923,49.248],[-123.19229,49.23489],[-123.19228,49.23562],[-123.19228,49.24244],[-123.19228,49.26218],[-123.19228,49.26222],[-123.19227,49.24149],[-123.19227,49.24236],[-123.19227,49.26857],[-123.19226,49.24616],[-123.19225,49.2395],[-123.19225,49.23963],[-123.19225,49.26474],[-123.19225,49.26865],[-123.19225,49.26873],[-123.19225,49.26881],[-123.19221,49.23808],[-123.19221,49.23813],[-123.1922,49.24773],[-123.1922,49.24774],[-123.19218,49.22835],[-123.19218,49.23471],[-123.19218,49.23642],[-123.19218,49.24996],[-123.19218,49.25002],[-123.19217,49.25016],[-123.19217,49.25022],[-123.19216,49.26473],[-123.19214,49.23483],[-123.19214,49.25105],[-123.19213,49.25112],[-123.19213,49.25742],[-123.19212,49.25749],[-123.19212,49.26402],[-123.19211,49.23649],[-123.19211,49.24814],[-123.19211,49.25467],[-123.19211,49.27],[-123.1921,49.25474],[-123.1921,49.25749],[-123.19209,49.25467],[-123.19209,49.25474],[-123.19207,49.22554],[-123.19207,49.26081],[-123.19207,49.26087],[-123.19204,49.22564],[-123.19201,49.24142],[-123.19199,49.22647],[-123.19199,49.22655],[-123.19199,49.27017],[-123.19197,49.22709],[-123.19196,49.24806],[-123.19192,49.27008],[-123.19191,49.22571],[-123.19189,49.25648],[-123.19188,49.25655],[-123.19187,49.22693],[-123.19184,49.26406],[-123.19184,49.27105],[-123.19183,49.27027],[-123.19183,49.27044],[-123.19183,49.27063],[-123.19182,49.27083],[-123.19178,49.22571],[-123.19176,49.22646],[-123.19174,49.22721],[-123.19174,49.25696],[-123.19174,49.257],[-123.19173,49.22795],[-123.19171,49.26401],[-123.19169,49.2652],[-123.19168,49.27008],[-123.19166,49.25427],[-123.19165,49.24095],[-123.19165,49.24099],[-123.19164,49.25422],[-123.1916,49.24691],[-123.19157,49.2652],[-123.19156,49.26401],[-123.19153,49.24688],[-123.19152,49.26406],[-123.19146,49.24662],[-123.19145,49.24667],[-123.19143,49.26433],[-123.19136,49.25376],[-123.19136,49.26527],[-123.19136,49.26534],[-123.19136,49.27108],[-123.19133,49.27117],[-123.19128,49.25796],[-123.19124,49.25806],[-123.19123,49.23273],[-123.1912,49.25815],[-123.1912,49.2712],[-123.19117,49.23068],[-123.19117,49.25422],[-123.19117,49.27115],[-123.19116,49.23075],[-123.19115,49.23223],[-123.19115,49.23283],[-123.19115,49.24053],[-123.19115,49.25427],[-123.19114,49.23223],[-123.19114,49.26035],[-123.19114,49.26039],[-123.19113,49.25995],[-123.19112,49.23958],[-123.19111,49.24046],[-123.19111,49.2613],[-123.1911,49.23951],[-123.1911,49.24005],[-123.1911,49.26085],[-123.1911,49.26126],[-123.1911,49.26363],[-123.19109,49.24],[-123.19108,49.2308],[-123.19108,49.25892],[-123.19108,49.2617],[-123.19108,49.27127],[-123.19107,49.26176],[-123.19106,49.24332],[-123.19106,49.24338],[-123.19106,49.24475],[-123.19106,49.24571],[-123.19106,49.24575],[-123.19106,49.26216],[-123.19106,49.2622],[-123.19105,49.2438],[-123.19105,49.24384],[-123.19104,49.25983],[-123.19104,49.2626],[-123.19104,49.26267],[-123.19103,49.24522],[-123.19103,49.24528],[-123.19103,49.24624],[-123.19103,49.26306],[-123.19103,49.26311],[-123.19102,49.23285],[-123.19102,49.24616],[-123.19101,49.23373],[-123.19101,49.23655],[-123.19101,49.23771],[-123.19101,49.2387],[-123.19101,49.26073],[-123.191,49.23965],[-123.191,49.24058],[-123.191,49.26349],[-123.19099,49.24256],[-123.19099,49.26163],[-123.19098,49.23489],[-123.19098,49.24154],[-123.19098,49.25892],[-123.19097,49.2308],[-123.19097,49.23567],[-123.19097,49.25336],[-123.19096,49.25383],[-123.19096,49.25422],[-123.19096,49.25466],[-123.19096,49.25603],[-123.19096,49.25608],[-123.19096,49.26457],[-123.19095,49.24387],[-123.19095,49.25557],[-123.19095,49.25563],[-123.19095,49.25647],[-123.19095,49.25982],[-123.19095,49.26253],[-123.19094,49.24515],[-123.19094,49.24659],[-123.19094,49.24887],[-123.19094,49.25695],[-123.19094,49.257],[-123.19093,49.2328],[-123.19093,49.2461],[-123.19093,49.25654],[-123.19093,49.26303],[-123.19093,49.26467],[-123.19092,49.25741],[-123.19092,49.25789],[-123.19091,49.2377],[-123.19091,49.24821],[-123.19091,49.26072],[-123.19091,49.26854],[-123.1909,49.23373],[-123.1909,49.23655],[-123.1909,49.23871],[-123.1909,49.23965],[-123.1909,49.24915],[-123.1909,49.25027],[-123.19089,49.24059],[-123.19089,49.25117],[-123.19089,49.25188],[-123.19089,49.25209],[-123.19088,49.23489],[-123.19088,49.23566],[-123.19088,49.25279],[-123.19088,49.26338],[-123.19087,49.24155],[-123.19087,49.25369],[-123.19087,49.26163],[-123.19086,49.2546],[-123.19086,49.2555],[-123.19085,49.24257],[-123.19085,49.24387],[-123.19085,49.26871],[-123.19084,49.24515],[-123.19084,49.24607],[-123.19084,49.25641],[-123.19084,49.25733],[-123.19084,49.25783],[-123.19084,49.26253],[-123.19084,49.26864],[-123.19082,49.24662],[-123.19082,49.24821],[-123.19082,49.26879],[-123.19081,49.23701],[-123.19081,49.23705],[-123.19081,49.23863],[-123.19081,49.24915],[-123.19081,49.26304],[-123.1908,49.23471],[-123.1908,49.23757],[-123.1908,49.23764],[-123.1908,49.25029],[-123.19079,49.23857],[-123.19079,49.24046],[-123.19079,49.24053],[-123.19079,49.24788],[-123.19079,49.24892],[-123.19079,49.25118],[-123.19079,49.26949],[-123.19078,49.23483],[-123.19078,49.23808],[-123.19078,49.23812],[-123.19078,49.24095],[-123.19078,49.24142],[-123.19078,49.24148],[-123.19078,49.25189],[-123.19078,49.25208],[-123.19078,49.26962],[-123.19077,49.24099],[-123.19077,49.24191],[-123.19077,49.24194],[-123.19077,49.2528],[-123.19076,49.23642],[-123.19076,49.25369],[-123.19076,49.25461],[-123.19075,49.23649],[-123.19075,49.23958],[-123.19075,49.2555],[-123.19075,49.25641],[-123.19074,49.23952],[-123.19073,49.25734],[-123.19073,49.25783],[-123.19072,49.24855],[-123.19072,49.24901],[-123.19072,49.24907],[-123.19072,49.25002],[-123.19072,49.25015],[-123.19071,49.24859],[-123.1907,49.24816],[-123.1907,49.25022],[-123.1907,49.25105],[-123.1907,49.25111],[-123.19069,49.2481],[-123.19069,49.24949],[-123.19069,49.24954],[-123.19069,49.24995],[-123.19069,49.25061],[-123.19069,49.25195],[-123.19069,49.25202],[-123.19069,49.26961],[-123.19068,49.25065],[-123.19068,49.25155],[-123.19068,49.25292],[-123.19067,49.25286],[-123.19067,49.25466],[-123.19066,49.25151],[-123.19066,49.25383],[-123.19065,49.25376],[-123.1906,49.26452],[-123.19057,49.26951],[-123.19057,49.27138],[-123.19056,49.2697],[-123.19055,49.26461],[-123.19051,49.24614],[-123.1905,49.2641],[-123.19049,49.24624],[-123.19049,49.26414],[-123.19049,49.26963],[-123.19049,49.27005],[-123.19048,49.26956],[-123.19045,49.27132],[-123.19043,49.26916],[-123.19035,49.24004],[-123.19034,49.27075],[-123.19031,49.24],[-123.19026,49.2457],[-123.19026,49.24575],[-123.19014,49.25292],[-123.19,49.23651],[-123.18999,49.23642],[-123.1899,49.23237],[-123.18984,49.26877],[-123.18982,49.26877],[-123.1898,49.24522],[-123.1898,49.24528],[-123.1898,49.26854],[-123.1898,49.26863],[-123.1898,49.26868],[-123.1898,49.26877],[-123.18979,49.24433],[-123.18978,49.2322],[-123.18978,49.24427],[-123.18977,49.23067],[-123.18977,49.23075],[-123.18977,49.23242],[-123.18977,49.26525],[-123.18976,49.26532],[-123.18975,49.23312],[-123.18972,49.23389],[-123.18969,49.23488],[-123.18968,49.2308],[-123.18967,49.23236],[-123.18967,49.23556],[-123.18966,49.25987],[-123.18966,49.25993],[-123.18965,49.23312],[-123.18963,49.23389],[-123.18962,49.25804],[-123.18962,49.25812],[-123.1896,49.23489],[-123.1896,49.249],[-123.1896,49.24907],[-123.18959,49.23807],[-123.18958,49.22605],[-123.18958,49.23556],[-123.18958,49.23951],[-123.18957,49.23081],[-123.18957,49.23763],[-123.18957,49.23812],[-123.18957,49.23904],[-123.18957,49.23909],[-123.18956,49.23951],[-123.18956,49.27019],[-123.18955,49.23757],[-123.18955,49.23958],[-123.18954,49.23958],[-123.18953,49.27052],[-123.18951,49.22642],[-123.18951,49.23471],[-123.18951,49.25897],[-123.1895,49.23483],[-123.1895,49.26258],[-123.1895,49.26264],[-123.1895,49.27166],[-123.18949,49.25902],[-123.18949,49.2645],[-123.18948,49.26168],[-123.18947,49.2644],[-123.18947,49.27163],[-123.18946,49.24479],[-123.18946,49.24953],[-123.18946,49.25001],[-123.18946,49.25021],[-123.18946,49.25195],[-123.18946,49.25201],[-123.18946,49.26174],[-123.18946,49.27057],[-123.18945,49.24475],[-123.18945,49.24949],[-123.18945,49.24995],[-123.18945,49.25012],[-123.18944,49.22605],[-123.18944,49.23649],[-123.18944,49.25739],[-123.18944,49.25745],[-123.18943,49.23642],[-123.18943,49.25466],[-123.18943,49.26083],[-123.18942,49.25473],[-123.18942,49.26077],[-123.18942,49.27019],[-123.18941,49.25557],[-123.18941,49.25563],[-123.18941,49.25787],[-123.1894,49.25793],[-123.1894,49.27006],[-123.18939,49.25785],[-123.18937,49.24614],[-123.18937,49.24623],[-123.18935,49.25104],[-123.18935,49.25647],[-123.18935,49.26346],[-123.18935,49.2636],[-123.18935,49.27159],[-123.18934,49.25111],[-123.18934,49.25654],[-123.18931,49.27044],[-123.18931,49.27051],[-123.18929,49.27135],[-123.18928,49.27001],[-123.18925,49.25375],[-123.18923,49.25382],[-123.18923,49.27005],[-123.18915,49.25693],[-123.18915,49.25698],[-123.18914,49.23247],[-123.18914,49.2325],[-123.18904,49.27141],[-123.18903,49.23242],[-123.18901,49.23246],[-123.18901,49.26954],[-123.18901,49.26961],[-123.18896,49.27184],[-123.18891,49.24189],[-123.18891,49.24193],[-123.18881,49.26913],[-123.1888,49.24426],[-123.1888,49.24432],[-123.18872,49.24147],[-123.18871,49.24141],[-123.18871,49.26859],[-123.18869,49.26875],[-123.18868,49.22647],[-123.18867,49.26875],[-123.18864,49.23189],[-123.18861,49.26083],[-123.18858,49.23176],[-123.18854,49.26159],[-123.18851,49.23195],[-123.1885,49.22647],[-123.18849,49.26159],[-123.18848,49.23283],[-123.18848,49.23863],[-123.18848,49.25285],[-123.18845,49.23379],[-123.18845,49.25985],[-123.18844,49.23077],[-123.18842,49.22656],[-123.18841,49.23489],[-123.18841,49.23856],[-123.1884,49.23186],[-123.1884,49.2356],[-123.18839,49.23011],[-123.18838,49.23951],[-123.18838,49.23958],[-123.18837,49.23011],[-123.18837,49.23283],[-123.18834,49.23379],[-123.18834,49.23999],[-123.18834,49.24003],[-123.18833,49.24045],[-123.18833,49.24094],[-123.18833,49.24098],[-123.18832,49.23489],[-123.18831,49.23074],[-123.18831,49.23178],[-123.18831,49.23465],[-123.18831,49.24052],[-123.1883,49.23485],[-123.1883,49.2356],[-123.18829,49.24234],[-123.18827,49.22648],[-123.18827,49.23654],[-123.18826,49.23769],[-123.18825,49.26914],[-123.18824,49.23869],[-123.18824,49.23964],[-123.18824,49.24623],[-123.18824,49.25791],[-123.18823,49.24059],[-123.18822,49.23471],[-123.18822,49.24154],[-123.18822,49.25331],[-123.18822,49.25335],[-123.18821,49.25375],[-123.18821,49.25382],[-123.18821,49.25801],[-123.1882,49.25291],[-123.18819,49.24438],[-123.18819,49.25422],[-123.18819,49.25426],[-123.18819,49.25472],[-123.18819,49.25516],[-123.18818,49.2316],[-123.18818,49.23483],[-123.18818,49.24541],[-123.18818,49.25466],[-123.18818,49.25512],[-123.18818,49.25556],[-123.18818,49.25562],[-123.18818,49.25606],[-123.18818,49.25653],[-123.18817,49.25602],[-123.18817,49.25646],[-123.18817,49.25692],[-123.18817,49.25697],[-123.18817,49.25743],[-123.18816,49.25785],[-123.18815,49.23654],[-123.18815,49.23868],[-123.18815,49.24818],[-123.18815,49.25737],[-123.18815,49.2585],[-123.18815,49.25854],[-123.18814,49.23768],[-123.18814,49.24912],[-123.18814,49.25193],[-123.18814,49.2581],[-123.18814,49.26166],[-123.18813,49.23963],[-123.18813,49.25026],[-123.18812,49.22556],[-123.18812,49.22656],[-123.18812,49.24057],[-123.18812,49.24154],[-123.18811,49.23642],[-123.18811,49.25278],[-123.18811,49.25941],[-123.18811,49.25945],[-123.1881,49.25369],[-123.1881,49.25458],[-123.1881,49.25991],[-123.18809,49.2555],[-123.18809,49.25985],[-123.18809,49.26031],[-123.18809,49.26035],[-123.18808,49.24438],[-123.18808,49.2471],[-123.18808,49.24716],[-123.18808,49.2564],[-123.18807,49.23648],[-123.18807,49.24533],[-123.18807,49.2573],[-123.18807,49.25778],[-123.18806,49.23705],[-123.18806,49.23756],[-123.18806,49.23762],[-123.18806,49.26073],[-123.18806,49.26081],[-123.18805,49.24818],[-123.18805,49.24912],[-123.18805,49.26172],[-123.18804,49.237],[-123.18804,49.24046],[-123.18804,49.25026],[-123.18803,49.24052],[-123.18803,49.24094],[-123.18803,49.24146],[-123.18803,49.25888],[-123.18802,49.24098],[-123.18802,49.2414],[-123.18802,49.24193],[-123.18802,49.25188],[-123.18802,49.26358],[-123.18801,49.24242],[-123.18801,49.25278],[-123.18801,49.25369],[-123.18801,49.26212],[-123.18801,49.26398],[-123.188,49.24235],[-123.188,49.25278],[-123.188,49.25978],[-123.188,49.26256],[-123.188,49.26262],[-123.188,49.26344],[-123.188,49.26393],[-123.188,49.26445],[-123.18799,49.24426],[-123.18799,49.24432],[-123.18799,49.2452],[-123.18799,49.2546],[-123.18799,49.26306],[-123.18799,49.26436],[-123.18799,49.26482],[-123.18799,49.26485],[-123.18798,49.24527],[-123.18798,49.2555],[-123.18798,49.25639],[-123.18798,49.26302],[-123.18797,49.24478],[-123.18797,49.24569],[-123.18797,49.24615],[-123.18797,49.2573],[-123.18797,49.25778],[-123.18797,49.26068],[-123.18796,49.24474],[-123.18796,49.24573],[-123.18796,49.26522],[-123.18795,49.24805],[-123.18795,49.24811],[-123.18795,49.24853],[-123.18795,49.249],[-123.18795,49.24906],[-123.18794,49.24857],[-123.18794,49.24948],[-123.18794,49.24952],[-123.18794,49.25011],[-123.18794,49.25021],[-123.18794,49.26159],[-123.18794,49.2653],[-123.18793,49.24994],[-123.18793,49.25002],[-123.18793,49.25104],[-123.18793,49.2511],[-123.18793,49.25887],[-123.18792,49.22647],[-123.18792,49.25059],[-123.18792,49.25063],[-123.1879,49.24094],[-123.1879,49.26249],[-123.1879,49.26427],[-123.18789,49.2597],[-123.18788,49.22555],[-123.18788,49.26338],[-123.18787,49.26068],[-123.18786,49.26516],[-123.18783,49.26158],[-123.18782,49.266],[-123.18779,49.26249],[-123.18779,49.26681],[-123.18778,49.26338],[-123.18775,49.26427],[-123.18772,49.24664],[-123.18772,49.24669],[-123.18772,49.26516],[-123.18772,49.26851],[-123.18769,49.22555],[-123.18769,49.26599],[-123.18769,49.26601],[-123.18769,49.26879],[-123.18766,49.26684],[-123.18763,49.26965],[-123.18762,49.26673],[-123.1876,49.27054],[-123.18759,49.26852],[-123.18757,49.26689],[-123.18756,49.23999],[-123.18756,49.24003],[-123.18756,49.2688],[-123.18756,49.27147],[-123.18754,49.27212],[-123.18752,49.26699],[-123.18752,49.26775],[-123.18752,49.26784],[-123.18752,49.26965],[-123.1875,49.26858],[-123.1875,49.27053],[-123.18749,49.27236],[-123.18746,49.26873],[-123.18746,49.26911],[-123.18746,49.27147],[-123.18743,49.26958],[-123.18743,49.27213],[-123.18742,49.26951],[-123.18742,49.27048],[-123.18741,49.27041],[-123.18739,49.22654],[-123.18738,49.27087],[-123.18738,49.2709],[-123.18737,49.2713],[-123.18736,49.2714],[-123.18736,49.2718],[-123.18736,49.27184],[-123.18732,49.27225],[-123.18731,49.22648],[-123.18731,49.27232],[-123.18727,49.22648],[-123.18727,49.22654],[-123.18726,49.23855],[-123.18725,49.23862],[-123.18718,49.25848],[-123.18716,49.26615],[-123.1871,49.26605],[-123.18709,49.26615],[-123.18708,49.26605],[-123.18707,49.22553],[-123.18707,49.25892],[-123.18707,49.25899],[-123.18707,49.26615],[-123.18704,49.22655],[-123.18703,49.22828],[-123.18703,49.2599],[-123.18702,49.22647],[-123.18702,49.26164],[-123.18702,49.2617],[-123.18701,49.22876],[-123.18701,49.22917],[-123.187,49.25801],[-123.187,49.25808],[-123.187,49.26614],[-123.18696,49.23135],[-123.18695,49.23207],[-123.18693,49.23289],[-123.18692,49.22901],[-123.18692,49.24233],[-123.18692,49.24242],[-123.18691,49.22883],[-123.18691,49.22917],[-123.18691,49.23377],[-123.1869,49.22968],[-123.18689,49.23004],[-123.18689,49.23489],[-123.18688,49.23043],[-123.18687,49.23558],[-123.18686,49.2313],[-123.18686,49.25194],[-123.18686,49.252],[-123.18685,49.26343],[-123.18685,49.26356],[-123.18684,49.23205],[-123.18684,49.26252],[-123.18682,49.22873],[-123.18682,49.22878],[-123.18682,49.23288],[-123.18681,49.23377],[-123.18681,49.24632],[-123.1868,49.26433],[-123.1868,49.26443],[-123.18679,49.23489],[-123.18679,49.24723],[-123.18678,49.23558],[-123.18675,49.22647],[-123.18675,49.23904],[-123.18675,49.23907],[-123.18675,49.25374],[-123.18675,49.25382],[-123.18674,49.25555],[-123.18674,49.25976],[-123.18673,49.25284],[-123.18673,49.2529],[-123.18672,49.25465],[-123.18672,49.25471],[-123.18671,49.25562],[-123.18671,49.2621],[-123.18671,49.26214],[-123.1867,49.25652],[-123.18669,49.24724],[-123.18669,49.25645],[-123.18669,49.26079],[-123.18669,49.26615],[-123.18668,49.25976],[-123.18668,49.26123],[-123.18667,49.23483],[-123.18667,49.24635],[-123.18666,49.26694],[-123.18665,49.24425],[-123.18665,49.24431],[-123.18665,49.26117],[-123.18664,49.23471],[-123.18664,49.26247],[-123.18663,49.22873],[-123.18663,49.22878],[-123.18663,49.23957],[-123.18663,49.26156],[-123.18663,49.26688],[-123.18662,49.2395],[-123.18662,49.23957],[-123.18662,49.25982],[-123.18661,49.2395],[-123.18661,49.249],[-123.18661,49.24905],[-123.18661,49.2515],[-123.1866,49.24615],[-123.1866,49.24622],[-123.1866,49.2471],[-123.1866,49.24716],[-123.18659,49.24664],[-123.18659,49.24804],[-123.18659,49.2481],[-123.18658,49.24758],[-123.18658,49.26156],[-123.18657,49.24762],[-123.18657,49.26247],[-123.18652,49.26615],[-123.18651,49.24051],[-123.18651,49.25734],[-123.18651,49.25741],[-123.1865,49.24045],[-123.1865,49.24718],[-123.18649,49.24094],[-123.18649,49.24097],[-123.18641,49.25789],[-123.18637,49.26163],[-123.18636,49.22646],[-123.18634,49.22878],[-123.18634,49.26073],[-123.18631,49.26394],[-123.18627,49.25782],[-123.18627,49.25799],[-123.18625,49.22883],[-123.18625,49.24146],[-123.18624,49.22943],[-123.18624,49.2414],[-123.18624,49.25807],[-123.18623,49.25851],[-123.18622,49.26253],[-123.18621,49.23855],[-123.18621,49.23861],[-123.18619,49.22883],[-123.18619,49.22896],[-123.18619,49.25897],[-123.18617,49.25988],[-123.18616,49.26028],[-123.18616,49.26031],[-123.18616,49.26169],[-123.18613,49.22873],[-123.18613,49.2314],[-123.18613,49.25889],[-123.18613,49.26078],[-123.18613,49.2626],[-123.18612,49.23488],[-123.18612,49.26355],[-123.18611,49.25884],[-123.18609,49.23138],[-123.18609,49.26301],[-123.18609,49.26341],[-123.18608,49.23488],[-123.18608,49.25975],[-123.18607,49.26156],[-123.18605,49.23769],[-123.18605,49.26078],[-123.18605,49.26431],[-123.18605,49.26443],[-123.18605,49.26527],[-123.18604,49.23704],[-123.18604,49.26066],[-123.18604,49.26246],[-123.18604,49.2652],[-123.18601,49.26336],[-123.18599,49.22646],[-123.18599,49.23769],[-123.18599,49.23904],[-123.18599,49.23907],[-123.18599,49.25884],[-123.18597,49.25975],[-123.18597,49.26425],[-123.18596,49.26111],[-123.18595,49.26078],[-123.18594,49.26062],[-123.18594,49.26515],[-123.18593,49.24818],[-123.18593,49.25109],[-123.18592,49.24438],[-123.18592,49.252],[-123.18591,49.24533],[-123.18591,49.26599],[-123.18589,49.25096],[-123.18589,49.25149],[-123.18589,49.25601],[-123.18588,49.25154],[-123.18588,49.25186],[-123.18588,49.25277],[-123.18588,49.26682],[-123.18585,49.24438],[-123.18585,49.24532],[-123.18585,49.25606],[-123.18585,49.26155],[-123.18585,49.26767],[-123.18582,49.25096],[-123.18582,49.25187],[-123.18582,49.25459],[-123.18582,49.26245],[-123.18582,49.26849],[-123.18581,49.25277],[-123.18581,49.25368],[-123.18581,49.25549],[-123.1858,49.26876],[-123.18578,49.25727],[-123.18578,49.26336],[-123.18576,49.25368],[-123.18576,49.25459],[-123.18576,49.25638],[-123.18575,49.25548],[-123.18575,49.26252],[-123.18575,49.26423],[-123.18575,49.26961],[-123.18572,49.22555],[-123.18572,49.26514],[-123.18571,49.25726],[-123.18571,49.2705],[-123.1857,49.26259],[-123.18569,49.26598],[-123.18568,49.27143],[-123.18566,49.26682],[-123.18566,49.27216],[-123.18565,49.26444],[-123.18565,49.26527],[-123.18565,49.27234],[-123.18564,49.23077],[-123.18564,49.2648],[-123.18564,49.26483],[-123.18564,49.2652],[-123.18564,49.26565],[-123.18563,49.26429],[-123.18563,49.26876],[-123.18562,49.26768],[-123.18561,49.26603],[-123.18561,49.27312],[-123.1856,49.23064],[-123.1856,49.2661],[-123.1856,49.26646],[-123.1856,49.26651],[-123.1856,49.26848],[-123.1856,49.26959],[-123.18559,49.22877],[-123.18559,49.26072],[-123.18559,49.26687],[-123.18558,49.26087],[-123.18558,49.26694],[-123.18557,49.25284],[-123.18557,49.2705],[-123.18555,49.22571],[-123.18555,49.22608],[-123.18555,49.26773],[-123.18555,49.2678],[-123.18554,49.22661],[-123.18554,49.23855],[-123.18553,49.22717],[-123.18553,49.22794],[-123.18553,49.27143],[-123.18552,49.2673],[-123.18552,49.2687],[-123.18552,49.26949],[-123.18551,49.22946],[-123.18551,49.23641],[-123.18551,49.23755],[-123.18551,49.26854],[-123.18551,49.26954],[-123.18551,49.27214],[-123.18551,49.27231],[-123.1855,49.22905],[-123.1855,49.23716],[-123.1855,49.23761],[-123.1855,49.26994],[-123.1855,49.26998],[-123.18549,49.23082],[-123.18549,49.27037],[-123.18548,49.23144],[-123.18548,49.26907],[-123.18548,49.27044],[-123.18548,49.27282],[-123.18548,49.27312],[-123.18547,49.23647],[-123.18547,49.23699],[-123.18547,49.23704],[-123.18547,49.27083],[-123.18547,49.27087],[-123.18546,49.22608],[-123.18546,49.23227],[-123.18546,49.27129],[-123.18546,49.27136],[-123.18545,49.22571],[-123.18545,49.2266],[-123.18545,49.23296],[-123.18544,49.22716],[-123.18544,49.27177],[-123.18543,49.22794],[-123.18543,49.23391],[-123.18543,49.23489],[-123.18543,49.23584],[-123.18542,49.22845],[-123.18542,49.23654],[-123.18542,49.2366],[-123.18542,49.27181],[-123.18541,49.22902],[-123.18541,49.23706],[-123.18541,49.23768],[-123.18541,49.23796],[-123.18541,49.27292],[-123.1854,49.23867],[-123.1854,49.2502],[-123.1854,49.27287],[-123.18539,49.22946],[-123.18539,49.22947],[-123.18539,49.23962],[-123.18539,49.27222],[-123.18538,49.22757],[-123.18538,49.24057],[-123.18538,49.25007],[-123.18538,49.25109],[-123.18537,49.24152],[-123.18537,49.24993],[-123.18537,49.25193],[-123.18537,49.25199],[-123.18537,49.25465],[-123.18537,49.27222],[-123.18536,49.22647],[-123.18536,49.22654],[-123.18536,49.24247],[-123.18536,49.25103],[-123.18535,49.24342],[-123.18535,49.24948],[-123.18535,49.24951],[-123.18535,49.24999],[-123.18535,49.2529],[-123.18535,49.25381],[-123.18535,49.25798],[-123.18534,49.23075],[-123.18534,49.24437],[-123.18534,49.25373],[-123.18534,49.25471],[-123.18534,49.2574],[-123.18533,49.23144],[-123.18533,49.24532],[-123.18533,49.25554],[-123.18533,49.2673],[-123.18532,49.22861],[-123.18532,49.24627],[-123.18532,49.24722],[-123.18532,49.25563],[-123.18532,49.25645],[-123.18532,49.25781],[-123.18531,49.23227],[-123.18531,49.24816],[-123.18531,49.25653],[-123.18531,49.25731],[-123.1853,49.22854],[-123.1853,49.23296],[-123.1853,49.24893],[-123.1853,49.25787],[-123.18529,49.22753],[-123.18529,49.22932],[-123.18529,49.24988],[-123.18528,49.23391],[-123.18528,49.25096],[-123.18528,49.25186],[-123.18528,49.25805],[-123.18527,49.25277],[-123.18526,49.22939],[-123.18526,49.25368],[-123.18525,49.23386],[-123.18525,49.25458],[-123.18525,49.2682],[-123.18524,49.22939],[-123.18524,49.25548],[-123.18523,49.2305],[-123.18523,49.23217],[-123.18523,49.23222],[-123.18523,49.23491],[-123.18523,49.25638],[-123.18522,49.23061],[-123.18522,49.2358],[-123.18522,49.25726],[-123.18522,49.2673],[-123.18521,49.23283],[-123.18521,49.23289],[-123.18521,49.23654],[-123.18521,49.237],[-123.18521,49.25774],[-123.1852,49.23784],[-123.1852,49.23867],[-123.18519,49.23378],[-123.18518,49.23385],[-123.18518,49.23962],[-123.18518,49.26815],[-123.18517,49.24057],[-123.18517,49.24152],[-123.18517,49.2723],[-123.18516,49.24247],[-123.18515,49.2373],[-123.18515,49.23735],[-123.18515,49.24342],[-123.18514,49.23819],[-123.18514,49.23853],[-123.18514,49.24437],[-123.18514,49.26052],[-123.18513,49.24532],[-123.18513,49.24627],[-123.18512,49.23815],[-123.18511,49.24527],[-123.18511,49.24722],[-123.1851,49.23771],[-123.1851,49.23777],[-123.1851,49.24817],[-123.1851,49.24893],[-123.18509,49.23862],[-123.18509,49.2395],[-123.18509,49.23956],[-123.18509,49.24045],[-123.18509,49.24987],[-123.18508,49.24051],[-123.18508,49.24145],[-123.18507,49.22653],[-123.18507,49.24139],[-123.18507,49.25096],[-123.18507,49.2723],[-123.18506,49.25187],[-123.18505,49.24329],[-123.18505,49.24335],[-123.18505,49.2443],[-123.18505,49.24622],[-123.18505,49.25277],[-123.18505,49.25368],[-123.18504,49.24424],[-123.18504,49.24519],[-123.18504,49.24615],[-123.18504,49.25458],[-123.18503,49.22744],[-123.18503,49.24709],[-123.18503,49.24715],[-123.18503,49.25548],[-123.18502,49.22752],[-123.18502,49.25639],[-123.18501,49.24804],[-123.18501,49.2481],[-123.18501,49.25726],[-123.185,49.24234],[-123.185,49.25774],[-123.18499,49.22854],[-123.18498,49.26062],[-123.18498,49.26391],[-123.18498,49.26394],[-123.18496,49.26032],[-123.18493,49.22861],[-123.18493,49.25935],[-123.18489,49.24613],[-123.18487,49.26027],[-123.18484,49.24525],[-123.18481,49.2373],[-123.18481,49.23734],[-123.18481,49.2443],[-123.18479,49.22743],[-123.18478,49.22799],[-123.18477,49.22654],[-123.18468,49.23868],[-123.18467,49.22751],[-123.18467,49.23392],[-123.18466,49.24057],[-123.18466,49.24152],[-123.18466,49.26853],[-123.18463,49.26771],[-123.18463,49.26779],[-123.18462,49.24629],[-123.18461,49.23868],[-123.18461,49.26868],[-123.1846,49.24057],[-123.1846,49.24437],[-123.18459,49.24152],[-123.18459,49.24722],[-123.18458,49.24244],[-123.18458,49.24246],[-123.18457,49.24343],[-123.18457,49.25095],[-123.18455,49.23296],[-123.18455,49.24533],[-123.18455,49.24627],[-123.18455,49.25186],[-123.18454,49.25276],[-123.18454,49.25457],[-123.18453,49.24437],[-123.18453,49.25362],[-123.18452,49.24663],[-123.18452,49.24666],[-123.18452,49.25548],[-123.18452,49.26427],[-123.18451,49.24247],[-123.18451,49.25095],[-123.18451,49.25724],[-123.1845,49.24343],[-123.18449,49.23296],[-123.18449,49.2424],[-123.18449,49.25186],[-123.18448,49.25276],[-123.18447,49.25362],[-123.18447,49.25457],[-123.18447,49.25723],[-123.18446,49.25548],[-123.18446,49.25637],[-123.18445,49.26296],[-123.18444,49.22743],[-123.18443,49.2309],[-123.18442,49.22751],[-123.18439,49.22653],[-123.18439,49.24092],[-123.18439,49.24097],[-123.18439,49.26391],[-123.18438,49.23095],[-123.18437,49.24338],[-123.18436,49.25985],[-123.18435,49.23567],[-123.18434,49.23573],[-123.1843,49.23687],[-123.1843,49.23694],[-123.18427,49.2364],[-123.18427,49.23646],[-123.18426,49.23168],[-123.18426,49.23174],[-123.18424,49.26679],[-123.18421,49.23861],[-123.18421,49.25789],[-123.18421,49.25935],[-123.1842,49.25805],[-123.1842,49.25846],[-123.1842,49.26679],[-123.18419,49.23853],[-123.18419,49.25793],[-123.18418,49.25888],[-123.18418,49.25895],[-123.18415,49.23028],[-123.18415,49.25938],[-123.1841,49.25881],[-123.1841,49.25975],[-123.18409,49.23011],[-123.18407,49.25963],[-123.18405,49.23024],[-123.18405,49.24145],[-123.18405,49.25464],[-123.18405,49.2547],[-123.18404,49.24139],[-123.18404,49.27294],[-123.18403,49.25108],[-123.18403,49.26159],[-123.18402,49.25101],[-123.18402,49.26166],[-123.18402,49.27294],[-123.18401,49.26205],[-123.184,49.22938],[-123.184,49.26249],[-123.184,49.26256],[-123.18398,49.22931],[-123.18398,49.25289],[-123.18397,49.25283],[-123.18396,49.26341],[-123.18396,49.2635],[-123.18394,49.26153],[-123.18392,49.26203],[-123.18392,49.26242],[-123.1839,49.26517],[-123.1839,49.26524],[-123.18388,49.26333],[-123.18387,49.22751],[-123.18387,49.25881],[-123.18386,49.26415],[-123.18384,49.25969],[-123.18383,49.22653],[-123.18383,49.22853],[-123.18383,49.26153],[-123.18383,49.26509],[-123.18381,49.22853],[-123.1838,49.2286],[-123.1838,49.26242],[-123.18378,49.26594],[-123.18377,49.26333],[-123.18376,49.26678],[-123.18376,49.26696],[-123.18375,49.26115],[-123.18375,49.26119],[-123.18374,49.21779],[-123.18374,49.26419],[-123.18371,49.26785],[-123.18369,49.22743],[-123.18369,49.26511],[-123.18368,49.26594],[-123.18368,49.26872],[-123.18367,49.21786],[-123.18365,49.23078],[-123.18365,49.24329],[-123.18365,49.24335],[-123.18363,49.23771],[-123.18363,49.23777],[-123.18363,49.24424],[-123.18363,49.26679],[-123.18363,49.26697],[-123.18362,49.23949],[-123.18362,49.23955],[-123.18362,49.2443],[-123.18362,49.26516],[-123.18362,49.27028],[-123.18361,49.24809],[-123.18361,49.25019],[-123.18361,49.26523],[-123.18361,49.27047],[-123.1836,49.24898],[-123.1836,49.24905],[-123.1836,49.25004],[-123.18359,49.24992],[-123.18359,49.2501],[-123.18359,49.26784],[-123.18358,49.24526],[-123.18358,49.266],[-123.18358,49.26607],[-123.18357,49.24519],[-123.18357,49.26873],[-123.18356,49.26684],[-123.18356,49.26691],[-123.18355,49.26425],[-123.18355,49.2644],[-123.18355,49.27205],[-123.18354,49.25102],[-123.18354,49.25108],[-123.18354,49.26958],[-123.18353,49.22751],[-123.18353,49.2501],[-123.18353,49.2677],[-123.18353,49.26777],[-123.18353,49.27259],[-123.18352,49.25561],[-123.18351,49.24891],[-123.18351,49.25554],[-123.18351,49.27028],[-123.18351,49.27047],[-123.1835,49.24985],[-123.1835,49.26851],[-123.18348,49.25784],[-123.18347,49.25192],[-123.18347,49.25199],[-123.18346,49.25778],[-123.18346,49.26945],[-123.18346,49.26951],[-123.18345,49.24233],[-123.18345,49.2424],[-123.18345,49.26866],[-123.18345,49.27081],[-123.18345,49.27084],[-123.18345,49.27204],[-123.18344,49.26904],[-123.18343,49.25651],[-123.18343,49.27034],[-123.18343,49.27041],[-123.18342,49.24044],[-123.18342,49.2405],[-123.18342,49.27258],[-123.18341,49.22645],[-123.18341,49.22653],[-123.18341,49.24892],[-123.18341,49.25645],[-123.1834,49.24985],[-123.18339,49.27124],[-123.18339,49.27133],[-123.18336,49.26388],[-123.18336,49.27174],[-123.18336,49.27177],[-123.18335,49.2551],[-123.18335,49.26391],[-123.18334,49.22743],[-123.18334,49.25601],[-123.18331,49.24096],[-123.1833,49.22751],[-123.18328,49.26475],[-123.18326,49.23572],[-123.18325,49.23566],[-123.18322,49.23483],[-123.18322,49.23687],[-123.18322,49.23693],[-123.18321,49.2364],[-123.18321,49.23646],[-123.1832,49.23378],[-123.1832,49.23384],[-123.1832,49.2347],[-123.18318,49.25373],[-123.18317,49.2538],[-123.18314,49.22751],[-123.18314,49.25651],[-123.18313,49.25736],[-123.18311,49.25729],[-123.18309,49.23861],[-123.18308,49.23853],[-123.18304,49.24803],[-123.18299,49.2699],[-123.18299,49.26994],[-123.18298,49.25289],[-123.18296,49.25283],[-123.18295,49.25464],[-123.18295,49.2547],[-123.18293,49.26818],[-123.18292,49.26814],[-123.18286,49.22646],[-123.18282,49.2275],[-123.18281,49.2347],[-123.18278,49.22742],[-123.1827,49.24246],[-123.18269,49.24342],[-123.18268,49.26385],[-123.18268,49.2639],[-123.18265,49.22189],[-123.18265,49.2685],[-123.18265,49.26865],[-123.18264,49.24246],[-123.18263,49.24342],[-123.18258,49.27201],[-123.18257,49.21734],[-123.18257,49.27123],[-123.18256,49.22187],[-123.18256,49.22742],[-123.18256,49.2275],[-123.18256,49.27131],[-123.18256,49.27208],[-123.18254,49.22798],[-123.18254,49.22802],[-123.1825,49.21742],[-123.18246,49.21897],[-123.18243,49.25644],[-123.1823,49.21893],[-123.18226,49.25931],[-123.18223,49.25845],[-123.18222,49.22295],[-123.18222,49.25785],[-123.18222,49.25801],[-123.18222,49.25841],[-123.18221,49.22759],[-123.18221,49.23223],[-123.18221,49.23331],[-123.1822,49.23217],[-123.1822,49.23222],[-123.18219,49.23167],[-123.18219,49.23283],[-123.18219,49.23289],[-123.18219,49.23378],[-123.18219,49.23428],[-123.18219,49.25884],[-123.18219,49.25891],[-123.18219,49.26727],[-123.18218,49.23173],[-123.18218,49.23384],[-123.18218,49.25935],[-123.18217,49.22865],[-123.18216,49.25973],[-123.18216,49.25979],[-123.18216,49.26022],[-123.18216,49.26026],[-123.18214,49.26112],[-123.18214,49.26116],[-123.18213,49.22294],[-123.18213,49.22944],[-123.18213,49.26072],[-123.18213,49.26337],[-123.18213,49.26346],[-123.18212,49.2323],[-123.18212,49.26065],[-123.18211,49.23091],[-123.1821,49.22802],[-123.1821,49.23183],[-123.1821,49.23229],[-123.1821,49.25878],[-123.18209,49.23296],[-123.18209,49.23354],[-123.18209,49.26156],[-123.18209,49.26163],[-123.18208,49.23391],[-123.18208,49.24619],[-123.18208,49.24661],[-123.18208,49.24665],[-123.18208,49.24757],[-123.18208,49.2476],[-123.18208,49.25966],[-123.18208,49.26203],[-123.18208,49.26206],[-123.18207,49.22863],[-123.18207,49.23489],[-123.18207,49.24612],[-123.18206,49.23579],[-123.18206,49.23653],[-123.18206,49.24708],[-123.18206,49.24714],[-123.18206,49.26246],[-123.18206,49.26253],[-123.18205,49.23701],[-123.18205,49.23868],[-123.18205,49.23961],[-123.18205,49.24803],[-123.18205,49.24809],[-123.18205,49.25057],[-123.18205,49.26058],[-123.18204,49.23784],[-123.18204,49.25061],[-123.18204,49.25554],[-123.18203,49.23059],[-123.18203,49.24057],[-123.18203,49.24999],[-123.18203,49.25018],[-123.18203,49.25148],[-123.18203,49.25151],[-123.18203,49.25552],[-123.18202,49.24151],[-123.18202,49.25009],[-123.18202,49.25101],[-123.18202,49.25108],[-123.18202,49.25238],[-123.18202,49.25242],[-123.18201,49.24253],[-123.18201,49.2434],[-123.18201,49.25192],[-123.18201,49.25198],[-123.18201,49.25423],[-123.18201,49.25509],[-123.18201,49.25514],[-123.18201,49.25836],[-123.18201,49.2615],[-123.182,49.22944],[-123.182,49.23091],[-123.182,49.25282],[-123.182,49.25289],[-123.182,49.25328],[-123.182,49.25332],[-123.182,49.25379],[-123.182,49.25419],[-123.182,49.25776],[-123.182,49.25878],[-123.18199,49.23186],[-123.18199,49.23225],[-123.18199,49.23296],[-123.18199,49.24436],[-123.18199,49.25372],[-123.18199,49.25469],[-123.18199,49.256],[-123.18199,49.25604],[-123.18199,49.25727],[-123.18199,49.25928],[-123.18198,49.23392],[-123.18198,49.23489],[-123.18198,49.24607],[-123.18198,49.2556],[-123.18197,49.23229],[-123.18197,49.23578],[-123.18197,49.24701],[-123.18197,49.25463],[-123.18197,49.25645],[-123.18197,49.2565],[-123.18197,49.25687],[-123.18197,49.25691],[-123.18197,49.25966],[-123.18197,49.2624],[-123.18196,49.23653],[-123.18196,49.24796],[-123.18196,49.25734],[-123.18195,49.237],[-123.18195,49.23783],[-123.18195,49.24904],[-123.18194,49.23961],[-123.18194,49.24898],[-123.18194,49.25094],[-123.18194,49.2633],[-123.18193,49.24946],[-123.18193,49.26058],[-123.18193,49.26354],[-123.18192,49.23873],[-123.18192,49.23957],[-123.18192,49.24056],[-123.18192,49.24151],[-123.18192,49.24851],[-123.18192,49.24855],[-123.18192,49.24992],[-123.18192,49.25093],[-123.18192,49.25186],[-123.18192,49.25278],[-123.18192,49.25366],[-123.18191,49.24246],[-123.18191,49.25453],[-123.18191,49.26417],[-123.1819,49.23289],[-123.1819,49.24341],[-123.18189,49.23378],[-123.18189,49.23384],[-123.18189,49.24436],[-123.18189,49.25548],[-123.18189,49.25639],[-123.18189,49.2615],[-123.18188,49.2347],[-123.18188,49.23483],[-123.18188,49.23566],[-123.18188,49.2572],[-123.18187,49.23639],[-123.18187,49.23645],[-123.18187,49.24606],[-123.18187,49.24891],[-123.18187,49.25769],[-123.18187,49.26021],[-123.18187,49.26025],[-123.18187,49.2624],[-123.18187,49.26508],[-123.18186,49.23527],[-123.18186,49.23686],[-123.18186,49.23776],[-123.18186,49.23861],[-123.18186,49.24701],[-123.18185,49.2377],[-123.18185,49.24795],[-123.18185,49.24985],[-123.18184,49.23692],[-123.18184,49.23852],[-123.18184,49.23948],[-123.18184,49.26592],[-123.18183,49.23729],[-123.18183,49.23733],[-123.18183,49.24043],[-123.18183,49.24138],[-123.18183,49.25093],[-123.18183,49.25094],[-123.18183,49.2633],[-123.18183,49.26354],[-123.18183,49.26611],[-123.18182,49.23997],[-123.18182,49.24001],[-123.18182,49.24144],[-123.18182,49.24233],[-123.18182,49.24239],[-123.18182,49.26112],[-123.18182,49.26115],[-123.18181,49.25186],[-123.18181,49.25277],[-123.18181,49.26414],[-123.1818,49.23283],[-123.1818,49.24422],[-123.1818,49.2443],[-123.1818,49.25366],[-123.1818,49.26695],[-123.18179,49.25457],[-123.18178,49.24328],[-123.18178,49.24335],[-123.18178,49.25547],[-123.18178,49.26507],[-123.18177,49.23283],[-123.18177,49.25638],[-123.18177,49.26246],[-123.18177,49.26253],[-123.18177,49.26781],[-123.18176,49.25769],[-123.18176,49.26387],[-123.18175,49.23955],[-123.18175,49.24891],[-123.18175,49.24986],[-123.18175,49.25729],[-123.18175,49.26337],[-123.18175,49.26347],[-123.18175,49.26591],[-123.18174,49.26611],[-123.18174,49.26869],[-123.18174,49.27171],[-123.18174,49.27175],[-123.18171,49.26424],[-123.18171,49.26696],[-123.18171,49.27122],[-123.18171,49.27192],[-123.1817,49.26994],[-123.1817,49.27131],[-123.1817,49.272],[-123.18169,49.25463],[-123.18169,49.26437],[-123.18169,49.26513],[-123.18169,49.2652],[-123.18168,49.26437],[-123.18168,49.26781],[-123.18167,49.27044],[-123.18165,49.2405],[-123.18165,49.25469],[-123.18165,49.26597],[-123.18165,49.26604],[-123.18165,49.27114],[-123.18164,49.26868],[-123.18163,49.2664],[-123.18163,49.26645],[-123.18162,49.26555],[-123.18162,49.26681],[-123.18162,49.26688],[-123.18162,49.27185],[-123.1816,49.26767],[-123.1816,49.26994],[-123.18159,49.26774],[-123.18158,49.27044],[-123.18156,49.26472],[-123.18156,49.26475],[-123.18156,49.26863],[-123.18155,49.26848],[-123.18155,49.27114],[-123.18153,49.27184],[-123.18151,49.26988],[-123.18151,49.26992],[-123.18148,49.27031],[-123.18148,49.27038],[-123.18137,49.2169],[-123.18135,49.26422],[-123.18133,49.24246],[-123.18133,49.24341],[-123.1813,49.21698],[-123.1813,49.247],[-123.18129,49.24795],[-123.18127,49.24246],[-123.18126,49.24341],[-123.18124,49.247],[-123.18123,49.24795],[-123.18121,49.22344],[-123.1812,49.24282],[-123.18118,49.26386],[-123.18108,49.2578],[-123.18104,49.25728],[-123.18103,49.26019],[-123.18102,49.21861],[-123.18097,49.25725],[-123.18095,49.25463],[-123.18095,49.25469],[-123.18094,49.2386],[-123.18094,49.24897],[-123.18094,49.24903],[-123.1809,49.23852],[-123.1809,49.25842],[-123.18089,49.24999],[-123.18089,49.2501],[-123.18089,49.25842],[-123.18088,49.23469],[-123.18088,49.23483],[-123.18088,49.24991],[-123.18088,49.25018],[-123.18088,49.26023],[-123.18087,49.22343],[-123.18087,49.25107],[-123.18086,49.22351],[-123.18086,49.25099],[-123.18086,49.25288],[-123.18085,49.25282],[-123.18083,49.25929],[-123.18082,49.23282],[-123.18082,49.23288],[-123.18082,49.24713],[-123.18082,49.25933],[-123.18081,49.24707],[-123.1808,49.25876],[-123.18078,49.22146],[-123.18078,49.24612],[-123.18078,49.2703],[-123.18077,49.24619],[-123.18077,49.2596],[-123.18075,49.22153],[-123.18075,49.26153],[-123.18075,49.26862],[-123.18074,49.22146],[-123.18074,49.25774],[-123.18074,49.25876],[-123.18074,49.26161],[-123.18074,49.26847],[-123.18073,49.26201],[-123.1807,49.2596],[-123.1807,49.26201],[-123.1807,49.26204],[-123.18069,49.24138],[-123.18069,49.24144],[-123.18068,49.26063],[-123.18068,49.2607],[-123.18067,49.26238],[-123.18066,49.26147],[-123.18063,49.26238],[-123.1806,49.26327],[-123.18059,49.25554],[-123.18059,49.25559],[-123.18058,49.24517],[-123.18058,49.24523],[-123.18053,49.25509],[-123.18053,49.25718],[-123.18047,49.27036],[-123.18046,49.21681],[-123.18045,49.2572],[-123.18044,49.2302],[-123.18044,49.23685],[-123.18043,49.25599],[-123.18041,49.23008],[-123.18041,49.23378],[-123.18041,49.23384],[-123.18041,49.23638],[-123.18041,49.23644],[-123.18039,49.23029],[-123.18039,49.23565],[-123.18039,49.23571],[-123.18038,49.23692],[-123.18037,49.23769],[-123.18037,49.23775],[-123.18036,49.25694],[-123.18035,49.23107],[-123.18034,49.25644],[-123.18034,49.25649],[-123.18031,49.24232],[-123.18031,49.24239],[-123.1803,49.25798],[-123.18029,49.24327],[-123.18028,49.24336],[-123.18027,49.21664],[-123.18027,49.23027],[-123.18026,49.25882],[-123.18026,49.25888],[-123.18025,49.25798],[-123.18023,49.25197],[-123.18023,49.25789],[-123.18023,49.25972],[-123.18022,49.25191],[-123.18022,49.25978],[-123.18021,49.22145],[-123.18021,49.23948],[-123.18021,49.23954],[-123.18021,49.24802],[-123.1802,49.24808],[-123.1802,49.26898],[-123.18019,49.25101],[-123.18019,49.25107],[-123.18019,49.25371],[-123.18018,49.26898],[-123.18017,49.25379],[-123.18017,49.26161],[-123.18015,49.26152],[-123.18013,49.26243],[-123.18013,49.2625],[-123.18012,49.24043],[-123.18012,49.24049],[-123.18011,49.2694],[-123.18011,49.26947],[-123.1801,49.25875],[-123.18009,49.25965],[-123.18005,49.26056],[-123.18002,49.25772],[-123.18002,49.26146],[-123.17999,49.24429],[-123.17999,49.25875],[-123.17998,49.26236],[-123.17996,49.26328],[-123.17995,49.25965],[-123.17993,49.26406],[-123.17992,49.26502],[-123.17991,49.23282],[-123.17991,49.23288],[-123.17991,49.26056],[-123.17991,49.26538],[-123.1799,49.24897],[-123.1799,49.24903],[-123.1799,49.26688],[-123.17989,49.22144],[-123.17989,49.26503],[-123.17989,49.26527],[-123.17988,49.23469],[-123.17988,49.26146],[-123.17987,49.23483],[-123.17985,49.24422],[-123.17985,49.26236],[-123.17985,49.26608],[-123.17985,49.27028],[-123.17984,49.2616],[-123.17984,49.27035],[-123.17983,49.22344],[-123.17982,49.22352],[-123.17982,49.2386],[-123.17982,49.26328],[-123.17982,49.26692],[-123.17982,49.27181],[-123.1798,49.23852],[-123.17979,49.24991],[-123.17979,49.26777],[-123.17979,49.2678],[-123.17979,49.27079],[-123.17979,49.2712],[-123.17979,49.27173],[-123.17978,49.25017],[-123.17978,49.25723],[-123.17978,49.26409],[-123.17978,49.27075],[-123.17978,49.27126],[-123.17977,49.25007],[-123.17977,49.25106],[-123.17976,49.25099],[-123.17975,49.24612],[-123.17975,49.24619],[-123.17975,49.26503],[-123.17974,49.26527],[-123.17974,49.26933],[-123.17973,49.26334],[-123.17972,49.26343],[-123.17972,49.26608],[-123.17972,49.26955],[-123.17971,49.25287],[-123.17971,49.25726],[-123.1797,49.25281],[-123.1797,49.27018],[-123.17968,49.26692],[-123.17967,49.26553],[-123.17967,49.26558],[-123.17965,49.25462],[-123.17965,49.25469],[-123.17965,49.26777],[-123.17965,49.2678],[-123.17965,49.27111],[-123.17963,49.2716],[-123.17962,49.2651],[-123.17962,49.26865],[-123.17961,49.25632],[-123.17961,49.26419],[-123.17961,49.2647],[-123.17961,49.26517],[-123.17959,49.26434],[-123.17959,49.26933],[-123.17959,49.26954],[-123.17958,49.26068],[-123.17957,49.26062],[-123.17957,49.26594],[-123.17957,49.26601],[-123.17957,49.26764],[-123.17957,49.27018],[-123.17956,49.26677],[-123.17956,49.26685],[-123.17956,49.2677],[-123.17955,49.25634],[-123.17954,49.26242],[-123.17953,49.25633],[-123.17953,49.26249],[-123.17952,49.27113],[-123.1795,49.27159],[-123.17948,49.26984],[-123.17948,49.26989],[-123.17945,49.25797],[-123.17944,49.27175],[-123.17943,49.23282],[-123.17943,49.23288],[-123.17942,49.27028],[-123.17942,49.27035],[-123.17939,49.27074],[-123.17939,49.27078],[-123.17938,49.24245],[-123.17937,49.24319],[-123.17937,49.25603],[-123.17936,49.25468],[-123.17936,49.25873],[-123.17935,49.24415],[-123.17935,49.25553],[-123.17935,49.25599],[-123.17934,49.24343],[-123.17934,49.24659],[-123.17934,49.24664],[-123.17934,49.25558],[-123.17934,49.26721],[-123.17934,49.26725],[-123.17933,49.24707],[-123.17932,49.24245],[-123.17932,49.24713],[-123.17932,49.24755],[-123.17932,49.24759],[-123.17931,49.25508],[-123.17931,49.25513],[-123.17931,49.25963],[-123.17931,49.26938],[-123.17931,49.26945],[-123.1793,49.2432],[-123.1793,49.2451],[-123.1793,49.24565],[-123.1793,49.2457],[-123.1793,49.25873],[-123.17929,49.24344],[-123.17929,49.2441],[-123.17929,49.24415],[-123.17929,49.246],[-123.17929,49.24604],[-123.17929,49.24699],[-123.17929,49.25147],[-123.17929,49.25151],[-123.17928,49.24795],[-123.17927,49.25418],[-123.17927,49.25423],[-123.17926,49.25546],[-123.17926,49.25841],[-123.17925,49.25837],[-123.17925,49.25963],[-123.17924,49.24509],[-123.17924,49.25183],[-123.17923,49.24604],[-123.17923,49.25274],[-123.17923,49.26052],[-123.17923,49.26145],[-123.17922,49.25364],[-123.17922,49.25455],[-123.17922,49.26764],[-123.17921,49.24795],[-123.17921,49.25771],[-123.17921,49.26772],[-123.1792,49.26021],[-123.17919,49.26017],[-123.17919,49.26145],[-123.17918,49.25546],[-123.17916,49.25275],[-123.17916,49.25364],[-123.17916,49.26325],[-123.17915,49.25455],[-123.17914,49.21854],[-123.17914,49.26108],[-123.17913,49.26111],[-123.17913,49.26379],[-123.17912,49.21779],[-123.1791,49.26293],[-123.1791,49.26325],[-123.17909,49.26288],[-123.17908,49.26639],[-123.17894,49.22005],[-123.17894,49.23211],[-123.17892,49.23019],[-123.17892,49.23217],[-123.17891,49.24896],[-123.17889,49.25835],[-123.17889,49.2584],[-123.17888,49.23007],[-123.17885,49.22339],[-123.17884,49.22353],[-123.17883,49.24326],[-123.17883,49.24333],[-123.17882,49.22446],[-123.17882,49.22934],[-123.17882,49.24621],[-123.17881,49.22484],[-123.17881,49.22861],[-123.17881,49.24422],[-123.17881,49.24429],[-123.17881,49.24516],[-123.1788,49.22536],[-123.1788,49.23027],[-123.1788,49.23119],[-123.1788,49.23229],[-123.1788,49.23301],[-123.1788,49.23396],[-123.1788,49.24523],[-123.1788,49.24618],[-123.17879,49.23488],[-123.17879,49.24611],[-123.17878,49.23865],[-123.17878,49.24706],[-123.17878,49.24713],[-123.17878,49.24801],[-123.17877,49.22638],[-123.17877,49.24808],[-123.17877,49.24944],[-123.17876,49.23576],[-123.17876,49.23785],[-123.17876,49.2396],[-123.17876,49.2485],[-123.17876,49.24854],[-123.17876,49.24902],[-123.17876,49.24949],[-123.17876,49.2499],[-123.17876,49.25005],[-123.17876,49.25009],[-123.17876,49.25017],[-123.17875,49.23649],[-123.17875,49.23697],[-123.17875,49.24056],[-123.17875,49.251],[-123.17875,49.25106],[-123.17874,49.24149],[-123.17874,49.2519],[-123.17874,49.25197],[-123.17873,49.22689],[-123.17873,49.24997],[-123.17873,49.25281],[-123.17873,49.25287],[-123.17872,49.2432],[-123.17872,49.24416],[-123.17872,49.25378],[-123.17872,49.25468],[-123.17871,49.22861],[-123.17871,49.2451],[-123.17871,49.24605],[-123.17871,49.24624],[-123.17871,49.25371],[-123.17871,49.25462],[-123.1787,49.22934],[-123.17869,49.247],[-123.17869,49.24737],[-123.17868,49.23579],[-123.17868,49.24796],[-123.17867,49.2489],[-123.17866,49.23025],[-123.17866,49.23124],[-123.17866,49.23225],[-123.17866,49.23296],[-123.17866,49.23391],[-123.17866,49.24982],[-123.17866,49.26859],[-123.17865,49.22342],[-123.17865,49.22348],[-123.17865,49.23488],[-123.17865,49.23676],[-123.17865,49.23772],[-123.17865,49.25083],[-123.17865,49.25092],[-123.17864,49.22144],[-123.17864,49.25184],[-123.17863,49.25275],[-123.17863,49.25361],[-123.17862,49.25455],[-123.17861,49.22848],[-123.17861,49.23865],[-123.17861,49.2396],[-123.1786,49.24055],[-123.1786,49.25546],[-123.1786,49.26844],[-123.17859,49.22855],[-123.17859,49.24149],[-123.17858,49.23469],[-123.17858,49.23482],[-123.17858,49.24319],[-123.17857,49.24413],[-123.17857,49.24669],[-123.17857,49.25609],[-123.17856,49.2328],[-123.17855,49.23287],[-123.17855,49.23662],[-123.17855,49.23668],[-123.17855,49.24605],[-123.17854,49.23947],[-123.17854,49.2451],[-123.17854,49.247],[-123.17854,49.24702],[-123.17854,49.24795],[-123.17853,49.23757],[-123.17853,49.24737],[-123.17853,49.24789],[-123.17853,49.24797],[-123.17853,49.2489],[-123.17852,49.23954],[-123.17852,49.24982],[-123.17851,49.23852],[-123.17851,49.23859],[-123.17851,49.24042],[-123.17851,49.25092],[-123.1785,49.22143],[-123.1785,49.24049],[-123.1785,49.25183],[-123.17849,49.25274],[-123.17848,49.25362],[-123.17847,49.25455],[-123.17846,49.25573],[-123.17846,49.25655],[-123.17841,49.23763],[-123.17841,49.27165],[-123.17827,49.22746],[-123.17827,49.25777],[-123.17826,49.25769],[-123.17826,49.25795],[-123.17825,49.25787],[-123.17822,49.25577],[-123.17819,49.25644],[-123.17819,49.25878],[-123.17819,49.25885],[-123.17818,49.25763],[-123.17817,49.25924],[-123.17817,49.25929],[-123.17816,49.25976],[-123.17815,49.25582],[-123.17815,49.25647],[-123.17815,49.25969],[-123.17815,49.26015],[-123.17815,49.26019],[-123.17813,49.2611],[-123.17811,49.26106],[-123.1781,49.2587],[-123.17809,49.2615],[-123.17809,49.26157],[-123.17809,49.26895],[-123.17807,49.25962],[-123.17807,49.26196],[-123.17807,49.26201],[-123.17805,49.26287],[-123.17805,49.26291],[-123.17804,49.22549],[-123.17804,49.23866],[-123.17804,49.2396],[-123.17804,49.26037],[-123.17804,49.26039],[-123.17803,49.24523],[-123.17803,49.26381],[-123.17802,49.24516],[-123.17801,49.24055],[-123.17801,49.25091],[-123.178,49.24224],[-123.178,49.26143],[-123.17799,49.23867],[-123.17799,49.24889],[-123.17799,49.25274],[-123.17799,49.25762],[-123.17799,49.2587],[-123.17798,49.24504],[-123.17798,49.24984],[-123.17797,49.2456],[-123.17797,49.25454],[-123.17797,49.26234],[-123.17796,49.23675],[-123.17796,49.2432],[-123.17796,49.24625],[-123.17796,49.24698],[-123.17796,49.24721],[-123.17796,49.24795],[-123.17796,49.25962],[-123.17795,49.2377],[-123.17795,49.24055],[-123.17795,49.24415],[-123.17795,49.25091],[-123.17794,49.239],[-123.17794,49.23904],[-123.17794,49.24224],[-123.17794,49.26322],[-123.17794,49.26402],[-123.17793,49.24889],[-123.17793,49.26037],[-123.17793,49.26038],[-123.17792,49.24984],[-123.17792,49.25183],[-123.17792,49.25274],[-123.17791,49.25454],[-123.1779,49.23676],[-123.1779,49.24561],[-123.1779,49.24571],[-123.1779,49.24625],[-123.1779,49.24699],[-123.1779,49.24721],[-123.1779,49.26437],[-123.17789,49.2432],[-123.17789,49.24415],[-123.17789,49.24501],[-123.17789,49.26143],[-123.17788,49.2377],[-123.17788,49.24794],[-123.17788,49.25531],[-123.17788,49.25924],[-123.17788,49.25929],[-123.17787,49.265],[-123.17786,49.2312],[-123.17786,49.25182],[-123.17786,49.26234],[-123.17786,49.26529],[-123.17785,49.26019],[-123.17784,49.26014],[-123.17784,49.26604],[-123.17784,49.26843],[-123.17783,49.26322],[-123.17783,49.26857],[-123.17782,49.25525],[-123.17781,49.26105],[-123.1778,49.26109],[-123.1778,49.26687],[-123.17779,49.26149],[-123.17779,49.26156],[-123.17779,49.27071],[-123.17779,49.27075],[-123.17778,49.26195],[-123.17778,49.262],[-123.17778,49.26408],[-123.17777,49.23487],[-123.17777,49.25612],[-123.17777,49.26239],[-123.17777,49.26442],[-123.17777,49.26501],[-123.17777,49.27025],[-123.17777,49.27032],[-123.17776,49.25533],[-123.17776,49.26246],[-123.17776,49.26867],[-123.17775,49.26286],[-123.17775,49.26291],[-123.17775,49.26526],[-123.17775,49.26831],[-123.17774,49.2633],[-123.17774,49.2634],[-123.17773,49.26604],[-123.17773,49.269],[-123.17773,49.27116],[-123.17772,49.25615],[-123.17771,49.23276],[-123.17771,49.27123],[-123.17771,49.2715],[-123.1777,49.23291],[-123.1777,49.23486],[-123.1777,49.25538],[-123.1777,49.26417],[-123.1777,49.27157],[-123.17769,49.26687],[-123.17769,49.2716],[-123.17768,49.2638],[-123.17768,49.26467],[-123.17768,49.26507],[-123.17768,49.27019],[-123.17767,49.26514],[-123.17766,49.23482],[-123.17766,49.26014],[-123.17766,49.26018],[-123.17766,49.27108],[-123.17764,49.26598],[-123.17764,49.2683],[-123.17764,49.27144],[-123.17763,49.23469],[-123.17763,49.26286],[-123.17763,49.26591],[-123.17763,49.27141],[-123.17762,49.2629],[-123.17762,49.269],[-123.17761,49.2643],[-123.17761,49.26869],[-123.17757,49.27019],[-123.17754,49.25968],[-123.17754,49.25975],[-123.17753,49.27109],[-123.17753,49.27143],[-123.17746,49.2655],[-123.17746,49.26554],[-123.17743,49.25838],[-123.17743,49.25928],[-123.17742,49.26936],[-123.17741,49.25833],[-123.17738,49.22971],[-123.17736,49.23036],[-123.17734,49.26415],[-123.17733,49.22847],[-123.17733,49.22854],[-123.17733,49.26894],[-123.17732,49.251],[-123.17732,49.25105],[-123.17731,49.23015],[-123.17731,49.24136],[-123.1773,49.24143],[-123.1773,49.25578],[-123.1773,49.26803],[-123.17727,49.23851],[-123.17727,49.24238],[-123.17727,49.25641],[-123.17726,49.23036],[-123.17726,49.24231],[-123.17725,49.23763],[-123.17725,49.23858],[-123.17724,49.23757],[-123.17724,49.24617],[-123.17723,49.24611],[-123.17723,49.24807],[-123.17723,49.25578],[-123.17722,49.24706],[-123.17722,49.24712],[-123.17722,49.248],[-123.17722,49.25923],[-123.17722,49.25927],[-123.17721,49.26549],[-123.17719,49.25377],[-123.17718,49.25371],[-123.17718,49.25645],[-123.17718,49.25724],[-123.17716,49.24325],[-123.17716,49.26554],[-123.17714,49.24333],[-123.17713,49.25768],[-123.17712,49.22142],[-123.17712,49.22148],[-123.17712,49.25775],[-123.17712,49.25793],[-123.17711,49.2499],[-123.17711,49.25461],[-123.17711,49.25467],[-123.17711,49.25786],[-123.1771,49.24998],[-123.17708,49.23072],[-123.17707,49.23079],[-123.17703,49.2519],[-123.17703,49.25196],[-123.177,49.22744],[-123.17699,49.25767],[-123.17698,49.26146],[-123.17698,49.26155],[-123.17697,49.22142],[-123.17691,49.25008],[-123.17691,49.25016],[-123.17689,49.26807],[-123.17688,49.24944],[-123.17687,49.2528],[-123.17686,49.24374],[-123.17686,49.24755],[-123.17685,49.24948],[-123.17685,49.25286],[-123.17684,49.24379],[-123.17683,49.25542],[-123.17682,49.23488],[-123.17681,49.23568],[-123.1768,49.24902],[-123.1768,49.25421],[-123.17679,49.25417],[-123.17679,49.25922],[-123.17678,49.24895],[-123.17678,49.24902],[-123.17678,49.25331],[-123.17678,49.25544],[-123.17678,49.25927],[-123.17676,49.24895],[-123.17675,49.24428],[-123.17675,49.25439],[-123.17674,49.24419],[-123.17674,49.26841],[-123.17673,49.26856],[-123.1767,49.25326],[-123.17667,49.23488],[-123.17667,49.25371],[-123.17666,49.2347],[-123.17666,49.23569],[-123.17666,49.2545],[-123.17663,49.2533],[-123.17663,49.25534],[-123.17662,49.24379],[-123.17662,49.25523],[-123.17662,49.26552],[-123.17661,49.26413],[-123.17661,49.26549],[-123.1766,49.23482],[-123.17659,49.23668],[-123.17658,49.23661],[-123.17658,49.25377],[-123.17653,49.27146],[-123.17652,49.25586],[-123.17646,49.25591],[-123.17644,49.25832],[-123.17644,49.25836],[-123.17644,49.27139],[-123.17631,49.22979],[-123.1763,49.25466],[-123.1763,49.25775],[-123.1763,49.25783],[-123.17628,49.22983],[-123.17628,49.25792],[-123.17627,49.25723],[-123.17627,49.25727],[-123.17627,49.25831],[-123.17627,49.25836],[-123.17627,49.26486],[-123.17626,49.25875],[-123.17626,49.25882],[-123.17625,49.2546],[-123.17625,49.25766],[-123.17624,49.25365],[-123.17624,49.26193],[-123.17624,49.26197],[-123.17623,49.24849],[-123.17623,49.24853],[-123.17623,49.26012],[-123.17623,49.26016],[-123.17619,49.2188],[-123.17619,49.25779],[-123.17619,49.26056],[-123.17618,49.26063],[-123.17617,49.21956],[-123.17617,49.24807],[-123.17617,49.25866],[-123.17617,49.26153],[-123.17616,49.25368],[-123.17616,49.25753],[-123.17616,49.26146],[-123.17615,49.25918],[-123.17614,49.22736],[-123.17613,49.25957],[-123.17611,49.2605],[-123.17611,49.26378],[-123.17607,49.2292],[-123.17607,49.2545],[-123.17607,49.26139],[-123.17606,49.25778],[-123.17606,49.25867],[-123.17605,49.25753],[-123.17605,49.26235],[-123.17604,49.248],[-123.17604,49.25698],[-123.17604,49.25918],[-123.17604,49.26463],[-123.17603,49.22552],[-123.17603,49.22907],[-123.17603,49.25956],[-123.17603,49.2623],[-123.17602,49.2264],[-123.17601,49.25533],[-123.176,49.2528],[-123.176,49.26318],[-123.176,49.26589],[-123.17599,49.22755],[-123.17599,49.25835],[-123.17599,49.2605],[-123.17599,49.26595],[-123.17599,49.26631],[-123.17599,49.26636],[-123.17598,49.25098],[-123.17598,49.25438],[-123.17598,49.25831],[-123.17597,49.22747],[-123.17597,49.25612],[-123.17597,49.26432],[-123.17597,49.265],[-123.17596,49.26139],[-123.17596,49.26672],[-123.17596,49.26679],[-123.17595,49.2175],[-123.17595,49.26501],[-123.17594,49.22858],[-123.17594,49.24325],[-123.17594,49.26806],[-123.17594,49.27141],[-123.17593,49.22929],[-123.17593,49.23946],[-123.17593,49.23953],[-123.17593,49.24332],[-123.17593,49.24375],[-123.17593,49.25434],[-123.17593,49.2623],[-123.17593,49.26407],[-123.17593,49.26758],[-123.17593,49.26765],[-123.17592,49.24135],[-123.17592,49.24143],[-123.17592,49.24378],[-123.17591,49.22558],[-123.17591,49.22588],[-123.17591,49.23083],[-123.17591,49.23206],[-123.17591,49.24041],[-123.17591,49.24048],[-123.17591,49.24189],[-123.17591,49.2423],[-123.17591,49.24237],[-123.17591,49.2428],[-123.17591,49.24611],[-123.17591,49.25536],[-123.17591,49.26576],[-123.1759,49.24184],[-123.1759,49.24283],[-123.1759,49.25615],[-123.1759,49.26318],[-123.1759,49.2667],[-123.1759,49.26681],[-123.1759,49.2684],[-123.1759,49.26855],[-123.1759,49.26892],[-123.17589,49.22624],[-123.17589,49.22641],[-123.17589,49.22703],[-123.17589,49.23114],[-123.17589,49.24569],[-123.17588,49.22146],[-123.17588,49.22747],[-123.17588,49.23395],[-123.17588,49.24419],[-123.17588,49.24522],[-123.17588,49.24565],[-123.17588,49.25436],[-123.17588,49.26665],[-123.17587,49.24515],[-123.17587,49.24617],[-123.17587,49.24659],[-123.17587,49.24663],[-123.17587,49.26685],[-123.17587,49.26933],[-123.17587,49.2694],[-123.17586,49.23674],[-123.17586,49.24428],[-123.17586,49.24711],[-123.17586,49.24758],[-123.17586,49.25055],[-123.17586,49.25058],[-123.17586,49.26432],[-123.17586,49.26983],[-123.17585,49.23769],[-123.17585,49.24705],[-123.17585,49.24754],[-123.17585,49.26193],[-123.17585,49.26197],[-123.17585,49.26979],[-123.17584,49.23864],[-123.17584,49.23959],[-123.17584,49.27022],[-123.17584,49.27029],[-123.17584,49.27113],[-123.17583,49.22858],[-123.17583,49.24035],[-123.17583,49.24989],[-123.17583,49.24997],[-123.17583,49.25008],[-123.17583,49.25016],[-123.17583,49.25099],[-123.17583,49.25145],[-123.17583,49.25149],[-123.17582,49.22734],[-123.17582,49.2329],[-123.17582,49.24129],[-123.17582,49.24148],[-123.17582,49.25106],[-123.17582,49.26408],[-123.17582,49.26835],[-123.17582,49.27072],[-123.17581,49.22736],[-123.17581,49.24247],[-123.17581,49.25189],[-123.17581,49.25195],[-123.17581,49.265],[-123.17581,49.27069],[-123.1758,49.22918],[-123.1758,49.23386],[-123.1758,49.25286],[-123.1758,49.26327],[-123.1758,49.26499],[-123.1758,49.26577],[-123.1758,49.2712],[-123.17579,49.23114],[-123.17579,49.23139],[-123.17579,49.24411],[-123.17579,49.26283],[-123.17579,49.26287],[-123.17579,49.26337],[-123.17578,49.23015],[-123.17578,49.24603],[-123.17578,49.2638],[-123.17578,49.26927],[-123.17577,49.23674],[-123.17577,49.26377],[-123.17577,49.26665],[-123.17576,49.23206],[-123.17576,49.2377],[-123.17576,49.24698],[-123.17576,49.24761],[-123.17576,49.24813],[-123.17576,49.26685],[-123.17575,49.23864],[-123.17575,49.27016],[-123.17575,49.27124],[-123.17574,49.22845],[-123.17574,49.22852],[-123.17574,49.23388],[-123.17574,49.23959],[-123.17574,49.24983],[-123.17574,49.2668],[-123.17573,49.22743],[-123.17573,49.2329],[-123.17573,49.25091],[-123.17573,49.25184],[-123.17573,49.2531],[-123.17573,49.25831],[-123.17573,49.26414],[-123.17572,49.23388],[-123.17572,49.24035],[-123.17572,49.24127],[-123.17572,49.27105],[-123.17571,49.23482],[-123.17571,49.24151],[-123.17571,49.25274],[-123.17571,49.26835],[-123.1757,49.24247],[-123.17569,49.23101],[-123.17569,49.23107],[-123.17569,49.23188],[-123.17569,49.23195],[-123.17568,49.22894],[-123.17568,49.23277],[-123.17568,49.24413],[-123.17567,49.23144],[-123.17567,49.23148],[-123.17567,49.23668],[-123.17567,49.24698],[-123.17567,49.26672],[-123.17567,49.26679],[-123.17567,49.26926],[-123.17566,49.22905],[-123.17566,49.23756],[-123.17566,49.24763],[-123.17565,49.23234],[-123.17565,49.23238],[-123.17565,49.23427],[-123.17565,49.24814],[-123.17564,49.23424],[-123.17564,49.23709],[-123.17564,49.23714],[-123.17564,49.24603],[-123.17564,49.24696],[-123.17564,49.25446],[-123.17564,49.27015],[-123.17563,49.23469],[-123.17563,49.24984],[-123.17563,49.26193],[-123.17563,49.26196],[-123.17562,49.23284],[-123.17562,49.23375],[-123.17562,49.2338],[-123.17562,49.25093],[-123.17562,49.26412],[-123.17562,49.26807],[-123.17561,49.25184],[-123.17561,49.26427],[-123.17561,49.27105],[-123.1756,49.25274],[-123.17557,49.24705],[-123.17557,49.24711],[-123.17556,49.24758],[-123.17556,49.25306],[-123.17555,49.24754],[-123.17555,49.24807],[-123.17555,49.24895],[-123.17555,49.24902],[-123.17555,49.25605],[-123.17555,49.2561],[-123.17554,49.248],[-123.17553,49.25297],[-123.17552,49.22746],[-123.17546,49.23762],[-123.17546,49.25289],[-123.17545,49.25438],[-123.17545,49.2592],[-123.17545,49.25925],[-123.17535,49.26236],[-123.17535,49.26243],[-123.17533,49.25424],[-123.17529,49.25277],[-123.17522,49.22746],[-123.17522,49.23661],[-123.17519,49.23148],[-123.17517,49.24658],[-123.17517,49.24663],[-123.17511,49.22742],[-123.1751,49.2601],[-123.1751,49.26015],[-123.17503,49.25267],[-123.17499,49.26054],[-123.17499,49.27122],[-123.17497,49.26061],[-123.17497,49.26101],[-123.17496,49.22338],[-123.17496,49.22345],[-123.17496,49.26105],[-123.17492,49.21945],[-123.17492,49.25239],[-123.1749,49.24659],[-123.1749,49.24663],[-123.17486,49.25235],[-123.17486,49.25829],[-123.17485,49.25833],[-123.17484,49.25873],[-123.17484,49.2588],[-123.17483,49.23469],[-123.17482,49.23481],[-123.17482,49.26838],[-123.17477,49.26853],[-123.17476,49.27127],[-123.17475,49.26144],[-123.17474,49.23946],[-123.17474,49.23952],[-123.17474,49.26151],[-123.17473,49.26376],[-123.17472,49.25234],[-123.17471,49.23667],[-123.17471,49.25099],[-123.17471,49.25104],[-123.17469,49.26377],[-123.17468,49.25507],[-123.17468,49.25511],[-123.17463,49.21938],[-123.17462,49.21944],[-123.17461,49.2404],[-123.17461,49.24135],[-123.17461,49.25236],[-123.1746,49.24093],[-123.1746,49.24142],[-123.1746,49.25374],[-123.17459,49.2404],[-123.17459,49.24047],[-123.17459,49.25658],[-123.17459,49.25665],[-123.17458,49.24047],[-123.17457,49.2285],[-123.17457,49.24089],[-123.17457,49.24609],[-123.17457,49.24617],[-123.17457,49.25382],[-123.17456,49.25189],[-123.17455,49.2578],[-123.17454,49.25557],[-123.17454,49.25605],[-123.17453,49.25195],[-123.17453,49.2561],[-123.17453,49.25712],[-123.17453,49.25716],[-123.17452,49.25763],[-123.17451,49.2555],[-123.17449,49.25789],[-123.17447,49.25772],[-123.17445,49.23105],[-123.17444,49.23099],[-123.17444,49.24229],[-123.17444,49.24237],[-123.17443,49.23187],[-123.17443,49.23194],[-123.17443,49.25651],[-123.17442,49.25727],[-123.17442,49.25728],[-123.17441,49.25212],[-123.1744,49.24184],[-123.1744,49.25776],[-123.17439,49.22733],[-123.17439,49.23283],[-123.17439,49.25286],[-123.17438,49.24188],[-123.17438,49.26548],[-123.17437,49.23277],[-123.17436,49.23375],[-123.17436,49.2338],[-123.17435,49.25216],[-123.17435,49.26464],[-123.17434,49.25282],[-123.17434,49.261],[-123.17434,49.26104],[-123.17433,49.24659],[-123.17433,49.24662],[-123.17433,49.26464],[-123.17433,49.26578],[-123.17432,49.25651],[-123.17432,49.25726],[-123.17432,49.25728],[-123.17431,49.25918],[-123.17431,49.25923],[-123.17429,49.25285],[-123.17429,49.25963],[-123.17429,49.26579],[-123.17428,49.25969],[-123.17427,49.26804],[-123.17426,49.25357],[-123.17426,49.25794],[-123.17426,49.268],[-123.17425,49.25459],[-123.17425,49.25467],[-123.17424,49.261],[-123.17423,49.25865],[-123.17423,49.2615],[-123.17421,49.22849],[-123.17421,49.25773],[-123.1742,49.25955],[-123.17418,49.21937],[-123.17418,49.26546],[-123.17417,49.24946],[-123.17417,49.26046],[-123.17416,49.26502],[-123.17415,49.25795],[-123.17414,49.25015],[-123.17413,49.25865],[-123.17413,49.26137],[-123.17412,49.2274],[-123.17412,49.25007],[-123.1741,49.26227],[-123.17409,49.25956],[-123.17409,49.2625],[-123.17408,49.26509],[-123.17408,49.26586],[-123.17408,49.26976],[-123.17407,49.23105],[-123.17407,49.26318],[-123.17406,49.23099],[-123.17406,49.25185],[-123.17406,49.26046],[-123.17406,49.26889],[-123.17406,49.2698],[-123.17405,49.23994],[-123.17405,49.23999],[-123.17405,49.26593],[-123.17405,49.26889],[-123.17404,49.24943],[-123.17404,49.26403],[-123.17403,49.26137],[-123.17403,49.26496],[-123.174,49.23469],[-123.174,49.24988],[-123.174,49.24996],[-123.174,49.26755],[-123.174,49.26762],[-123.17399,49.25188],[-123.17399,49.26228],[-123.17398,49.26252],[-123.17398,49.26852],[-123.17397,49.26053],[-123.17397,49.2606],[-123.17397,49.2658],[-123.17397,49.26598],[-123.17396,49.22344],[-123.17396,49.26318],[-123.17396,49.26837],[-123.17394,49.2532],[-123.17394,49.26937],[-123.17393,49.21937],[-123.17393,49.2693],[-123.17392,49.23481],[-123.17392,49.26403],[-123.17391,49.26746],[-123.17391,49.27019],[-123.17391,49.27026],[-123.17391,49.27119],[-123.17389,49.26496],[-123.17388,49.23952],[-123.17387,49.23945],[-123.17387,49.26832],[-123.17387,49.27107],[-123.17387,49.2712],[-123.17386,49.2658],[-123.17386,49.26598],[-123.17385,49.26941],[-123.17384,49.26923],[-123.17382,49.26411],[-123.17381,49.27012],[-123.1738,49.26746],[-123.17378,49.22335],[-123.17378,49.27101],[-123.17376,49.26586],[-123.17376,49.26592],[-123.17376,49.26832],[-123.17374,49.24947],[-123.17374,49.25149],[-123.17374,49.25223],[-123.17374,49.26923],[-123.17373,49.26424],[-123.17371,49.25144],[-123.17371,49.27012],[-123.1737,49.23105],[-123.17369,49.25228],[-123.17367,49.21937],[-123.17367,49.21943],[-123.17367,49.27101],[-123.17365,49.23808],[-123.17365,49.2693],[-123.17365,49.26936],[-123.17364,49.22835],[-123.17363,49.22931],[-123.17362,49.23034],[-123.17357,49.22811],[-123.17356,49.25143],[-123.17355,49.22828],[-123.17355,49.23669],[-123.17354,49.2293],[-123.17352,49.23034],[-123.17351,49.217],[-123.17349,49.26008],[-123.17349,49.26012],[-123.17348,49.25147],[-123.17348,49.26278],[-123.17348,49.26409],[-123.17347,49.26317],[-123.17345,49.23899],[-123.17345,49.23903],[-123.17344,49.22819],[-123.17341,49.25098],[-123.17341,49.25104],[-123.1734,49.26521],[-123.1734,49.26547],[-123.17339,49.26885],[-123.17339,49.26984],[-123.17338,49.26653],[-123.17337,49.26888],[-123.17337,49.26987],[-123.17336,49.25202],[-123.17336,49.26502],[-123.17336,49.26509],[-123.17334,49.26652],[-123.17332,49.2697],[-123.17331,49.26974],[-123.17329,49.24134],[-123.17329,49.25266],[-123.17329,49.26142],[-123.17329,49.26149],[-123.17328,49.21936],[-123.17328,49.25121],[-123.17327,49.21943],[-123.17326,49.25275],[-123.17325,49.2555],[-123.17325,49.25557],[-123.17324,49.21684],[-123.17324,49.26098],[-123.17324,49.26102],[-123.17323,49.25787],[-123.17322,49.21779],[-123.17322,49.21841],[-123.17322,49.2551],[-123.17321,49.23428],[-123.17321,49.25196],[-123.17321,49.25506],[-123.1732,49.23424],[-123.1732,49.23761],[-123.1732,49.23803],[-123.1732,49.23808],[-123.17319,49.2366],[-123.17319,49.23755],[-123.17319,49.2385],[-123.17319,49.23857],[-123.17318,49.21902],[-123.17318,49.21944],[-123.17318,49.23899],[-123.17317,49.2195],[-123.17317,49.23903],[-123.17317,49.24142],[-123.17316,49.24324],[-123.17315,49.24187],[-123.17315,49.24229],[-123.17315,49.24237],[-123.17315,49.24278],[-123.17315,49.24282],[-123.17315,49.24373],[-123.17315,49.24376],[-123.17315,49.25459],[-123.17315,49.25466],[-123.17314,49.24183],[-123.17313,49.23111],[-123.17313,49.23762],[-123.17313,49.24331],[-123.17313,49.24419],[-123.17313,49.24426],[-123.17312,49.232],[-123.17312,49.24753],[-123.17311,49.23289],[-123.17311,49.23484],[-123.17311,49.23493],[-123.17311,49.23674],[-123.17311,49.23706],[-123.1731,49.23386],[-123.1731,49.24704],[-123.1731,49.2471],[-123.1731,49.24757],[-123.1731,49.24799],[-123.1731,49.24806],[-123.1731,49.2557],[-123.1731,49.26051],[-123.17309,49.21902],[-123.17309,49.22173],[-123.17309,49.23578],[-123.17309,49.23768],[-123.17309,49.23863],[-123.17309,49.24851],[-123.17309,49.24894],[-123.17309,49.24942],[-123.17309,49.24947],[-123.17308,49.23958],[-123.17308,49.24848],[-123.17308,49.24901],[-123.17307,49.21949],[-123.17307,49.24988],[-123.17306,49.24128],[-123.17306,49.27018],[-123.17305,49.22331],[-123.17305,49.22791],[-123.17305,49.24221],[-123.17305,49.24318],[-123.17305,49.25329],[-123.17304,49.23111],[-123.17304,49.24413],[-123.17304,49.25325],[-123.17304,49.25777],[-123.17304,49.27025],[-123.17303,49.232],[-123.17303,49.24476],[-123.17303,49.24526],[-123.17303,49.25278],[-123.17303,49.25285],[-123.17303,49.25369],[-123.17303,49.25415],[-123.17303,49.2542],[-123.17302,49.23289],[-123.17302,49.25376],[-123.17302,49.2551],[-123.17301,49.23386],[-123.17301,49.24628],[-123.17301,49.24699],[-123.17301,49.25506],[-123.173,49.22174],[-123.173,49.23673],[-123.173,49.23706],[-123.173,49.24793],[-123.173,49.24882],[-123.17299,49.23579],[-123.17299,49.23768],[-123.17299,49.25761],[-123.17299,49.2577],[-123.17298,49.23863],[-123.17298,49.24982],[-123.17298,49.27115],[-123.17297,49.23488],[-123.17297,49.23763],[-123.17297,49.25201],[-123.17296,49.2233],[-123.17296,49.23958],[-123.17296,49.24128],[-123.17295,49.24221],[-123.17295,49.25272],[-123.17294,49.23143],[-123.17294,49.23187],[-123.17294,49.25363],[-123.17294,49.26372],[-123.17293,49.23098],[-123.17293,49.23104],[-123.17293,49.23148],[-123.17293,49.23193],[-123.17293,49.23277],[-123.17293,49.23283],[-123.17293,49.24317],[-123.17293,49.25453],[-123.17292,49.23233],[-123.17292,49.23237],[-123.17292,49.23326],[-123.17292,49.24413],[-123.17292,49.25543],[-123.17291,49.23331],[-123.17291,49.23375],[-123.17291,49.23379],[-123.1729,49.23424],[-123.1729,49.23428],[-123.1729,49.23468],[-123.1729,49.23755],[-123.1729,49.24475],[-123.1729,49.24527],[-123.1729,49.24622],[-123.1729,49.2469],[-123.1729,49.25089],[-123.17289,49.24788],[-123.17289,49.24982],[-123.17289,49.25097],[-123.17289,49.26006],[-123.17289,49.26058],[-123.17288,49.23481],[-123.17288,49.23945],[-123.17288,49.23952],[-123.17288,49.24883],[-123.17288,49.26011],[-123.17287,49.23899],[-123.17287,49.23903],[-123.17287,49.27106],[-123.17284,49.25273],[-123.17283,49.25363],[-123.17283,49.25709],[-123.17283,49.27113],[-123.17282,49.24521],[-123.17282,49.24609],[-123.17282,49.25452],[-123.17282,49.25544],[-123.17281,49.24468],[-123.17281,49.24472],[-123.17281,49.24563],[-123.17281,49.24567],[-123.17281,49.24616],[-123.1728,49.25569],[-123.17279,49.24514],[-123.17279,49.25633],[-123.17278,49.23713],[-123.17277,49.24323],[-123.17277,49.25059],[-123.17276,49.23708],[-123.17276,49.23804],[-123.17276,49.23808],[-123.17276,49.24333],[-123.17276,49.25053],[-123.17273,49.2555],[-123.17272,49.2551],[-123.17272,49.25558],[-123.1727,49.25229],[-123.17268,49.25202],[-123.17267,49.25229],[-123.17266,49.25061],[-123.17262,49.25211],[-123.17261,49.2646],[-123.17259,49.25064],[-123.17258,49.22786],[-123.17257,49.23708],[-123.17257,49.23713],[-123.17256,49.2576],[-123.17253,49.2637],[-123.17252,49.24418],[-123.17252,49.2494],[-123.17251,49.24425],[-123.1725,49.25014],[-123.17248,49.23849],[-123.17248,49.23857],[-123.17248,49.2577],[-123.17248,49.26584],[-123.17248,49.2659],[-123.17246,49.24799],[-123.17246,49.24805],[-123.17246,49.2637],[-123.17245,49.24947],[-123.17243,49.25777],[-123.17243,49.25786],[-123.17242,49.26835],[-123.17242,49.2685],[-123.17241,49.2583],[-123.1724,49.25825],[-123.17239,49.25869],[-123.17239,49.25916],[-123.17239,49.2592],[-123.17238,49.25876],[-123.17235,49.24988],[-123.17235,49.25118],[-123.17235,49.25121],[-123.17235,49.2596],[-123.17235,49.25967],[-123.17235,49.26006],[-123.17234,49.25773],[-123.17234,49.2601],[-123.17231,49.26187],[-123.1723,49.26191],[-123.17229,49.24996],[-123.17229,49.25861],[-123.17227,49.25119],[-123.17227,49.25954],[-123.17226,49.25116],[-123.17226,49.25973],[-123.17226,49.26282],[-123.17226,49.27067],[-123.17225,49.25007],[-123.17225,49.26231],[-123.17225,49.26238],[-123.17225,49.26277],[-123.17225,49.26666],[-123.17225,49.26798],[-123.17225,49.26802],[-123.17224,49.27063],[-123.17223,49.26666],[-123.17223,49.26674],[-123.17222,49.26322],[-123.17222,49.26673],[-123.17221,49.25773],[-123.17221,49.26331],[-123.1722,49.26133],[-123.1722,49.26673],[-123.17219,49.25861],[-123.17217,49.24372],[-123.17217,49.24377],[-123.17217,49.26224],[-123.17217,49.2642],[-123.17215,49.25102],[-123.17215,49.25952],[-123.17215,49.26337],[-123.17214,49.25973],[-123.17214,49.26375],[-123.17213,49.22334],[-123.17213,49.25958],[-123.17213,49.26315],[-123.17212,49.22342],[-123.17212,49.24987],[-123.17212,49.26835],[-123.1721,49.25869],[-123.1721,49.25876],[-123.1721,49.27017],[-123.17209,49.25167],[-123.17209,49.26133],[-123.17208,49.25825],[-123.17208,49.25829],[-123.17208,49.26709],[-123.17207,49.23481],[-123.17206,49.25916],[-123.17206,49.25919],[-123.17206,49.26713],[-123.17206,49.27024],[-123.17205,49.23468],[-123.17205,49.25959],[-123.17205,49.25966],[-123.17205,49.26224],[-123.17204,49.25506],[-123.17204,49.25772],[-123.17203,49.26006],[-123.17203,49.26009],[-123.17203,49.26314],[-123.17202,49.23097],[-123.17202,49.23104],[-123.17202,49.26057],[-123.17202,49.261],[-123.17202,49.2634],[-123.17201,49.2605],[-123.17201,49.26096],[-123.17201,49.26375],[-123.17201,49.27112],[-123.172,49.2614],[-123.172,49.26147],[-123.17199,49.25171],[-123.17199,49.27114],[-123.17197,49.23375],[-123.17197,49.23379],[-123.17197,49.27105],[-123.17187,49.24752],[-123.17187,49.24756],[-123.17184,49.25415],[-123.17184,49.26321],[-123.17184,49.26331],[-123.17183,49.24323],[-123.17183,49.2433],[-123.17183,49.25419],[-123.1718,49.24968],[-123.17178,49.23187],[-123.17177,49.23193],[-123.17175,49.261],[-123.17175,49.26368],[-123.17175,49.26371],[-123.1717,49.22761],[-123.1717,49.26406],[-123.17169,49.2471],[-123.17169,49.26566],[-123.17168,49.22833],[-123.17168,49.23283],[-123.17168,49.24704],[-123.17167,49.23276],[-123.17167,49.2662],[-123.17166,49.22945],[-123.17166,49.23004],[-123.17165,49.23848],[-123.17165,49.23858],[-123.17164,49.24039],[-123.17163,49.24046],[-123.17159,49.22761],[-123.17158,49.22833],[-123.17157,49.22748],[-123.17157,49.22922],[-123.17157,49.22944],[-123.17157,49.25824],[-123.17157,49.25828],[-123.17156,49.25759],[-123.17155,49.23004],[-123.17155,49.24277],[-123.17155,49.24282],[-123.17152,49.24227],[-123.17152,49.24236],[-123.1715,49.25284],[-123.17149,49.22932],[-123.17149,49.22939],[-123.17149,49.23573],[-123.17149,49.25278],[-123.17148,49.23572],[-123.17147,49.25009],[-123.17146,49.23944],[-123.17146,49.23952],[-123.1714,49.23613],[-123.17139,49.23564],[-123.17139,49.23618],[-123.17139,49.24893],[-123.17136,49.23665],[-123.17136,49.25784],[-123.17135,49.2366],[-123.17135,49.25368],[-123.17135,49.25549],[-123.17134,49.25375],[-123.17134,49.25505],[-123.17134,49.25557],[-123.17133,49.22741],[-123.17128,49.25458],[-123.17128,49.25465],[-123.17127,49.26493],[-123.17126,49.23468],[-123.17126,49.24898],[-123.17124,49.23481],[-123.17124,49.24228],[-123.17124,49.25078],[-123.17124,49.2657],[-123.17124,49.26849],[-123.17123,49.24236],[-123.17123,49.26834],[-123.17121,49.26653],[-123.17121,49.26885],[-123.17119,49.24182],[-123.17119,49.24187],[-123.17119,49.27114],[-123.17118,49.26926],[-123.17118,49.26933],[-123.17117,49.25185],[-123.17117,49.25195],[-123.17117,49.26741],[-123.17117,49.26973],[-123.17117,49.26977],[-123.17117,49.27015],[-123.17116,49.24969],[-123.17116,49.27023],[-123.17115,49.26185],[-123.17115,49.2619],[-123.17113,49.25082],[-123.17113,49.26493],[-123.17113,49.2683],[-123.17112,49.2657],[-123.17112,49.27104],[-123.1711,49.26919],[-123.17109,49.24975],[-123.17109,49.26653],[-123.17108,49.26229],[-123.17108,49.26236],[-123.17108,49.27007],[-123.17105,49.26498],[-123.17105,49.26741],[-123.17105,49.27097],[-123.17105,49.27111],[-123.17104,49.24134],[-123.17104,49.24141],[-123.17104,49.2646],[-123.17104,49.26505],[-123.17102,49.22943],[-123.17102,49.24134],[-123.17102,49.24141],[-123.17102,49.26829],[-123.17101,49.26919],[-123.171,49.25783],[-123.17099,49.26665],[-123.17099,49.26672],[-123.17098,49.26419],[-123.17096,49.26748],[-123.17095,49.22943],[-123.17095,49.26756],[-123.17095,49.27024],[-123.1709,49.27097],[-123.17085,49.24973],[-123.17083,49.24804],[-123.17081,49.25505],[-123.17079,49.24661],[-123.17074,49.26404],[-123.17073,49.2502],[-123.17072,49.26275],[-123.17072,49.26279],[-123.1707,49.2273],[-123.17068,49.25414],[-123.17067,49.24087],[-123.17067,49.24092],[-123.17067,49.25419],[-123.17065,49.26279],[-123.17063,49.25024],[-123.1706,49.23528],[-123.1706,49.23531],[-123.17058,49.25767],[-123.17058,49.25774],[-123.17056,49.24803],[-123.17056,49.25758],[-123.17052,49.25783],[-123.1705,49.24279],[-123.1705,49.2428],[-123.17048,49.26972],[-123.17048,49.26976],[-123.17047,49.23857],[-123.17046,49.25771],[-123.17045,49.23379],[-123.17045,49.23423],[-123.17045,49.23428],[-123.17045,49.23754],[-123.17045,49.2376],[-123.17045,49.24046],[-123.17044,49.23707],[-123.17044,49.23712],[-123.17043,49.23943],[-123.17043,49.24038],[-123.17043,49.24562],[-123.17043,49.24658],[-123.17042,49.23803],[-123.17042,49.23807],[-123.17042,49.23848],[-123.17042,49.23897],[-123.17041,49.23902],[-123.17041,49.23951],[-123.17041,49.24092],[-123.17041,49.2575],[-123.1704,49.21678],[-123.1704,49.23992],[-123.1704,49.23997],[-123.1704,49.24087],[-123.1704,49.24565],[-123.1704,49.25414],[-123.1704,49.25419],[-123.17039,49.2579],[-123.17038,49.2311],[-123.17037,49.22942],[-123.17037,49.23289],[-123.17037,49.24608],[-123.17037,49.24703],[-123.17037,49.24709],[-123.17037,49.26093],[-123.17036,49.22981],[-123.17036,49.23199],[-123.17036,49.23561],[-123.17036,49.23766],[-123.17036,49.23841],[-123.17036,49.24512],[-123.17036,49.2452],[-123.17036,49.24566],[-123.17036,49.24615],[-123.17036,49.25879],[-123.17036,49.26098],[-123.17035,49.23837],[-123.17035,49.23895],[-123.17034,49.2349],[-123.17034,49.238],[-123.17034,49.23937],[-123.17034,49.24052],[-123.17034,49.24145],[-123.17033,49.22746],[-123.17033,49.23386],[-123.17033,49.23672],[-123.17033,49.24032],[-123.17033,49.24241],[-123.17033,49.25026],[-123.17032,49.23938],[-123.17032,49.24697],[-123.17032,49.24989],[-123.17031,49.24337],[-123.17031,49.24792],[-123.17031,49.25143],[-123.17031,49.25148],[-123.17031,49.25505],[-123.17031,49.25509],[-123.1703,49.24606],[-123.1703,49.25096],[-123.1703,49.25103],[-123.1703,49.2604],[-123.17029,49.24507],[-123.17029,49.24601],[-123.17029,49.25187],[-123.17029,49.25237],[-123.17028,49.24919],[-123.17028,49.24922],[-123.17028,49.25194],[-123.17028,49.25324],[-123.17028,49.25328],[-123.17028,49.25368],[-123.17028,49.2577],[-123.17028,49.25789],[-123.17027,49.22672],[-123.17027,49.23024],[-123.17027,49.23199],[-123.17027,49.24696],[-123.17027,49.24804],[-123.17027,49.25233],[-123.17027,49.25284],[-123.17027,49.25375],[-123.17027,49.25458],[-123.17027,49.26131],[-123.17026,49.22982],[-123.17026,49.23109],[-123.17026,49.24773],[-123.17026,49.25277],[-123.17026,49.25465],[-123.17026,49.25549],[-123.17026,49.2575],[-123.17025,49.22943],[-123.17025,49.23289],[-123.17025,49.25557],[-123.17024,49.22332],[-123.17024,49.2234],[-123.17024,49.23388],[-123.17024,49.25879],[-123.17024,49.26222],[-123.17023,49.22746],[-123.17023,49.2494],[-123.17022,49.22784],[-123.17022,49.22803],[-123.17022,49.23332],[-123.17022,49.23562],[-123.17022,49.23672],[-123.17022,49.26249],[-123.17021,49.23487],[-123.1702,49.23767],[-123.1702,49.23801],[-123.1702,49.23842],[-123.1702,49.25179],[-123.1702,49.26306],[-123.1702,49.26311],[-123.1702,49.26342],[-123.17019,49.24927],[-123.17019,49.25271],[-123.17019,49.25757],[-123.17019,49.25773],[-123.17019,49.25782],[-123.17019,49.2604],[-123.17018,49.23863],[-123.17018,49.23937],[-123.17018,49.24052],[-123.17018,49.25362],[-123.17018,49.25452],[-123.17017,49.22739],[-123.17017,49.23187],[-123.17017,49.23193],[-123.17017,49.24031],[-123.17017,49.24948],[-123.17017,49.25411],[-123.17017,49.25866],[-123.17017,49.25873],[-123.17016,49.23143],[-123.17016,49.23147],[-123.17016,49.23374],[-123.17016,49.23379],[-123.17016,49.24145],[-123.17016,49.24336],[-123.17016,49.25542],[-123.17016,49.25562],[-123.17016,49.25633],[-123.17016,49.25701],[-123.17016,49.25822],[-123.17016,49.25826],[-123.17016,49.26131],[-123.17015,49.23103],[-123.17015,49.23468],[-123.17015,49.24242],[-123.17015,49.25006],[-123.17015,49.25766],[-123.17014,49.23096],[-123.17014,49.24506],[-123.17013,49.24696],[-123.17013,49.24765],[-123.17012,49.24092],[-123.17012,49.24597],[-123.17012,49.26222],[-123.17011,49.22683],[-123.17011,49.23481],[-123.17011,49.24133],[-123.17011,49.26249],[-123.1701,49.24087],[-123.1701,49.26418],[-123.17009,49.2333],[-123.17009,49.2414],[-123.17009,49.2518],[-123.17009,49.26311],[-123.17008,49.25269],[-123.17008,49.26306],[-123.17007,49.24226],[-123.17007,49.25353],[-123.17007,49.26339],[-123.17006,49.24182],[-123.17006,49.24186],[-123.17006,49.24237],[-123.17006,49.24277],[-123.17006,49.25411],[-123.17005,49.24281],[-123.17005,49.24323],[-123.17005,49.25451],[-123.17005,49.25542],[-123.17004,49.22678],[-123.17004,49.2433],[-123.17003,49.25562],[-123.17003,49.26227],[-123.17003,49.26235],[-123.17002,49.25633],[-123.17002,49.25702],[-123.17002,49.25716],[-123.17001,49.27109],[-123.17,49.26319],[-123.17,49.26328],[-123.16996,49.26404],[-123.16996,49.27102],[-123.16994,49.25639],[-123.16993,49.25646],[-123.16992,49.271],[-123.16989,49.24839],[-123.16989,49.25708],[-123.16989,49.27099],[-123.16988,49.27111],[-123.16985,49.24842],[-123.16985,49.26418],[-123.16982,49.26456],[-123.1698,49.22658],[-123.16979,49.26538],[-123.16978,49.26402],[-123.16975,49.25005],[-123.16975,49.26496],[-123.16975,49.26502],[-123.16974,49.25013],[-123.16974,49.26276],[-123.16974,49.26746],[-123.16973,49.26274],[-123.16973,49.26543],[-123.16973,49.26579],[-123.16973,49.26755],[-123.16972,49.22729],[-123.16972,49.23803],[-123.16972,49.23806],[-123.16972,49.26586],[-123.16972,49.26621],[-123.16971,49.22743],[-123.16969,49.24756],[-123.16969,49.26831],[-123.16968,49.22332],[-123.16968,49.22942],[-123.16967,49.2234],[-123.16967,49.2348],[-123.16967,49.25825],[-123.16966,49.25821],[-123.16966,49.26846],[-123.16965,49.23325],[-123.16964,49.22743],[-123.16964,49.2333],[-123.16963,49.26309],[-123.16963,49.26924],[-123.16962,49.26335],[-123.16962,49.26931],[-123.16961,49.22942],[-123.1696,49.24996],[-123.16959,49.22635],[-123.16959,49.26335],[-123.16951,49.24901],[-123.16951,49.24999],[-123.16947,49.26136],[-123.16947,49.26143],[-123.16946,49.25594],[-123.16946,49.25599],[-123.16944,49.23325],[-123.16942,49.24907],[-123.16936,49.24045],[-123.16936,49.25781],[-123.16935,49.24038],[-123.16934,49.24045],[-123.16933,49.24038],[-123.1693,49.23468],[-123.16928,49.23481],[-123.16925,49.25764],[-123.16924,49.23951],[-123.16923,49.23946],[-123.16919,49.23996],[-123.16918,49.23992],[-123.16917,49.25096],[-123.16917,49.25103],[-123.16916,49.22332],[-123.16916,49.22339],[-123.16914,49.26298],[-123.16912,49.24512],[-123.16912,49.26292],[-123.16911,49.2452],[-123.1691,49.24512],[-123.1691,49.2452],[-123.16908,49.26182],[-123.16908,49.26186],[-123.16907,49.23802],[-123.16907,49.23806],[-123.16906,49.27108],[-123.16905,49.27111],[-123.16904,49.25458],[-123.16904,49.25465],[-123.16902,49.2712],[-123.16901,49.24561],[-123.16901,49.24703],[-123.16901,49.24709],[-123.169,49.24566],[-123.16899,49.22681],[-123.16898,49.22746],[-123.16898,49.22827],[-123.16898,49.26416],[-123.16896,49.22942],[-123.16896,49.23275],[-123.16896,49.24134],[-123.16896,49.25638],[-123.16895,49.24139],[-123.16895,49.24716],[-123.16895,49.25276],[-123.16895,49.25283],[-123.16895,49.26308],[-123.16894,49.23275],[-123.16894,49.23374],[-123.16894,49.23378],[-123.16894,49.23943],[-123.16894,49.2395],[-123.16894,49.25142],[-123.16894,49.25147],[-123.16893,49.25555],[-123.16893,49.25645],[-123.16892,49.25548],[-123.16892,49.263],[-123.16891,49.23282],[-123.16889,49.22744],[-123.16888,49.22827],[-123.16887,49.22942],[-123.16887,49.24466],[-123.16887,49.2447],[-123.16887,49.2472],[-123.16887,49.26741],[-123.16886,49.24719],[-123.16884,49.23666],[-123.16884,49.25758],[-123.16883,49.23658],[-123.16883,49.26741],[-123.16881,49.22728],[-123.16881,49.24855],[-123.1688,49.27113],[-123.16879,49.22738],[-123.16879,49.25706],[-123.16879,49.25714],[-123.16879,49.27101],[-123.16879,49.27109],[-123.16878,49.2293],[-123.16878,49.22936],[-123.16878,49.24859],[-123.16876,49.23096],[-123.16876,49.23102],[-123.16874,49.22481],[-123.16873,49.26091],[-123.16873,49.26095],[-123.16872,49.26884],[-123.16871,49.23901],[-123.1687,49.23897],[-123.16864,49.24417],[-123.16864,49.24424],[-123.16862,49.2688],[-123.16859,49.24656],[-123.16859,49.2683],[-123.16858,49.2258],[-123.16858,49.25186],[-123.16858,49.25193],[-123.16857,49.22579],[-123.16857,49.25186],[-123.16857,49.25193],[-123.16855,49.25232],[-123.16855,49.25863],[-123.16855,49.2587],[-123.16855,49.26661],[-123.16855,49.26668],[-123.16854,49.25237],[-123.16854,49.26485],[-123.16853,49.26276],[-123.16853,49.26506],[-123.16852,49.22588],[-123.16852,49.26745],[-123.16852,49.26752],[-123.16851,49.22392],[-123.16851,49.25909],[-123.16851,49.25914],[-123.16851,49.25954],[-123.16851,49.25961],[-123.16851,49.26845],[-123.1685,49.26044],[-123.1685,49.26574],[-123.16849,49.26051],[-123.16849,49.26932],[-123.16848,49.26001],[-123.16848,49.26005],[-123.16848,49.2627],[-123.16848,49.26791],[-123.16848,49.26796],[-123.16847,49.24607],[-123.16847,49.2466],[-123.16847,49.2572],[-123.16847,49.25817],[-123.16847,49.26921],[-123.16846,49.2584],[-123.16846,49.26655],[-123.16845,49.25876],[-123.16844,49.23481],[-123.16844,49.26091],[-123.16844,49.26095],[-123.16844,49.2688],[-123.16844,49.26884],[-123.16843,49.22143],[-123.16843,49.23467],[-123.16843,49.23901],[-123.16843,49.24755],[-123.16843,49.25413],[-123.16843,49.25418],[-123.16843,49.25942],[-123.16843,49.26738],[-123.16842,49.23186],[-123.16842,49.23192],[-123.16842,49.25142],[-123.16842,49.25146],[-123.1684,49.22592],[-123.1684,49.25701],[-123.1684,49.26823],[-123.16839,49.26037],[-123.16838,49.22225],[-123.16838,49.25503],[-123.16837,49.23848],[-123.16837,49.25508],[-123.16837,49.25645],[-123.16837,49.26088],[-123.16837,49.26916],[-123.16836,49.26122],[-123.16835,49.26506],[-123.16835,49.26923],[-123.16834,49.23802],[-123.16834,49.26204],[-123.16834,49.27014],[-123.16833,49.25051],[-123.16833,49.26219],[-123.16833,49.27036],[-123.16833,49.27144],[-123.16831,49.26265],[-123.16831,49.26575],[-123.16831,49.27094],[-123.1683,49.22336],[-123.1683,49.22585],[-123.1683,49.23236],[-123.1683,49.25817],[-123.1683,49.26482],[-123.16829,49.25719],[-123.16829,49.2584],[-123.16829,49.26655],[-123.16829,49.27128],[-123.16828,49.22565],[-123.16828,49.23707],[-123.16828,49.23711],[-123.16828,49.23753],[-123.16828,49.25638],[-123.16828,49.25875],[-123.16828,49.26361],[-123.16828,49.26395],[-123.16827,49.24843],[-123.16827,49.27137],[-123.16826,49.23807],[-123.16826,49.25947],[-123.16826,49.265],[-123.16826,49.26739],[-123.16826,49.27139],[-123.16825,49.26535],[-123.16825,49.26537],[-123.16824,49.23231],[-123.16823,49.22576],[-123.16823,49.26037],[-123.16823,49.26824],[-123.16822,49.22742],[-123.16822,49.2329],[-123.16822,49.25698],[-123.16822,49.26666],[-123.16821,49.23855],[-123.16821,49.23897],[-123.16821,49.25715],[-123.16821,49.26088],[-123.1682,49.24371],[-123.1682,49.24375],[-123.1682,49.24743],[-123.1682,49.26916],[-123.16819,49.23951],[-123.16819,49.25457],[-123.16819,49.26122],[-123.16818,49.23947],[-123.16818,49.25464],[-123.16818,49.26744],[-123.16817,49.23289],[-123.16817,49.27006],[-123.16816,49.22742],[-123.16816,49.25413],[-123.16816,49.25418],[-123.16816,49.26206],[-123.16816,49.26751],[-123.16816,49.27035],[-123.16815,49.26244],[-123.16815,49.26493],[-123.16814,49.23109],[-123.16814,49.26278],[-123.16814,49.26829],[-123.16814,49.26844],[-123.16814,49.27095],[-123.16813,49.23199],[-123.16813,49.23863],[-123.16813,49.27132],[-123.16812,49.25705],[-123.16812,49.27133],[-123.16811,49.23956],[-123.16811,49.24613],[-123.16811,49.2666],[-123.16811,49.26922],[-123.16811,49.26928],[-123.1681,49.25327],[-123.1681,49.26134],[-123.1681,49.26141],[-123.1681,49.26374],[-123.1681,49.26394],[-123.1681,49.26667],[-123.16809,49.24824],[-123.16809,49.25323],[-123.16809,49.27154],[-123.16808,49.24051],[-123.16808,49.24807],[-123.16808,49.25636],[-123.16808,49.26181],[-123.16808,49.26185],[-123.16808,49.27012],[-123.16808,49.27018],[-123.16807,49.23109],[-123.16807,49.26271],[-123.16807,49.26275],[-123.16807,49.26667],[-123.16806,49.23199],[-123.16806,49.24147],[-123.16806,49.24816],[-123.16806,49.26974],[-123.16805,49.2376],[-123.16805,49.24718],[-123.16805,49.27101],[-123.16805,49.27108],[-123.16805,49.27143],[-123.16804,49.23848],[-123.16804,49.2422],[-123.16804,49.26316],[-123.16804,49.26325],[-123.16804,49.26365],[-123.16803,49.24914],[-123.16803,49.26209],[-123.16802,49.23863],[-123.16802,49.24322],[-123.16802,49.24907],[-123.16802,49.26094],[-123.16801,49.24329],[-123.16801,49.24804],[-123.16801,49.25004],[-123.16801,49.25012],[-123.16801,49.25323],[-123.168,49.2443],[-123.168,49.25095],[-123.168,49.25102],[-123.16799,49.23956],[-123.16799,49.24822],[-123.16799,49.25051],[-123.16799,49.25055],[-123.16798,49.24505],[-123.16798,49.24959],[-123.16798,49.24963],[-123.16798,49.25232],[-123.16798,49.25236],[-123.16798,49.26231],[-123.16798,49.26414],[-123.16797,49.24051],[-123.16796,49.24716],[-123.16796,49.25276],[-123.16796,49.25283],[-123.16796,49.26401],[-123.16795,49.24147],[-123.16795,49.246],[-123.16795,49.25327],[-123.16795,49.25627],[-123.16794,49.24219],[-123.16794,49.24316],[-123.16793,49.24335],[-123.16793,49.24901],[-123.16793,49.2577],[-123.16792,49.23855],[-123.16791,49.23897],[-123.16791,49.23943],[-123.16791,49.2395],[-123.16791,49.2471],[-123.1679,49.23901],[-123.1679,49.24998],[-123.1679,49.25753],[-123.16789,49.25089],[-123.16788,49.2443],[-123.16788,49.247],[-123.16788,49.2518],[-123.16788,49.2576],[-123.16788,49.2609],[-123.16787,49.24044],[-123.16787,49.25269],[-123.16786,49.24037],[-123.16786,49.24132],[-123.16786,49.24139],[-123.16786,49.24505],[-123.16786,49.25345],[-123.16786,49.2605],[-123.16785,49.24601],[-123.16785,49.25444],[-123.16785,49.25484],[-123.16785,49.26043],[-123.16784,49.25526],[-123.16784,49.25577],[-123.16783,49.26731],[-123.16782,49.24316],[-123.16782,49.24335],[-123.16781,49.2572],[-123.1678,49.24424],[-123.1678,49.25542],[-123.1678,49.25746],[-123.1678,49.26214],[-123.16779,49.25631],[-123.16779,49.26184],[-123.16779,49.26731],[-123.16778,49.24775],[-123.16777,49.24512],[-123.16777,49.24519],[-123.16776,49.24904],[-123.16774,49.24322],[-123.16774,49.24329],[-123.16774,49.2618],[-123.16774,49.26224],[-123.16773,49.24417],[-123.16773,49.24999],[-123.16772,49.22673],[-123.16772,49.24371],[-123.16772,49.24375],[-123.16772,49.25089],[-123.16771,49.25179],[-123.16771,49.26881],[-123.1677,49.24787],[-123.1677,49.25269],[-123.16769,49.25345],[-123.16769,49.256],[-123.16768,49.22668],[-123.16768,49.25441],[-123.16768,49.25486],[-123.16768,49.27038],[-123.16767,49.25004],[-123.16767,49.25523],[-123.16767,49.25577],[-123.16766,49.2572],[-123.16766,49.25746],[-123.16765,49.22661],[-123.16764,49.25055],[-123.16762,49.22667],[-123.16761,49.25232],[-123.16761,49.25236],[-123.16761,49.25413],[-123.16761,49.25417],[-123.1676,49.25327],[-123.1676,49.25366],[-123.1676,49.25675],[-123.16759,49.25284],[-123.16759,49.25322],[-123.16759,49.25373],[-123.16759,49.25457],[-123.16759,49.25464],[-123.16758,49.23094],[-123.16758,49.25274],[-123.16758,49.25503],[-123.16758,49.25508],[-123.16758,49.25547],[-123.16758,49.25554],[-123.16757,49.25638],[-123.16757,49.25645],[-123.16756,49.25012],[-123.16756,49.25594],[-123.16756,49.25598],[-123.16756,49.26792],[-123.16754,49.26791],[-123.16753,49.22743],[-123.16753,49.2348],[-123.16752,49.22828],[-123.16752,49.22943],[-123.16752,49.23467],[-123.16751,49.23027],[-123.1675,49.23112],[-123.16749,49.23198],[-123.16749,49.25704],[-123.16749,49.25999],[-123.16749,49.26003],[-123.16748,49.22542],[-123.16747,49.23294],[-123.16746,49.23385],[-123.16745,49.25504],[-123.16745,49.25508],[-123.16744,49.22554],[-123.16744,49.23805],[-123.16744,49.27163],[-123.16743,49.23665],[-123.16742,49.23657],[-123.16742,49.23665],[-123.16741,49.23802],[-123.1674,49.23657],[-123.1674,49.26843],[-123.16739,49.22742],[-123.16739,49.27169],[-123.16738,49.22798],[-123.16738,49.22849],[-123.16737,49.22911],[-123.16737,49.23752],[-123.16737,49.2376],[-123.16737,49.26828],[-123.16736,49.2305],[-123.16736,49.23112],[-123.16736,49.25714],[-123.16735,49.2371],[-123.16734,49.23207],[-123.16734,49.25413],[-123.16733,49.233],[-123.16733,49.24276],[-123.16733,49.2428],[-123.16732,49.23388],[-123.16732,49.25417],[-123.16731,49.22727],[-123.1673,49.22736],[-123.16726,49.23097],[-123.16725,49.23106],[-123.16725,49.24129],[-123.16725,49.2414],[-123.16723,49.26183],[-123.16722,49.23293],[-123.1672,49.2255],[-123.16719,49.25322],[-123.16719,49.25327],[-123.16718,49.25276],[-123.16718,49.25282],[-123.16717,49.23286],[-123.16717,49.26179],[-123.16714,49.24963],[-123.16714,49.27192],[-123.16713,49.24958],[-123.16713,49.25822],[-123.16704,49.24822],[-123.16704,49.2662],[-123.16701,49.26618],[-123.167,49.26533],[-123.167,49.26569],[-123.16699,49.26622],[-123.16698,49.24236],[-123.16697,49.24225],[-123.16697,49.24236],[-123.16696,49.23848],[-123.16695,49.23855],[-123.16695,49.24225],[-123.16695,49.26621],[-123.16694,49.25598],[-123.16693,49.25594],[-123.16692,49.26792],[-123.16691,49.26741],[-123.16691,49.26749],[-123.1669,49.26064],[-123.16689,49.23706],[-123.16689,49.2371],[-123.16684,49.26939],[-123.16681,49.27135],[-123.1668,49.23942],[-123.1668,49.24657],[-123.16679,49.23949],[-123.16678,49.2466],[-123.16669,49.25236],[-123.16668,49.25232],[-123.16666,49.2475],[-123.16664,49.24654],[-123.16664,49.24749],[-123.16663,49.24796],[-123.16663,49.25751],[-123.16663,49.25758],[-123.16663,49.2577],[-123.16662,49.25777],[-123.16661,49.25779],[-123.16661,49.25816],[-123.16661,49.2582],[-123.1666,49.2586],[-123.1666,49.26574],[-123.1666,49.26581],[-123.16659,49.23805],[-123.16659,49.25867],[-123.16658,49.2253],[-123.16658,49.22735],[-123.16658,49.25911],[-123.16657,49.24665],[-123.16657,49.25907],[-123.16656,49.23279],[-123.16656,49.26484],[-123.16656,49.26504],[-123.16655,49.23657],[-123.16655,49.24748],[-123.16655,49.25051],[-123.16655,49.25094],[-123.16655,49.25951],[-123.16655,49.25958],[-123.16655,49.26391],[-123.16655,49.26483],[-123.16654,49.23665],[-123.16654,49.25102],[-123.16653,49.22726],[-123.16651,49.23279],[-123.1665,49.25854],[-123.16649,49.25873],[-123.16649,49.26566],[-123.16649,49.26651],[-123.16648,49.26652],[-123.16646,49.23605],[-123.16646,49.25963],[-123.16645,49.26735],[-123.16644,49.26819],[-123.16643,49.2639],[-123.16643,49.26484],[-123.16642,49.26054],[-123.16642,49.26483],[-123.16641,49.26847],[-123.1664,49.25192],[-123.1664,49.25231],[-123.1664,49.26568],[-123.16639,49.25192],[-123.16639,49.25236],[-123.16639,49.25275],[-123.16639,49.25854],[-123.16639,49.26154],[-123.16638,49.25282],[-123.16638,49.25873],[-123.16638,49.26651],[-123.16638,49.26933],[-123.16636,49.22485],[-123.16636,49.26236],[-123.16636,49.26651],[-123.16636,49.27022],[-123.16635,49.2649],[-123.16635,49.26497],[-123.16634,49.25963],[-123.16633,49.26735],[-123.16632,49.25185],[-123.16631,49.25815],[-123.16631,49.26055],[-123.16631,49.26664],[-123.16631,49.26847],[-123.1663,49.25185],[-123.1663,49.25866],[-123.1663,49.26574],[-123.1663,49.2658],[-123.1663,49.26657],[-123.1663,49.27204],[-123.16629,49.26821],[-123.16628,49.24613],[-123.16628,49.2582],[-123.16628,49.2586],[-123.16628,49.26153],[-123.16627,49.25906],[-123.16627,49.2591],[-123.16627,49.26933],[-123.16626,49.24613],[-123.16626,49.2595],[-123.16626,49.25957],[-123.16625,49.24605],[-123.16625,49.26236],[-123.16625,49.26705],[-123.16625,49.26741],[-123.16625,49.26748],[-123.16625,49.27022],[-123.16624,49.25326],[-123.16624,49.26701],[-123.16624,49.26792],[-123.16624,49.27202],[-123.16623,49.24139],[-123.16623,49.26041],[-123.16623,49.26048],[-123.16622,49.26085],[-123.16622,49.26141],[-123.16622,49.26919],[-123.16622,49.26926],[-123.16621,49.23423],[-123.16621,49.23427],[-123.16621,49.24131],[-123.16621,49.24139],[-123.16621,49.2609],[-123.1662,49.24131],[-123.1662,49.24559],[-123.16619,49.24562],[-123.16619,49.26826],[-123.16619,49.26841],[-123.16619,49.27009],[-123.16619,49.27016],[-123.16619,49.27182],[-123.16619,49.27212],[-123.16618,49.26125],[-123.16618,49.27209],[-123.16617,49.26665],[-123.16616,49.26177],[-123.16616,49.26182],[-123.16616,49.26222],[-123.16616,49.26229],[-123.16616,49.26969],[-123.16613,49.22519],[-123.16612,49.26313],[-123.16612,49.26322],[-123.1661,49.2371],[-123.1661,49.27098],[-123.1661,49.27105],[-123.1661,49.27187],[-123.16609,49.27195],[-123.16607,49.22724],[-123.16607,49.26361],[-123.16606,49.25234],[-123.16605,49.23706],[-123.16602,49.2348],[-123.16601,49.23467],[-123.16599,49.25412],[-123.16598,49.23656],[-123.16598,49.25141],[-123.16598,49.25145],[-123.16597,49.23664],[-123.16596,49.25416],[-123.16596,49.25456],[-123.16595,49.25463],[-123.16595,49.2575],[-123.16595,49.27187],[-123.16595,49.27194],[-123.16594,49.23486],[-123.16592,49.23285],[-123.16591,49.23575],[-123.1659,49.25435],[-123.1659,49.2545],[-123.16588,49.23112],[-123.16588,49.23671],[-123.16587,49.23056],[-123.16586,49.25502],[-123.16586,49.25507],[-123.16585,49.23197],[-123.16585,49.24909],[-123.16585,49.26786],[-123.16584,49.24037],[-123.16584,49.24599],[-123.16584,49.25435],[-123.16584,49.25527],[-123.16583,49.24044],[-123.16583,49.25449],[-123.16583,49.25539],[-123.16582,49.23764],[-123.16582,49.25593],[-123.16582,49.25598],[-123.16581,49.2386],[-123.16581,49.25609],[-123.1658,49.23061],[-123.1658,49.23278],[-123.1658,49.23486],[-123.1658,49.25631],[-123.1658,49.26791],[-123.16579,49.23111],[-123.16578,49.22734],[-123.16578,49.25527],[-123.16577,49.2338],[-123.16577,49.23579],[-123.16577,49.2554],[-123.16576,49.23958],[-123.16576,49.27235],[-123.16575,49.23373],[-123.16574,49.23098],[-123.16574,49.25608],[-123.16574,49.25631],[-123.16573,49.23467],[-123.16573,49.2348],[-123.16573,49.23669],[-123.16573,49.24328],[-123.16572,49.23764],[-123.16572,49.24053],[-123.16572,49.24321],[-123.16572,49.24867],[-123.16571,49.23197],[-123.1657,49.24863],[-123.1657,49.2725],[-123.16569,49.23106],[-123.16569,49.24146],[-123.16569,49.24416],[-123.16568,49.24423],[-123.16568,49.24916],[-123.16566,49.23856],[-123.16566,49.24465],[-123.16565,49.23958],[-123.16565,49.24469],[-123.16565,49.26876],[-123.16565,49.2688],[-123.16564,49.23656],[-123.16564,49.23662],[-123.16563,49.24316],[-123.16562,49.24054],[-123.16561,49.2385],[-123.16561,49.24482],[-123.16561,49.2724],[-123.1656,49.23798],[-123.1656,49.23843],[-123.1656,49.2441],[-123.1656,49.24958],[-123.16559,49.23802],[-123.16559,49.24537],[-123.16559,49.24962],[-123.16558,49.24473],[-123.16558,49.24541],[-123.16557,49.23291],[-123.16556,49.22497],[-123.16556,49.24804],[-123.16555,49.23947],[-123.16555,49.2454],[-123.16555,49.24797],[-123.16555,49.24812],[-123.16554,49.2394],[-123.16554,49.24539],[-123.16554,49.24821],[-123.16554,49.25054],[-123.16553,49.25094],[-123.16553,49.25101],[-123.16552,49.25634],[-123.16552,49.25643],[-123.16551,49.24316],[-123.1655,49.25553],[-123.16549,49.2505],[-123.16549,49.25546],[-123.16548,49.24485],[-123.16548,49.25003],[-123.16547,49.24138],[-123.16547,49.2441],[-123.16547,49.25011],[-123.16546,49.22506],[-123.16546,49.24132],[-123.16546,49.24616],[-123.16546,49.24789],[-123.16545,49.24616],[-123.16545,49.26825],[-123.16545,49.27193],[-123.16544,49.24463],[-123.16544,49.2684],[-123.16543,49.24861],[-123.16542,49.24901],[-123.16542,49.25191],[-123.16542,49.27186],[-123.1654,49.25184],[-123.16539,49.24582],[-123.16538,49.24697],[-123.16538,49.24998],[-123.16537,49.25674],[-123.16536,49.25087],[-123.16536,49.25672],[-123.16535,49.23426],[-123.16535,49.25708],[-123.16534,49.2479],[-123.16534,49.25365],[-123.16534,49.25372],[-123.16534,49.25701],[-123.16533,49.22484],[-123.16533,49.23422],[-123.16533,49.2459],[-123.16533,49.25171],[-123.1653,49.24469],[-123.1653,49.24902],[-123.16529,49.22618],[-123.16529,49.25774],[-123.16528,49.25266],[-123.16527,49.24996],[-123.16527,49.25545],[-123.16526,49.25301],[-123.16525,49.25554],[-123.16525,49.25756],[-123.16524,49.25358],[-123.16524,49.25643],[-123.16523,49.24085],[-123.16523,49.24089],[-123.16523,49.25637],[-123.16523,49.27224],[-123.16523,49.27227],[-123.16522,49.2508],[-123.16521,49.22622],[-123.16521,49.25449],[-123.16519,49.24474],[-123.16519,49.25171],[-123.16519,49.25633],[-123.16519,49.25749],[-123.16519,49.25767],[-123.16518,49.25532],[-123.16517,49.22711],[-123.16517,49.25261],[-123.16517,49.2556],[-123.16516,49.25301],[-123.16514,49.25358],[-123.16514,49.2563],[-123.16512,49.23466],[-123.16512,49.25694],[-123.16511,49.23112],[-123.1651,49.25449],[-123.16508,49.22408],[-123.16507,49.22717],[-123.16507,49.25532],[-123.16505,49.22724],[-123.16505,49.23263],[-123.16504,49.23111],[-123.16504,49.23522],[-123.16504,49.25739],[-123.16504,49.26444],[-123.16503,49.24653],[-123.16503,49.25631],[-123.16502,49.25321],[-123.16502,49.25325],[-123.16501,49.27227],[-123.165,49.23104],[-123.16499,49.23515],[-123.16499,49.24036],[-123.16499,49.24043],[-123.16499,49.27224],[-123.16498,49.22734],[-123.16498,49.23668],[-123.16497,49.23521],[-123.16497,49.2571],[-123.16496,49.24036],[-123.16496,49.25789],[-123.16495,49.22464],[-123.16494,49.25184],[-123.16493,49.25191],[-123.16492,49.23519],[-123.16492,49.23668],[-123.16492,49.24509],[-123.16492,49.25871],[-123.16492,49.26394],[-123.16491,49.25283],[-123.1649,49.24659],[-123.16489,49.25636],[-123.16489,49.25643],[-123.16489,49.2574],[-123.16489,49.25961],[-123.16489,49.26409],[-123.16488,49.27264],[-123.16487,49.2451],[-123.16487,49.24515],[-123.16487,49.2523],[-123.16486,49.25235],[-123.16486,49.26052],[-123.16485,49.24043],[-123.16485,49.27264],[-123.16484,49.25716],[-123.16484,49.26137],[-123.16484,49.26142],[-123.16484,49.2641],[-123.16483,49.23328],[-123.16482,49.23333],[-123.16482,49.25776],[-123.16481,49.2585],[-123.1648,49.25371],[-123.1648,49.25871],[-123.16479,49.25364],[-123.16478,49.25721],[-123.16478,49.25942],[-123.16475,49.22469],[-123.16475,49.25274],[-123.16475,49.25281],[-123.16474,49.25745],[-123.16474,49.26034],[-123.16474,49.26052],[-123.16474,49.26388],[-123.16473,49.25274],[-123.16473,49.25281],[-123.16473,49.25768],[-123.16473,49.25837],[-123.16473,49.25844],[-123.16472,49.25753],[-123.16472,49.25797],[-123.16471,49.25793],[-123.16471,49.25889],[-123.1647,49.25885],[-123.1647,49.25929],[-123.1647,49.26133],[-123.1647,49.26481],[-123.16469,49.26501],[-123.16468,49.25462],[-123.16468,49.25935],[-123.16468,49.26566],[-123.16467,49.24813],[-123.16467,49.25455],[-123.16467,49.26021],[-123.16467,49.26028],[-123.16467,49.26586],[-123.16466,49.25977],[-123.16466,49.25981],[-123.16465,49.26069],[-123.16465,49.26113],[-123.16465,49.26295],[-123.16464,49.24802],[-123.16463,49.25546],[-123.16463,49.25553],[-123.16463,49.2667],[-123.16462,49.24703],[-123.16462,49.2471],[-123.16462,49.26073],[-123.16461,49.26387],[-123.16461,49.26751],[-123.16459,49.2648],[-123.16458,49.23989],[-123.16458,49.23993],[-123.16458,49.24422],[-123.16458,49.26843],[-123.16457,49.26566],[-123.16456,49.26308],[-123.16455,49.26586],[-123.16454,49.26928],[-123.16453,49.25356],[-123.16453,49.25378],[-123.16452,49.26671],[-123.16452,49.2702],[-123.16451,49.25448],[-123.1645,49.25468],[-123.1645,49.27296],[-123.16449,49.23993],[-123.16449,49.24664],[-123.16449,49.24698],[-123.16449,49.26754],[-123.16448,49.25506],[-123.16448,49.26123],[-123.16448,49.27291],[-123.16447,49.22739],[-123.16447,49.25357],[-123.16447,49.25524],[-123.16447,49.25539],[-123.16446,49.24415],[-123.16446,49.26573],[-123.16446,49.2658],[-123.16445,49.25415],[-123.16445,49.25592],[-123.16445,49.26656],[-123.16445,49.26843],[-123.16445,49.27178],[-123.16444,49.2466],[-123.16444,49.25448],[-123.16444,49.26664],[-123.16443,49.22847],[-123.16443,49.24368],[-123.16443,49.24372],[-123.16443,49.25468],[-123.16442,49.25501],[-123.16442,49.25524],[-123.16442,49.26928],[-123.16442,49.27262],[-123.16441,49.22914],[-123.16441,49.25538],[-123.16441,49.26749],[-123.16441,49.2729],[-123.1644,49.24698],[-123.1644,49.26741],[-123.1644,49.26875],[-123.16439,49.24276],[-123.16439,49.2428],[-123.16439,49.2541],[-123.16439,49.25415],[-123.16439,49.25694],[-123.16439,49.26788],[-123.16439,49.2702],[-123.16438,49.22433],[-123.16438,49.22739],[-123.16438,49.2679],[-123.16438,49.26824],[-123.16437,49.2279],[-123.16437,49.23282],[-123.16437,49.23289],[-123.16437,49.25591],[-123.16437,49.25596],[-123.16437,49.26839],[-123.16437,49.26916],[-123.16436,49.26923],[-123.16435,49.23371],[-123.16435,49.26964],[-123.16434,49.22847],[-123.16434,49.23109],[-123.16434,49.27174],[-123.16433,49.22733],[-123.16433,49.23378],[-123.16432,49.25234],[-123.16432,49.25689],[-123.16431,49.22907],[-123.16431,49.23193],[-123.16431,49.27005],[-123.16431,49.27011],[-123.1643,49.22924],[-123.1643,49.23514],[-123.1643,49.23518],[-123.1643,49.2454],[-123.1643,49.27263],[-123.16429,49.27051],[-123.16429,49.27054],[-123.16429,49.27314],[-123.16428,49.24407],[-123.16428,49.26489],[-123.16428,49.27093],[-123.16428,49.271],[-123.16427,49.23006],[-123.16427,49.23295],[-123.16427,49.24655],[-123.16427,49.26496],[-123.16425,49.23334],[-123.16425,49.23383],[-123.16425,49.26114],[-123.16424,49.23109],[-123.16424,49.2718],[-123.16423,49.23152],[-123.16423,49.23428],[-123.16423,49.23939],[-123.16423,49.23945],[-123.16423,49.27189],[-123.16423,49.2723],[-123.16422,49.24234],[-123.16422,49.24275],[-123.16422,49.24279],[-123.16422,49.27267],[-123.16421,49.2291],[-123.16421,49.22916],[-123.16421,49.23193],[-123.16421,49.27278],[-123.1642,49.22956],[-123.1642,49.2296],[-123.1642,49.23484],[-123.1642,49.27227],[-123.16419,49.27318],[-123.16417,49.23295],[-123.16417,49.23568],[-123.16416,49.23052],[-123.16416,49.23056],[-123.16415,49.23096],[-123.16415,49.2334],[-123.16415,49.24405],[-123.16415,49.24655],[-123.16413,49.23102],[-123.16413,49.23667],[-123.16413,49.25631],[-123.16411,49.23484],[-123.16411,49.23713],[-123.16409,49.23568],[-123.16409,49.24322],[-123.16408,49.27227],[-123.16408,49.2723],[-123.16406,49.22436],[-123.16406,49.24582],[-123.16406,49.27364],[-123.16405,49.24825],[-123.16404,49.24818],[-123.16403,49.27355],[-123.16402,49.23662],[-123.16402,49.23713],[-123.16401,49.25642],[-123.16399,49.24323],[-123.16399,49.24808],[-123.16398,49.22431],[-123.16398,49.22639],[-123.16398,49.24471],[-123.16398,49.25627],[-123.16396,49.23513],[-123.16396,49.23517],[-123.16396,49.248],[-123.16396,49.25454],[-123.16395,49.23464],[-123.16395,49.23654],[-123.16395,49.25461],[-123.16394,49.2366],[-123.16393,49.23477],[-123.16393,49.24475],[-123.16391,49.22515],[-123.1639,49.24224],[-123.1639,49.24275],[-123.1639,49.24279],[-123.1639,49.25635],[-123.16389,49.22586],[-123.16386,49.23847],[-123.16385,49.22643],[-123.16384,49.2723],[-123.16378,49.22519],[-123.16377,49.26487],[-123.16376,49.22585],[-123.16376,49.23839],[-123.16375,49.2389],[-123.16375,49.24532],[-123.16375,49.27141],[-123.16374,49.23895],[-123.16373,49.27138],[-123.16372,49.22644],[-123.16372,49.24224],[-123.16371,49.24233],[-123.1637,49.22506],[-123.1637,49.22512],[-123.16368,49.23281],[-123.16365,49.23055],[-123.16365,49.23288],[-123.16365,49.2442],[-123.16365,49.24878],[-123.16365,49.25323],[-123.16363,49.24762],[-123.16363,49.25319],[-123.16362,49.24875],[-123.16362,49.2537],[-123.16362,49.25594],[-123.16361,49.2315],[-123.16361,49.24758],[-123.16361,49.25363],[-123.16361,49.25739],[-123.16361,49.25751],[-123.1636,49.25589],[-123.16358,49.23054],[-123.16358,49.25182],[-123.16358,49.25189],[-123.16357,49.22732],[-123.16357,49.26445],[-123.16357,49.26448],[-123.16356,49.22722],[-123.16354,49.2237],[-123.16354,49.26392],[-123.16354,49.26408],[-123.16353,49.23095],[-123.16353,49.23149],[-123.16353,49.25979],[-123.16352,49.23101],[-123.16351,49.24668],[-123.16345,49.24407],[-123.16344,49.26494],[-123.16344,49.26655],[-123.16344,49.26663],[-123.16342,49.25538],[-123.16342,49.26661],[-123.16341,49.23666],[-123.16341,49.2674],[-123.1634,49.25228],[-123.1634,49.26748],[-123.1634,49.26837],[-123.16339,49.23795],[-123.16339,49.25232],[-123.16338,49.22376],[-123.16338,49.26822],[-123.16337,49.24939],[-123.16335,49.23667],[-123.16334,49.24932],[-123.16333,49.2235],[-123.16331,49.2449],[-123.16328,49.23795],[-123.16328,49.23798],[-123.16328,49.25534],[-123.16325,49.2555],[-123.16323,49.24419],[-123.16323,49.24927],[-123.16321,49.25543],[-123.1632,49.24496],[-123.16319,49.26487],[-123.16318,49.22357],[-123.16318,49.2493],[-123.16318,49.25271],[-123.16318,49.25278],[-123.16318,49.26494],[-123.16311,49.24727],[-123.16307,49.22736],[-123.16307,49.24177],[-123.16307,49.2418],[-123.16307,49.2472],[-123.16305,49.22824],[-123.16305,49.2328],[-123.16301,49.22921],[-123.16301,49.24901],[-123.163,49.2234],[-123.163,49.24556],[-123.163,49.24893],[-123.16299,49.22975],[-123.16297,49.22739],[-123.16296,49.23032],[-123.16295,49.24717],[-123.16294,49.27091],[-123.16293,49.23108],[-123.16293,49.24422],[-123.16293,49.25503],[-123.16292,49.2315],[-123.16292,49.23475],[-123.16291,49.23463],[-123.1629,49.24415],[-123.16289,49.22921],[-123.16289,49.25498],[-123.16288,49.22975],[-123.16288,49.23294],[-123.16287,49.22731],[-123.16286,49.23032],[-123.16286,49.23372],[-123.16284,49.24719],[-123.16283,49.23108],[-123.16282,49.2455],[-123.16281,49.23149],[-123.16281,49.23719],[-123.16281,49.23723],[-123.1628,49.22907],[-123.1628,49.24412],[-123.16279,49.23482],[-123.16278,49.22913],[-123.16277,49.24685],[-123.16277,49.26391],[-123.16276,49.23568],[-123.16276,49.23793],[-123.16275,49.23093],[-123.16275,49.231],[-123.16274,49.23294],[-123.16274,49.24427],[-123.16274,49.25646],[-123.16273,49.23942],[-123.16273,49.25447],[-123.16272,49.23664],[-123.16271,49.22293],[-123.16271,49.23371],[-123.16271,49.24386],[-123.1627,49.23481],[-123.1627,49.23734],[-123.1627,49.24034],[-123.1627,49.2404],[-123.1627,49.24682],[-123.1627,49.25755],[-123.16269,49.26407],[-123.16268,49.23858],[-123.16268,49.24081],[-123.16268,49.24086],[-123.16268,49.24128],[-123.16268,49.24134],[-123.16268,49.24861],[-123.16267,49.238],[-123.16267,49.24369],[-123.16267,49.25847],[-123.16266,49.23568],[-123.16265,49.23278],[-123.16265,49.23288],[-123.16264,49.24852],[-123.16264,49.25459],[-123.16264,49.25646],[-123.16263,49.23664],[-123.16263,49.2594],[-123.16262,49.22398],[-123.16262,49.24027],[-123.16261,49.24637],[-123.1626,49.23142],[-123.1626,49.23146],[-123.1626,49.23462],[-123.1626,49.23475],[-123.1626,49.23666],[-123.1626,49.23734],[-123.1626,49.24395],[-123.16259,49.22302],[-123.16259,49.23421],[-123.16259,49.24597],[-123.16259,49.25443],[-123.16259,49.25755],[-123.16259,49.26347],[-123.16258,49.22517],[-123.16258,49.23796],[-123.16258,49.24121],[-123.16258,49.24591],[-123.16258,49.24845],[-123.16258,49.26298],[-123.16258,49.26305],[-123.16257,49.23515],[-123.16257,49.24141],[-123.16257,49.24682],[-123.16257,49.26102],[-123.16257,49.2635],[-123.16256,49.22406],[-123.16256,49.2431],[-123.16256,49.2464],[-123.16256,49.25847],[-123.16255,49.22284],[-123.16255,49.25633],[-123.16254,49.2564],[-123.16254,49.26692],[-123.16253,49.23852],[-123.16252,49.25686],[-123.16252,49.2569],[-123.16252,49.25939],[-123.16251,49.22517],[-123.16251,49.24323],[-123.16251,49.25452],[-123.16251,49.25737],[-123.16251,49.25749],[-123.1625,49.26292],[-123.16249,49.25789],[-123.16249,49.25793],[-123.16248,49.2379],[-123.16248,49.23793],[-123.16247,49.22552],[-123.16247,49.24026],[-123.16247,49.25834],[-123.16247,49.25841],[-123.16247,49.26383],[-123.16246,49.2484],[-123.16246,49.26104],[-123.16246,49.26412],[-123.16244,49.23889],[-123.16244,49.23892],[-123.16244,49.24121],[-123.16244,49.25881],[-123.16244,49.25885],[-123.16243,49.24141],[-123.16243,49.25925],[-123.16243,49.25932],[-123.16242,49.25973],[-123.16242,49.26499],[-123.16241,49.24406],[-123.16241,49.24683],[-123.16241,49.25977],[-123.1624,49.26018],[-123.1624,49.26025],[-123.16239,49.24239],[-123.16239,49.24395],[-123.16239,49.26582],[-123.16237,49.23836],[-123.16237,49.26292],[-123.16236,49.23845],[-123.16236,49.24323],[-123.16236,49.26383],[-123.16235,49.24978],[-123.16234,49.24979],[-123.16234,49.26417],[-123.16234,49.26667],[-123.16234,49.26756],[-123.16233,49.24127],[-123.16233,49.24133],[-123.16233,49.24838],[-123.16232,49.24179],[-123.16231,49.24175],[-123.16231,49.26499],[-123.16229,49.2684],[-123.16229,49.27139],[-123.16228,49.26345],[-123.16228,49.26349],[-123.16228,49.26582],[-123.16227,49.24973],[-123.16226,49.22959],[-123.16226,49.24974],[-123.16226,49.2518],[-123.16226,49.26927],[-123.16225,49.25186],[-123.16225,49.26392],[-123.16225,49.26667],[-123.16223,49.23054],[-123.16223,49.24841],[-123.16223,49.27362],[-123.16222,49.2272],[-123.16222,49.26486],[-123.16222,49.26493],[-123.16221,49.25376],[-123.16221,49.25407],[-123.16221,49.25411],[-123.16221,49.26754],[-123.1622,49.27354],[-123.16219,49.22958],[-123.16219,49.2657],[-123.16219,49.26576],[-123.16219,49.27132],[-123.16218,49.2684],[-123.16218,49.27169],[-123.16217,49.26443],[-123.16217,49.2666],[-123.16216,49.26406],[-123.16216,49.26653],[-123.16216,49.27257],[-123.16215,49.24451],[-123.16215,49.24804],[-123.16215,49.26927],[-123.16214,49.26738],[-123.16214,49.26746],[-123.16212,49.26784],[-123.16212,49.26787],[-123.16211,49.22504],[-123.16211,49.2251],[-123.16211,49.23294],[-123.16211,49.27347],[-123.1621,49.248],[-123.1621,49.2682],[-123.1621,49.26836],[-123.16209,49.24453],[-123.16207,49.25372],[-123.16207,49.26707],[-123.16207,49.26913],[-123.16207,49.26919],[-123.16206,49.25411],[-123.16206,49.2696],[-123.16206,49.27171],[-123.16204,49.22551],[-123.16204,49.23651],[-123.16204,49.23657],[-123.16204,49.25407],[-123.16201,49.27257],[-123.162,49.22736],[-123.162,49.23461],[-123.162,49.23474],[-123.162,49.23664],[-123.162,49.27348],[-123.16199,49.23629],[-123.16199,49.27049],[-123.16196,49.25541],[-123.16195,49.25548],[-123.16194,49.23664],[-123.16189,49.22735],[-123.16189,49.26389],[-123.16188,49.2408],[-123.16187,49.24084],[-123.16184,49.25227],[-123.16184,49.25229],[-123.16182,49.25501],[-123.16181,49.22729],[-123.16181,49.24275],[-123.16181,49.25497],[-123.16175,49.24582],[-123.16175,49.24768],[-123.16174,49.22952],[-123.16174,49.22956],[-123.16174,49.26961],[-123.16172,49.24777],[-123.16169,49.22906],[-123.16169,49.22913],[-123.16169,49.24332],[-123.16168,49.24583],[-123.16167,49.24283],[-123.16167,49.24763],[-123.16163,49.2393],[-123.16163,49.23943],[-123.16163,49.2433],[-123.16162,49.2478],[-123.16159,49.22266],[-123.16159,49.2292],[-123.16159,49.24651],[-123.16157,49.22792],[-123.16157,49.2427],[-123.16156,49.23003],[-123.16156,49.24548],[-123.16156,49.24556],[-123.16155,49.23105],[-123.16155,49.25283],[-123.16153,49.24656],[-123.16153,49.2545],[-123.16153,49.25457],[-123.16151,49.22503],[-123.16151,49.23187],[-123.16151,49.24271],[-123.16151,49.24333],[-123.16151,49.24504],[-123.16151,49.26346],[-123.1615,49.22509],[-123.1615,49.22793],[-123.1615,49.24037],[-123.1615,49.24957],[-123.16149,49.22264],[-123.16148,49.2292],[-123.16148,49.24031],[-123.16147,49.23292],[-123.16147,49.24727],[-123.16147,49.24954],[-123.16146,49.24339],[-123.16146,49.25366],[-123.16145,49.22367],[-123.16145,49.22729],[-123.16145,49.23002],[-123.16145,49.23346],[-123.16145,49.25359],[-123.16145,49.25366],[-123.16144,49.22242],[-123.16144,49.25359],[-123.16143,49.23414],[-123.16141,49.24466],[-123.16141,49.25264],[-123.16141,49.25281],[-123.16141,49.25315],[-123.16141,49.2532],[-123.1614,49.22515],[-123.1614,49.23105],[-123.16139,49.24462],[-123.16139,49.24499],[-123.16138,49.22253],[-123.16138,49.22815],[-123.16138,49.23479],[-123.16138,49.23934],[-123.16137,49.22603],[-123.16137,49.22817],[-123.16137,49.23186],[-123.16137,49.2394],[-123.16135,49.22366],[-123.16134,49.23573],[-123.16134,49.24513],[-123.16133,49.23291],[-123.16133,49.25735],[-123.16133,49.25747],[-123.16132,49.23091],[-123.16132,49.23098],[-123.16131,49.2236],[-123.16131,49.23345],[-123.16131,49.23662],[-123.16131,49.26482],[-123.1613,49.25275],[-123.1613,49.26493],[-123.16129,49.22516],[-123.16129,49.23414],[-123.16128,49.2314],[-123.16128,49.23479],[-123.16128,49.24498],[-123.16127,49.23983],[-123.16127,49.23988],[-123.16127,49.24459],[-123.16127,49.2502],[-123.16126,49.22603],[-123.16126,49.246],[-123.16126,49.2526],[-123.16125,49.23276],[-123.16125,49.23574],[-123.16125,49.2383],[-123.16125,49.25021],[-123.16124,49.23235],[-123.16124,49.26346],[-123.16123,49.23285],[-123.16122,49.23662],[-123.16122,49.26346],[-123.16122,49.26388],[-123.16122,49.26445],[-123.16121,49.25014],[-123.16121,49.26404],[-123.1612,49.22503],[-123.1612,49.22509],[-123.1612,49.2346],[-123.1612,49.24918],[-123.1612,49.25015],[-123.16119,49.22548],[-123.16119,49.22552],[-123.16119,49.23417],[-123.16119,49.23472],[-123.16118,49.24595],[-123.16118,49.24919],[-123.16118,49.25268],[-123.16117,49.24738],[-123.16116,49.2383],[-123.16116,49.2446],[-123.16116,49.25188],[-123.16115,49.26567],[-123.16115,49.26574],[-123.16114,49.22677],[-123.16114,49.22955],[-123.16114,49.25177],[-123.16113,49.22681],[-123.16113,49.23579],[-123.16113,49.24744],[-123.16112,49.23649],[-123.16112,49.23655],[-123.16112,49.24734],[-123.16112,49.24912],[-123.1611,49.22719],[-123.1611,49.22819],[-123.16109,49.26745],[-123.16108,49.22951],[-123.16108,49.26737],[-123.16106,49.24589],[-123.16105,49.23048],[-123.16105,49.23052],[-123.16105,49.24904],[-123.16105,49.26819],[-123.16104,49.24748],[-123.16102,49.23655],[-123.16099,49.26834],[-123.16098,49.24897],[-123.16096,49.24898],[-123.16095,49.24681],[-123.16094,49.2485],[-123.16092,49.27262],[-123.16092,49.27273],[-123.16091,49.24362],[-123.1609,49.24846],[-123.16089,49.25224],[-123.16089,49.25228],[-123.16087,49.24364],[-123.16086,49.24678],[-123.16085,49.22911],[-123.16085,49.22966],[-123.16082,49.23511],[-123.16079,49.22966],[-123.16076,49.24355],[-123.16074,49.22858],[-123.16074,49.22863],[-123.16073,49.2517],[-123.16069,49.23292],[-123.16069,49.24521],[-123.16067,49.23459],[-123.16067,49.23472],[-123.16065,49.24343],[-123.16064,49.23514],[-123.16064,49.24708],[-123.1606,49.24346],[-123.1606,49.25169],[-123.16059,49.24942],[-123.16058,49.25184],[-123.16056,49.23664],[-123.16055,49.22238],[-123.16055,49.24703],[-123.16054,49.24467],[-123.16053,49.25177],[-123.16052,49.24935],[-123.16051,49.24514],[-123.1605,49.25285],[-123.16048,49.25351],[-123.16047,49.25373],[-123.16046,49.24465],[-123.16045,49.24927],[-123.16045,49.25267],[-123.16044,49.23933],[-123.16044,49.24391],[-123.16044,49.25461],[-123.16043,49.23939],[-123.16043,49.24333],[-123.16041,49.24701],[-123.1604,49.25552],[-123.16039,49.25285],[-123.16038,49.2451],[-123.16038,49.2492],[-123.16037,49.24396],[-123.16037,49.25348],[-123.16037,49.25622],[-123.16037,49.25642],[-123.16036,49.25372],[-123.16036,49.25922],[-123.16036,49.25929],[-123.16034,49.26022],[-123.16033,49.25461],[-123.16033,49.26015],[-123.16032,49.22903],[-123.16032,49.24225],[-123.16032,49.25752],[-123.16031,49.24704],[-123.16031,49.26061],[-123.16031,49.26066],[-123.1603,49.25274],[-123.1603,49.25313],[-123.1603,49.25551],[-123.16029,49.26107],[-123.16028,49.25318],[-123.16028,49.25622],[-123.16028,49.26117],[-123.16027,49.2291],[-123.16027,49.25357],[-123.16027,49.25642],[-123.16027,49.25916],[-123.16026,49.25364],[-123.16026,49.25408],[-123.16025,49.22733],[-123.16025,49.25404],[-123.16025,49.25448],[-123.16024,49.25455],[-123.16023,49.22771],[-123.16023,49.24827],[-123.16023,49.25752],[-123.16023,49.26008],[-123.16022,49.22813],[-123.16022,49.24512],[-123.16022,49.26302],[-123.16021,49.24828],[-123.16021,49.25538],[-123.16021,49.25545],[-123.1602,49.22515],[-123.1602,49.23137],[-123.1602,49.261],[-123.16019,49.23889],[-123.16018,49.22576],[-123.16018,49.22916],[-123.16018,49.25494],[-123.16018,49.25498],[-123.16018,49.25629],[-123.16018,49.25636],[-123.16017,49.23884],[-123.16017,49.24821],[-123.16017,49.25915],[-123.16016,49.24822],[-123.16015,49.22999],[-123.16015,49.24486],[-123.16015,49.25682],[-123.16015,49.25687],[-123.16014,49.22733],[-123.16014,49.23102],[-123.16014,49.24484],[-123.16013,49.25733],[-123.16013,49.25745],[-123.16012,49.22813],[-123.16012,49.23177],[-123.16012,49.26008],[-123.16012,49.26294],[-123.1601,49.22515],[-123.1601,49.2583],[-123.1601,49.25837],[-123.16009,49.261],[-123.16009,49.26379],[-123.16009,49.26409],[-123.16008,49.22916],[-123.16007,49.22577],[-123.16007,49.2277],[-123.16007,49.27349],[-123.16006,49.2329],[-123.16006,49.26496],[-123.16006,49.27348],[-123.16005,49.22998],[-123.16005,49.27309],[-123.16004,49.22769],[-123.16003,49.23371],[-123.16003,49.26579],[-123.16003,49.27357],[-123.16002,49.22727],[-123.16002,49.24487],[-123.16002,49.26294],[-123.16001,49.22509],[-123.16,49.22903],[-123.16,49.23102],[-123.16,49.26107],[-123.16,49.26957],[-123.15999,49.2255],[-123.15999,49.2291],[-123.15999,49.25183],[-123.15999,49.26116],[-123.15999,49.26663],[-123.15998,49.2638],[-123.15998,49.26408],[-123.15997,49.22547],[-123.15997,49.23177],[-123.15997,49.23789],[-123.15997,49.26751],[-123.15997,49.26955],[-123.15996,49.22949],[-123.15996,49.22953],[-123.15996,49.23794],[-123.15996,49.26998],[-123.15996,49.27005],[-123.15996,49.27045],[-123.15994,49.2384],[-123.15994,49.26496],[-123.15994,49.26838],[-123.15993,49.22717],[-123.15993,49.23088],[-123.15993,49.24494],[-123.15992,49.2329],[-123.15992,49.23832],[-123.15992,49.25058],[-123.15992,49.27086],[-123.15992,49.27135],[-123.15991,49.23097],[-123.15991,49.26301],[-123.15991,49.27093],[-123.15991,49.27173],[-123.1599,49.23884],[-123.1599,49.24961],[-123.1599,49.25163],[-123.1599,49.26341],[-123.1599,49.26579],[-123.1599,49.27182],[-123.15989,49.23371],[-123.15989,49.26386],[-123.15989,49.26992],[-123.15988,49.23138],[-123.15988,49.23735],[-123.15988,49.24172],[-123.15988,49.26402],[-123.15988,49.27222],[-123.15988,49.2726],[-123.15988,49.27271],[-123.15987,49.23555],[-123.15987,49.24029],[-123.15987,49.24176],[-123.15987,49.26344],[-123.15987,49.26664],[-123.15987,49.2731],[-123.15986,49.23234],[-123.15986,49.23806],[-123.15986,49.23847],[-123.15986,49.24035],[-123.15986,49.26482],[-123.15986,49.26489],[-123.15985,49.24077],[-123.15985,49.24081],[-123.15984,49.23283],[-123.15984,49.2413],[-123.15984,49.25165],[-123.15984,49.26441],[-123.15983,49.24123],[-123.15983,49.25062],[-123.15983,49.25076],[-123.15983,49.26566],[-123.15983,49.2675],[-123.15983,49.27079],[-123.15982,49.23274],[-123.15982,49.24418],[-123.15982,49.24587],[-123.15982,49.26572],[-123.15981,49.2479],[-123.15981,49.26441],[-123.15981,49.27167],[-123.1598,49.23945],[-123.1598,49.26649],[-123.1598,49.26656],[-123.1598,49.26838],[-123.15979,49.24216],[-123.15979,49.24895],[-123.15979,49.24951],[-123.15979,49.25176],[-123.15979,49.27255],[-123.15978,49.23735],[-123.15978,49.24418],[-123.15978,49.2507],[-123.15977,49.23417],[-123.15977,49.24022],[-123.15977,49.24787],[-123.15977,49.2489],[-123.15976,49.23458],[-123.15976,49.23807],[-123.15976,49.24725],[-123.15976,49.26735],[-123.15976,49.26742],[-123.15975,49.2347],[-123.15974,49.23567],[-123.15974,49.2678],[-123.15974,49.26991],[-123.15973,49.24117],[-123.15973,49.24594],[-123.15973,49.26782],[-123.15972,49.23846],[-123.15972,49.27079],[-123.15971,49.23945],[-123.15971,49.2459],[-123.1597,49.2421],[-123.1597,49.24727],[-123.15969,49.27167],[-123.15968,49.24022],[-123.15966,49.25222],[-123.15964,49.24117],[-123.15964,49.27254],[-123.1596,49.25136],[-123.15959,49.24208],[-123.15959,49.24264],[-123.15958,49.25226],[-123.15957,49.24591],[-123.15954,49.22675],[-123.15952,49.21884],[-123.15952,49.2277],[-123.15952,49.25132],[-123.15952,49.26783],[-123.1595,49.24598],[-123.15949,49.22679],[-123.15949,49.25969],[-123.15948,49.22546],[-123.15948,49.22549],[-123.15948,49.25973],[-123.15946,49.2277],[-123.15945,49.22672],[-123.15944,49.24555],[-123.15941,49.24755],[-123.1594,49.21856],[-123.1594,49.22213],[-123.1594,49.24756],[-123.15938,49.2504],[-123.15937,49.25583],[-123.15936,49.24549],[-123.15936,49.25447],[-123.15936,49.25454],[-123.15935,49.22225],[-123.15935,49.25036],[-123.15935,49.25587],[-123.15933,49.25537],[-123.15933,49.27324],[-123.15931,49.22209],[-123.15931,49.24751],[-123.1593,49.25265],[-123.1593,49.25272],[-123.15928,49.23289],[-123.15928,49.24307],[-123.15925,49.24308],[-123.15925,49.25312],[-123.15924,49.24994],[-123.15924,49.25316],[-123.15922,49.24959],[-123.1592,49.24748],[-123.15919,49.24986],[-123.15914,49.25876],[-123.15913,49.24433],[-123.15912,49.27129],[-123.15911,49.22299],[-123.15911,49.23757],[-123.15911,49.24752],[-123.15911,49.24963],[-123.15911,49.2498],[-123.1591,49.22546],[-123.15909,49.22549],[-123.15909,49.23791],[-123.15908,49.22218],[-123.15908,49.22238],[-123.15908,49.24971],[-123.15907,49.2476],[-123.15907,49.25968],[-123.15907,49.25972],[-123.15906,49.22396],[-123.15906,49.22426],[-123.15904,49.24439],[-123.15904,49.25131],[-123.15903,49.24632],[-123.15902,49.22513],[-123.159,49.22298],[-123.15899,49.22211],[-123.15898,49.22616],[-123.15898,49.25134],[-123.15896,49.22396],[-123.15894,49.21781],[-123.15893,49.22426],[-123.15891,49.24028],[-123.15891,49.24033],[-123.15891,49.25112],[-123.1589,49.22213],[-123.15889,49.22285],[-123.15889,49.2229],[-123.15889,49.22513],[-123.15885,49.22614],[-123.15885,49.25106],[-123.15884,49.26384],[-123.15884,49.26401],[-123.15883,49.22731],[-123.1588,49.22825],[-123.1588,49.23136],[-123.15879,49.26012],[-123.15879,49.26019],[-123.15878,49.23232],[-123.15877,49.22914],[-123.15876,49.23416],[-123.15874,49.22674],[-123.15874,49.22678],[-123.15874,49.22731],[-123.15874,49.23002],[-123.15872,49.22716],[-123.15871,49.26815],[-123.1587,49.23102],[-123.15869,49.22825],[-123.15869,49.2683],[-123.15868,49.22914],[-123.15866,49.21973],[-123.15866,49.23198],[-123.15865,49.26733],[-123.15864,49.22154],[-123.15864,49.22821],[-123.15864,49.23002],[-123.15864,49.23602],[-123.15864,49.26741],[-123.15863,49.22086],[-123.15863,49.23286],[-123.15863,49.23563],[-123.15862,49.22725],[-123.15862,49.22814],[-123.15862,49.23606],[-123.15862,49.23831],[-123.15862,49.23839],[-123.15861,49.22201],[-123.15861,49.24874],[-123.1586,49.23375],[-123.1586,49.23646],[-123.1586,49.23652],[-123.15859,49.22858],[-123.15859,49.23102],[-123.15859,49.24771],[-123.15858,49.22907],[-123.15858,49.25971],[-123.15857,49.22766],[-123.15857,49.22898],[-123.15857,49.22901],[-123.15856,49.2277],[-123.15856,49.22862],[-123.15855,49.22996],[-123.15855,49.23193],[-123.15854,49.2299],[-123.15853,49.24773],[-123.15853,49.26059],[-123.15853,49.26063],[-123.15852,49.23882],[-123.15852,49.27258],[-123.15852,49.27269],[-123.15851,49.22725],[-123.15851,49.23039],[-123.15851,49.23086],[-123.15851,49.23095],[-123.15851,49.23292],[-123.15851,49.23356],[-123.15851,49.23886],[-123.15851,49.24879],[-123.1585,49.23044],[-123.1585,49.23282],[-123.1585,49.23639],[-123.1585,49.23658],[-123.15849,49.21977],[-123.15848,49.22766],[-123.15848,49.23185],[-123.15848,49.2337],[-123.15847,49.22194],[-123.15847,49.23191],[-123.15847,49.23419],[-123.15847,49.23737],[-123.15846,49.22086],[-123.15846,49.23139],[-123.15844,49.23272],[-123.15844,49.23825],[-123.15844,49.25879],[-123.15843,49.24121],[-123.15843,49.24127],[-123.15841,49.23639],[-123.1584,49.23658],[-123.15839,49.21904],[-123.15838,49.22545],[-123.15837,49.22551],[-123.15837,49.23414],[-123.15837,49.23746],[-123.15837,49.2462],[-123.15836,49.23456],[-123.15835,49.23282],[-123.15835,49.23929],[-123.15835,49.23936],[-123.15834,49.23418],[-123.15833,49.21963],[-123.15831,49.22551],[-123.15829,49.23651],[-123.15828,49.23645],[-123.15827,49.23733],[-123.15827,49.23739],[-123.15826,49.23692],[-123.15825,49.2392],[-123.15822,49.21908],[-123.15822,49.21952],[-123.15819,49.25966],[-123.15819,49.25971],[-123.15818,49.26995],[-123.15817,49.25186],[-123.15816,49.25919],[-123.15816,49.25926],[-123.15815,49.23921],[-123.15814,49.22296],[-123.15814,49.25276],[-123.15812,49.24638],[-123.15812,49.25038],[-123.15811,49.22354],[-123.15811,49.23979],[-123.1581,49.22401],[-123.1581,49.23982],[-123.1581,49.25367],[-123.15809,49.2684],[-123.15808,49.22444],[-123.15808,49.25874],[-123.15807,49.25457],[-123.15807,49.25879],[-123.15806,49.22296],[-123.15806,49.2503],[-123.15806,49.25186],[-123.15806,49.25742],[-123.15805,49.2573],[-123.15805,49.25782],[-123.15805,49.25786],[-123.15803,49.25276],[-123.15803,49.25547],[-123.15802,49.22207],[-123.15802,49.24792],[-123.15802,49.2502],[-123.15802,49.25827],[-123.15802,49.25834],[-123.15801,49.2562],[-123.15799,49.22446],[-123.15799,49.25367],[-123.15797,49.25173],[-123.15797,49.2518],[-123.15797,49.25724],[-123.15796,49.21855],[-123.15796,49.22208],[-123.15796,49.24637],[-123.15796,49.25457],[-123.15795,49.26008],[-123.15795,49.26018],[-123.15794,49.24637],[-123.15794,49.25016],[-123.15794,49.25219],[-123.15794,49.25223],[-123.15794,49.25263],[-123.15794,49.2582],[-123.15794,49.26058],[-123.15793,49.2224],[-123.15793,49.2527],[-123.15793,49.25548],[-123.15793,49.26063],[-123.15792,49.22243],[-123.15791,49.23468],[-123.15791,49.23562],[-123.15791,49.24796],[-123.1579,49.22505],[-123.1579,49.25353],[-123.1579,49.2536],[-123.1579,49.25619],[-123.1579,49.25912],[-123.15789,49.23506],[-123.15789,49.23511],[-123.15788,49.23556],[-123.15788,49.24026],[-123.15788,49.25404],[-123.15788,49.25444],[-123.15787,49.25309],[-123.15787,49.25451],[-123.15787,49.26004],[-123.15786,49.25724],[-123.15785,49.24032],[-123.15785,49.26056],[-123.15785,49.26487],[-123.15784,49.24263],[-123.15784,49.25314],[-123.15784,49.2549],[-123.15784,49.25495],[-123.15784,49.25535],[-123.15784,49.25542],[-123.15784,49.26096],[-123.15783,49.24018],[-123.15783,49.24265],[-123.15783,49.25819],[-123.15782,49.21861],[-123.15782,49.23473],[-123.15782,49.23636],[-123.15782,49.24306],[-123.15782,49.254],[-123.15781,49.25625],[-123.15781,49.25632],[-123.1578,49.22511],[-123.15779,49.23549],[-123.15779,49.25912],[-123.15779,49.26238],[-123.15778,49.26189],[-123.15778,49.26211],[-123.15777,49.22499],[-123.15777,49.22616],[-123.15777,49.26303],[-123.15776,49.21836],[-123.15776,49.26004],[-123.15776,49.26346],[-123.15775,49.25781],[-123.15775,49.25786],[-123.15774,49.25826],[-123.15773,49.25833],[-123.15773,49.26056],[-123.15772,49.23603],[-123.15772,49.26404],[-123.15771,49.22511],[-123.15771,49.24019],[-123.15771,49.24313],[-123.15771,49.25873],[-123.15771,49.25878],[-123.15771,49.26096],[-123.1577,49.25918],[-123.1577,49.25925],[-123.1577,49.26492],[-123.15769,49.22193],[-123.15768,49.23473],[-123.15768,49.26212],[-123.15767,49.222],[-123.15767,49.22616],[-123.15767,49.24074],[-123.15767,49.25965],[-123.15767,49.2597],[-123.15767,49.2601],[-123.15767,49.26017],[-123.15767,49.26238],[-123.15767,49.26779],[-123.15766,49.23548],[-123.15766,49.24078],[-123.15766,49.26151],[-123.15766,49.26574],[-123.15766,49.26581],[-123.15765,49.26189],[-123.15765,49.2622],[-123.15765,49.26814],[-123.15765,49.26829],[-123.15763,49.26103],[-123.15763,49.262],[-123.15763,49.2626],[-123.15763,49.26303],[-123.15763,49.26658],[-123.15762,49.22504],[-123.15762,49.2412],[-123.15762,49.24126],[-123.15762,49.24172],[-123.15762,49.26062],[-123.15762,49.26113],[-123.15762,49.26204],[-123.15762,49.26906],[-123.15761,49.21842],[-123.15761,49.24168],[-123.15761,49.26057],[-123.15761,49.26349],[-123.15761,49.26405],[-123.15761,49.26913],[-123.1576,49.25109],[-123.1576,49.26954],[-123.15759,49.24212],[-123.15759,49.24223],[-123.15759,49.27043],[-123.15758,49.22542],[-123.15758,49.22546],[-123.15758,49.26808],[-123.15758,49.26955],[-123.15758,49.27001],[-123.15757,49.2473],[-123.15757,49.2629],[-123.15756,49.25106],[-123.15756,49.26298],[-123.15756,49.26491],[-123.15756,49.26994],[-123.15755,49.22714],[-123.15755,49.23561],[-123.15755,49.269],[-123.15755,49.27082],[-123.15755,49.27089],[-123.15755,49.27131],[-123.15754,49.22675],[-123.15754,49.22679],[-123.15754,49.26245],[-123.15754,49.2625],[-123.15753,49.24114],[-123.15753,49.26382],[-123.15753,49.26574],[-123.15751,49.26399],[-123.15751,49.27169],[-123.15751,49.27178],[-123.1575,49.2634],[-123.1575,49.26478],[-123.1575,49.26661],[-123.1575,49.26988],[-123.1575,49.27256],[-123.1575,49.27267],[-123.15749,49.24205],[-123.15749,49.26485],[-123.15749,49.27218],[-123.15747,49.24734],[-123.15746,49.26562],[-123.15746,49.26568],[-123.15746,49.27075],[-123.15744,49.2197],[-123.15744,49.26807],[-123.15743,49.24114],[-123.15743,49.27164],[-123.1574,49.269],[-123.1574,49.27247],[-123.15739,49.24206],[-123.15738,49.2606],[-123.15738,49.26988],[-123.15736,49.2197],[-123.15735,49.22017],[-123.15734,49.23093],[-123.15733,49.22282],[-123.15733,49.27076],[-123.15733,49.27163],[-123.15732,49.22288],[-123.15731,49.24676],[-123.15731,49.25781],[-123.1573,49.27247],[-123.15729,49.21962],[-123.15729,49.25785],[-123.15728,49.23884],[-123.15723,49.2388],[-123.15722,49.22296],[-123.15722,49.22504],[-123.15722,49.23189],[-123.15721,49.22811],[-123.15721,49.23183],[-123.1572,49.21951],[-123.15719,49.2239],[-123.15719,49.22816],[-123.15719,49.23084],[-123.15715,49.21774],[-123.15713,49.22296],[-123.15709,49.22391],[-123.15708,49.23543],[-123.15705,49.23829],[-123.15704,49.22288],[-123.15704,49.23836],[-123.15703,49.2508],[-123.15703,49.25222],[-123.15702,49.22993],[-123.15702,49.2388],[-123.15702,49.25171],[-123.15702,49.25178],[-123.15701,49.22988],[-123.157,49.21781],[-123.157,49.21788],[-123.157,49.24685],[-123.15697,49.21785],[-123.15697,49.25073],[-123.15696,49.22444],[-123.15696,49.25728],[-123.15696,49.2574],[-123.15695,49.22439],[-123.15694,49.22498],[-123.15692,49.23643],[-123.15692,49.23649],[-123.15691,49.22899],[-123.15691,49.22905],[-123.1569,49.21883],[-123.15689,49.23927],[-123.15689,49.25261],[-123.15689,49.25268],[-123.15688,49.2178],[-123.15688,49.23933],[-123.15688,49.24677],[-123.15688,49.25057],[-123.15687,49.21887],[-123.15686,49.24678],[-123.15683,49.22723],[-123.15682,49.21773],[-123.15679,49.25352],[-123.15678,49.22511],[-123.15678,49.25359],[-123.15676,49.25677],[-123.15675,49.25681],[-123.15667,49.23828],[-123.15667,49.23835],[-123.15667,49.23883],[-123.15666,49.22513],[-123.15666,49.23454],[-123.15666,49.23465],[-123.15666,49.25825],[-123.15666,49.25831],[-123.15665,49.23828],[-123.15665,49.23835],[-123.15661,49.21881],[-123.1566,49.21721],[-123.15659,49.24024],[-123.15659,49.2403],[-123.15659,49.26195],[-123.15659,49.26205],[-123.15658,49.22503],[-123.15657,49.21811],[-123.15657,49.23976],[-123.15656,49.26476],[-123.15656,49.26483],[-123.15655,49.2356],[-123.15654,49.23554],[-123.15654,49.2398],[-123.15653,49.24072],[-123.15652,49.2435],[-123.15652,49.24354],[-123.15651,49.23356],[-123.15651,49.24034],[-123.1565,49.25623],[-123.1565,49.2638],[-123.1565,49.26397],[-123.15649,49.2181],[-123.15649,49.21966],[-123.15649,49.2563],[-123.15648,49.22614],[-123.15648,49.24075],[-123.15648,49.25623],[-123.15647,49.2563],[-123.15646,49.21727],[-123.15646,49.22287],[-123.15645,49.22077],[-123.15645,49.22281],[-123.15644,49.22912],[-123.15644,49.23001],[-123.15641,49.2188],[-123.15641,49.22204],[-123.15641,49.23786],[-123.15639,49.22619],[-123.15638,49.21966],[-123.15638,49.23196],[-123.15637,49.22823],[-123.15637,49.23098],[-123.15637,49.23365],[-123.15635,49.22077],[-123.15633,49.22822],[-123.15631,49.26826],[-123.1563,49.21961],[-123.1563,49.22204],[-123.1563,49.26812],[-123.15629,49.2195],[-123.15629,49.22611],[-123.15629,49.23374],[-123.15628,49.22616],[-123.15627,49.22295],[-123.15626,49.22009],[-123.15625,49.22013],[-123.15624,49.22713],[-123.15622,49.22198],[-123.15622,49.2469],[-123.15622,49.24699],[-123.15621,49.26904],[-123.1562,49.22295],[-123.1562,49.2691],[-123.15619,49.22191],[-123.15619,49.27254],[-123.15618,49.22241],[-123.15618,49.22809],[-123.15617,49.22237],[-123.15617,49.23568],[-123.15615,49.23719],[-123.15615,49.24262],[-123.15615,49.243],[-123.15615,49.25963],[-123.15614,49.27266],[-123.15613,49.23632],[-123.15613,49.23783],[-123.15613,49.24262],[-123.15612,49.25871],[-123.15612,49.25875],[-123.15611,49.21672],[-123.15611,49.2431],[-123.15609,49.23736],[-123.15608,49.2373],[-123.15607,49.23642],[-123.15604,49.24028],[-123.15602,49.22509],[-123.15601,49.24312],[-123.15597,49.22496],[-123.15595,49.22509],[-123.15593,49.21675],[-123.15592,49.23278],[-123.15591,49.24302],[-123.1559,49.21757],[-123.1559,49.23268],[-123.15588,49.22727],[-123.15588,49.25487],[-123.15588,49.25492],[-123.15586,49.22911],[-123.15585,49.24117],[-123.15585,49.25135],[-123.15584,49.21759],[-123.15583,49.22999],[-123.15583,49.24123],[-123.15583,49.25578],[-123.15583,49.25582],[-123.15582,49.23506],[-123.15581,49.25137],[-123.1558,49.25182],[-123.15579,49.23096],[-123.15579,49.23452],[-123.15579,49.23464],[-123.15579,49.25224],[-123.15577,49.22722],[-123.15577,49.25272],[-123.15576,49.22822],[-123.15576,49.23194],[-123.15576,49.23355],[-123.15575,49.23364],[-123.15575,49.25531],[-123.15575,49.25538],[-123.15574,49.2188],[-123.15574,49.21884],[-123.15573,49.25962],[-123.15572,49.23282],[-123.15572,49.24209],[-123.15572,49.2422],[-123.15571,49.25142],[-123.15571,49.25434],[-123.1557,49.22896],[-123.1557,49.23561],[-123.1557,49.25183],[-123.15569,49.23368],[-123.15568,49.22941],[-123.15568,49.2355],[-123.15568,49.2365],[-123.15567,49.22854],[-123.15567,49.25524],[-123.15566,49.22986],[-123.15566,49.25272],[-123.15565,49.23035],[-123.15565,49.23467],[-123.15565,49.23484],[-123.15565,49.24165],[-123.15564,49.23499],[-123.15564,49.2351],[-123.15564,49.2364],[-123.15564,49.25613],[-123.15563,49.25636],[-123.15562,49.23096],[-123.15561,49.23588],[-123.1556,49.25126],[-123.1556,49.25435],[-123.15559,49.2318],[-123.15559,49.25107],[-123.15558,49.23682],[-123.15558,49.24296],[-123.15557,49.25259],[-123.15557,49.25266],[-123.15557,49.25524],[-123.15556,49.2327],[-123.15556,49.23743],[-123.15556,49.25122],[-123.15556,49.25816],[-123.15554,49.22809],[-123.15554,49.25306],[-123.15554,49.2531],[-123.15554,49.2535],[-123.15554,49.25356],[-123.15553,49.23819],[-123.15553,49.25613],[-123.15553,49.25636],[-123.15553,49.25907],[-123.15552,49.23359],[-123.15551,49.25441],[-123.15551,49.25447],[-123.1555,49.23137],[-123.15549,49.21853],[-123.15549,49.23918],[-123.15549,49.25997],[-123.15549,49.26019],[-123.15548,49.24296],[-123.15547,49.22286],[-123.15547,49.25531],[-123.15547,49.25537],[-123.15547,49.26116],[-123.15546,49.23411],[-123.15546,49.25816],[-123.15545,49.24013],[-123.15545,49.25486],[-123.15545,49.25909],[-123.15545,49.26187],[-123.15544,49.23484],[-123.15544,49.23542],[-123.15544,49.25577],[-123.15544,49.25581],[-123.15544,49.25621],[-123.15544,49.25628],[-123.15543,49.2628],[-123.15542,49.22193],[-123.15542,49.23568],[-123.15541,49.21859],[-123.15541,49.23684],[-123.15541,49.24165],[-123.15541,49.2631],[-123.15541,49.26472],[-123.15541,49.26484],[-123.1554,49.25491],[-123.1554,49.25726],[-123.15539,49.23728],[-123.15539,49.25738],[-123.15539,49.26],[-123.15538,49.216],[-123.15538,49.26019],[-123.15538,49.2634],[-123.15538,49.26559],[-123.15538,49.26641],[-123.15537,49.23451],[-123.15537,49.24301],[-123.15537,49.25822],[-123.15537,49.26332],[-123.15537,49.26401],[-123.15537,49.26565],[-123.15537,49.2665],[-123.15536,49.22192],[-123.15536,49.22293],[-123.15536,49.23819],[-123.15536,49.24117],[-123.15536,49.24122],[-123.15536,49.25829],[-123.15536,49.27174],[-123.15535,49.25778],[-123.15535,49.25782],[-123.15535,49.25869],[-123.15535,49.25874],[-123.15535,49.26116],[-123.15534,49.26467],[-123.15533,49.22365],[-123.15533,49.25679],[-123.15533,49.25921],[-123.15533,49.26487],[-123.15533,49.26727],[-123.15533,49.26736],[-123.15532,49.2392],[-123.15532,49.25675],[-123.15532,49.25966],[-123.15532,49.26484],[-123.15532,49.26771],[-123.15532,49.26775],[-123.15532,49.27166],[-123.15531,49.22429],[-123.15531,49.22507],[-123.15531,49.22774],[-123.15531,49.25916],[-123.15531,49.25961],[-123.15531,49.26006],[-123.1553,49.26014],[-123.1553,49.26571],[-123.1553,49.2681],[-123.15529,49.26825],[-123.15529,49.26862],[-123.15528,49.21611],[-123.15528,49.22578],[-123.15528,49.22731],[-123.15528,49.24011],[-123.15528,49.26187],[-123.15527,49.22908],[-123.15527,49.26278],[-123.15527,49.26655],[-123.15526,49.22292],[-123.15526,49.26099],[-123.15526,49.26109],[-123.15525,49.26056],[-123.15525,49.263],[-123.15525,49.26722],[-123.15525,49.26902],[-123.15525,49.26909],[-123.15524,49.26193],[-123.15524,49.26332],[-123.15524,49.2634],[-123.15524,49.26951],[-123.15524,49.27039],[-123.15523,49.22365],[-123.15523,49.22999],[-123.15523,49.23731],[-123.15523,49.24058],[-123.15523,49.26148],[-123.15523,49.26948],[-123.15522,49.23091],[-123.15522,49.26154],[-123.15522,49.264],[-123.15522,49.2699],[-123.15522,49.26997],[-123.15521,49.2243],[-123.15521,49.26803],[-123.1552,49.23097],[-123.1552,49.27085],[-123.1552,49.27127],[-123.15519,49.24258],[-123.15519,49.26203],[-123.15519,49.26467],[-123.15519,49.26487],[-123.15518,49.22491],[-123.15518,49.26338],[-123.15518,49.26896],[-123.15518,49.27078],[-123.15518,49.27166],[-123.15517,49.24262],[-123.15517,49.26286],[-123.15517,49.26293],[-123.15517,49.26334],[-123.15517,49.27174],[-123.15516,49.22801],[-123.15516,49.23193],[-123.15516,49.26571],[-123.15515,49.22279],[-123.15515,49.22286],[-123.15515,49.22511],[-123.15515,49.26984],[-123.15515,49.27253],[-123.15514,49.22816],[-123.15514,49.26242],[-123.15514,49.26378],[-123.15514,49.27215],[-123.15513,49.22908],[-123.15513,49.23282],[-123.15513,49.26395],[-123.15513,49.26655],[-123.15513,49.27265],[-123.15512,49.22595],[-123.15511,49.27072],[-123.1551,49.2337],[-123.1551,49.23642],[-123.1551,49.23834],[-123.1551,49.26473],[-123.1551,49.26721],[-123.15509,49.22996],[-123.15509,49.23825],[-123.15509,49.26482],[-123.15509,49.26558],[-123.15509,49.26564],[-123.15508,49.22493],[-123.15508,49.22727],[-123.15508,49.2373],[-123.15508,49.27153],[-123.15508,49.2716],[-123.15507,49.23491],[-123.15507,49.26641],[-123.15507,49.26649],[-123.15507,49.26803],[-123.15506,49.23095],[-123.15506,49.27249],[-123.15505,49.22503],[-123.15505,49.22895],[-123.15505,49.22903],[-123.15505,49.23553],[-123.15504,49.21076],[-123.15503,49.26895],[-123.15502,49.22941],[-123.15502,49.22945],[-123.15502,49.23191],[-123.15502,49.2363],[-123.155,49.22819],[-123.155,49.26727],[-123.155,49.26735],[-123.155,49.26984],[-123.15499,49.22985],[-123.15499,49.2299],[-123.15499,49.2328],[-123.15497,49.23082],[-123.15497,49.23088],[-123.15497,49.23276],[-123.15497,49.24207],[-123.15497,49.27072],[-123.15496,49.21084],[-123.15496,49.22236],[-123.15496,49.2337],[-123.15495,49.24207],[-123.15494,49.23179],[-123.15494,49.23185],[-123.15494,49.24219],[-123.15493,49.23845],[-123.15493,49.24419],[-123.15493,49.27153],[-123.15493,49.2716],[-123.15492,49.23491],[-123.15492,49.23507],[-123.15492,49.24219],[-123.15491,49.22222],[-123.15491,49.22815],[-123.15491,49.23553],[-123.15491,49.24485],[-123.15489,49.23268],[-123.15489,49.27248],[-123.15488,49.2222],[-123.15488,49.23355],[-123.15488,49.23629],[-123.15488,49.24556],[-123.15487,49.23274],[-123.15487,49.23364],[-123.15486,49.2157],[-123.15484,49.23725],[-123.15483,49.2396],[-123.15483,49.24687],[-123.15481,49.22805],[-123.15481,49.23572],[-123.1548,49.2345],[-123.1548,49.23599],[-123.1548,49.23909],[-123.1548,49.24756],[-123.15479,49.23466],[-123.15479,49.24418],[-123.15479,49.24783],[-123.15477,49.21537],[-123.15477,49.24486],[-123.15477,49.24866],[-123.15475,49.26336],[-123.15474,49.23955],[-123.15474,49.24309],[-123.15474,49.24555],[-123.15474,49.24922],[-123.15472,49.21569],[-123.15471,49.23826],[-123.15471,49.24643],[-123.1547,49.23871],[-123.1547,49.23876],[-123.15469,49.21617],[-123.15469,49.23915],[-123.15469,49.23921],[-123.15469,49.24686],[-123.15468,49.23408],[-123.15467,49.24084],[-123.15467,49.25349],[-123.15467,49.25355],[-123.15466,49.22721],[-123.15466,49.24754],[-123.15465,49.21729],[-123.15465,49.24783],[-123.15464,49.24299],[-123.15463,49.22728],[-123.15463,49.24858],[-123.15462,49.21818],[-123.15462,49.23834],[-123.15461,49.24105],[-123.1546,49.21569],[-123.1546,49.23965],[-123.15459,49.21889],[-123.15459,49.24923],[-123.15459,49.25149],[-123.15458,49.21617],[-123.15458,49.22819],[-123.15458,49.2396],[-123.15457,49.2197],[-123.15457,49.22819],[-123.15455,49.21728],[-123.15454,49.22049],[-123.15454,49.2514],[-123.15452,49.2215],[-123.15452,49.22997],[-123.15451,49.21819],[-123.15451,49.2282],[-123.15451,49.23038],[-123.15451,49.24007],[-123.1545,49.22178],[-123.15449,49.21889],[-123.15449,49.24256],[-123.15449,49.24844],[-123.15448,49.22227],[-123.15448,49.24851],[-123.15447,49.22279],[-123.15446,49.21965],[-123.15446,49.22997],[-123.15445,49.21605],[-123.15445,49.21611],[-123.15445,49.22724],[-123.15443,49.21716],[-123.15443,49.21722],[-123.15443,49.21806],[-123.15443,49.22048],[-123.15442,49.21813],[-123.15442,49.23096],[-123.15442,49.23192],[-123.15442,49.24554],[-123.15441,49.21843],[-123.15441,49.21848],[-123.15441,49.21876],[-123.15441,49.24003],[-123.1544,49.23466],[-123.1544,49.24104],[-123.15439,49.21883],[-123.15439,49.24261],[-123.15438,49.21912],[-123.15438,49.21916],[-123.15438,49.21948],[-123.15438,49.21958],[-123.15438,49.22177],[-123.15438,49.23128],[-123.15437,49.22286],[-123.15437,49.23136],[-123.15435,49.22007],[-123.15435,49.22011],[-123.15435,49.23192],[-123.15435,49.24561],[-123.15434,49.2272],[-123.15434,49.235],[-123.15433,49.25445],[-123.15432,49.2517],[-123.15432,49.25438],[-123.15432,49.25535],[-123.15431,49.22118],[-123.15431,49.22123],[-123.15431,49.22165],[-123.15431,49.25529],[-123.15429,49.22171],[-123.15428,49.22279],[-123.15427,49.23312],[-123.15427,49.23316],[-123.15427,49.2401],[-123.15427,49.25868],[-123.15426,49.2271],[-123.15426,49.26147],[-123.15426,49.26154],[-123.15424,49.23037],[-123.15423,49.23033],[-123.15422,49.26098],[-123.15422,49.26107],[-123.15421,49.24538],[-123.1542,49.22901],[-123.15419,49.22894],[-123.15418,49.24537],[-123.15417,49.23087],[-123.15415,49.22649],[-123.15415,49.22984],[-123.15415,49.22989],[-123.15412,49.24064],[-123.15412,49.26377],[-123.15411,49.26393],[-123.15406,49.22651],[-123.15406,49.23081],[-123.15405,49.24254],[-123.15404,49.26292],[-123.15403,49.26285],[-123.15397,49.21523],[-123.15394,49.21619],[-123.15394,49.23832],[-123.15394,49.27251],[-123.15393,49.23448],[-123.15393,49.26809],[-123.15393,49.26823],[-123.15392,49.21456],[-123.15392,49.22436],[-123.15392,49.23465],[-123.15392,49.27164],[-123.15392,49.27262],[-123.15391,49.27171],[-123.1539,49.21522],[-123.1539,49.25777],[-123.1539,49.25814],[-123.15389,49.21563],[-123.15389,49.24157],[-123.15387,49.21619],[-123.15385,49.2625],[-123.15383,49.25814],[-123.15383,49.26052],[-123.15382,49.21722],[-123.15382,49.25737],[-123.15381,49.21517],[-123.15381,49.25347],[-123.15381,49.25354],[-123.1538,49.2525],[-123.15378,49.21715],[-123.15378,49.22587],[-123.15378,49.25179],[-123.15377,49.25187],[-123.15377,49.25341],[-123.15377,49.2582],[-123.15376,49.2146],[-123.15376,49.22006],[-123.15376,49.22017],[-123.15376,49.2415],[-123.15376,49.26249],[-123.15374,49.22188],[-123.15374,49.2525],[-123.15373,49.2103],[-123.15373,49.22216],[-123.15373,49.24114],[-123.15373,49.25431],[-123.15372,49.2151],[-123.15372,49.22939],[-123.15372,49.22943],[-123.15372,49.26187],[-123.15371,49.25341],[-123.15371,49.25513],[-123.1537,49.22017],[-123.1537,49.25541],[-123.15369,49.22589],[-123.15368,49.21015],[-123.15368,49.22188],[-123.15368,49.25431],[-123.15367,49.25631],[-123.15365,49.25512],[-123.15364,49.23822],[-123.15363,49.23355],[-123.15363,49.25541],[-123.15363,49.26186],[-123.15362,49.23032],[-123.15362,49.23036],[-123.15362,49.23362],[-123.15361,49.23183],[-123.1536,49.21023],[-123.1536,49.23177],[-123.15359,49.2201],[-123.15359,49.25631],[-123.15358,49.26776],[-123.15357,49.24291],[-123.15356,49.24198],[-123.15355,49.22586],[-123.15355,49.26191],[-123.15353,49.262],[-123.1535,49.24366],[-123.15348,49.22579],[-123.15347,49.24443],[-123.15344,49.24514],[-123.15341,49.2461],[-123.15338,49.24197],[-123.15337,49.24689],[-123.15335,49.24862],[-123.15334,49.24292],[-123.15334,49.24774],[-123.15332,49.24851],[-123.15331,49.24366],[-123.1533,49.24937],[-123.15329,49.22987],[-123.15329,49.24936],[-123.15328,49.2139],[-123.15328,49.22903],[-123.15328,49.23086],[-123.15328,49.24204],[-123.15328,49.2444],[-123.15327,49.22501],[-123.15327,49.22519],[-123.15327,49.22982],[-123.15326,49.24215],[-123.15323,49.24504],[-123.1532,49.2461],[-123.15319,49.24689],[-123.15319,49.25902],[-123.15318,49.23361],[-123.15317,49.25995],[-123.15316,49.21401],[-123.15316,49.26088],[-123.15315,49.25249],[-123.15314,49.26144],[-123.15313,49.26185],[-123.15312,49.23464],[-123.15311,49.2534],[-123.15311,49.26239],[-123.1531,49.22592],[-123.1531,49.24775],[-123.15308,49.24851],[-123.15308,49.2543],[-123.15308,49.26278],[-123.15307,49.24856],[-123.15306,49.23831],[-123.15306,49.24516],[-123.15305,49.21398],[-123.15305,49.22593],[-123.15305,49.25492],[-123.15305,49.26296],[-123.15304,49.20982],[-123.15304,49.21963],[-123.15304,49.24932],[-123.15304,49.25522],[-123.15304,49.2554],[-123.15304,49.26555],[-123.15303,49.22013],[-123.15303,49.22464],[-123.15303,49.24758],[-123.15303,49.26561],[-123.15302,49.24768],[-123.15302,49.25905],[-123.15301,49.21393],[-123.15301,49.25631],[-123.153,49.25248],[-123.153,49.26723],[-123.15299,49.25997],[-123.15299,49.26464],[-123.15298,49.24503],[-123.15297,49.26484],[-123.15296,49.22466],[-123.15296,49.24502],[-123.15296,49.2578],[-123.15296,49.25781],[-123.15295,49.21846],[-123.15295,49.26566],[-123.15294,49.21963],[-123.15294,49.26732],[-123.15294,49.26772],[-123.15294,49.27213],[-123.15293,49.22759],[-123.15293,49.2591],[-123.15293,49.26821],[-123.15292,49.20975],[-123.15292,49.22012],[-123.15292,49.2534],[-123.15292,49.25341],[-123.15292,49.25918],[-123.15292,49.26143],[-123.15292,49.26185],[-123.15291,49.26806],[-123.15291,49.26858],[-123.15291,49.2721],[-123.1529,49.26246],[-123.15289,49.23447],[-123.15289,49.2543],[-123.15289,49.26002],[-123.15289,49.2601],[-123.15288,49.25785],[-123.15288,49.26277],[-123.15288,49.26296],[-123.15288,49.26856],[-123.15288,49.26898],[-123.15288,49.26905],[-123.15287,49.25826],[-123.15287,49.26145],[-123.15286,49.25492],[-123.15286,49.26944],[-123.15285,49.2243],[-123.15285,49.2515],[-123.15285,49.25546],[-123.15285,49.26716],[-123.15285,49.26993],[-123.15284,49.20984],[-123.15284,49.25143],[-123.15284,49.26191],[-123.15284,49.26986],[-123.15284,49.27122],[-123.15283,49.21956],[-123.15283,49.22462],[-123.15283,49.26094],[-123.15283,49.262],[-123.15283,49.26238],[-123.15282,49.22009],[-123.15282,49.25628],[-123.15282,49.25818],[-123.15282,49.26105],[-123.15282,49.26464],[-123.15282,49.268],[-123.15282,49.27075],[-123.15282,49.27081],[-123.15282,49.27249],[-123.15281,49.22005],[-123.15281,49.27036],[-123.1528,49.26283],[-123.1528,49.2629],[-123.1528,49.2633],[-123.1528,49.26335],[-123.1528,49.26484],[-123.15279,49.22456],[-123.15279,49.26148],[-123.15279,49.26892],[-123.15278,49.27163],[-123.15277,49.21509],[-123.15277,49.21515],[-123.15277,49.22116],[-123.15277,49.22121],[-123.15277,49.26372],[-123.15277,49.26567],[-123.15277,49.27169],[-123.15276,49.22163],[-123.15276,49.25642],[-123.15276,49.2698],[-123.15276,49.2726],[-123.15275,49.22431],[-123.15275,49.24125],[-123.15275,49.26393],[-123.15275,49.26478],[-123.15275,49.26716],[-123.15274,49.24131],[-123.15274,49.25816],[-123.15274,49.25826],[-123.15273,49.25162],[-123.15273,49.26371],[-123.15272,49.26553],[-123.15272,49.268],[-123.15272,49.27067],[-123.15271,49.26563],[-123.1527,49.26469],[-123.15269,49.27156],[-123.15268,49.21461],[-123.15268,49.26892],[-123.15268,49.27242],[-123.15267,49.2515],[-123.15266,49.21466],[-123.15266,49.25131],[-123.15265,49.2698],[-123.15265,49.27332],[-123.15264,49.22292],[-123.15263,49.25191],[-123.15262,49.27068],[-123.15262,49.27401],[-123.1526,49.27444],[-123.15259,49.21726],[-123.15258,49.21603],[-123.15258,49.2161],[-123.15258,49.27156],[-123.15258,49.27161],[-123.15257,49.22525],[-123.15256,49.21816],[-123.15256,49.2242],[-123.15256,49.22521],[-123.15256,49.24621],[-123.15256,49.24623],[-123.15256,49.25478],[-123.15255,49.22427],[-123.15255,49.23831],[-123.15254,49.23821],[-123.15254,49.24676],[-123.15254,49.25549],[-123.15254,49.27242],[-123.15253,49.21887],[-123.15253,49.25192],[-123.15253,49.25317],[-123.15253,49.25338],[-123.1525,49.22295],[-123.1525,49.25644],[-123.1525,49.27162],[-123.1525,49.27334],[-123.15249,49.25439],[-123.15249,49.25908],[-123.15248,49.21727],[-123.15248,49.22757],[-123.15248,49.27383],[-123.15247,49.25326],[-123.15247,49.25458],[-123.15247,49.25478],[-123.15247,49.25818],[-123.15246,49.20944],[-123.15246,49.25778],[-123.15246,49.25825],[-123.15246,49.27443],[-123.15245,49.21815],[-123.15245,49.25334],[-123.15245,49.25773],[-123.15244,49.2281],[-123.15244,49.2555],[-123.15244,49.27465],[-123.15243,49.21886],[-123.15243,49.22283],[-123.15243,49.22477],[-123.15243,49.22803],[-123.15243,49.2285],[-123.15243,49.22853],[-123.15243,49.25917],[-123.15242,49.27169],[-123.15241,49.21713],[-123.15241,49.22891],[-123.15241,49.22898],[-123.15241,49.25644],[-123.15241,49.25865],[-123.1524,49.2172],[-123.1524,49.22354],[-123.1524,49.22937],[-123.1524,49.22941],[-123.1524,49.2587],[-123.1524,49.25996],[-123.1524,49.26009],[-123.15239,49.2259],[-123.15239,49.22724],[-123.15238,49.25152],[-123.15238,49.25445],[-123.15238,49.25732],[-123.15238,49.2749],[-123.15237,49.25452],[-123.15236,49.227],[-123.15236,49.26053],[-123.15236,49.26104],[-123.15235,49.22816],[-123.15235,49.22975],[-123.15235,49.25538],[-123.15234,49.22477],[-123.15234,49.23084],[-123.15233,49.23076],[-123.15233,49.25543],[-123.15233,49.27448],[-123.15232,49.2259],[-123.15232,49.22903],[-123.15232,49.23127],[-123.15232,49.27457],[-123.15231,49.22356],[-123.15231,49.25629],[-123.15231,49.25636],[-123.15231,49.25996],[-123.1523,49.21945],[-123.1523,49.24484],[-123.15229,49.20933],[-123.15229,49.23181],[-123.15229,49.24197],[-123.15229,49.25721],[-123.15229,49.26289],[-123.15228,49.22992],[-123.15228,49.26002],[-123.15228,49.27207],[-123.15227,49.26274],[-123.15227,49.26331],[-123.15226,49.2619],[-123.15225,49.22726],[-123.15225,49.23309],[-123.15225,49.23313],[-123.15225,49.26197],[-123.15225,49.26468],[-123.15224,49.24479],[-123.15224,49.2637],[-123.15224,49.26371],[-123.15223,49.2309],[-123.15223,49.26392],[-123.15222,49.22815],[-123.15222,49.26477],[-123.15221,49.22577],[-123.15221,49.22584],[-123.15221,49.24196],[-123.15221,49.26093],[-123.15221,49.26282],[-123.15221,49.26562],[-123.15219,49.22906],[-123.15219,49.24457],[-123.15218,49.2094],[-123.15218,49.22707],[-123.15218,49.26289],[-123.15217,49.21415],[-123.15216,49.22717],[-123.15216,49.22992],[-123.15216,49.23276],[-123.15213,49.23365],[-123.15211,49.23467],[-123.1521,49.24463],[-123.1521,49.27504],[-123.15209,49.23505],[-123.15209,49.27504],[-123.15207,49.23276],[-123.15207,49.24204],[-123.15206,49.24213],[-123.15205,49.23077],[-123.15205,49.23084],[-123.15205,49.25139],[-123.15205,49.27498],[-123.15204,49.22294],[-123.15203,49.23314],[-123.15203,49.2337],[-123.15203,49.23911],[-123.15202,49.21955],[-123.15202,49.22325],[-123.15202,49.27531],[-123.15201,49.23175],[-123.15201,49.23181],[-123.15201,49.27329],[-123.15201,49.27334],[-123.152,49.26134],[-123.15199,49.22322],[-123.15199,49.23505],[-123.15198,49.22011],[-123.15198,49.23263],[-123.15198,49.23466],[-123.15197,49.2327],[-123.15197,49.27329],[-123.15197,49.27416],[-123.15196,49.23127],[-123.15196,49.23131],[-123.15196,49.2384],[-123.15196,49.27391],[-123.15195,49.22175],[-123.15195,49.22296],[-123.15195,49.23308],[-123.15195,49.23313],[-123.15195,49.23352],[-123.15195,49.23358],[-123.15194,49.26051],[-123.15193,49.24611],[-123.15192,49.21256],[-123.15192,49.23401],[-123.15192,49.23406],[-123.15192,49.27415],[-123.15191,49.21255],[-123.1519,49.22011],[-123.1519,49.23444],[-123.1519,49.2346],[-123.1519,49.23994],[-123.1519,49.24681],[-123.1519,49.25437],[-123.1519,49.26561],[-123.1519,49.27211],[-123.15189,49.24036],[-123.15189,49.26553],[-123.15188,49.21726],[-123.15187,49.23835],[-123.15187,49.25481],[-123.15186,49.21272],[-123.15186,49.25332],[-123.15186,49.27209],[-123.15185,49.23635],[-123.15185,49.2555],[-123.15184,49.23641],[-123.15184,49.23835],[-123.15183,49.27553],[-123.15182,49.22419],[-123.15182,49.22426],[-123.15182,49.24045],[-123.15182,49.25438],[-123.15182,49.25481],[-123.15182,49.25643],[-123.15181,49.21727],[-123.15181,49.23993],[-123.15181,49.24598],[-123.1518,49.24681],[-123.1518,49.25714],[-123.15179,49.22178],[-123.15179,49.24035],[-123.15179,49.25334],[-123.15179,49.2555],[-123.15177,49.24123],[-123.15176,49.25016],[-123.15176,49.25643],[-123.15175,49.21269],[-123.15175,49.23867],[-123.15175,49.23871],[-123.15173,49.2454],[-123.15173,49.27258],[-123.15173,49.27536],[-123.15172,49.25714],[-123.15171,49.22239],[-123.15171,49.22434],[-123.15171,49.22448],[-123.1517,49.21263],[-123.1517,49.24627],[-123.1517,49.24668],[-123.1517,49.24675],[-123.15168,49.24756],[-123.15168,49.24766],[-123.15167,49.2391],[-123.15167,49.27552],[-123.15166,49.22434],[-123.15166,49.2259],[-123.15166,49.24716],[-123.15164,49.22452],[-123.15163,49.23819],[-123.15163,49.23829],[-123.15161,49.22242],[-123.15161,49.26146],[-123.1516,49.2259],[-123.1516,49.24112],[-123.15159,49.27544],[-123.15158,49.2322],[-123.15157,49.20886],[-123.15157,49.23224],[-123.15157,49.24416],[-123.15157,49.26805],[-123.15157,49.2682],[-123.15156,49.25036],[-123.15155,49.27247],[-123.15151,49.25041],[-123.15148,49.24422],[-123.15148,49.24579],[-123.15148,49.24586],[-123.15148,49.26158],[-123.15148,49.27072],[-123.15148,49.27079],[-123.15146,49.20893],[-123.15145,49.24108],[-123.15145,49.27306],[-123.15143,49.22193],[-123.15143,49.242],[-123.1514,49.25082],[-123.15139,49.27441],[-123.15136,49.25066],[-123.15135,49.22195],[-123.15135,49.25074],[-123.15135,49.2511],[-123.15135,49.27305],[-123.15134,49.21426],[-123.15133,49.25023],[-123.15131,49.24212],[-123.15131,49.27581],[-123.1513,49.21519],[-123.1513,49.27441],[-123.15129,49.27585],[-123.15128,49.25104],[-123.15128,49.27259],[-123.15127,49.21614],[-123.15127,49.2206],[-123.15127,49.25087],[-123.15124,49.21426],[-123.15123,49.21306],[-123.15123,49.25094],[-123.15121,49.21725],[-123.15121,49.27455],[-123.1512,49.21519],[-123.1512,49.27446],[-123.15119,49.24101],[-123.15119,49.24928],[-123.15119,49.26635],[-123.15118,49.21308],[-123.15118,49.21829],[-123.15117,49.22164],[-123.15116,49.21613],[-123.15115,49.24106],[-123.15114,49.2142],[-123.15114,49.2146],[-123.15114,49.21464],[-123.15114,49.22142],[-123.15112,49.21506],[-123.15111,49.21513],[-123.15111,49.21725],[-123.15111,49.22064],[-123.15111,49.2493],[-123.15111,49.2712],[-123.15111,49.27207],[-123.1511,49.21559],[-123.15109,49.21765],[-123.15109,49.22164],[-123.15109,49.22194],[-123.15108,49.21555],[-123.15107,49.21413],[-123.15107,49.21829],[-123.15106,49.21608],[-123.15105,49.21601],[-123.15105,49.21658],[-123.15105,49.21879],[-123.15105,49.22304],[-123.15104,49.25145],[-123.15104,49.25443],[-123.15104,49.26643],[-123.15103,49.21661],[-123.15102,49.22142],[-123.15101,49.21712],[-123.15101,49.21719],[-123.151,49.21758],[-123.151,49.22194],[-123.151,49.22431],[-123.151,49.25337],[-123.15099,49.21762],[-123.15099,49.25134],[-123.15098,49.25137],[-123.15098,49.27623],[-123.15096,49.21871],[-123.15096,49.22304],[-123.15096,49.22589],[-123.15096,49.22722],[-123.15095,49.21875],[-123.15095,49.27631],[-123.15094,49.21944],[-123.15093,49.22794],[-123.15092,49.24212],[-123.15091,49.22181],[-123.15091,49.22188],[-123.15091,49.22432],[-123.15091,49.242],[-123.15091,49.25529],[-123.15091,49.25548],[-123.15091,49.25863],[-123.15091,49.25867],[-123.15089,49.25679],[-123.15088,49.25304],[-123.15087,49.2564],[-123.15086,49.22588],[-123.15086,49.22895],[-123.15085,49.22722],[-123.15085,49.25337],[-123.15084,49.25711],[-123.15083,49.22794],[-123.15083,49.25737],[-123.15083,49.26629],[-123.15081,49.22762],[-123.15081,49.23082],[-123.15081,49.25437],[-123.15081,49.27328],[-123.1508,49.21875],[-123.1508,49.25808],[-123.1508,49.27377],[-123.15078,49.25529],[-123.15077,49.25548],[-123.15077,49.27296],[-123.15076,49.22576],[-123.15076,49.25202],[-123.15076,49.259],[-123.15076,49.27376],[-123.15076,49.2744],[-123.15075,49.22582],[-123.15074,49.22705],[-123.15074,49.22715],[-123.15073,49.22418],[-123.15073,49.22756],[-123.15073,49.22761],[-123.15073,49.25178],[-123.15073,49.25188],[-123.15073,49.2564],[-123.15073,49.25671],[-123.15073,49.25993],[-123.15071,49.22425],[-123.15071,49.25196],[-123.15071,49.25711],[-123.15071,49.25736],[-123.15071,49.26083],[-123.1507,49.22418],[-123.15069,49.21962],[-123.15069,49.23075],[-123.15069,49.23356],[-123.15069,49.25443],[-123.15069,49.25451],[-123.15068,49.22425],[-123.15068,49.2335],[-123.15068,49.25809],[-123.15068,49.26186],[-123.15067,49.22063],[-123.15067,49.22888],[-123.15067,49.24346],[-123.15067,49.2549],[-123.15067,49.25494],[-123.15067,49.25535],[-123.15067,49.25542],[-123.15066,49.2618],[-123.15066,49.26231],[-123.15065,49.23261],[-123.15065,49.23268],[-123.15065,49.26267],[-123.15064,49.25582],[-123.15064,49.25586],[-123.15064,49.259],[-123.15064,49.26551],[-123.15063,49.23464],[-123.15063,49.25627],[-123.15062,49.23502],[-123.15062,49.25633],[-123.15062,49.25674],[-123.15062,49.25992],[-123.15061,49.23172],[-123.15061,49.23179],[-123.15061,49.25678],[-123.15061,49.25719],[-123.15061,49.25729],[-123.15061,49.26365],[-123.1506,49.24193],[-123.15059,49.23565],[-123.15059,49.26728],[-123.15058,49.22065],[-123.15057,49.21973],[-123.15057,49.24351],[-123.15057,49.26084],[-123.15057,49.26461],[-123.15056,49.23646],[-123.15056,49.2577],[-123.15056,49.25774],[-123.15056,49.2672],[-123.15056,49.26802],[-123.15055,49.21122],[-123.15055,49.21324],[-123.15055,49.26768],[-123.15054,49.21121],[-123.15054,49.2618],[-123.15054,49.26818],[-123.15054,49.26855],[-123.15053,49.21138],[-123.15053,49.26272],[-123.15053,49.26543],[-123.15053,49.26942],[-123.15052,49.26559],[-123.15052,49.26634],[-123.15052,49.26894],[-123.15051,49.21136],[-123.15051,49.24192],[-123.15051,49.26901],[-123.1505,49.25999],[-123.1505,49.2703],[-123.15049,49.21958],[-123.15049,49.26006],[-123.15049,49.2694],[-123.15048,49.23812],[-123.15048,49.26277],[-123.15048,49.26982],[-123.15048,49.2703],[-123.15047,49.23442],[-123.15047,49.26365],[-123.15047,49.26714],[-123.15047,49.2699],[-123.15046,49.23909],[-123.15046,49.23915],[-123.15046,49.2708],[-123.15045,49.23458],[-123.15044,49.21326],[-123.15044,49.26102],[-123.15044,49.26796],[-123.15044,49.27071],[-123.15043,49.21412],[-123.15043,49.26187],[-123.15043,49.2646],[-123.15043,49.27117],[-123.15042,49.23495],[-123.15042,49.235],[-123.15042,49.26091],[-123.15042,49.26194],[-123.15042,49.26279],[-123.15042,49.26286],[-123.15041,49.23812],[-123.15041,49.26888],[-123.15041,49.27078],[-123.1504,49.22068],[-123.1504,49.26544],[-123.15039,49.21125],[-123.15038,49.23633],[-123.15037,49.23639],[-123.15037,49.25008],[-123.15037,49.26976],[-123.15036,49.24913],[-123.15035,49.22049],[-123.15035,49.22194],[-123.15035,49.26328],[-123.15034,49.26628],[-123.15034,49.26713],[-123.15034,49.27065],[-123.15033,49.26142],[-123.15033,49.26146],[-123.15032,49.24211],[-123.1503,49.27152],[-123.15029,49.22194],[-123.15029,49.24915],[-123.15029,49.26796],[-123.15028,49.21323],[-123.15027,49.24122],[-123.15027,49.24198],[-123.15027,49.25352],[-123.15027,49.26888],[-123.15027,49.27237],[-123.15026,49.2189],[-123.15026,49.22432],[-123.15026,49.25346],[-123.15026,49.27282],[-123.15025,49.22575],[-123.15025,49.22581],[-123.15025,49.24116],[-123.15024,49.26976],[-123.15023,49.21316],[-123.15022,49.22588],[-123.15022,49.22762],[-123.1502,49.21372],[-123.1502,49.27065],[-123.1502,49.27154],[-123.1502,49.27439],[-123.15019,49.22432],[-123.15019,49.27459],[-123.15018,49.25024],[-123.15018,49.27147],[-123.15017,49.27153],[-123.15015,49.21375],[-123.15015,49.22589],[-123.15015,49.22762],[-123.15015,49.24282],[-123.15015,49.27548],[-123.15014,49.21953],[-123.15014,49.27238],[-123.15013,49.27282],[-123.15012,49.27636],[-123.15011,49.21893],[-123.15011,49.25028],[-123.15011,49.2707],[-123.1501,49.24063],[-123.1501,49.27077],[-123.15009,49.21943],[-123.15009,49.24797],[-123.15008,49.24054],[-123.15007,49.21961],[-123.15007,49.27166],[-123.15007,49.2744],[-123.15006,49.2276],[-123.15006,49.27459],[-123.15005,49.21558],[-123.15005,49.24067],[-123.15005,49.24287],[-123.15005,49.24771],[-123.15005,49.27158],[-123.15005,49.27244],[-123.15004,49.27258],[-123.15003,49.27548],[-123.15001,49.21848],[-123.14999,49.27636],[-123.14997,49.27445],[-123.14997,49.27453],[-123.14996,49.21724],[-123.14995,49.21959],[-123.14994,49.27533],[-123.14994,49.27541],[-123.14993,49.27491],[-123.14992,49.2758],[-123.14992,49.27583],[-123.14991,49.24874],[-123.14991,49.27495],[-123.1499,49.21724],[-123.1499,49.26045],[-123.1499,49.2605],[-123.14989,49.21175],[-123.14989,49.27621],[-123.14988,49.27115],[-123.14988,49.2763],[-123.14987,49.21172],[-123.14987,49.24748],[-123.14987,49.27119],[-123.14986,49.21418],[-123.14986,49.21851],[-123.14986,49.24866],[-123.14985,49.21176],[-123.14985,49.21411],[-123.14985,49.21953],[-123.14984,49.21174],[-123.14984,49.21512],[-123.14983,49.2451],[-123.14982,49.21505],[-123.1498,49.27029],[-123.14979,49.24749],[-123.14976,49.25957],[-123.14974,49.21905],[-123.14974,49.21958],[-123.14974,49.24755],[-123.14974,49.24761],[-123.14974,49.25953],[-123.14973,49.21243],[-123.14972,49.24508],[-123.14969,49.22067],[-123.14967,49.21248],[-123.14966,49.20755],[-123.14965,49.22192],[-123.14964,49.21786],[-123.14964,49.21959],[-123.14962,49.22581],[-123.1496,49.2187],[-123.1496,49.22067],[-123.1496,49.22306],[-123.1496,49.22574],[-123.14958,49.24548],[-123.14958,49.27266],[-123.14957,49.24905],[-123.14956,49.23997],[-123.14956,49.24003],[-123.14955,49.21952],[-123.14955,49.22192],[-123.14955,49.22429],[-123.14955,49.22719],[-123.14955,49.27385],[-123.14954,49.2187],[-123.14954,49.24051],[-123.14954,49.27267],[-123.14953,49.22493],[-123.14953,49.22587],[-123.14953,49.22776],[-123.14953,49.27293],[-123.14952,49.21991],[-123.14952,49.21995],[-123.14952,49.27404],[-123.14951,49.22306],[-123.14951,49.2283],[-123.1495,49.25861],[-123.1495,49.27385],[-123.1495,49.27404],[-123.14949,49.20751],[-123.14949,49.229],[-123.14946,49.22429],[-123.14946,49.22719],[-123.14946,49.24707],[-123.14945,49.21856],[-123.14945,49.22989],[-123.14944,49.22493],[-123.14944,49.22775],[-123.14944,49.23952],[-123.14944,49.23957],[-123.14942,49.21864],[-123.14942,49.2218],[-123.14942,49.22587],[-123.14941,49.22186],[-123.14941,49.22828],[-123.14941,49.23086],[-123.1494,49.2264],[-123.14939,49.20759],[-123.14939,49.229],[-123.14939,49.24191],[-123.14938,49.23183],[-123.14937,49.22714],[-123.14935,49.22977],[-123.14934,49.21901],[-123.14934,49.23272],[-123.14933,49.22755],[-123.14933,49.22759],[-123.14933,49.22888],[-123.14933,49.26369],[-123.14932,49.22416],[-123.14932,49.23086],[-123.14931,49.21613],[-123.14931,49.22581],[-123.14931,49.22986],[-123.14931,49.2336],[-123.14931,49.26386],[-123.1493,49.21339],[-123.1493,49.22423],[-123.1493,49.22574],[-123.1493,49.22704],[-123.14929,49.22886],[-123.14929,49.22893],[-123.14928,49.23171],[-123.14928,49.25672],[-123.14928,49.25676],[-123.14927,49.21725],[-123.14927,49.2419],[-123.14926,49.21424],[-123.14925,49.23272],[-123.14925,49.23461],[-123.14924,49.21612],[-123.14924,49.23499],[-123.14924,49.23776],[-123.14924,49.25717],[-123.14924,49.25727],[-123.14923,49.2134],[-123.14923,49.23073],[-123.14923,49.23079],[-123.14923,49.23499],[-123.14923,49.23817],[-123.14922,49.20759],[-123.14922,49.2076],[-123.14922,49.21516],[-123.14922,49.2336],[-123.14922,49.25905],[-123.14921,49.25912],[-123.1492,49.21424],[-123.1492,49.2558],[-123.14918,49.23644],[-123.14918,49.24207],[-123.14917,49.21606],[-123.14916,49.21518],[-123.14915,49.23259],[-123.14915,49.23266],[-123.14915,49.24148],[-123.14915,49.268],[-123.14914,49.20753],[-123.14913,49.26764],[-123.14913,49.26767],[-123.14912,49.21728],[-123.14912,49.23809],[-123.14912,49.26815],[-123.14911,49.24143],[-123.14909,49.2344],[-123.14908,49.26714],[-123.14908,49.26726],[-123.14906,49.2698],[-123.14905,49.20728],[-123.14904,49.23456],[-123.14904,49.23493],[-123.14904,49.23498],[-123.14904,49.26987],[-123.14904,49.27068],[-123.14904,49.27075],[-123.14904,49.27156],[-123.14904,49.27165],[-123.14904,49.27261],[-123.14903,49.23809],[-123.14903,49.24197],[-123.149,49.24141],[-123.14899,49.21997],[-123.14899,49.27369],[-123.14898,49.24654],[-123.14896,49.2642],[-123.14895,49.21202],[-123.14894,49.23825],[-123.14894,49.23867],[-123.14893,49.21997],[-123.14893,49.23862],[-123.14893,49.24765],[-123.14893,49.27261],[-123.14892,49.26422],[-123.14891,49.22193],[-123.14891,49.23906],[-123.14891,49.23912],[-123.14891,49.24851],[-123.14889,49.24152],[-123.14889,49.24636],[-123.14889,49.27365],[-123.14888,49.24615],[-123.14888,49.24658],[-123.14886,49.24061],[-123.14885,49.22193],[-123.14885,49.24049],[-123.14885,49.24138],[-123.14885,49.2499],[-123.14885,49.27256],[-123.14884,49.2073],[-123.14884,49.24766],[-123.14884,49.27113],[-123.14884,49.27116],[-123.14882,49.239],[-123.14881,49.2243],[-123.14881,49.24851],[-123.14879,49.26939],[-123.14879,49.27243],[-123.14878,49.23989],[-123.14877,49.22586],[-123.14877,49.27443],[-123.14876,49.22428],[-123.14876,49.24033],[-123.14876,49.24144],[-123.14876,49.24759],[-123.14875,49.21099],[-123.14875,49.21103],[-123.14875,49.24754],[-123.14875,49.26201],[-123.14874,49.225],[-123.14874,49.24987],[-123.14873,49.20968],[-123.14872,49.239],[-123.14871,49.21172],[-123.14871,49.22586],[-123.14871,49.229],[-123.1487,49.24896],[-123.1487,49.25155],[-123.1487,49.25283],[-123.14869,49.23989],[-123.14869,49.24893],[-123.14868,49.24956],[-123.14868,49.2529],[-123.14867,49.24034],[-123.14867,49.2495],[-123.14865,49.20961],[-123.14865,49.24971],[-123.14864,49.22898],[-123.14864,49.25224],[-123.14863,49.24977],[-123.14862,49.21613],[-123.14862,49.23906],[-123.14862,49.23912],[-123.14861,49.23956],[-123.14859,49.25277],[-123.14859,49.25405],[-123.14858,49.21207],[-123.14858,49.23995],[-123.14858,49.24001],[-123.14857,49.23085],[-123.14857,49.25354],[-123.14856,49.21339],[-123.14856,49.2504],[-123.14854,49.25402],[-123.14853,49.21425],[-123.14853,49.25109],[-123.14853,49.25116],[-123.14853,49.25224],[-123.14852,49.25767],[-123.1485,49.25771],[-123.14849,49.21159],[-123.14849,49.21516],[-123.14849,49.25526],[-123.14848,49.25282],[-123.14848,49.25811],[-123.14848,49.25818],[-123.14847,49.25859],[-123.14847,49.25863],[-123.14846,49.25617],[-123.14846,49.25955],[-123.14845,49.21062],[-123.14845,49.25353],[-123.14845,49.25951],[-123.14844,49.21069],[-123.14844,49.25676],[-123.14844,49.26463],[-123.14844,49.26471],[-123.14843,49.25407],[-123.14842,49.21019],[-123.14842,49.21022],[-123.14842,49.25709],[-123.14841,49.26276],[-123.14841,49.27264],[-123.1484,49.25806],[-123.14839,49.2111],[-123.14839,49.21339],[-123.14839,49.21699],[-123.14839,49.25526],[-123.14838,49.21106],[-123.14837,49.24546],[-123.14837,49.25291],[-123.14837,49.25298],[-123.14836,49.25617],[-123.14836,49.25897],[-123.14836,49.27264],[-123.14835,49.21146],[-123.14835,49.21153],[-123.14835,49.21424],[-123.14834,49.24196],[-123.14833,49.21515],[-123.14833,49.21868],[-123.14833,49.24561],[-123.14833,49.25437],[-123.14833,49.25447],[-123.14833,49.25989],[-123.14832,49.21323],[-123.14832,49.21333],[-123.14832,49.25709],[-123.14831,49.25677],[-123.14831,49.25804],[-123.14831,49.26282],[-123.1483,49.21958],[-123.14829,49.21699],[-123.14829,49.24549],[-123.14829,49.25426],[-123.14829,49.26081],[-123.14829,49.26364],[-123.14828,49.26367],[-123.14827,49.24668],[-123.14827,49.26384],[-123.14826,49.22064],[-123.14826,49.27067],[-123.14825,49.25623],[-123.14825,49.25896],[-123.14825,49.27027],[-123.14824,49.2563],[-123.14824,49.2567],[-123.14824,49.25674],[-123.14824,49.26177],[-123.14823,49.24555],[-123.14823,49.24766],[-123.14823,49.26269],[-123.14822,49.21872],[-123.14822,49.25715],[-123.14822,49.25989],[-123.14822,49.26546],[-123.14821,49.22191],[-123.14821,49.24116],[-123.14821,49.24668],[-123.14821,49.25766],[-123.14821,49.25771],[-123.14821,49.26361],[-123.14821,49.26555],[-123.1482,49.26592],[-123.14819,49.26081],[-123.14819,49.2663],[-123.14819,49.26639],[-123.14818,49.21957],[-123.14818,49.24766],[-123.14818,49.25726],[-123.14817,49.22303],[-123.14817,49.25859],[-123.14817,49.25863],[-123.14817,49.26456],[-123.14816,49.21686],[-123.14816,49.21693],[-123.14816,49.25903],[-123.14816,49.2591],[-123.14816,49.26177],[-123.14815,49.2177],[-123.14815,49.21776],[-123.14815,49.26716],[-123.14815,49.27075],[-123.14814,49.21734],[-123.14814,49.22066],[-123.14814,49.26724],[-123.14814,49.26764],[-123.14813,49.21729],[-123.14813,49.2595],[-123.14813,49.25955],[-123.14813,49.25995],[-123.14813,49.26798],[-123.14813,49.26986],[-123.14812,49.22428],[-123.14812,49.26002],[-123.14812,49.2654],[-123.14811,49.21855],[-123.14811,49.21861],[-123.14811,49.26269],[-123.1481,49.21646],[-123.1481,49.2165],[-123.1481,49.21814],[-123.1481,49.21818],[-123.1481,49.21899],[-123.1481,49.21903],[-123.1481,49.26813],[-123.1481,49.26852],[-123.14809,49.22499],[-123.14809,49.26622],[-123.14809,49.26847],[-123.14809,49.26938],[-123.14808,49.26891],[-123.14808,49.27075],[-123.14807,49.21941],[-123.14807,49.2195],[-123.14807,49.24207],[-123.14807,49.26897],[-123.14806,49.22186],[-123.14806,49.22585],[-123.14806,49.26361],[-123.14805,49.2199],[-123.14805,49.21994],[-123.14805,49.22305],[-123.14805,49.26708],[-123.14804,49.22644],[-123.14804,49.26979],[-123.14803,49.20896],[-123.14802,49.26456],[-123.14802,49.26792],[-123.14802,49.27067],[-123.14801,49.2161],[-123.14801,49.22717],[-123.14801,49.2654],[-123.148,49.22429],[-123.14799,49.21899],[-123.14799,49.21903],[-123.14799,49.25462],[-123.14799,49.26885],[-123.14798,49.22799],[-123.14798,49.26623],[-123.14797,49.22177],[-123.14797,49.22184],[-123.14797,49.22499],[-123.14797,49.24514],[-123.14796,49.26973],[-123.14795,49.26708],[-123.14794,49.22585],[-123.14794,49.22898],[-123.14794,49.2451],[-123.14794,49.2702],[-123.14793,49.2676],[-123.14792,49.22644],[-123.14792,49.26792],[-123.14792,49.27061],[-123.14791,49.22982],[-123.14791,49.27109],[-123.1479,49.21334],[-123.14789,49.21605],[-123.14789,49.22415],[-123.14789,49.22421],[-123.14789,49.22718],[-123.14789,49.26885],[-123.14789,49.27168],[-123.14788,49.25444],[-123.14787,49.23084],[-123.14787,49.24591],[-123.14787,49.27259],[-123.14786,49.21597],[-123.14786,49.22486],[-123.14786,49.22493],[-123.14786,49.22799],[-123.14785,49.26973],[-123.14784,49.23171],[-123.14783,49.27576],[-123.14782,49.22898],[-123.14782,49.27371],[-123.14782,49.27579],[-123.14782,49.27618],[-123.14782,49.27626],[-123.14781,49.2327],[-123.14781,49.24593],[-123.14781,49.2546],[-123.1478,49.27061],[-123.14779,49.22982],[-123.14778,49.23353],[-123.14778,49.23635],[-123.14778,49.27078],[-123.14778,49.2768],[-123.14777,49.22702],[-123.14777,49.27108],[-123.14777,49.27456],[-123.14776,49.26937],[-123.14776,49.26978],[-123.14776,49.26985],[-123.14776,49.27169],[-123.14775,49.22712],[-123.14775,49.23083],[-123.14774,49.2346],[-123.14774,49.25452],[-123.14774,49.272],[-123.14774,49.27204],[-123.14772,49.23168],[-123.14772,49.23627],[-123.14772,49.27064],[-123.14772,49.27075],[-123.14772,49.27263],[-123.14771,49.20666],[-123.14771,49.22885],[-123.14771,49.22891],[-123.14771,49.27612],[-123.14771,49.27673],[-123.14769,49.2327],[-123.14769,49.24455],[-123.14769,49.27028],[-123.14769,49.27114],[-123.14769,49.2736],[-123.14769,49.27688],[-123.14766,49.21555],[-123.14766,49.23352],[-123.14766,49.27153],[-123.14766,49.27457],[-123.14765,49.23077],[-123.14765,49.25494],[-123.14765,49.27162],[-123.14764,49.23071],[-123.14764,49.24469],[-123.14764,49.27238],[-123.14763,49.21551],[-123.14763,49.24764],[-123.14763,49.25614],[-123.14762,49.20674],[-123.14762,49.2346],[-123.14762,49.27154],[-123.14762,49.27296],[-123.1476,49.24078],[-123.1476,49.24456],[-123.1476,49.24854],[-123.1476,49.25629],[-123.1476,49.27612],[-123.14759,49.27353],[-123.14758,49.23257],[-123.14758,49.23263],[-123.14758,49.2724],[-123.14758,49.27343],[-123.14758,49.27441],[-123.14758,49.2745],[-123.14758,49.2767],[-123.14757,49.21319],[-123.14757,49.25614],[-123.14757,49.27025],[-123.14756,49.24462],[-123.14756,49.24974],[-123.14756,49.2724],[-123.14755,49.27252],[-123.14754,49.21997],[-123.14754,49.2358],[-123.14754,49.24764],[-123.14754,49.25318],[-123.14753,49.23438],[-123.14753,49.2377],[-123.14753,49.24083],[-123.14753,49.27579],[-123.14752,49.21331],[-123.14752,49.25714],[-123.14752,49.25725],[-123.14752,49.27617],[-123.14751,49.21514],[-123.14751,49.23453],[-123.14751,49.23774],[-123.14751,49.24854],[-123.14751,49.27575],[-123.14751,49.27626],[-123.14748,49.21997],[-123.14748,49.2369],[-123.14748,49.27676],[-123.14747,49.22047],[-123.14747,49.2219],[-123.14747,49.23572],[-123.14746,49.24974],[-123.14745,49.24751],[-123.14744,49.24758],[-123.14743,49.23765],[-123.14743,49.24669],[-123.14743,49.25441],[-123.14742,49.21509],[-123.14742,49.2753],[-123.14742,49.27536],[-123.14741,49.2219],[-123.1474,49.27491],[-123.14739,49.24891],[-123.14739,49.25034],[-123.14739,49.2753],[-123.14739,49.27536],[-123.14738,49.24894],[-123.14738,49.24941],[-123.14738,49.24947],[-123.14738,49.24962],[-123.14738,49.25436],[-123.14737,49.21502],[-123.14737,49.22177],[-123.14737,49.22184],[-123.14737,49.24968],[-123.14737,49.25092],[-123.14736,49.22431],[-123.14736,49.27487],[-123.14735,49.24671],[-123.14734,49.23761],[-123.14731,49.21767],[-123.14731,49.21777],[-123.14731,49.22429],[-123.14731,49.25029],[-123.14728,49.20586],[-123.14726,49.23999],[-123.14725,49.26323],[-123.14724,49.25715],[-123.14724,49.25723],[-123.14723,49.20573],[-123.14722,49.22897],[-123.14722,49.26323],[-123.14718,49.25118],[-123.14717,49.2106],[-123.14717,49.21685],[-123.14717,49.21692],[-123.14716,49.21067],[-123.14715,49.22897],[-123.14715,49.23815],[-123.14715,49.23822],[-123.14714,49.20857],[-123.14714,49.20867],[-123.14714,49.2386],[-123.14714,49.23864],[-123.14713,49.20867],[-123.14712,49.21457],[-123.14712,49.23904],[-123.14712,49.2391],[-123.14712,49.26321],[-123.14711,49.20616],[-123.1471,49.21854],[-123.1471,49.24402],[-123.14709,49.2186],[-123.14707,49.20635],[-123.14707,49.24474],[-123.14706,49.21452],[-123.14706,49.23806],[-123.14705,49.21421],[-123.14705,49.25126],[-123.14704,49.24565],[-123.14704,49.26461],[-123.14704,49.26469],[-123.14703,49.23897],[-123.14702,49.26181],[-123.14701,49.24398],[-123.14701,49.27359],[-123.147,49.23986],[-123.147,49.25133],[-123.147,49.25553],[-123.14699,49.21989],[-123.14699,49.21992],[-123.14698,49.24468],[-123.14698,49.26229],[-123.14697,49.20644],[-123.14697,49.2407],[-123.14697,49.26233],[-123.14696,49.26363],[-123.14695,49.24564],[-123.14695,49.26384],[-123.14693,49.21414],[-123.14693,49.23897],[-123.14691,49.23986],[-123.14691,49.25549],[-123.1469,49.24765],[-123.14689,49.21955],[-123.14688,49.24349],[-123.14687,49.21407],[-123.14687,49.22033],[-123.14687,49.24089],[-123.14687,49.25319],[-123.14687,49.25458],[-123.14686,49.27579],[-123.14685,49.24184],[-123.14685,49.24553],[-123.14685,49.24559],[-123.14684,49.22111],[-123.14684,49.23812],[-123.14684,49.2386],[-123.14684,49.23864],[-123.14684,49.24291],[-123.14684,49.24764],[-123.14683,49.24355],[-123.14683,49.24363],[-123.14682,49.23903],[-123.14682,49.2391],[-123.14682,49.24828],[-123.14681,49.23993],[-123.1468,49.21955],[-123.1468,49.22189],[-123.1468,49.23999],[-123.14678,49.26796],[-123.14677,49.22033],[-123.14676,49.22298],[-123.14675,49.21336],[-123.14674,49.22111],[-123.14674,49.24187],[-123.14674,49.25324],[-123.14673,49.21369],[-123.14673,49.21939],[-123.14673,49.26811],[-123.14672,49.22426],[-123.14671,49.21364],[-123.14671,49.22189],[-123.14671,49.25329],[-123.14671,49.26273],[-123.1467,49.21948],[-123.1467,49.21988],[-123.1467,49.21992],[-123.1467,49.23459],[-123.1467,49.2628],[-123.14669,49.22497],[-123.14669,49.25579],[-123.14668,49.22298],[-123.14668,49.24204],[-123.14667,49.21319],[-123.14666,49.22598],[-123.14665,49.22667],[-123.14665,49.2346],[-123.14665,49.24193],[-123.14664,49.20615],[-123.14664,49.25339],[-123.14663,49.22717],[-123.14663,49.23682],[-123.14663,49.25332],[-123.14662,49.21335],[-123.14662,49.22426],[-123.14662,49.22797],[-123.14662,49.23808],[-123.14661,49.22176],[-123.14661,49.22183],[-123.1466,49.22497],[-123.1466,49.26621],[-123.14658,49.23452],[-123.14657,49.22598],[-123.14657,49.25574],[-123.14656,49.22896],[-123.14656,49.23682],[-123.14655,49.20623],[-123.14654,49.2133],[-123.14654,49.22717],[-123.14654,49.2298],[-123.14652,49.22413],[-123.14651,49.2242],[-123.14651,49.22797],[-123.14651,49.25142],[-123.1465,49.22484],[-123.1465,49.22491],[-123.14649,49.23081],[-123.14649,49.26895],[-123.14648,49.27079],[-123.14647,49.23158],[-123.14647,49.25136],[-123.14646,49.22896],[-123.14645,49.20873],[-123.14645,49.227],[-123.14645,49.2271],[-123.14645,49.27298],[-123.14644,49.2288],[-123.14643,49.2298],[-123.14643,49.23268],[-123.14641,49.20966],[-123.14641,49.21595],[-123.14641,49.23811],[-123.1464,49.23081],[-123.1464,49.23344],[-123.1464,49.2723],[-123.1464,49.27292],[-123.14639,49.21602],[-123.14639,49.27079],[-123.14639,49.27302],[-123.14638,49.22883],[-123.14638,49.22889],[-123.14637,49.23159],[-123.14636,49.21811],[-123.14635,49.20873],[-123.14635,49.2133],[-123.14634,49.21317],[-123.14634,49.21774],[-123.14634,49.27366],[-123.14633,49.21768],[-123.14633,49.23268],[-123.14633,49.25436],[-123.14633,49.27063],[-123.14633,49.27073],[-123.14632,49.20966],[-123.14632,49.27458],[-123.14631,49.23343],[-123.14631,49.27293],[-123.1463,49.23075],[-123.14629,49.23069],[-123.14629,49.24219],[-123.14629,49.24233],[-123.14629,49.24451],[-123.14628,49.24367],[-123.14628,49.25456],[-123.14627,49.2552],[-123.14626,49.20865],[-123.14626,49.24346],[-123.14626,49.24467],[-123.14626,49.24564],[-123.14626,49.27604],[-123.14625,49.23255],[-123.14625,49.23261],[-123.14624,49.2091],[-123.14624,49.27365],[-123.14623,49.20914],[-123.14623,49.20953],[-123.14623,49.24219],[-123.14623,49.24233],[-123.14623,49.25453],[-123.14623,49.27661],[-123.14622,49.20853],[-123.14622,49.20959],[-123.14622,49.24971],[-123.14622,49.25517],[-123.14621,49.21281],[-123.14621,49.24564],[-123.14621,49.24761],[-123.14621,49.25611],[-123.1462,49.21058],[-123.1462,49.26983],[-123.14619,49.21019],[-123.14619,49.24345],[-123.14619,49.27252],[-123.14619,49.2746],[-123.14618,49.21015],[-123.14618,49.23436],[-123.14617,49.25667],[-123.14617,49.25671],[-123.14617,49.25856],[-123.14617,49.25858],[-123.14616,49.21816],[-123.14616,49.2544],[-123.14615,49.21811],[-123.14615,49.25763],[-123.14615,49.25767],[-123.14614,49.25808],[-123.14614,49.25814],[-123.14614,49.25908],[-123.14613,49.25899],[-123.14613,49.27588],[-123.14612,49.24972],[-123.14611,49.21277],[-123.1461,49.27667],[-123.14609,49.21853],[-123.14609,49.21859],[-123.14609,49.21991],[-123.14609,49.257],[-123.14608,49.24762],[-123.14608,49.25999],[-123.14607,49.20795],[-123.14607,49.2576],[-123.14607,49.25947],[-123.14607,49.25951],[-123.14607,49.25992],[-123.14606,49.25802],[-123.14605,49.26039],[-123.14605,49.26043],[-123.14604,49.25853],[-123.14604,49.26084],[-123.14604,49.26095],[-123.14603,49.24971],[-123.14602,49.22008],[-123.14602,49.22426],[-123.14602,49.25894],[-123.14602,49.26227],[-123.14602,49.26894],[-123.14601,49.22189],[-123.14601,49.26186],[-123.14601,49.26231],[-123.146,49.215],[-123.146,49.21506],[-123.146,49.25611],[-123.146,49.25944],[-123.14599,49.24749],[-123.14599,49.24755],[-123.14599,49.2618],[-123.14598,49.22427],[-123.14598,49.25536],[-123.14598,49.25986],[-123.14597,49.21239],[-123.14597,49.22498],[-123.14597,49.26031],[-123.14597,49.26321],[-123.14597,49.26382],[-123.14596,49.26221],[-123.14595,49.22189],[-123.14595,49.26079],[-123.14594,49.24889],[-123.14594,49.24892],[-123.14593,49.24945],[-123.14593,49.25532],[-123.14593,49.26133],[-123.14593,49.26361],[-123.14593,49.26458],[-123.14593,49.26542],[-123.14592,49.25705],[-123.14592,49.26468],[-123.14591,49.25084],[-123.14591,49.25756],[-123.14591,49.26174],[-123.14591,49.26551],[-123.14589,49.24939],[-123.14589,49.2509],[-123.14589,49.25801],[-123.14589,49.26224],[-123.14588,49.21231],[-123.14588,49.24959],[-123.14588,49.26266],[-123.14588,49.26626],[-123.14588,49.26635],[-123.14588,49.2681],[-123.14587,49.25852],[-123.14587,49.26846],[-123.14586,49.24965],[-123.14586,49.25894],[-123.14586,49.26721],[-123.14586,49.26794],[-123.14585,49.25671],[-123.14585,49.26356],[-123.14585,49.26711],[-123.14584,49.25085],[-123.14584,49.25626],[-123.14584,49.25667],[-123.14584,49.25944],[-123.14584,49.26454],[-123.14584,49.26762],[-123.14583,49.26887],[-123.14583,49.26894],[-123.14582,49.25985],[-123.1458,49.26037],[-123.14579,49.26079],[-123.14579,49.26934],[-123.14578,49.2679],[-123.14577,49.20573],[-123.14577,49.21074],[-123.14577,49.25619],[-123.14577,49.26128],[-123.14576,49.20601],[-123.14576,49.26706],[-123.14576,49.26881],[-123.14575,49.22896],[-123.14575,49.23569],[-123.14575,49.26173],[-123.14574,49.23575],[-123.14574,49.25081],[-123.14573,49.2345],[-123.14573,49.25991],[-123.14573,49.25998],[-123.14573,49.26224],[-123.14572,49.23892],[-123.14572,49.26264],[-123.14571,49.21073],[-123.14571,49.24191],[-123.1457,49.2382],[-123.14569,49.21192],[-123.14569,49.22895],[-123.14569,49.2308],[-123.14569,49.26083],[-123.14569,49.26094],[-123.14569,49.26969],[-123.14568,49.21188],[-123.14568,49.23811],[-123.14568,49.259],[-123.14567,49.20582],[-123.14567,49.2382],[-123.14567,49.2508],[-123.14566,49.23811],[-123.14566,49.23985],[-123.14566,49.26136],[-123.14566,49.26179],[-123.14566,49.26187],[-123.14565,49.26315],[-123.14565,49.27056],[-123.14565,49.27095],[-123.14564,49.20593],[-123.14564,49.24065],[-123.14564,49.26229],[-123.14564,49.26356],[-123.14564,49.27141],[-123.14563,49.20794],[-123.14563,49.2604],[-123.14562,49.21154],[-123.14562,49.23266],[-123.14562,49.23858],[-123.14562,49.24119],[-123.14561,49.2308],[-123.14561,49.24146],[-123.14561,49.268],[-123.14561,49.26803],[-123.14561,49.27081],[-123.1456,49.24165],[-123.1456,49.26452],[-123.14559,49.23895],[-123.14559,49.24208],[-123.14559,49.26323],[-123.14559,49.27141],[-123.14557,49.26271],[-123.14557,49.26535],[-123.14556,49.24347],[-123.14555,49.23266],[-123.14555,49.27199],[-123.14554,49.23858],[-123.14554,49.23861],[-123.14554,49.23984],[-123.14554,49.25165],[-123.14554,49.2662],[-123.14553,49.26646],[-123.14552,49.24062],[-123.14552,49.24446],[-123.14552,49.24447],[-123.14552,49.24483],[-123.14551,49.21149],[-123.14551,49.24562],[-123.14551,49.26704],[-123.1455,49.24133],[-123.1455,49.25612],[-123.1455,49.26278],[-123.14548,49.26787],[-123.14547,49.24186],[-123.14547,49.24208],[-123.14546,49.23901],[-123.14545,49.23907],[-123.14545,49.25611],[-123.14545,49.27196],[-123.14544,49.24761],[-123.14544,49.25165],[-123.14544,49.26761],[-123.14544,49.26881],[-123.14543,49.2399],[-123.14543,49.23997],[-123.14543,49.24348],[-123.14542,49.21142],[-123.14542,49.23946],[-123.14542,49.2395],[-123.14542,49.26969],[-123.14542,49.27201],[-123.14541,49.24445],[-123.14541,49.24446],[-123.14541,49.2676],[-123.14541,49.26895],[-123.1454,49.25619],[-123.1454,49.26933],[-123.14539,49.24562],[-123.14539,49.26794],[-123.14539,49.26809],[-123.14538,49.24192],[-123.14537,49.24761],[-123.14537,49.26936],[-123.14537,49.27055],[-123.14536,49.242],[-123.14536,49.27085],[-123.14535,49.20869],[-123.14535,49.21957],[-123.14534,49.25167],[-123.14534,49.25168],[-123.14534,49.2702],[-123.14534,49.27139],[-123.14533,49.24352],[-123.14533,49.24359],[-123.14533,49.26974],[-123.14533,49.27022],[-123.14532,49.26846],[-123.14532,49.26981],[-123.14531,49.20662],[-123.1453,49.21318],[-123.1453,49.21328],[-123.1453,49.21412],[-123.14529,49.21405],[-123.14529,49.25517],[-123.14529,49.27061],[-123.14527,49.20757],[-123.14527,49.2455],[-123.14527,49.24556],[-123.14527,49.25223],[-123.14527,49.27261],[-123.14525,49.22187],[-123.14525,49.22492],[-123.14525,49.2469],[-123.14525,49.25169],[-123.14525,49.272],[-123.14524,49.21953],[-123.14524,49.27071],[-123.14523,49.21058],[-123.14523,49.216],[-123.14523,49.25157],[-123.14522,49.21593],[-123.14522,49.21766],[-123.14522,49.21773],[-123.14522,49.27206],[-123.14521,49.2229],[-123.14521,49.25158],[-123.1452,49.22062],[-123.14519,49.24691],[-123.14518,49.2107],[-123.14516,49.21937],[-123.14516,49.22424],[-123.14515,49.20661],[-123.14515,49.22187],[-123.14514,49.21946],[-123.14514,49.24958],[-123.14513,49.21986],[-123.14513,49.2199],[-123.14513,49.22496],[-123.14512,49.27253],[-123.14511,49.20761],[-123.14511,49.22289],[-123.14511,49.25166],[-123.14511,49.27254],[-123.14509,49.21063],[-123.14508,49.22604],[-123.14507,49.29076],[-123.14506,49.22181],[-123.14506,49.25624],[-123.14505,49.22424],[-123.14505,49.25289],[-123.14504,49.22174],[-123.14504,49.22715],[-123.14502,49.20793],[-123.14502,49.20797],[-123.14502,49.21851],[-123.14502,49.21858],[-123.14501,49.22795],[-123.14499,49.20536],[-123.14499,49.2375],[-123.14499,49.23755],[-123.14498,49.20854],[-123.14498,49.22603],[-123.14497,49.22893],[-123.14495,49.22411],[-123.14495,49.22418],[-123.14495,49.22977],[-123.14494,49.22715],[-123.14492,49.23687],[-123.14492,49.27254],[-123.14491,49.22795],[-123.14491,49.25296],[-123.1449,49.23079],[-123.14489,49.20544],[-123.14489,49.22894],[-123.14488,49.23165],[-123.14488,49.23505],[-123.14488,49.24086],[-123.14487,49.21682],[-123.14487,49.23509],[-123.14486,49.21689],[-123.14486,49.22698],[-123.14486,49.23568],[-123.14486,49.23574],[-123.14485,49.22708],[-123.14485,49.22977],[-123.14484,49.23266],[-123.14484,49.24207],[-123.14484,49.25948],[-123.14483,49.2571],[-123.14483,49.2572],[-123.14482,49.23629],[-123.14482,49.23633],[-123.14482,49.25948],[-123.14481,49.23348],[-123.14481,49.24085],[-123.1448,49.23079],[-123.1448,49.23996],[-123.14479,49.2288],[-123.14479,49.22887],[-123.14479,49.23165],[-123.14479,49.24177],[-123.14479,49.24208],[-123.14477,49.23454],[-123.14476,49.24459],[-123.14476,49.24759],[-123.14476,49.25897],[-123.14476,49.25904],[-123.14475,49.23511],[-123.14475,49.23693],[-123.14475,49.24191],[-123.14475,49.242],[-123.14473,49.23067],[-123.14473,49.23072],[-123.14473,49.24563],[-123.14473,49.24854],[-123.14473,49.25348],[-123.14472,49.2358],[-123.14469,49.23266],[-123.14469,49.24344],[-123.14469,49.24462],[-123.14469,49.24968],[-123.14468,49.21279],[-123.14468,49.23348],[-123.14468,49.23681],[-123.14467,49.23454],[-123.14466,49.24564],[-123.14465,49.23259],[-123.14465,49.23511],[-123.14465,49.2476],[-123.14464,49.23252],[-123.14463,49.2358],[-123.14462,49.24344],[-123.14462,49.24853],[-123.14459,49.23433],[-123.14459,49.23449],[-123.14459,49.24968],[-123.14458,49.26378],[-123.14457,49.24747],[-123.14457,49.24753],[-123.14457,49.26361],[-123.14457,49.26456],[-123.14456,49.21991],[-123.14456,49.2503],[-123.14455,49.24762],[-123.14455,49.25624],[-123.14455,49.25853],[-123.14455,49.29107],[-123.14454,49.23567],[-123.14454,49.23573],[-123.14454,49.26465],[-123.14454,49.2654],[-123.14453,49.22187],[-123.14451,49.23504],[-123.14451,49.23508],[-123.14451,49.25617],[-123.1445,49.21991],[-123.1445,49.24957],[-123.1445,49.265],[-123.1445,49.27315],[-123.14449,49.24963],[-123.14449,49.27059],[-123.14449,49.2707],[-123.14448,49.24943],[-123.14448,49.29111],[-123.14446,49.22187],[-123.14446,49.24661],[-123.14445,49.24659],[-123.14444,49.24657],[-123.14444,49.25032],[-123.14443,49.26535],[-123.14441,49.25389],[-123.14441,49.28953],[-123.1444,49.24761],[-123.14439,49.24937],[-123.14439,49.25024],[-123.14439,49.25707],[-123.14439,49.2572],[-123.14438,49.25761],[-123.14438,49.25764],[-123.14438,49.26892],[-123.14436,49.24665],[-123.14436,49.26885],[-123.14434,49.20873],[-123.14434,49.23729],[-123.14434,49.23748],[-123.14433,49.26792],[-123.14433,49.26807],[-123.1443,49.22754],[-123.1443,49.22764],[-123.1443,49.23802],[-123.1443,49.28957],[-123.14429,49.20854],[-123.14429,49.25086],[-123.14428,49.23853],[-123.14427,49.23894],[-123.14427,49.24653],[-123.14426,49.25548],[-123.14425,49.22892],[-123.14425,49.23938],[-123.14425,49.2466],[-123.14424,49.22763],[-123.14424,49.23982],[-123.14423,49.23748],[-123.14423,49.24001],[-123.14423,49.2466],[-123.14422,49.22758],[-123.14422,49.23733],[-123.14422,49.24654],[-123.14421,49.23802],[-123.14421,49.24083],[-123.1442,49.20869],[-123.1442,49.21728],[-123.1442,49.24604],[-123.1442,49.28958],[-123.14419,49.22892],[-123.14418,49.23893],[-123.14418,49.25407],[-123.14416,49.23943],[-123.14416,49.24206],[-123.14415,49.23982],[-123.14414,49.24001],[-123.14413,49.28953],[-123.14412,49.23264],[-123.14412,49.23749],[-123.14412,49.23754],[-123.14412,49.23808],[-123.14412,49.23816],[-123.14412,49.24084],[-123.14412,49.24481],[-123.14412,49.24605],[-123.14411,49.20865],[-123.14407,49.25102],[-123.14406,49.24206],[-123.14406,49.25103],[-123.14405,49.23264],[-123.14405,49.25088],[-123.14403,49.25095],[-123.14402,49.24481],[-123.14401,49.29139],[-123.144,49.21724],[-123.144,49.21728],[-123.144,49.24739],[-123.14397,49.2419],[-123.14396,49.24198],[-123.14396,49.2514],[-123.14393,49.24739],[-123.14391,49.21778],[-123.1439,49.27331],[-123.14388,49.21863],[-123.14385,49.21953],[-123.14384,49.25141],[-123.14383,49.28991],[-123.14382,49.28911],[-123.14381,49.21778],[-123.1438,49.2206],[-123.1438,49.22095],[-123.1438,49.24502],[-123.1438,49.24506],[-123.1438,49.24554],[-123.1438,49.25664],[-123.1438,49.25718],[-123.1438,49.27317],[-123.14379,49.24337],[-123.14378,49.21863],[-123.14378,49.24548],[-123.14377,49.25709],[-123.14377,49.25759],[-123.14377,49.25764],[-123.14376,49.24705],[-123.14376,49.28996],[-123.14375,49.2087],[-123.14375,49.22185],[-123.14375,49.247],[-123.14375,49.25431],[-123.14375,49.25709],[-123.14375,49.25804],[-123.14375,49.29134],[-123.14374,49.21952],[-123.14374,49.25023],[-123.14374,49.25026],[-123.14374,49.25811],[-123.14374,49.29055],[-123.14373,49.21771],[-123.14373,49.22295],[-123.14373,49.25609],[-123.14372,49.20949],[-123.14372,49.21765],[-123.14371,49.22059],[-123.1437,49.21808],[-123.1437,49.21812],[-123.1437,49.24667],[-123.14369,49.2185],[-123.14369,49.21856],[-123.14369,49.22095],[-123.14369,49.22422],[-123.14369,49.25702],[-123.14368,49.21066],[-123.14368,49.21701],[-123.14368,49.22503],[-123.14368,49.24333],[-123.14367,49.21945],[-123.14367,49.25797],[-123.14367,49.29059],[-123.14366,49.21447],[-123.14366,49.21893],[-123.14366,49.22591],[-123.14365,49.2087],[-123.14365,49.21151],[-123.14365,49.21451],[-123.14365,49.21897],[-123.14365,49.21934],[-123.14365,49.22186],[-123.14365,49.2467],[-123.14364,49.2589],[-123.14363,49.22713],[-123.14363,49.28996],[-123.14362,49.20949],[-123.14362,49.21728],[-123.14362,49.22295],[-123.14361,49.21241],[-123.14361,49.21331],[-123.14361,49.21496],[-123.14361,49.21502],[-123.14361,49.21724],[-123.14361,49.24646],[-123.14361,49.25709],[-123.1436,49.22422],[-123.1436,49.22793],[-123.1436,49.25442],[-123.1436,49.25981],[-123.1436,49.26226],[-123.14359,49.22503],[-123.14359,49.25701],[-123.14358,49.21416],[-123.14358,49.2159],[-123.14358,49.26043],[-123.14357,49.21066],[-123.14357,49.21597],[-123.14357,49.21635],[-123.14357,49.21639],[-123.14357,49.24346],[-123.14357,49.26074],[-123.14357,49.26268],[-123.14357,49.26275],[-123.14357,49.26319],[-123.14356,49.20864],[-123.14356,49.22172],[-123.14356,49.22179],[-123.14356,49.22592],[-123.14356,49.22891],[-123.14356,49.237],[-123.14356,49.25354],[-123.14356,49.26096],[-123.14356,49.26376],[-123.14356,49.26631],[-123.14356,49.28991],[-123.14355,49.24338],[-123.14355,49.24645],[-123.14355,49.25511],[-123.14355,49.25617],[-123.14355,49.2636],[-123.14354,49.21151],[-123.14354,49.22713],[-123.14354,49.23447],[-123.14353,49.22973],[-123.14353,49.25796],[-123.14353,49.26417],[-123.14352,49.21509],[-123.14351,49.21241],[-123.14351,49.22792],[-123.14351,49.22872],[-123.14351,49.26456],[-123.14351,49.26464],[-123.1435,49.21695],[-123.1435,49.22409],[-123.1435,49.22416],[-123.1435,49.23078],[-123.1435,49.2589],[-123.1435,49.26262],[-123.14349,49.20653],[-123.14349,49.23566],[-123.14349,49.25359],[-123.14349,49.25708],[-123.14349,49.25718],[-123.14349,49.26454],[-123.14349,49.26538],[-123.14349,49.26547],[-123.14348,49.20704],[-123.14348,49.21053],[-123.14348,49.2106],[-123.14348,49.21603],[-123.14348,49.23572],[-123.14348,49.26454],[-123.14347,49.20704],[-123.14347,49.23156],[-123.14347,49.2598],[-123.14347,49.27348],[-123.14346,49.22891],[-123.14346,49.25507],[-123.14346,49.26353],[-123.14346,49.26623],[-123.14346,49.27345],[-123.14346,49.28902],[-123.14346,49.29176],[-123.14345,49.21138],[-123.14345,49.21146],[-123.14345,49.21332],[-123.14345,49.22706],[-123.14344,49.22645],[-123.14344,49.2265],[-123.14344,49.22696],[-123.14344,49.22973],[-123.14344,49.25895],[-123.14344,49.25903],[-123.14344,49.26043],[-123.14343,49.21185],[-123.14343,49.23263],[-123.14343,49.26075],[-123.14343,49.26446],[-123.14342,49.21189],[-123.14342,49.21227],[-123.14342,49.21416],[-123.14342,49.24394],[-123.14342,49.26708],[-123.14342,49.26717],[-123.14341,49.21234],[-123.14341,49.21508],[-123.14341,49.23822],[-123.14341,49.26095],[-123.14341,49.29182],[-123.1434,49.21276],[-123.1434,49.22753],[-123.1434,49.22757],[-123.1434,49.23077],[-123.1434,49.23345],[-123.1434,49.24598],[-123.1434,49.25987],[-123.1434,49.26532],[-123.14339,49.25994],[-123.14339,49.26756],[-123.14339,49.29243],[-123.14338,49.21272],[-123.14338,49.22878],[-123.14338,49.22885],[-123.14338,49.23155],[-123.14338,49.25945],[-123.14338,49.26615],[-123.14337,49.21316],[-123.14337,49.21359],[-123.14337,49.21603],[-123.14336,49.21323],[-123.14336,49.21364],[-123.14336,49.23822],[-123.14336,49.24599],[-123.14336,49.26079],[-123.14336,49.26262],[-123.14336,49.26883],[-123.14336,49.2689],[-123.14336,49.28885],[-123.14335,49.26037],[-123.14335,49.2609],[-123.14335,49.26702],[-123.14334,49.24605],[-123.14334,49.27332],[-123.14334,49.28884],[-123.14333,49.21451],[-123.14333,49.23263],[-123.14333,49.24391],[-123.14333,49.24601],[-123.14332,49.21447],[-123.14332,49.26354],[-123.14331,49.23064],[-123.14331,49.2307],[-123.14331,49.23815],[-123.14331,49.26786],[-123.1433,49.23345],[-123.1433,49.29027],[-123.14329,49.21687],[-123.14329,49.24181],[-123.14329,49.25431],[-123.14329,49.26274],[-123.14329,49.26446],[-123.14328,49.24019],[-123.14328,49.26267],[-123.14328,49.26877],[-123.14327,49.20852],[-123.14327,49.2168],[-123.14326,49.24745],[-123.14326,49.26532],[-123.14325,49.24751],[-123.14325,49.26964],[-123.14324,49.23807],[-123.14324,49.24181],[-123.14324,49.29031],[-123.14323,49.2325],[-123.14323,49.26359],[-123.14323,49.26375],[-123.14322,49.21639],[-123.14322,49.23256],[-123.14322,49.24073],[-123.14322,49.27024],[-123.14322,49.27051],[-123.14321,49.26615],[-123.1432,49.21643],[-123.14319,49.26454],[-123.14318,49.23431],[-123.14318,49.26463],[-123.14318,49.26701],[-123.14316,49.20375],[-123.14316,49.26538],[-123.14316,49.26546],[-123.14315,49.26783],[-123.14313,49.26463],[-123.14312,49.24961],[-123.14312,49.26877],[-123.14309,49.20722],[-123.14309,49.26964],[-123.14308,49.20666],[-123.14308,49.20668],[-123.14307,49.26502],[-123.14307,49.2679],[-123.14307,49.26805],[-123.14307,49.27024],[-123.14306,49.27052],[-123.14304,49.26882],[-123.14303,49.26889],[-123.14303,49.26931],[-123.143,49.26415],[-123.143,49.26969],[-123.143,49.26977],[-123.14299,49.2693],[-123.14298,49.20441],[-123.14298,49.20868],[-123.14298,49.26415],[-123.14297,49.20454],[-123.14295,49.265],[-123.14294,49.2044],[-123.14294,49.20947],[-123.14294,49.25086],[-123.14293,49.25093],[-123.14293,49.28868],[-123.14292,49.21008],[-123.14291,49.20868],[-123.14288,49.20943],[-123.14288,49.21764],[-123.14287,49.2177],[-123.14287,49.29206],[-123.14286,49.21],[-123.14286,49.22101],[-123.14285,49.21589],[-123.14285,49.21596],[-123.14285,49.27365],[-123.14284,49.2041],[-123.14283,49.22184],[-123.14283,49.25624],[-123.14283,49.28869],[-123.14282,49.2844],[-123.1428,49.29211],[-123.14279,49.22255],[-123.14279,49.29062],[-123.14277,49.22106],[-123.14277,49.28858],[-123.14276,49.22185],[-123.14275,49.22422],[-123.14275,49.28543],[-123.14275,49.28864],[-123.14274,49.22263],[-123.14274,49.23678],[-123.14273,49.27351],[-123.1427,49.22422],[-123.1427,49.23695],[-123.1427,49.29066],[-123.14269,49.2369],[-123.14268,49.26808],[-123.14267,49.28456],[-123.14261,49.25414],[-123.1426,49.21445],[-123.1426,49.21449],[-123.1426,49.22759],[-123.1426,49.28433],[-123.14259,49.28474],[-123.14259,49.28541],[-123.14258,49.2556],[-123.14256,49.2289],[-123.14255,49.28684],[-123.14254,49.22759],[-123.14254,49.26789],[-123.14252,49.28905],[-123.14251,49.28668],[-123.14249,49.21314],[-123.14249,49.2289],[-123.14249,49.23075],[-123.14249,49.25556],[-123.14249,49.28802],[-123.14249,49.28804],[-123.14247,49.23445],[-123.14247,49.23991],[-123.14247,49.2543],[-123.14247,49.26804],[-123.14246,49.25706],[-123.14246,49.26803],[-123.14246,49.29062],[-123.14245,49.28606],[-123.14245,49.2869],[-123.14244,49.24085],[-123.14244,49.28379],[-123.14243,49.21322],[-123.14243,49.23076],[-123.14243,49.23262],[-123.14243,49.25247],[-123.14243,49.28741],[-123.14242,49.23629],[-123.14242,49.26757],[-123.14242,49.28705],[-123.14241,49.2418],[-123.14241,49.26753],[-123.1424,49.23063],[-123.1424,49.23069],[-123.1424,49.23343],[-123.1424,49.26316],[-123.14238,49.21494],[-123.14238,49.215],[-123.14238,49.28806],[-123.14238,49.28907],[-123.14237,49.25242],[-123.14236,49.21409],[-123.14236,49.23262],[-123.14236,49.23991],[-123.14236,49.28627],[-123.14234,49.26844],[-123.14233,49.23631],[-123.14233,49.24294],[-123.14233,49.28773],[-123.14232,49.21398],[-123.14232,49.23343],[-123.14232,49.28667],[-123.14232,49.28744],[-123.14232,49.29241],[-123.14231,49.20728],[-123.14231,49.23339],[-123.14231,49.24085],[-123.14231,49.26841],[-123.14231,49.27056],[-123.14231,49.27066],[-123.1423,49.26172],[-123.1423,49.28678],[-123.14229,49.2418],[-123.14229,49.26182],[-123.14229,49.28383],[-123.14229,49.28474],[-123.14228,49.20809],[-123.14228,49.21445],[-123.14228,49.21449],[-123.14228,49.26818],[-123.14228,49.27386],[-123.14228,49.28612],[-123.14227,49.28763],[-123.14227,49.28907],[-123.14226,49.27384],[-123.14226,49.28888],[-123.14225,49.23902],[-123.14225,49.23908],[-123.14225,49.28746],[-123.14224,49.21685],[-123.14224,49.26265],[-123.14224,49.2881],[-123.14224,49.29097],[-123.14224,49.29245],[-123.14223,49.21679],[-123.14223,49.23996],[-123.14223,49.24003],[-123.14223,49.26273],[-123.14222,49.23638],[-123.14222,49.26813],[-123.14222,49.28478],[-123.14222,49.28487],[-123.14222,49.28678],[-123.14221,49.24091],[-123.14221,49.24098],[-123.14221,49.28691],[-123.1422,49.20868],[-123.1422,49.23634],[-123.1422,49.25242],[-123.1422,49.26358],[-123.1422,49.26374],[-123.14219,49.24188],[-123.14219,49.26452],[-123.14219,49.28708],[-123.14218,49.28684],[-123.14217,49.24195],[-123.14217,49.26461],[-123.14217,49.29101],[-123.14216,49.20957],[-123.14216,49.21848],[-123.14216,49.21854],[-123.14215,49.20722],[-123.14215,49.2737],[-123.14215,49.28904],[-123.14215,49.29093],[-123.14214,49.24283],[-123.14214,49.2889],[-123.14212,49.20811],[-123.14212,49.25246],[-123.14211,49.2662],[-123.1421,49.25567],[-123.1421,49.26629],[-123.14209,49.24433],[-123.14208,49.238],[-123.14208,49.29089],[-123.14207,49.20664],[-123.14207,49.20714],[-123.14207,49.21932],[-123.14207,49.21943],[-123.14207,49.25427],[-123.14206,49.20755],[-123.14206,49.20872],[-123.14204,49.20705],[-123.14204,49.26788],[-123.14204,49.26803],[-123.14203,49.20795],[-123.14203,49.20805],[-123.14203,49.20958],[-123.14203,49.27017],[-123.14203,49.29084],[-123.14202,49.20846],[-123.142,49.24289],[-123.14199,49.20555],[-123.14197,49.22125],[-123.14197,49.24295],[-123.14197,49.25647],[-123.14195,49.20863],[-123.14194,49.22183],[-123.14193,49.28937],[-123.14192,49.23814],[-123.14189,49.2105],[-123.14189,49.21057],[-123.14189,49.21269],[-123.14189,49.22292],[-123.14189,49.23705],[-123.14189,49.26415],[-123.14188,49.26411],[-123.14188,49.29282],[-123.14187,49.20562],[-123.14187,49.23793],[-123.14187,49.28942],[-123.14186,49.22124],[-123.14185,49.22183],[-123.14185,49.2242],[-123.14184,49.21595],[-123.14183,49.21588],[-123.14181,49.2251],[-123.14181,49.28299],[-123.1418,49.21011],[-123.1418,49.22292],[-123.1418,49.23804],[-123.14178,49.24532],[-123.14177,49.22599],[-123.14177,49.28736],[-123.14176,49.21269],[-123.14176,49.24525],[-123.14176,49.27082],[-123.14176,49.28323],[-123.14176,49.28509],[-123.14175,49.22176],[-123.14175,49.2242],[-123.14174,49.22169],[-123.14174,49.29282],[-123.14173,49.22415],[-123.14173,49.2271],[-123.14173,49.24698],[-123.14173,49.24701],[-123.14173,49.28712],[-123.14172,49.2251],[-123.14172,49.28924],[-123.14171,49.25943],[-123.1417,49.22786],[-123.1417,49.23062],[-123.1417,49.23068],[-123.1417,49.26582],[-123.1417,49.28317],[-123.1417,49.28513],[-123.14169,49.20481],[-123.14168,49.20481],[-123.14168,49.22599],[-123.14168,49.28307],[-123.14167,49.22888],[-123.14167,49.24657],[-123.14166,49.24649],[-123.14165,49.22407],[-123.14164,49.22414],[-123.14164,49.22968],[-123.14164,49.23248],[-123.14164,49.23253],[-123.14163,49.24524],[-123.14163,49.28926],[-123.14162,49.20485],[-123.14161,49.20436],[-123.14161,49.22706],[-123.14161,49.22786],[-123.14161,49.23074],[-123.14161,49.23339],[-123.14161,49.23342],[-123.14161,49.2872],[-123.14161,49.28731],[-123.1416,49.24755],[-123.14158,49.22887],[-123.14158,49.24537],[-123.14158,49.27299],[-123.14157,49.22704],[-123.14157,49.23155],[-123.14157,49.24846],[-123.14157,49.2709],[-123.14156,49.22643],[-123.14156,49.22647],[-123.14155,49.22968],[-123.14155,49.24645],[-123.14154,49.21313],[-123.14154,49.2132],[-123.14154,49.21762],[-123.14154,49.21768],[-123.14154,49.2326],[-123.14154,49.24661],[-123.14154,49.25943],[-123.14153,49.22694],[-123.14152,49.22746],[-123.14152,49.24964],[-123.14152,49.25435],[-123.14152,49.26704],[-123.14152,49.26714],[-123.14152,49.27088],[-123.14151,49.20994],[-123.14151,49.21397],[-123.14151,49.23074],[-123.14151,49.23344],[-123.14151,49.24754],[-123.1415,49.21407],[-123.14148,49.22099],[-123.14148,49.22103],[-123.14148,49.22875],[-123.14148,49.22881],[-123.14148,49.23155],[-123.14148,49.24544],[-123.14148,49.2455],[-123.14148,49.27085],[-123.14147,49.23449],[-123.14147,49.24847],[-123.14147,49.25181],[-123.14147,49.26803],[-123.14146,49.24598],[-123.14146,49.24603],[-123.14145,49.2326],[-123.14145,49.2465],[-123.14145,49.24656],[-123.14145,49.26826],[-123.14145,49.26832],[-123.14144,49.24701],[-123.14144,49.25429],[-123.14143,49.24697],[-123.14143,49.24963],[-123.14143,49.25435],[-123.14143,49.25672],[-123.14142,49.21492],[-123.14142,49.21499],[-123.14142,49.23343],[-123.14142,49.23558],[-123.14142,49.24742],[-123.14142,49.26582],[-123.14142,49.27089],[-123.14141,49.23061],[-123.14141,49.23067],[-123.14141,49.24748],[-123.1414,49.28973],[-123.14138,49.23449],[-123.14138,49.24789],[-123.14138,49.27415],[-123.14138,49.28971],[-123.14137,49.24834],[-123.14137,49.27413],[-123.14136,49.2484],[-123.14136,49.25892],[-123.14136,49.25899],[-123.14135,49.25169],[-123.14135,49.25182],[-123.14134,49.24932],[-123.14134,49.24938],[-123.14133,49.20488],[-123.14133,49.24952],[-123.14133,49.24958],[-123.14133,49.25669],[-123.14133,49.27071],[-123.14132,49.20544],[-123.14132,49.23549],[-123.14132,49.25695],[-123.14132,49.28977],[-123.14131,49.20869],[-123.14131,49.25794],[-123.1413,49.25746],[-123.1413,49.26074],[-123.1413,49.26129],[-123.14129,49.24429],[-123.14128,49.23428],[-123.14128,49.23443],[-123.14128,49.25885],[-123.14128,49.26089],[-123.14128,49.28768],[-123.14127,49.20993],[-123.14127,49.27399],[-123.14126,49.2354],[-123.14126,49.27078],[-123.14126,49.28338],[-123.14125,49.23499],[-123.14125,49.23504],[-123.14125,49.26171],[-123.14124,49.25978],[-123.14124,49.2618],[-123.14123,49.20719],[-123.14123,49.28544],[-123.14123,49.28563],[-123.14122,49.20533],[-123.14122,49.25696],[-123.14122,49.27054],[-123.14121,49.20481],[-123.14121,49.25284],[-123.14121,49.26068],[-123.1412,49.20809],[-123.1412,49.21273],[-123.1412,49.27288],[-123.1412,49.28959],[-123.1412,49.28977],[-123.14118,49.26618],[-123.14118,49.29168],[-123.14117,49.25418],[-123.14117,49.25424],[-123.14117,49.26165],[-123.14117,49.28749],[-123.14116,49.20804],[-123.14116,49.25747],[-123.14116,49.28549],[-123.14116,49.28558],[-123.14116,49.28748],[-123.14115,49.25794],[-123.14115,49.26257],[-123.14114,49.28956],[-123.14113,49.25701],[-123.14113,49.28955],[-123.14112,49.20803],[-123.14112,49.21268],[-123.14112,49.25714],[-123.14112,49.25885],[-123.14112,49.26349],[-123.14112,49.28755],[-123.14112,49.28964],[-123.14112,49.29172],[-123.14111,49.26445],[-123.14111,49.26627],[-123.1411,49.21063],[-123.14109,49.2705],[-123.14108,49.24186],[-123.14108,49.25978],[-123.14108,49.26581],[-123.14107,49.21148],[-123.14107,49.21396],[-123.14106,49.21098],[-123.14106,49.25759],[-123.14106,49.25799],[-123.14106,49.25806],[-123.14105,49.26067],[-123.14105,49.28977],[-123.14104,49.21238],[-123.14104,49.24193],[-123.14104,49.27015],[-123.14104,49.29298],[-123.14103,49.21151],[-123.14103,49.25755],[-123.14103,49.25891],[-123.14103,49.26466],[-123.14102,49.21505],[-123.14102,49.22182],[-123.14102,49.25899],[-123.14102,49.26165],[-123.14102,49.26587],[-123.14102,49.28879],[-123.14101,49.21412],[-123.14101,49.25296],[-123.14101,49.26612],[-123.141,49.21331],[-123.141,49.25848],[-123.14099,49.26529],[-123.14099,49.26825],[-123.14099,49.29311],[-123.14098,49.25663],[-123.14098,49.25941],[-123.14098,49.26674],[-123.14098,49.26832],[-123.14097,49.216],[-123.14097,49.25659],[-123.14097,49.25983],[-123.14097,49.25991],[-123.14097,49.26698],[-123.14097,49.29154],[-123.14096,49.22419],[-123.14096,49.26033],[-123.14096,49.26256],[-123.14096,49.28883],[-123.14095,49.21231],[-123.14095,49.21505],[-123.14095,49.21691],[-123.14095,49.22182],[-123.14095,49.26073],[-123.14095,49.26088],[-123.14095,49.2617],[-123.14094,49.21412],[-123.14094,49.26781],[-123.14094,49.27282],[-123.14093,49.26473],[-123.14093,49.29299],[-123.14092,49.216],[-123.14092,49.26445],[-123.14092,49.26872],[-123.14091,49.21769],[-123.14091,49.2242],[-123.14091,49.26129],[-123.1409,49.26179],[-123.1409,49.29158],[-123.14089,49.27025],[-123.14088,49.21691],[-123.14088,49.21859],[-123.14088,49.26513],[-123.14088,49.26959],[-123.14087,49.2635],[-123.14087,49.26529],[-123.14086,49.29007],[-123.14085,49.21766],[-123.14085,49.26263],[-123.14085,49.26445],[-123.14085,49.26611],[-123.14084,49.26443],[-123.14084,49.27239],[-123.14083,49.25583],[-123.14082,49.21859],[-123.14082,49.26354],[-123.14082,49.26686],[-123.14081,49.26696],[-123.1408,49.29012],[-123.14079,49.26272],[-123.14079,49.26714],[-123.14079,49.29318],[-123.14078,49.23803],[-123.14078,49.23812],[-123.14078,49.26528],[-123.14078,49.2678],[-123.14077,49.26617],[-123.14077,49.26627],[-123.14077,49.27241],[-123.14075,49.20591],[-123.14075,49.22887],[-123.14075,49.26565],[-123.14074,49.26529],[-123.14074,49.27009],[-123.14073,49.20646],[-123.14073,49.26449],[-123.14073,49.26459],[-123.14073,49.26542],[-123.14073,49.26873],[-123.14072,49.26494],[-123.14072,49.26499],[-123.14072,49.26958],[-123.14072,49.28371],[-123.14072,49.2839],[-123.14072,49.28596],[-123.14071,49.20719],[-123.1407,49.2081],[-123.1407,49.2113],[-123.1407,49.23696],[-123.1407,49.2858],[-123.1407,49.28807],[-123.1407,49.29015],[-123.14069,49.20535],[-123.14069,49.26372],[-123.14069,49.26534],[-123.14068,49.20872],[-123.14068,49.22887],[-123.14068,49.26786],[-123.14067,49.27326],[-123.14066,49.23073],[-123.14066,49.25579],[-123.14066,49.26563],[-123.14066,49.26888],[-123.14066,49.28785],[-123.14065,49.26801],[-123.14065,49.28376],[-123.14065,49.28386],[-123.14065,49.28591],[-123.14064,49.20959],[-123.14064,49.26752],[-123.14064,49.26838],[-123.14064,49.26865],[-123.14064,49.28223],[-123.14064,49.28584],[-123.14064,49.29194],[-123.14062,49.23711],[-123.14061,49.23073],[-123.14061,49.23706],[-123.14061,49.26595],[-123.14061,49.28245],[-123.1406,49.27325],[-123.14059,49.21221],[-123.14059,49.2306],[-123.14058,49.23066],[-123.14058,49.23267],[-123.14058,49.27373],[-123.14058,49.2879],[-123.14058,49.28799],[-123.14057,49.21062],[-123.14057,49.28242],[-123.14056,49.23663],[-123.14056,49.2919],[-123.14055,49.29006],[-123.14054,49.21147],[-123.14053,49.20534],[-123.14052,49.21236],[-123.14052,49.28231],[-123.14052,49.29323],[-123.14051,49.26594],[-123.1405,49.2059],[-123.14049,49.21324],[-123.14048,49.20647],[-123.14047,49.26701],[-123.14047,49.27445],[-123.14046,49.21412],[-123.14046,49.26648],[-123.14046,49.27442],[-123.14045,49.2355],[-123.14045,49.29189],[-123.14044,49.2072],[-123.14044,49.24534],[-123.14042,49.21503],[-123.14041,49.26611],[-123.14041,49.26712],[-123.1404,49.2355],[-123.14039,49.20574],[-123.14039,49.20782],[-123.14039,49.21597],[-123.14039,49.24535],[-123.14038,49.27138],[-123.14037,49.29194],[-123.14036,49.20873],[-123.14036,49.21688],[-123.14036,49.26647],[-123.14036,49.26686],[-123.14036,49.27153],[-123.14036,49.27428],[-123.14035,49.20988],[-123.14035,49.27126],[-123.14034,49.26837],[-123.14033,49.21098],[-123.14033,49.21756],[-123.14033,49.2675],[-123.14033,49.29043],[-123.14032,49.25082],[-123.14031,49.25089],[-123.1403,49.23245],[-123.1403,49.23251],[-123.14029,49.21859],[-123.14029,49.27155],[-123.14028,49.21233],[-123.14027,49.21946],[-123.14027,49.29047],[-123.14026,49.26685],[-123.14026,49.26724],[-123.14025,49.21324],[-123.14025,49.24476],[-123.14024,49.22017],[-123.14023,49.23155],[-123.14023,49.26442],[-123.14022,49.21092],[-123.14022,49.21405],[-123.14021,49.26752],[-123.1402,49.22098],[-123.1402,49.25657],[-123.1402,49.28613],[-123.14019,49.21514],[-123.14019,49.28407],[-123.14018,49.29308],[-123.14017,49.2131],[-123.14017,49.22181],[-123.14016,49.21597],[-123.14016,49.25189],[-123.14016,49.26723],[-123.14015,49.24472],[-123.14015,49.25182],[-123.14015,49.26762],[-123.14015,49.28634],[-123.14015,49.28841],[-123.14014,49.29047],[-123.14013,49.22273],[-123.14013,49.28821],[-123.14012,49.28411],[-123.14011,49.28277],[-123.1401,49.21752],[-123.14009,49.28262],[-123.14009,49.28826],[-123.14008,49.215],[-123.14008,49.21507],[-123.14008,49.2863],[-123.14008,49.29231],[-123.14007,49.22419],[-123.14007,49.24495],[-123.14007,49.2862],[-123.14006,49.21847],[-123.14006,49.25712],[-123.14006,49.26761],[-123.14006,49.29043],[-123.14005,49.24486],[-123.14005,49.28835],[-123.14004,49.25596],[-123.14004,49.29327],[-123.14003,49.21946],[-123.14003,49.2251],[-123.14002,49.28272],[-123.14002,49.29321],[-123.14001,49.22601],[-123.14001,49.26836],[-123.14001,49.26837],[-123.14,49.21999],[-123.14,49.28265],[-123.13999,49.21834],[-123.13999,49.26692],[-123.13999,49.29227],[-123.13998,49.2184],[-123.13997,49.21722],[-123.13997,49.21941],[-123.13997,49.22089],[-123.13996,49.22708],[-123.13996,49.29309],[-123.13995,49.26071],[-123.13994,49.2059],[-123.13994,49.24558],[-123.13993,49.21931],[-123.13993,49.22181],[-123.13993,49.22791],[-123.13993,49.29225],[-123.13991,49.20721],[-123.1399,49.22271],[-123.1399,49.22887],[-123.13989,49.28945],[-123.13988,49.26699],[-123.13986,49.20884],[-123.13986,49.20885],[-123.13986,49.22362],[-123.13986,49.22981],[-123.13986,49.28943],[-123.13985,49.26261],[-123.13984,49.22419],[-123.13984,49.26168],[-123.13984,49.26271],[-123.13984,49.29228],[-123.13983,49.21993],[-123.13983,49.23072],[-123.13983,49.26178],[-123.13982,49.20471],[-123.13982,49.21732],[-123.13982,49.22257],[-123.13981,49.22264],[-123.13981,49.23148],[-123.1398,49.21099],[-123.1398,49.2251],[-123.1398,49.26351],[-123.1398,49.26372],[-123.1398,49.29078],[-123.13979,49.28947],[-123.13978,49.22076],[-123.13978,49.22083],[-123.13977,49.21318],[-123.13977,49.226],[-123.13977,49.23261],[-123.13976,49.22167],[-123.13976,49.22174],[-123.13976,49.22411],[-123.13976,49.23338],[-123.13975,49.21328],[-123.13975,49.22404],[-123.13975,49.26845],[-123.13974,49.23462],[-123.13974,49.25016],[-123.13973,49.20864],[-123.13973,49.29083],[-123.13972,49.20484],[-123.13972,49.22707],[-123.1397,49.2085],[-123.13969,49.2085],[-123.13969,49.2133],[-123.13969,49.21939],[-123.13969,49.22797],[-123.13968,49.2193],[-123.13968,49.21986],[-123.13968,49.23546],[-123.13967,49.2846],[-123.13966,49.22348],[-123.13966,49.22889],[-123.13966,49.28442],[-123.13965,49.22355],[-123.13965,49.2269],[-123.13965,49.23898],[-123.13965,49.28667],[-123.13964,49.20494],[-123.13964,49.22348],[-123.13964,49.22355],[-123.13964,49.23904],[-123.13964,49.26837],[-123.13964,49.27474],[-123.13963,49.21513],[-123.13963,49.22701],[-123.13963,49.2298],[-123.13963,49.23642],[-123.13963,49.28878],[-123.13962,49.22785],[-123.13962,49.28649],[-123.13961,49.21415],[-123.13961,49.22791],[-123.13961,49.23722],[-123.13961,49.23992],[-123.13961,49.23999],[-123.13961,49.26775],[-123.13961,49.26785],[-123.1396,49.23071],[-123.1396,49.28856],[-123.13959,49.2747],[-123.13958,49.23795],[-123.13958,49.24088],[-123.13958,49.24093],[-123.13958,49.28447],[-123.13958,49.28663],[-123.13957,49.21513],[-123.13957,49.23149],[-123.13957,49.28654],[-123.13955,49.2389],[-123.13955,49.28294],[-123.13955,49.28315],[-123.13954,49.28293],[-123.13954,49.29061],[-123.13953,49.21749],[-123.13953,49.23258],[-123.13952,49.24348],[-123.13952,49.25692],[-123.13951,49.20701],[-123.13951,49.21846],[-123.13951,49.23337],[-123.13951,49.23986],[-123.13951,49.24356],[-123.13951,49.28861],[-123.13951,49.2887],[-123.13949,49.27456],[-123.13948,49.24081],[-123.13948,49.25788],[-123.13948,49.29065],[-123.13947,49.21749],[-123.13947,49.23447],[-123.13946,49.21947],[-123.13946,49.25854],[-123.13946,49.28301],[-123.13945,49.24176],[-123.13945,49.25881],[-123.13945,49.26972],[-123.13945,49.28145],[-123.13945,49.28309],[-123.13944,49.20583],[-123.13944,49.21846],[-123.13944,49.22],[-123.13944,49.23244],[-123.13944,49.2325],[-123.13944,49.23547],[-123.13944,49.25632],[-123.13944,49.25972],[-123.13942,49.2071],[-123.13942,49.24272],[-123.13942,49.24941],[-123.13941,49.2209],[-123.13941,49.23635],[-123.13941,49.26874],[-123.13941,49.2926],[-123.1394,49.21947],[-123.1394,49.26886],[-123.13939,49.23426],[-123.13939,49.24342],[-123.13939,49.28171],[-123.13938,49.22],[-123.13938,49.2344],[-123.13938,49.23723],[-123.13938,49.26067],[-123.13936,49.20588],[-123.13936,49.2443],[-123.13936,49.25627],[-123.13935,49.23795],[-123.13934,49.21718],[-123.13934,49.2209],[-123.13934,49.22271],[-123.13934,49.23535],[-123.13934,49.23541],[-123.13934,49.24504],[-123.13934,49.2616],[-123.13934,49.26184],[-123.13934,49.28155],[-123.13933,49.26457],[-123.13933,49.29265],[-123.13932,49.20716],[-123.13932,49.23891],[-123.13932,49.24955],[-123.13931,49.2218],[-123.13931,49.23622],[-123.13931,49.23628],[-123.13931,49.23891],[-123.13931,49.24929],[-123.13931,49.28165],[-123.1393,49.23707],[-123.1393,49.24613],[-123.1393,49.26253],[-123.13929,49.22032],[-123.13929,49.22036],[-123.13929,49.22219],[-123.13929,49.2236],[-123.13929,49.23986],[-123.13929,49.28906],[-123.13929,49.29324],[-123.13928,49.28149],[-123.13927,49.22271],[-123.13927,49.24732],[-123.13926,49.26872],[-123.13925,49.20874],[-123.13925,49.2408],[-123.13925,49.2644],[-123.13925,49.28487],[-123.13924,49.2236],[-123.13924,49.24824],[-123.13924,49.25081],[-123.13924,49.25087],[-123.13923,49.23897],[-123.13923,49.26799],[-123.13923,49.26873],[-123.13923,49.2891],[-123.13922,49.20588],[-123.13922,49.23904],[-123.13922,49.24175],[-123.13922,49.25188],[-123.13922,49.26525],[-123.13922,49.29327],[-123.13921,49.25194],[-123.1392,49.21735],[-123.1392,49.24922],[-123.13919,49.21096],[-123.13919,49.24271],[-123.13919,49.24939],[-123.13918,49.23992],[-123.13918,49.23998],[-123.13918,49.25307],[-123.13918,49.26609],[-123.13918,49.28493],[-123.13917,49.20716],[-123.13917,49.21742],[-123.13917,49.21765],[-123.13916,49.24087],[-123.13916,49.2436],[-123.13916,49.2666],[-123.13916,49.26865],[-123.13916,49.26963],[-123.13915,49.24093],[-123.13915,49.25073],[-123.13914,49.2443],[-123.13914,49.25314],[-123.13914,49.25444],[-123.13914,49.26866],[-123.13914,49.28495],[-123.13912,49.20873],[-123.13912,49.26866],[-123.13912,49.28685],[-123.13911,49.22798],[-123.13911,49.24512],[-123.13911,49.25181],[-123.13911,49.28703],[-123.1391,49.24182],[-123.1391,49.2419],[-123.1391,49.28476],[-123.13909,49.25452],[-123.13908,49.21096],[-123.13908,49.21322],[-123.13908,49.24613],[-123.13908,49.25458],[-123.13908,49.26868],[-123.13908,49.26957],[-123.13907,49.253],[-123.13907,49.25465],[-123.13907,49.28491],[-123.13907,49.29118],[-123.13906,49.20544],[-123.13906,49.28482],[-123.13905,49.20854],[-123.13905,49.21512],[-123.13905,49.22797],[-123.13905,49.22958],[-123.13905,49.22978],[-123.13905,49.26955],[-123.13905,49.28348],[-123.13904,49.24732],[-123.13903,49.28699],[-123.13902,49.20866],[-123.13902,49.25438],[-123.13902,49.28688],[-123.13901,49.24824],[-123.139,49.20552],[-123.139,49.22958],[-123.139,49.2833],[-123.139,49.29113],[-123.13899,49.22977],[-123.13899,49.26684],[-123.13898,49.24922],[-123.13898,49.25545],[-123.13897,49.21322],[-123.13897,49.2749],[-123.13896,49.20752],[-123.13896,49.28343],[-123.13895,49.21928],[-123.13895,49.21939],[-123.13894,49.21512],[-123.13894,49.25638],[-123.13894,49.28335],[-123.13893,49.20439],[-123.13893,49.25679],[-123.13893,49.28201],[-123.13892,49.25075],[-123.13892,49.25691],[-123.13892,49.29021],[-123.13891,49.21268],[-123.13891,49.21272],[-123.13891,49.21309],[-123.13891,49.23069],[-123.1389,49.26798],[-123.13889,49.2109],[-123.13889,49.21316],[-123.13889,49.2579],[-123.13888,49.25185],[-123.13888,49.28184],[-123.13887,49.21082],[-123.13886,49.25881],[-123.13886,49.27476],[-123.13885,49.23069],[-123.13885,49.28196],[-123.13885,49.29025],[-123.13884,49.21498],[-123.13884,49.21505],[-123.13884,49.29295],[-123.13883,49.23548],[-123.13883,49.25308],[-123.13883,49.25974],[-123.13881,49.23258],[-123.13881,49.23444],[-123.13881,49.28189],[-123.13879,49.20451],[-123.13879,49.23634],[-123.13879,49.24928],[-123.13879,49.26063],[-123.13878,49.20452],[-123.13878,49.25449],[-123.13878,49.26447],[-123.13878,49.269],[-123.13878,49.28943],[-123.13877,49.23548],[-123.13877,49.237],[-123.13877,49.23721],[-123.13877,49.29299],[-123.13876,49.23775],[-123.13876,49.29151],[-123.13875,49.26162],[-123.13875,49.26456],[-123.13874,49.22163],[-123.13874,49.22416],[-123.13874,49.23634],[-123.13874,49.25544],[-123.13873,49.22175],[-123.13873,49.23793],[-123.13872,49.237],[-123.13872,49.26252],[-123.13872,49.29155],[-123.13871,49.20461],[-123.13871,49.23721],[-123.13871,49.25629],[-123.1387,49.25665],[-123.1387,49.28946],[-123.13868,49.22416],[-123.13868,49.25468],[-123.13868,49.26344],[-123.13868,49.26893],[-123.13867,49.2678],[-123.13866,49.25462],[-123.13866,49.26894],[-123.13865,49.25475],[-123.13865,49.2579],[-123.13865,49.26441],[-123.13864,49.22494],[-123.13863,49.24172],[-123.13863,49.28512],[-123.13862,49.22403],[-123.13862,49.2241],[-123.13862,49.25457],[-123.13862,49.25881],[-123.13861,49.22449],[-123.13861,49.22453],[-123.13861,49.22703],[-123.13861,49.26525],[-123.13861,49.26798],[-123.13861,49.26961],[-123.13859,49.24078],[-123.13859,49.25714],[-123.13859,49.26609],[-123.13859,49.26779],[-123.13858,49.24132],[-123.13858,49.25974],[-123.13858,49.26346],[-123.13857,49.20871],[-123.13857,49.26686],[-123.13857,49.26804],[-123.13857,49.28948],[-123.13856,49.22703],[-123.13856,49.24172],[-123.13856,49.25796],[-123.13856,49.25803],[-123.13855,49.2272],[-123.13855,49.26063],[-123.13855,49.26833],[-123.13855,49.26896],[-123.13854,49.28927],[-123.13854,49.29333],[-123.13853,49.20588],[-123.13852,49.28057],[-123.13851,49.22031],[-123.13851,49.22035],[-123.13851,49.24079],[-123.13851,49.25694],[-123.13851,49.25887],[-123.13851,49.25894],[-123.13851,49.26162],[-123.13851,49.29326],[-123.1385,49.20871],[-123.1385,49.23437],[-123.1385,49.25987],[-123.1385,49.28519],[-123.13849,49.22737],[-123.13849,49.28063],[-123.13849,49.28385],[-123.13848,49.22741],[-123.13848,49.25979],[-123.13848,49.26254],[-123.13848,49.28366],[-123.13847,49.28931],[-123.13846,49.26069],[-123.13846,49.26862],[-123.13845,49.26085],[-123.13845,49.26345],[-123.13845,49.2894],[-123.13843,49.22963],[-123.13842,49.22969],[-123.13841,49.26168],[-123.13841,49.26174],[-123.13841,49.26441],[-123.13841,49.2687],[-123.13841,49.28379],[-123.1384,49.28371],[-123.13839,49.24272],[-123.13838,49.2572],[-123.13838,49.26524],[-123.13838,49.28238],[-123.13837,49.28218],[-123.13836,49.24388],[-123.13835,49.21358],[-123.13835,49.24783],[-123.13834,49.24877],[-123.13834,49.26608],[-123.13834,49.28215],[-123.13833,49.21512],[-123.13833,49.24273],[-123.13833,49.2454],[-123.13832,49.21676],[-123.13832,49.24881],[-123.13832,49.2689],[-123.13832,49.29329],[-123.13831,49.24532],[-123.13831,49.24548],[-123.13831,49.26664],[-123.13831,49.27512],[-123.1383,49.24288],[-123.1383,49.2439],[-123.1383,49.24556],[-123.1383,49.26529],[-123.1383,49.28232],[-123.13829,49.21358],[-123.13828,49.21512],[-123.13828,49.24282],[-123.13827,49.23052],[-123.13827,49.2306],[-123.13827,49.24638],[-123.13827,49.28224],[-123.13826,49.23796],[-123.13826,49.23806],[-123.13825,49.24399],[-123.13825,49.24532],[-123.13825,49.29335],[-123.13824,49.24556],[-123.13824,49.26685],[-123.13823,49.20414],[-123.13823,49.2692],[-123.13823,49.28054],[-123.13823,49.28976],[-123.13822,49.24638],[-123.13822,49.26778],[-123.13821,49.26539],[-123.13821,49.26804],[-123.13821,49.29184],[-123.1382,49.27498],[-123.13819,49.23703],[-123.13819,49.23712],[-123.13819,49.24407],[-123.13818,49.26672],[-123.13817,49.26916],[-123.13817,49.2898],[-123.13816,49.23066],[-123.13815,49.26937],[-123.13814,49.23135],[-123.13814,49.2571],[-123.13814,49.26682],[-123.13814,49.29188],[-123.13813,49.26612],[-123.13813,49.26623],[-123.13813,49.26931],[-123.13812,49.26931],[-123.13811,49.25722],[-123.1381,49.23252],[-123.13807,49.20509],[-123.13807,49.22125],[-123.13807,49.23065],[-123.13807,49.23343],[-123.13807,49.28059],[-123.13807,49.28548],[-123.13805,49.23135],[-123.13804,49.20441],[-123.13804,49.25846],[-123.13804,49.26174],[-123.13804,49.28754],[-123.13802,49.26929],[-123.13802,49.26949],[-123.13802,49.29169],[-123.13801,49.23252],[-123.13801,49.28081],[-123.138,49.26167],[-123.138,49.28552],[-123.138,49.28963],[-123.13799,49.2597],[-123.13799,49.25994],[-123.13798,49.2075],[-123.13798,49.23051],[-123.13798,49.23059],[-123.13798,49.23343],[-123.13798,49.25844],[-123.13798,49.28003],[-123.13798,49.28419],[-123.13797,49.20516],[-123.13797,49.21739],[-123.13797,49.24944],[-123.13797,49.25794],[-123.13797,49.25802],[-123.13797,49.26259],[-123.13796,49.2075],[-123.13796,49.26062],[-123.13796,49.26266],[-123.13796,49.28066],[-123.13796,49.28758],[-123.13796,49.28967],[-123.13795,49.2203],[-123.13795,49.22034],[-123.13795,49.22876],[-123.13795,49.25086],[-123.13795,49.25705],[-123.13795,49.25713],[-123.13795,49.28075],[-123.13795,49.28402],[-123.13794,49.21831],[-123.13794,49.21837],[-123.13794,49.2287],[-123.13794,49.25079],[-123.13793,49.21881],[-123.13793,49.21885],[-123.13793,49.24954],[-123.13793,49.25745],[-123.13793,49.26158],[-123.13793,49.26349],[-123.13792,49.20571],[-123.13792,49.20581],[-123.13791,49.20869],[-123.13791,49.23245],[-123.1379,49.23239],[-123.1379,49.29176],[-123.13789,49.20655],[-123.13789,49.26251],[-123.13789,49.28406],[-123.13789,49.28413],[-123.13788,49.20699],[-123.13788,49.20707],[-123.13788,49.21983],[-123.13788,49.26529],[-123.13788,49.26885],[-123.13787,49.20973],[-123.13787,49.21745],[-123.13787,49.25737],[-123.13786,49.2199],[-123.13786,49.2203],[-123.13786,49.22034],[-123.13786,49.24934],[-123.13786,49.28008],[-123.13786,49.28271],[-123.13785,49.20522],[-123.13785,49.23421],[-123.13785,49.24926],[-123.13785,49.26342],[-123.13785,49.26867],[-123.13784,49.22074],[-123.13783,49.20586],[-123.13783,49.2101],[-123.13783,49.21845],[-123.13783,49.22081],[-123.13783,49.2212],[-123.13783,49.25487],[-123.13782,49.26438],[-123.13782,49.28255],[-123.13781,49.21094],[-123.1378,49.21944],[-123.13779,49.20714],[-123.13779,49.21154],[-123.13779,49.26522],[-123.13779,49.28266],[-123.13778,49.21996],[-123.13778,49.25482],[-123.13777,49.2087],[-123.13777,49.2175],[-123.13777,49.29365],[-123.13776,49.28259],[-123.13775,49.2101],[-123.13775,49.28178],[-123.13774,49.21672],[-123.13774,49.21845],[-123.13774,49.22086],[-123.13774,49.2692],[-123.13774,49.28588],[-123.13774,49.28865],[-123.13773,49.20979],[-123.13772,49.29012],[-123.13772,49.29369],[-123.13771,49.2051],[-123.13771,49.22177],[-123.13771,49.26529],[-123.1377,49.21094],[-123.1377,49.21322],[-123.1377,49.21731],[-123.1377,49.21944],[-123.1377,49.26538],[-123.13769,49.21659],[-123.13768,49.21154],[-123.13768,49.21402],[-123.13768,49.21998],[-123.13768,49.26971],[-123.13768,49.29219],[-123.13767,49.20585],[-123.13767,49.22267],[-123.13767,49.26308],[-123.13767,49.26671],[-123.13767,49.26682],[-123.13767,49.28583],[-123.13767,49.28861],[-123.13766,49.22309],[-123.13765,49.21509],[-123.13765,49.25507],[-123.13765,49.26682],[-123.13765,49.29017],[-123.13764,49.20713],[-123.13763,49.21579],[-123.13763,49.22086],[-123.13763,49.22359],[-123.13762,49.21879],[-123.13762,49.21883],[-123.13762,49.22629],[-123.13762,49.22633],[-123.13761,49.21087],[-123.13761,49.21677],[-123.13761,49.21927],[-123.13761,49.21937],[-123.13761,49.22416],[-123.13761,49.29224],[-123.1376,49.21322],[-123.1376,49.22177],[-123.1376,49.27969],[-123.13759,49.26836],[-123.13758,49.21401],[-123.13757,49.22267],[-123.13757,49.22504],[-123.13757,49.22784],[-123.13756,49.21509],[-123.13756,49.22778],[-123.13756,49.22825],[-123.13756,49.22828],[-123.13754,49.21579],[-123.13754,49.22915],[-123.13753,49.21307],[-123.13753,49.22359],[-123.13753,49.22593],[-123.13753,49.22919],[-123.13753,49.29017],[-123.13752,49.22164],[-123.13752,49.22171],[-123.13752,49.28582],[-123.13751,49.21266],[-123.13751,49.2127],[-123.13751,49.22119],[-123.13751,49.22124],[-123.13751,49.22416],[-123.13751,49.227],[-123.13751,49.22966],[-123.13751,49.28095],[-123.13751,49.28791],[-123.1375,49.20853],[-123.1375,49.20864],[-123.1375,49.21079],[-123.1375,49.21671],[-123.1375,49.2296],[-123.1375,49.23006],[-123.1375,49.2301],[-123.13749,49.2221],[-123.13749,49.22215],[-123.13749,49.24783],[-123.13748,49.22504],[-123.13747,49.20751],[-123.13747,49.22261],[-123.13747,49.29206],[-123.13747,49.29404],[-123.13746,49.21314],[-123.13746,49.22254],[-123.13746,49.22301],[-123.13746,49.22305],[-123.13746,49.22791],[-123.13746,49.24296],[-123.13746,49.26068],[-123.13746,49.27973],[-123.13746,49.28794],[-123.13745,49.2429],[-123.13745,49.281],[-123.13744,49.22344],[-123.13744,49.22593],[-123.13744,49.22882],[-123.13744,49.28435],[-123.13744,49.28587],[-123.13743,49.22351],[-123.13743,49.22401],[-123.13743,49.22408],[-123.13743,49.22922],[-123.13742,49.2577],[-123.13741,49.22972],[-123.13741,49.28456],[-123.13741,49.2921],[-123.1374,49.29002],[-123.1374,49.2901],[-123.13739,49.2249],[-123.13738,49.22447],[-123.13738,49.22451],[-123.13738,49.22497],[-123.13738,49.26166],[-123.13738,49.26956],[-123.13738,49.27542],[-123.13737,49.22535],[-123.13737,49.22539],[-123.13737,49.227],[-123.13737,49.26173],[-123.13736,49.22791],[-123.13736,49.2283],[-123.13736,49.23063],[-123.13736,49.29399],[-123.13734,49.22579],[-123.13734,49.22585],[-123.13734,49.28919],[-123.13733,49.2263],[-123.13733,49.22633],[-123.13733,49.22882],[-123.13732,49.22923],[-123.13732,49.28443],[-123.13732,49.28451],[-123.13731,49.23528],[-123.13731,49.2991],[-123.1373,49.22972],[-123.1373,49.23533],[-123.1373,49.23572],[-123.1373,49.23577],[-123.1373,49.2829],[-123.1373,49.28308],[-123.1373,49.29442],[-123.13729,49.23063],[-123.13729,49.23251],[-123.13729,49.23659],[-123.13729,49.23663],[-123.13729,49.26807],[-123.13728,49.22682],[-123.13728,49.23615],[-123.13728,49.28923],[-123.13727,49.23621],[-123.13727,49.27527],[-123.13727,49.28006],[-123.13726,49.29398],[-123.13725,49.22827],[-123.13725,49.237],[-123.13725,49.28621],[-123.13724,49.22823],[-123.13724,49.22868],[-123.13724,49.22874],[-123.13724,49.2344],[-123.13724,49.23749],[-123.13724,49.28302],[-123.13723,49.22692],[-123.13723,49.23709],[-123.13723,49.23753],[-123.13723,49.26812],[-123.13723,49.28294],[-123.13722,49.22965],[-123.13722,49.23251],[-123.13722,49.23793],[-123.13722,49.26854],[-123.13722,49.29409],[-123.13721,49.22958],[-123.13721,49.23539],[-123.13721,49.23802],[-123.13721,49.26853],[-123.13721,49.27003],[-123.13721,49.29447],[-123.1372,49.22918],[-123.13719,49.22914],[-123.13719,49.23005],[-123.13719,49.23009],[-123.13719,49.27942],[-123.13719,49.2883],[-123.13718,49.22733],[-123.13718,49.23049],[-123.13718,49.23627],[-123.13717,49.22736],[-123.13717,49.26348],[-123.13717,49.26368],[-123.13717,49.29047],[-123.13716,49.27921],[-123.13716,49.29405],[-123.13715,49.20869],[-123.13715,49.23716],[-123.13715,49.2372],[-123.13715,49.28617],[-123.13715,49.29253],[-123.13714,49.20375],[-123.13714,49.23439],[-123.13714,49.25347],[-123.13714,49.2686],[-123.13713,49.20486],[-123.13713,49.26859],[-123.13712,49.29247],[-123.13711,49.23538],[-123.13711,49.28825],[-123.1371,49.29051],[-123.13709,49.20945],[-123.13708,49.21098],[-123.13708,49.22056],[-123.13707,49.21941],[-123.13707,49.23627],[-123.13706,49.21992],[-123.13706,49.25355],[-123.13706,49.29259],[-123.13705,49.21164],[-123.13705,49.22055],[-123.13705,49.23432],[-123.13704,49.23714],[-123.13703,49.27942],[-123.13703,49.29242],[-123.13702,49.20869],[-123.13702,49.21236],[-123.13702,49.21941],[-123.13702,49.27924],[-123.13702,49.29051],[-123.13701,49.20489],[-123.13701,49.25296],[-123.137,49.20586],[-123.137,49.23709],[-123.137,49.24168],[-123.137,49.28129],[-123.13699,49.21993],[-123.13699,49.27931],[-123.13699,49.28617],[-123.13698,49.21094],[-123.13698,49.22061],[-123.13698,49.24594],[-123.13698,49.24598],[-123.13698,49.26453],[-123.13698,49.28128],[-123.13698,49.28825],[-123.13697,49.21985],[-123.13697,49.29473],[-123.13696,49.20707],[-123.13696,49.2206],[-123.13696,49.237],[-123.13696,49.26367],[-123.13696,49.26453],[-123.13696,49.26611],[-123.13696,49.26621],[-123.13695,49.21163],[-123.13695,49.21508],[-123.13695,49.26986],[-123.13695,49.28152],[-123.13694,49.20697],[-123.13694,49.24687],[-123.13694,49.24691],[-123.13694,49.26444],[-123.13693,49.20404],[-123.13693,49.24643],[-123.13692,49.24649],[-123.13692,49.25343],[-123.13692,49.26172],[-123.13692,49.2864],[-123.13692,49.28961],[-123.13691,49.21236],[-123.13691,49.24735],[-123.13691,49.28621],[-123.13691,49.28831],[-123.1369,49.21086],[-123.1369,49.24741],[-123.1369,49.28135],[-123.1369,49.29429],[-123.1369,49.29444],[-123.13689,49.24782],[-123.13689,49.24786],[-123.13689,49.25692],[-123.13689,49.26786],[-123.13689,49.28472],[-123.13688,49.21509],[-123.13688,49.24827],[-123.13688,49.24833],[-123.13688,49.25208],[-123.13688,49.28958],[-123.13687,49.24167],[-123.13687,49.25272],[-123.13687,49.28147],[-123.13686,49.26877],[-123.13685,49.24636],[-123.13685,49.24874],[-123.13685,49.24878],[-123.13684,49.26791],[-123.13683,49.24925],[-123.13683,49.24943],[-123.13683,49.24951],[-123.13683,49.25201],[-123.13683,49.25351],[-123.13682,49.25015],[-123.13682,49.28476],[-123.13681,49.20419],[-123.13681,49.21078],[-123.13681,49.24729],[-123.13681,49.24932],[-123.13681,49.25697],[-123.13681,49.26214],[-123.13681,49.26405],[-123.1368,49.25012],[-123.1368,49.25214],[-123.13679,49.20419],[-123.13678,49.25077],[-123.13678,49.25083],[-123.13678,49.26165],[-123.13677,49.24821],[-123.13677,49.24839],[-123.13677,49.25148],[-123.13677,49.2668],[-123.13676,49.25146],[-123.13676,49.28324],[-123.13675,49.24635],[-123.13675,49.24939],[-123.13674,49.24918],[-123.13674,49.28959],[-123.13673,49.3008],[-123.13672,49.24729],[-123.13672,49.24956],[-123.13672,49.27035],[-123.1367,49.25214],[-123.1367,49.28655],[-123.13669,49.25071],[-123.13669,49.2667],[-123.13669,49.28329],[-123.13668,49.2482],[-123.13668,49.24839],[-123.13667,49.25149],[-123.13665,49.23749],[-123.13664,49.23745],[-123.13664,49.2584],[-123.13664,49.29083],[-123.13663,49.29451],[-123.13662,49.2851],[-123.13662,49.2929],[-123.13661,49.26366],[-123.1366,49.25567],[-123.13659,49.25071],[-123.13658,49.2306],[-123.13657,49.25149],[-123.13657,49.28862],[-123.13657,49.29087],[-123.13656,49.26348],[-123.13656,49.29294],[-123.13656,49.29458],[-123.13656,49.30059],[-123.13655,49.20653],[-123.13655,49.23147],[-123.13654,49.20652],[-123.13653,49.20939],[-123.13653,49.22176],[-123.13652,49.20933],[-123.13652,49.23247],[-123.13652,49.2944],[-123.13651,49.29439],[-123.1365,49.23306],[-123.1365,49.26764],[-123.13649,49.20452],[-123.13649,49.2306],[-123.13648,49.22176],[-123.13648,49.28877],[-123.13647,49.20462],[-123.13647,49.2341],[-123.13647,49.27956],[-123.13647,49.27978],[-123.13647,49.29462],[-123.13646,49.20444],[-123.13646,49.20944],[-123.13646,49.21313],[-123.13646,49.224],[-123.13646,49.23146],[-123.13646,49.27019],[-123.13646,49.28653],[-123.13645,49.22407],[-123.13645,49.28165],[-123.13645,49.29999],[-123.13644,49.2672],[-123.13644,49.28862],[-123.13643,49.26769],[-123.13642,49.20904],[-123.13642,49.21353],[-123.13642,49.22577],[-123.13642,49.22583],[-123.13642,49.23247],[-123.13642,49.26171],[-123.13642,49.26526],[-123.13641,49.21349],[-123.13641,49.21495],[-123.13641,49.26164],[-123.13641,49.28659],[-123.1364,49.20569],[-123.1364,49.20941],[-123.1364,49.21092],[-123.1364,49.21094],[-123.1364,49.21502],[-123.1364,49.23046],[-123.1364,49.27972],[-123.13639,49.20578],[-123.13639,49.23054],[-123.13639,49.25567],[-123.13639,49.25686],[-123.13639,49.26027],[-123.13639,49.27964],[-123.13639,49.28169],[-123.13639,49.28865],[-123.13638,49.2568],[-123.13638,49.26122],[-123.13638,49.26723],[-123.13637,49.21319],[-123.13637,49.2341],[-123.13636,49.20697],[-123.13636,49.25877],[-123.13636,49.27842],[-123.13636,49.27962],[-123.13636,49.28875],[-123.13635,49.20706],[-123.13635,49.22774],[-123.13635,49.26256],[-123.13635,49.26263],[-123.13635,49.26669],[-123.13635,49.28506],[-123.13634,49.20466],[-123.13634,49.21092],[-123.13634,49.21094],[-123.13634,49.21408],[-123.13634,49.2162],[-123.13634,49.2278],[-123.13634,49.26823],[-123.13634,49.29072],[-123.13634,49.29439],[-123.13633,49.2044],[-123.13633,49.21874],[-123.13633,49.21878],[-123.13633,49.23234],[-123.13633,49.2324],[-123.13633,49.29438],[-123.13632,49.20747],[-123.13632,49.21632],[-123.13632,49.25969],[-123.13632,49.26537],[-123.13632,49.2668],[-123.13632,49.26786],[-123.13631,49.20372],[-123.13631,49.25521],[-123.13631,49.29412],[-123.1363,49.20584],[-123.1363,49.21508],[-123.1363,49.26306],[-123.1363,49.26744],[-123.1363,49.27577],[-123.13629,49.20851],[-123.13629,49.2606],[-123.13629,49.2892],[-123.13628,49.21318],[-123.13628,49.22864],[-123.13628,49.2287],[-123.13628,49.23416],[-123.13628,49.26348],[-123.13628,49.26812],[-123.13628,49.28511],[-123.13627,49.23473],[-123.13627,49.23478],[-123.13627,49.26364],[-123.13626,49.2343],[-123.13626,49.26307],[-123.13626,49.28358],[-123.13625,49.20711],[-123.13625,49.21408],[-123.13625,49.26157],[-123.13625,49.27066],[-123.13624,49.27847],[-123.13623,49.23698],[-123.13623,49.23704],[-123.13622,49.21507],[-123.13622,49.26249],[-123.13621,49.22038],[-123.13621,49.22045],[-123.13621,49.28924],[-123.13621,49.29442],[-123.1362,49.20457],[-123.1362,49.27562],[-123.1362,49.29441],[-123.13619,49.25877],[-123.13619,49.26698],[-123.13618,49.26342],[-123.13617,49.29403],[-123.13616,49.20583],[-123.13616,49.25969],[-123.13615,49.22955],[-123.13615,49.22961],[-123.13615,49.25788],[-123.13615,49.26457],[-123.13614,49.28366],[-123.13613,49.26542],[-123.13613,49.26604],[-123.13612,49.2606],[-123.13612,49.2652],[-123.13612,49.28901],[-123.13611,49.2071],[-123.13611,49.26661],[-123.13611,49.26785],[-123.1361,49.25891],[-123.1361,49.28893],[-123.1361,49.29117],[-123.1361,49.29314],[-123.13609,49.25891],[-123.13609,49.26157],[-123.13606,49.26249],[-123.13606,49.26703],[-123.13605,49.271],[-123.13604,49.21826],[-123.13604,49.21833],[-123.13604,49.26065],[-123.13604,49.29121],[-123.13603,49.21826],[-123.13603,49.21832],[-123.13602,49.25975],[-123.13602,49.26025],[-123.13602,49.26081],[-123.13602,49.26342],[-123.13602,49.28548],[-123.13602,49.2931],[-123.13601,49.25983],[-123.136,49.25801],[-123.136,49.26121],[-123.13599,49.26165],[-123.13599,49.2617],[-123.13599,49.27049],[-123.13599,49.2801],[-123.13598,49.26213],[-123.13597,49.27149],[-123.13596,49.26263],[-123.13596,49.2652],[-123.13596,49.26629],[-123.13596,49.27124],[-123.13595,49.20861],[-123.13595,49.26651],[-123.13595,49.27083],[-123.13594,49.20332],[-123.13594,49.26457],[-123.13594,49.2654],[-123.13594,49.26679],[-123.13594,49.26693],[-123.13594,49.282],[-123.13594,49.28219],[-123.13594,49.28689],[-123.13593,49.26347],[-123.13593,49.26364],[-123.13593,49.28543],[-123.13593,49.28896],[-123.13593,49.29312],[-123.1359,49.209],[-123.1359,49.21926],[-123.1359,49.24126],[-123.1359,49.28005],[-123.13589,49.20896],[-123.13589,49.26442],[-123.13589,49.26604],[-123.13588,49.21935],[-123.13588,49.26452],[-123.13588,49.28693],[-123.13588,49.29418],[-123.13587,49.23788],[-123.13587,49.26256],[-123.13587,49.26628],[-123.13587,49.27055],[-123.13587,49.28205],[-123.13587,49.29384],[-123.13586,49.20872],[-123.13586,49.23798],[-123.13586,49.25883],[-123.13586,49.28901],[-123.13586,49.29101],[-123.13585,49.21778],[-123.13585,49.21782],[-123.13585,49.24395],[-123.13585,49.28215],[-123.13584,49.24448],[-123.13584,49.26528],[-123.13583,49.24671],[-123.13583,49.26679],[-123.13583,49.26694],[-123.13583,49.29114],[-123.13582,49.28542],[-123.13581,49.26651],[-123.1358,49.24386],[-123.1358,49.24674],[-123.1358,49.25714],[-123.13579,49.29105],[-123.13579,49.29317],[-123.13578,49.26619],[-123.13578,49.27046],[-123.13577,49.23058],[-123.13577,49.26534],[-123.13576,49.21091],[-123.13576,49.2417],[-123.13576,49.26627],[-123.13576,49.28546],[-123.13575,49.24177],[-123.13574,49.21304],[-123.13574,49.21312],[-123.13573,49.20872],[-123.13572,49.23058],[-123.13572,49.23245],[-123.13571,49.21493],[-123.13571,49.28396],[-123.1357,49.26706],[-123.13569,49.20359],[-123.13569,49.215],[-123.13569,49.24377],[-123.13568,49.27855],[-123.13567,49.21613],[-123.13567,49.23409],[-123.13566,49.216],[-123.13566,49.27854],[-123.13565,49.2165],[-123.13565,49.23245],[-123.13565,49.27105],[-123.13564,49.21318],[-123.13564,49.21654],[-123.13564,49.284],[-123.13563,49.21091],[-123.13561,49.21413],[-123.13561,49.21726],[-123.13561,49.26966],[-123.13561,49.26983],[-123.13561,49.28729],[-123.1356,49.23409],[-123.1356,49.29145],[-123.1356,49.29153],[-123.1356,49.29348],[-123.1356,49.29398],[-123.13559,49.21507],[-123.13558,49.24339],[-123.13558,49.27763],[-123.13558,49.29365],[-123.13557,49.24374],[-123.13556,49.21619],[-123.13556,49.29012],[-123.13555,49.22727],[-123.13555,49.2273],[-123.13554,49.28724],[-123.13554,49.29221],[-123.13553,49.21078],[-123.13553,49.21084],[-123.13553,49.21317],[-123.13553,49.24499],[-123.13553,49.2493],[-123.13552,49.24923],[-123.13552,49.27894],[-123.13551,49.21415],[-123.13551,49.21732],[-123.13551,49.29158],[-123.1355,49.28582],[-123.1355,49.29135],[-123.1355,49.29225],[-123.13549,49.20442],[-123.13549,49.24489],[-123.13549,49.2593],[-123.13549,49.27772],[-123.13548,49.21507],[-123.13548,49.24949],[-123.13548,49.25933],[-123.13548,49.29016],[-123.13548,49.29346],[-123.13547,49.20335],[-123.13547,49.24506],[-123.13547,49.24941],[-123.13545,49.20093],[-123.13545,49.21611],[-123.13543,49.28577],[-123.13542,49.24486],[-123.13542,49.25075],[-123.13542,49.25081],[-123.13542,49.26991],[-123.13542,49.27901],[-123.13541,49.28026],[-123.13541,49.28048],[-123.1354,49.2347],[-123.1354,49.28723],[-123.1354,49.28743],[-123.13539,49.20113],[-123.13539,49.23474],[-123.13539,49.24331],[-123.13539,49.28025],[-123.13539,49.28435],[-123.13538,49.22536],[-123.13538,49.27088],[-123.13538,49.27607],[-123.13538,49.28237],[-123.13537,49.22532],[-123.13537,49.22625],[-123.13535,49.20091],[-123.13535,49.22487],[-123.13535,49.22493],[-123.13535,49.2873],[-123.13535,49.28737],[-123.13534,49.27771],[-123.13533,49.22444],[-123.13533,49.22448],[-123.13533,49.22629],[-123.13533,49.27108],[-123.13533,49.28042],[-123.13532,49.22174],[-123.13532,49.28034],[-123.13532,49.2824],[-123.13532,49.29378],[-123.13531,49.21725],[-123.13531,49.2843],[-123.1353,49.27753],[-123.1353,49.29346],[-123.13529,49.22536],[-123.13529,49.24761],[-123.13528,49.2015],[-123.13528,49.22052],[-123.13528,49.22264],[-123.13528,49.22532],[-123.13528,49.27762],[-123.13528,49.28577],[-123.13527,49.27592],[-123.13527,49.29128],[-123.13526,49.22355],[-123.13525,49.2012],[-123.13525,49.26754],[-123.13525,49.26766],[-123.13525,49.27013],[-123.13525,49.27828],[-123.13524,49.22411],[-123.13524,49.24763],[-123.13524,49.29143],[-123.13523,49.22725],[-123.13523,49.29059],[-123.13522,49.22452],[-123.13522,49.22729],[-123.13521,49.22174],[-123.13521,49.225],[-123.1352,49.28581],[-123.13519,49.22588],[-123.13518,49.22256],[-123.13517,49.2843],[-123.13516,49.22693],[-123.13516,49.27137],[-123.13516,49.27169],[-123.13515,49.20228],[-123.13515,49.2234],[-123.13514,49.20153],[-123.13514,49.21871],[-123.13514,49.21875],[-123.13514,49.26672],[-123.13514,49.29064],[-123.13513,49.20098],[-123.13513,49.20103],[-123.13513,49.2216],[-123.13513,49.22412],[-123.13512,49.22046],[-123.13512,49.22167],[-123.13512,49.22451],[-123.13512,49.22782],[-123.13511,49.20205],[-123.1351,49.20133],[-123.1351,49.20238],[-123.1351,49.20333],[-123.1351,49.28435],[-123.13509,49.2223],[-123.13509,49.22501],[-123.13509,49.22873],[-123.13509,49.28077],[-123.13508,49.20901],[-123.13508,49.28363],[-123.13507,49.24735],[-123.13506,49.22964],[-123.13506,49.24736],[-123.13506,49.28765],[-123.13506,49.28979],[-123.13505,49.22588],[-123.13505,49.25358],[-123.13505,49.29059],[-123.13504,49.22398],[-123.13504,49.22404],[-123.13503,49.20143],[-123.13503,49.20188],[-123.13503,49.20303],[-123.13503,49.21091],[-123.13503,49.23055],[-123.13503,49.24284],[-123.13503,49.26654],[-123.13503,49.2936],[-123.13502,49.20901],[-123.13502,49.2178],[-123.13502,49.27198],[-123.13502,49.29359],[-123.13501,49.22692],[-123.13501,49.2876],[-123.135,49.20311],[-123.135,49.22531],[-123.135,49.22535],[-123.135,49.23132],[-123.13499,49.22486],[-123.13499,49.22493],[-123.13498,49.22782],[-123.13498,49.26606],[-123.13498,49.27115],[-123.13497,49.20295],[-123.13497,49.21092],[-123.13497,49.26615],[-123.13496,49.20374],[-123.13496,49.20426],[-123.13495,49.20435],[-123.13495,49.22575],[-123.13495,49.22581],[-123.13495,49.22628],[-123.13495,49.22872],[-123.13495,49.23473],[-123.13495,49.24279],[-123.13495,49.28619],[-123.13494,49.22624],[-123.13494,49.23305],[-123.13494,49.25357],[-123.13493,49.20372],[-123.13493,49.22724],[-123.13493,49.22728],[-123.13493,49.26998],[-123.13492,49.21354],[-123.13492,49.22964],[-123.13491,49.28776],[-123.1349,49.26346],[-123.1349,49.2712],[-123.1349,49.28082],[-123.13489,49.20265],[-123.13489,49.21504],[-123.13489,49.21682],[-123.13489,49.23739],[-123.13489,49.27723],[-123.13489,49.27925],[-123.13489,49.2827],[-123.13488,49.22684],[-123.13488,49.22775],[-123.13488,49.23054],[-123.13488,49.23743],[-123.13487,49.20338],[-123.13487,49.22673],[-123.13487,49.22768],[-123.13487,49.22815],[-123.13487,49.22819],[-123.13487,49.23432],[-123.13487,49.23785],[-123.13487,49.23794],[-123.13487,49.28064],[-123.13487,49.28759],[-123.13486,49.20567],[-123.13486,49.20576],[-123.13486,49.22535],[-123.13486,49.22906],[-123.13486,49.23132],[-123.13486,49.26744],[-123.13486,49.28613],[-123.13486,49.28966],[-123.13485,49.20379],[-123.13485,49.20651],[-123.13485,49.21352],[-123.13485,49.22531],[-123.13485,49.22859],[-123.13485,49.22865],[-123.13485,49.2291],[-123.13485,49.26362],[-123.13485,49.27158],[-123.13484,49.23522],[-123.13484,49.28076],[-123.13484,49.28472],[-123.13483,49.20443],[-123.13483,49.23001],[-123.13483,49.24275],[-123.13483,49.27781],[-123.13483,49.27929],[-123.13482,49.20694],[-123.13482,49.21503],[-123.13482,49.22996],[-123.13482,49.2412],[-123.13482,49.24124],[-123.13482,49.2645],[-123.13481,49.20704],[-123.13481,49.21633],[-123.13481,49.2295],[-123.13481,49.22957],[-123.13481,49.2304],[-123.13481,49.23049],[-123.13481,49.28067],[-123.13481,49.28762],[-123.1348,49.20746],[-123.1348,49.2086],[-123.1348,49.23305],[-123.13479,49.23706],[-123.13479,49.25837],[-123.13479,49.27183],[-123.13478,49.20848],[-123.13478,49.28278],[-123.13478,49.28971],[-123.13477,49.20582],[-123.13476,49.20896],[-123.13476,49.23778],[-123.13476,49.26625],[-123.13476,49.27116],[-123.13476,49.28467],[-123.13476,49.28613],[-123.13475,49.20104],[-123.13475,49.23433],[-123.13475,49.27712],[-123.13474,49.20265],[-123.13474,49.20896],[-123.13474,49.23229],[-123.13474,49.2352],[-123.13473,49.20709],[-123.13473,49.23236],[-123.13473,49.26995],[-123.13472,49.2024],[-123.13471,49.20339],[-123.13471,49.24216],[-123.13471,49.24219],[-123.13471,49.27628],[-123.13471,49.27677],[-123.1347,49.20374],[-123.1347,49.24166],[-123.1347,49.24173],[-123.1347,49.29093],[-123.13469,49.20103],[-123.13469,49.24578],[-123.13469,49.28617],[-123.13468,49.23411],[-123.13468,49.23704],[-123.13467,49.20311],[-123.13467,49.20442],[-123.13466,49.23425],[-123.13466,49.23469],[-123.13466,49.24584],[-123.13465,49.23465],[-123.13465,49.23515],[-123.13465,49.23778],[-123.13465,49.24566],[-123.13465,49.24621],[-123.13464,49.23509],[-123.13464,49.28466],[-123.13463,49.21775],[-123.13463,49.24625],[-123.13463,49.2903],[-123.13462,49.20582],[-123.13462,49.2356],[-123.13462,49.24663],[-123.13462,49.29029],[-123.13461,49.23556],[-123.13461,49.25191],[-123.1346,49.23606],[-123.1346,49.27614],[-123.13459,49.236],[-123.13459,49.24671],[-123.13459,49.25183],[-123.13459,49.27054],[-123.13459,49.27684],[-123.13459,49.29101],[-123.13458,49.20709],[-123.13458,49.23652],[-123.13458,49.24783],[-123.13458,49.27142],[-123.13457,49.23647],[-123.13457,49.2478],[-123.13457,49.27176],[-123.13457,49.2847],[-123.13457,49.28889],[-123.13457,49.29213],[-123.13456,49.20425],[-123.13456,49.24564],[-123.13455,49.20435],[-123.13455,49.21075],[-123.13454,49.21084],[-123.13454,49.2487],[-123.13454,49.24874],[-123.13454,49.2797],[-123.13453,49.22627],[-123.13453,49.24823],[-123.13453,49.24829],[-123.13453,49.26991],[-123.13452,49.25197],[-123.13452,49.27114],[-123.13452,49.29155],[-123.13451,49.23465],[-123.13451,49.24652],[-123.13451,49.25141],[-123.13451,49.25145],[-123.1345,49.24939],[-123.1345,49.24948],[-123.13448,49.24921],[-123.13448,49.24929],[-123.13448,49.25012],[-123.13447,49.25008],[-123.13447,49.29159],[-123.13446,49.24775],[-123.13446,49.2508],[-123.13446,49.28652],[-123.13445,49.20874],[-123.13445,49.24817],[-123.13444,49.27977],[-123.13443,49.2563],[-123.13443,49.27143],[-123.13443,49.28309],[-123.13443,49.29206],[-123.13442,49.24935],[-123.13441,49.24649],[-123.13441,49.24915],[-123.13441,49.25196],[-123.1344,49.20956],[-123.1344,49.22443],[-123.1344,49.22447],[-123.1344,49.24954],[-123.13439,49.20878],[-123.13439,49.24722],[-123.13439,49.28501],[-123.13438,49.20204],[-123.13438,49.21346],[-123.13438,49.2135],[-123.13438,49.22534],[-123.13438,49.25005],[-123.13438,49.28646],[-123.13438,49.28866],[-123.13437,49.21089],[-123.13436,49.26611],[-123.13436,49.28099],[-123.13436,49.28117],[-123.13435,49.2009],[-123.13435,49.20099],[-123.13435,49.21309],[-123.13435,49.24817],[-123.13435,49.27815],[-123.13435,49.28794],[-123.13434,49.21302],[-123.13434,49.25085],[-123.13434,49.28813],[-123.13433,49.20307],[-123.13433,49.28115],[-123.13433,49.28306],[-123.13432,49.20864],[-123.13432,49.21193],[-123.13432,49.24915],[-123.13432,49.26987],[-123.13432,49.27116],[-123.13432,49.28114],[-123.13432,49.28506],[-123.13432,49.29003],[-123.13431,49.21574],[-123.13431,49.21612],[-123.13431,49.27145],[-123.13431,49.27159],[-123.1343,49.21492],[-123.1343,49.21498],[-123.1343,49.24953],[-123.1343,49.28113],[-123.1343,49.29207],[-123.13429,49.20956],[-123.13429,49.21561],[-123.13429,49.28104],[-123.13428,49.25005],[-123.13428,49.25188],[-123.13428,49.28799],[-123.13427,49.20288],[-123.13427,49.2031],[-123.13427,49.20867],[-123.13427,49.25611],[-123.13427,49.28311],[-123.13427,49.28809],[-123.13426,49.21314],[-123.13426,49.29006],[-123.13425,49.21089],[-123.13425,49.24344],[-123.13425,49.25181],[-123.13425,49.28501],[-123.13424,49.21352],[-123.13424,49.23052],[-123.13424,49.25085],[-123.13424,49.27844],[-123.13424,49.28648],[-123.13424,49.28666],[-123.13423,49.21774],[-123.13422,49.20848],[-123.13422,49.2435],[-123.13422,49.27125],[-123.13422,49.28644],[-123.13421,49.21505],[-123.1342,49.21195],[-123.1342,49.24336],[-123.1342,49.27136],[-123.1342,49.28225],[-123.13419,49.2158],[-123.13419,49.23052],[-123.13418,49.22396],[-123.13418,49.22403],[-123.13418,49.29214],[-123.13417,49.2165],[-123.13416,49.2329],[-123.13416,49.28652],[-123.13415,49.21315],[-123.13415,49.21734],[-123.13415,49.27111],[-123.13415,49.28661],[-123.13414,49.20859],[-123.13414,49.21352],[-123.13414,49.27621],[-123.13413,49.24333],[-123.13413,49.26984],[-123.13413,49.27837],[-123.13412,49.22232],[-123.13412,49.2241],[-123.13412,49.2244],[-123.13411,49.28501],[-123.1341,49.21504],[-123.1341,49.21835],[-123.13409,49.22498],[-123.13409,49.2329],[-123.13409,49.27128],[-123.13409,49.28233],[-123.13408,49.20438],[-123.13408,49.20439],[-123.13408,49.21573],[-123.13408,49.2194],[-123.13408,49.25783],[-123.13408,49.25795],[-123.13408,49.27209],[-123.13406,49.21648],[-123.13406,49.2241],[-123.13405,49.28507],[-123.13404,49.28148],[-123.13403,49.20582],[-123.13403,49.22497],[-123.13403,49.25354],[-123.13403,49.28148],[-123.13403,49.29248],[-123.13402,49.2904],[-123.13401,49.20896],[-123.13401,49.21734],[-123.13401,49.27609],[-123.13401,49.28346],[-123.134,49.21836],[-123.13399,49.20894],[-123.13399,49.22485],[-123.13399,49.22491],[-123.13399,49.2702],[-123.13398,49.25875],[-123.13398,49.28152],[-123.13398,49.28501],[-123.13397,49.21601],[-123.13397,49.27119],[-123.13397,49.28152],[-123.13396,49.20751],[-123.13396,49.21606],[-123.13395,49.20336],[-123.13395,49.21678],[-123.13395,49.21682],[-123.13395,49.21721],[-123.13395,49.21728],[-123.13395,49.21939],[-123.13395,49.29036],[-123.13394,49.20336],[-123.13394,49.25966],[-123.13393,49.25668],[-123.13393,49.28342],[-123.13392,49.26532],[-123.13392,49.26981],[-123.13391,49.21824],[-123.13391,49.2183],[-123.13391,49.26059],[-123.1339,49.20091],[-123.1339,49.21774],[-123.1339,49.21778],[-123.13389,49.20316],[-123.13388,49.21869],[-123.13388,49.21873],[-123.13388,49.26708],[-123.13388,49.27097],[-123.13388,49.27613],[-123.13388,49.29243],[-123.13387,49.25572],[-123.13387,49.27655],[-123.13386,49.26153],[-123.13385,49.25875],[-123.13385,49.26623],[-123.13384,49.2369],[-123.13384,49.23696],[-123.13383,49.26525],[-123.13383,49.26716],[-123.13382,49.26246],[-123.13382,49.27192],[-123.13382,49.28134],[-123.13382,49.28135],[-123.13381,49.26571],[-123.13381,49.27481],[-123.13381,49.2836],[-123.13381,49.29035],[-123.1338,49.25966],[-123.1338,49.26338],[-123.1338,49.26606],[-123.1338,49.28341],[-123.1338,49.28829],[-123.13378,49.27853],[-123.13378,49.28542],[-123.13377,49.26434],[-123.13376,49.2588],[-123.13376,49.25887],[-123.13376,49.26057],[-123.13376,49.27641],[-123.13376,49.28138],[-123.13376,49.28139],[-123.13375,49.20894],[-123.13374,49.26152],[-123.13374,49.28699],[-123.13374,49.28833],[-123.13373,49.25929],[-123.13373,49.25972],[-123.13373,49.26517],[-123.13373,49.28355],[-123.13372,49.20899],[-123.13372,49.25979],[-123.13372,49.26977],[-123.13372,49.27858],[-123.13372,49.28209],[-123.13372,49.28346],[-123.13371,49.26599],[-123.13371,49.27589],[-123.13371,49.28536],[-123.1337,49.25584],[-123.1337,49.27609],[-123.1337,49.29043],[-123.13369,49.2624],[-123.13369,49.28683],[-123.13368,49.25551],[-123.13368,49.26021],[-123.13368,49.28055],[-123.13368,49.29241],[-123.13367,49.22764],[-123.13367,49.26064],[-123.13367,49.26075],[-123.13367,49.27095],[-123.13366,49.2277],[-123.13366,49.22855],[-123.13366,49.22861],[-123.13366,49.23781],[-123.13366,49.2379],[-123.13366,49.28694],[-123.13365,49.20899],[-123.13365,49.21089],[-123.13365,49.2616],[-123.13365,49.26338],[-123.13364,49.22158],[-123.13364,49.26168],[-123.13364,49.26517],[-123.13364,49.27238],[-123.13364,49.29164],[-123.13363,49.2097],[-123.13363,49.23407],[-123.13363,49.25686],[-123.13363,49.26343],[-123.13363,49.26434],[-123.13363,49.28263],[-123.13363,49.28687],[-123.13362,49.20434],[-123.13362,49.21168],[-123.13362,49.22165],[-123.13362,49.23422],[-123.13362,49.26211],[-123.13362,49.27468],[-123.13361,49.22223],[-123.13361,49.22227],[-123.13361,49.26252],[-123.13361,49.26259],[-123.13361,49.27595],[-123.13361,49.27603],[-123.13361,49.2806],[-123.13359,49.21089],[-123.13359,49.26301],[-123.13359,49.26599],[-123.13359,49.28267],[-123.13358,49.21256],[-123.13357,49.20206],[-123.13357,49.22099],[-123.13357,49.26344],[-123.13357,49.28537],[-123.13356,49.20564],[-123.13356,49.23225],[-123.13356,49.23232],[-123.13356,49.2636],[-123.13356,49.27768],[-123.13355,49.2009],[-123.13355,49.20098],[-123.13355,49.20575],[-123.13355,49.26974],[-123.13354,49.21351],[-123.13354,49.26438],[-123.13354,49.26611],[-123.13353,49.22172],[-123.13352,49.2065],[-123.13352,49.23051],[-123.13352,49.29172],[-123.13351,49.20439],[-123.13351,49.26486],[-123.13351,49.27083],[-123.1335,49.20692],[-123.1335,49.20701],[-123.1335,49.26448],[-123.1335,49.2854],[-123.13349,49.20504],[-123.13349,49.22282],[-123.13349,49.275],[-123.13348,49.20744],[-123.13348,49.21351],[-123.13348,49.27068],[-123.13347,49.22098],[-123.13347,49.2514],[-123.13347,49.25144],[-123.13346,49.23211],[-123.13346,49.23237],[-123.13345,49.2058],[-123.13345,49.22047],[-123.13345,49.22408],[-123.13345,49.27912],[-123.13344,49.20619],[-123.13344,49.23293],[-123.13344,49.24168],[-123.13343,49.22172],[-123.13343,49.24161],[-123.13342,49.22496],[-123.13342,49.2305],[-123.13342,49.29256],[-123.13341,49.20708],[-123.13339,49.22283],[-123.13339,49.25837],[-123.13337,49.20789],[-123.13337,49.2321],[-123.13337,49.27071],[-123.13337,49.27221],[-123.13335,49.22407],[-123.13335,49.23237],[-123.13334,49.20438],[-123.13334,49.25551],[-123.13334,49.2749],[-123.13334,49.27751],[-123.13333,49.20325],[-123.13333,49.20503],[-123.13333,49.23292],[-123.13333,49.28104],[-123.13332,49.27054],[-123.13332,49.27673],[-123.13331,49.2058],[-123.13331,49.22496],[-123.13331,49.25568],[-123.13331,49.26714],[-123.13331,49.27651],[-123.13331,49.27766],[-123.13329,49.24325],[-123.13329,49.25775],[-123.13329,49.28576],[-123.13328,49.24318],[-123.13328,49.26693],[-123.13328,49.28109],[-123.13328,49.28189],[-123.13327,49.22052],[-123.13327,49.27063],[-123.13326,49.20707],[-123.13326,49.22402],[-123.13325,49.22395],[-123.13325,49.28377],[-123.13325,49.28863],[-123.13324,49.29071],[-123.13323,49.20787],[-123.13323,49.26798],[-123.13323,49.27886],[-123.13322,49.20564],[-123.13322,49.24945],[-123.13322,49.27658],[-123.13321,49.20574],[-123.13321,49.267],[-123.1332,49.22533],[-123.1332,49.23406],[-123.1332,49.24937],[-123.1332,49.27913],[-123.1332,49.28184],[-123.1332,49.28381],[-123.1332,49.2839],[-123.1332,49.28869],[-123.13319,49.22529],[-123.13319,49.22572],[-123.13318,49.20692],[-123.13318,49.20701],[-123.13318,49.22578],[-123.13318,49.24919],[-123.13318,49.24927],[-123.13318,49.29075],[-123.13318,49.2929],[-123.13317,49.24307],[-123.13317,49.24373],[-123.13317,49.26802],[-123.13316,49.21073],[-123.13316,49.21082],[-123.13315,49.20731],[-123.13315,49.24376],[-123.13315,49.25071],[-123.13315,49.25078],[-123.13315,49.27891],[-123.13315,49.28991],[-123.13314,49.25697],[-123.13314,49.26968],[-123.13314,49.28716],[-123.13314,49.28739],[-123.13312,49.20846],[-123.13312,49.21344],[-123.13312,49.21348],[-123.13312,49.2342],[-123.13311,49.27734],[-123.1331,49.27905],[-123.13309,49.213],[-123.13309,49.28721],[-123.13308,49.28016],[-123.13307,49.20863],[-123.13307,49.24305],[-123.13307,49.25758],[-123.13307,49.28733],[-123.13306,49.27443],[-123.13306,49.2859],[-123.13306,49.29201],[-123.13305,49.28571],[-123.13304,49.27046],[-123.13304,49.27445],[-123.13303,49.20955],[-123.13301,49.28021],[-123.13301,49.28999],[-123.13299,49.25359],[-123.13298,49.21087],[-123.13298,49.21307],[-123.13298,49.26955],[-123.13298,49.27028],[-123.13298,49.28584],[-123.13297,49.26911],[-123.13297,49.28576],[-123.13296,49.29111],[-123.13295,49.21164],[-123.13295,49.21522],[-123.13294,49.21263],[-123.13294,49.21534],[-123.13293,49.20863],[-123.13293,49.27037],[-123.13293,49.27937],[-123.13292,49.2038],[-123.13292,49.20955],[-123.13292,49.21572],[-123.13291,49.21313],[-123.13291,49.21575],[-123.1329,49.21349],[-123.13288,49.2141],[-123.13288,49.27733],[-123.13288,49.29105],[-123.13287,49.21088],[-123.13287,49.29303],[-123.13286,49.25553],[-123.13286,49.27941],[-123.13286,49.29285],[-123.13285,49.26932],[-123.13285,49.2767],[-123.13285,49.29327],[-123.13284,49.20857],[-123.13284,49.21164],[-123.13284,49.24423],[-123.13284,49.27418],[-123.13282,49.21538],[-123.13282,49.25559],[-123.13282,49.27016],[-123.13282,49.29217],[-123.1328,49.21627],[-123.1328,49.22232],[-123.1328,49.23229],[-123.1328,49.24413],[-123.13279,49.27026],[-123.13278,49.25537],[-123.13278,49.27693],[-123.13277,49.21313],[-123.13277,49.27993],[-123.13276,49.21349],[-123.13276,49.273],[-123.13275,49.20437],[-123.13275,49.26432],[-123.13275,49.26961],[-123.13275,49.27708],[-123.13275,49.28901],[-123.13274,49.21411],[-123.13274,49.22407],[-123.13274,49.23222],[-123.13274,49.27546],[-123.13274,49.29104],[-123.13273,49.21532],[-123.13273,49.2932],[-123.13272,49.22233],[-123.13272,49.27525],[-123.13272,49.28411],[-123.13271,49.24411],[-123.13271,49.27007],[-123.1327,49.21627],[-123.1327,49.27018],[-123.13269,49.23235],[-123.13269,49.27405],[-123.13268,49.20089],[-123.13268,49.20097],[-123.13268,49.24208],[-123.13268,49.24212],[-123.13268,49.28905],[-123.13267,49.22407],[-123.13266,49.23306],[-123.13266,49.24871],[-123.13266,49.26116],[-123.13265,49.23502],[-123.13265,49.23508],[-123.13265,49.24434],[-123.13265,49.26073],[-123.13265,49.28058],[-123.13265,49.28416],[-123.13264,49.26062],[-123.13264,49.28001],[-123.13263,49.23549],[-123.13263,49.23552],[-123.13263,49.23593],[-123.13262,49.22394],[-123.13262,49.22401],[-123.13262,49.23235],[-123.13262,49.236],[-123.13262,49.26165],[-123.13262,49.27531],[-123.13261,49.26158],[-123.13261,49.2754],[-123.13261,49.29113],[-123.1326,49.2329],[-123.1326,49.23641],[-123.1326,49.23645],[-123.1326,49.26998],[-123.13259,49.23686],[-123.13259,49.23692],[-123.13258,49.27008],[-123.13258,49.28063],[-123.13257,49.23425],[-123.13257,49.23733],[-123.13257,49.23737],[-123.13256,49.23492],[-123.13256,49.23777],[-123.13256,49.24871],[-123.13255,49.23786],[-123.13253,49.2768],[-123.13253,49.29167],[-123.13252,49.20474],[-123.13252,49.20475],[-123.13252,49.23587],[-123.13252,49.24115],[-123.13251,49.20438],[-123.13251,49.26776],[-123.13251,49.28606],[-123.13249,49.20498],[-123.13249,49.20579],[-123.13249,49.23679],[-123.13249,49.27283],[-123.13249,49.27838],[-123.13248,49.20395],[-123.13248,49.23425],[-123.13247,49.24164],[-123.13247,49.25706],[-123.13247,49.26957],[-123.13247,49.27438],[-123.13247,49.27572],[-123.13247,49.28619],[-123.13246,49.20546],[-123.13246,49.23491],[-123.13246,49.27976],[-123.13246,49.28611],[-123.13246,49.28938],[-123.13245,49.20361],[-123.13245,49.20708],[-123.13245,49.2377],[-123.13245,49.26987],[-123.13244,49.20706],[-123.13243,49.24158],[-123.13243,49.27404],[-123.13243,49.29347],[-123.13242,49.23587],[-123.13242,49.26997],[-123.13241,49.25742],[-123.13241,49.27844],[-123.1324,49.20562],[-123.1324,49.28453],[-123.13239,49.23679],[-123.13239,49.25713],[-123.13239,49.27981],[-123.13238,49.26771],[-123.13238,49.26995],[-123.13238,49.26996],[-123.13238,49.2915],[-123.13237,49.2377],[-123.13237,49.28934],[-123.13236,49.20896],[-123.13236,49.27681],[-123.13235,49.24149],[-123.13235,49.2743],[-123.13234,49.26978],[-123.13232,49.24524],[-123.13232,49.24587],[-123.13232,49.28104],[-123.13232,49.28448],[-123.13231,49.24582],[-123.13231,49.26987],[-123.1323,49.26529],[-123.13229,49.2107],[-123.13229,49.24537],[-123.13229,49.2733],[-123.13229,49.29145],[-123.13227,49.20896],[-123.13227,49.21343],[-123.13227,49.21346],[-123.13227,49.26757],[-123.13226,49.21121],[-123.13226,49.2652],[-123.13226,49.26619],[-123.13226,49.27714],[-123.13225,49.21081],[-123.13224,49.21117],[-123.13224,49.24149],[-123.13224,49.24636],[-123.13224,49.24641],[-123.13224,49.24683],[-123.13224,49.24686],[-123.13224,49.24778],[-123.13224,49.28933],[-123.13223,49.22163],[-123.13223,49.22222],[-123.13223,49.22225],[-123.13223,49.24775],[-123.13223,49.27718],[-123.13223,49.29743],[-123.13222,49.21206],[-123.13222,49.24728],[-123.13222,49.24733],[-123.13222,49.25189],[-123.13222,49.28259],[-123.13221,49.2452],[-123.13221,49.26952],[-123.13221,49.28112],[-123.1322,49.2192],[-123.1322,49.2193],[-123.1322,49.25182],[-123.13219,49.2041],[-123.13219,49.24867],[-123.13219,49.2487],[-123.13218,49.24819],[-123.13218,49.26625],[-123.13217,49.2135],[-123.13217,49.24826],[-123.13217,49.26976],[-123.13217,49.28447],[-123.13216,49.22941],[-123.13216,49.22947],[-123.13216,49.2463],[-123.13215,49.21343],[-123.13215,49.22169],[-123.13215,49.22988],[-123.13215,49.22991],[-123.13215,49.24944],[-123.13214,49.24936],[-123.13214,49.25008],[-123.13214,49.25194],[-123.13214,49.28451],[-123.13213,49.22229],[-123.13213,49.23031],[-123.13213,49.2304],[-123.13213,49.24917],[-123.13213,49.24925],[-123.13213,49.25004],[-123.13213,49.25141],[-123.13213,49.27984],[-123.13212,49.24722],[-123.13212,49.25137],[-123.13212,49.27705],[-123.13212,49.28255],[-123.13212,49.28941],[-123.13211,49.2451],[-123.13211,49.26738],[-123.1321,49.24277],[-123.1321,49.2914],[-123.13209,49.21116],[-123.13209,49.24814],[-123.13209,49.2507],[-123.13209,49.25076],[-123.13208,49.24832],[-123.13208,49.26018],[-123.13208,49.28789],[-123.13207,49.21346],[-123.13207,49.2463],[-123.13206,49.22407],[-123.13206,49.22773],[-123.13206,49.22934],[-123.13206,49.2322],[-123.13206,49.29751],[-123.13205,49.26568],[-123.13204,49.22466],[-123.13204,49.23226],[-123.13204,49.25195],[-123.13203,49.22169],[-123.13203,49.2302],[-123.13203,49.24277],[-123.13203,49.24722],[-123.13203,49.24949],[-123.13203,49.26965],[-123.13203,49.27313],[-123.13203,49.2774],[-123.13202,49.22156],[-123.13202,49.22229],[-123.13202,49.22535],[-123.13202,49.25011],[-123.13202,49.26949],[-123.13202,49.27977],[-123.13202,49.28793],[-123.13201,49.23401],[-123.13201,49.26625],[-123.13201,49.27656],[-123.132,49.22582],[-123.132,49.24812],[-123.132,49.2508],[-123.13199,49.24832],[-123.13198,49.25385],[-123.13197,49.22932],[-123.13197,49.28661],[-123.13197,49.29162],[-123.13196,49.20433],[-123.13196,49.22407],[-123.13196,49.22679],[-123.13196,49.22771],[-123.13196,49.25379],[-123.13196,49.27659],[-123.13196,49.2864],[-123.13195,49.21867],[-123.13195,49.21871],[-123.13195,49.23232],[-123.13195,49.27743],[-123.13194,49.22466],[-123.13194,49.24949],[-123.13193,49.29765],[-123.13192,49.23023],[-123.13192,49.28485],[-123.13191,49.22221],[-123.13191,49.22225],[-123.13191,49.22534],[-123.1319,49.23393],[-123.1319,49.26981],[-123.1319,49.28289],[-123.1319,49.28656],[-123.13189,49.2055],[-123.13189,49.22581],[-123.13189,49.2508],[-123.13189,49.26954],[-123.13189,49.28645],[-123.13187,49.20096],[-123.13187,49.22679],[-123.13186,49.20087],[-123.13186,49.20096],[-123.13186,49.26722],[-123.13186,49.26929],[-123.13185,49.2044],[-123.13185,49.27537],[-123.13185,49.27605],[-123.13185,49.2848],[-123.13184,49.21257],[-123.13184,49.22393],[-123.13184,49.23232],[-123.13184,49.27741],[-123.13184,49.28009],[-123.13184,49.28293],[-123.13183,49.224],[-123.13182,49.22764],[-123.13182,49.28144],[-123.13181,49.2089],[-123.13181,49.22526],[-123.13181,49.2257],[-123.13181,49.22576],[-123.13181,49.23328],[-123.13181,49.27668],[-123.1318,49.20577],[-123.1318,49.22531],[-123.1318,49.22757],[-123.1318,49.23392],[-123.1318,49.28012],[-123.13179,49.2084],[-123.13179,49.20855],[-123.13179,49.22673],[-123.13178,49.25481],[-123.13177,49.20892],[-123.13177,49.27363],[-123.13177,49.27483],[-123.13177,49.27537],[-123.13177,49.2883],[-123.13176,49.20704],[-123.13176,49.22662],[-123.13174,49.22717],[-123.13174,49.27671],[-123.13174,49.28148],[-123.13173,49.22714],[-123.13173,49.25783],[-123.13173,49.27362],[-123.13172,49.25793],[-123.13171,49.21071],[-123.13171,49.25834],[-123.13171,49.26953],[-123.1317,49.20861],[-123.1317,49.2108],[-123.1317,49.25484],[-123.1317,49.27732],[-123.13169,49.20446],[-123.13169,49.20497],[-123.13169,49.21821],[-123.13169,49.21827],[-123.13169,49.27669],[-123.13169,49.28824],[-123.13168,49.20488],[-123.13168,49.21069],[-123.13168,49.21116],[-123.13168,49.25877],[-123.13168,49.26932],[-123.13167,49.20467],[-123.13167,49.20478],[-123.13167,49.25695],[-123.13167,49.25883],[-123.13167,49.25926],[-123.13167,49.28482],[-123.13167,49.28969],[-123.13166,49.20577],[-123.13166,49.28277],[-123.13165,49.20936],[-123.13165,49.23416],[-123.13165,49.25489],[-123.13165,49.27476],[-123.13164,49.21088],[-123.13163,49.21257],[-123.13163,49.21261],[-123.13163,49.21298],[-123.13162,49.20434],[-123.13162,49.20704],[-123.13162,49.2113],[-123.13162,49.26996],[-123.13162,49.29206],[-123.13161,49.20397],[-123.13161,49.20434],[-123.13161,49.21305],[-123.13161,49.2587],[-123.13161,49.28487],[-123.13161,49.28974],[-123.1316,49.2049],[-123.1316,49.21085],[-123.1316,49.27636],[-123.13159,49.2049],[-123.13159,49.21483],[-123.13158,49.21496],[-123.13158,49.29111],[-123.13157,49.20438],[-123.13157,49.20561],[-123.13157,49.20571],[-123.13157,49.25493],[-123.13157,49.25961],[-123.13157,49.26528],[-123.13157,49.27779],[-123.13156,49.21537],[-123.13156,49.27349],[-123.13156,49.28022],[-123.13156,49.28823],[-123.13156,49.29212],[-123.13155,49.20439],[-123.13155,49.20861],[-123.13155,49.20936],[-123.13155,49.26054],[-123.13155,49.26519],[-123.13154,49.21533],[-123.13154,49.23774],[-123.13153,49.21675],[-123.13153,49.23783],[-123.13153,49.26298],[-123.13153,49.26341],[-123.13153,49.27025],[-123.13152,49.21311],[-123.13152,49.26445],[-123.13152,49.28828],[-123.13152,49.29755],[-123.13151,49.21671],[-123.13151,49.26357],[-123.13151,49.27346],[-123.13151,49.2738],[-123.1315,49.21086],[-123.1315,49.2615],[-123.1315,49.26398],[-123.1315,49.26435],[-123.1315,49.29753],[-123.13149,49.20997],[-123.13149,49.21398],[-123.13149,49.21714],[-123.13149,49.291],[-123.13148,49.23498],[-123.13148,49.23504],[-123.13147,49.23688],[-123.13147,49.2587],[-123.13147,49.26243],[-123.13147,49.26483],[-123.13147,49.28678],[-123.13147,49.28827],[-123.13146,49.215],[-123.13146,49.23682],[-123.13146,49.26567],[-123.13146,49.27375],[-123.13145,49.21722],[-123.13145,49.27748],[-123.13144,49.21132],[-123.13144,49.21567],[-123.13144,49.26334],[-123.13144,49.26567],[-123.13144,49.26608],[-123.13144,49.27644],[-123.13143,49.25697],[-123.13143,49.26602],[-123.13143,49.2778],[-123.13142,49.21637],[-123.13142,49.25961],[-123.13141,49.28689],[-123.1314,49.2131],[-123.1314,49.26054],[-123.1314,49.26429],[-123.1314,49.26615],[-123.13139,49.28043],[-123.13139,49.28681],[-123.13139,49.29009],[-123.13138,49.21399],[-123.13138,49.23589],[-123.13138,49.23595],[-123.13138,49.26503],[-123.13138,49.26504],[-123.13136,49.21493],[-123.13136,49.2615],[-123.13136,49.27354],[-123.13135,49.22405],[-123.13135,49.26593],[-123.13134,49.25967],[-123.13134,49.25975],[-123.13134,49.26688],[-123.13134,49.27011],[-123.13134,49.28523],[-123.13133,49.2157],[-123.13133,49.26017],[-123.13133,49.27367],[-123.13132,49.26243],[-123.13132,49.28329],[-123.13131,49.2164],[-123.13131,49.2606],[-123.13131,49.28023],[-123.13131,49.29003],[-123.1313,49.26071],[-123.13129,49.22406],[-123.13129,49.26334],[-123.13129,49.28052],[-123.13128,49.26113],[-123.13128,49.26156],[-123.13128,49.26163],[-123.13128,49.27778],[-123.13127,49.25925],[-123.13127,49.27647],[-123.13127,49.28863],[-123.13126,49.22471],[-123.13126,49.26206],[-123.13126,49.26429],[-123.13125,49.24106],[-123.13125,49.2745],[-123.13125,49.29116],[-123.13124,49.27364],[-123.13123,49.22392],[-123.13123,49.22399],[-123.13123,49.26299],[-123.13123,49.26988],[-123.13122,49.26504],[-123.13122,49.26505],[-123.13122,49.27441],[-123.13121,49.24153],[-123.1312,49.2698],[-123.1312,49.27638],[-123.1312,49.28856],[-123.13119,49.26594],[-123.13119,49.26595],[-123.13119,49.29003],[-123.13118,49.2668],[-123.13113,49.26481],[-123.13112,49.22162],[-123.13112,49.27639],[-123.13111,49.20086],[-123.13111,49.26567],[-123.13111,49.26723],[-123.13111,49.28517],[-123.1311,49.27645],[-123.1311,49.28241],[-123.13109,49.20086],[-123.13109,49.20095],[-123.13109,49.27646],[-123.13108,49.20095],[-123.13108,49.28529],[-123.13107,49.27409],[-123.13107,49.28522],[-123.13107,49.29076],[-123.13106,49.27301],[-123.13106,49.27596],[-123.13106,49.28857],[-123.13105,49.27302],[-123.13104,49.29011],[-123.13103,49.20576],[-123.13102,49.22154],[-123.13102,49.25407],[-123.13101,49.29069],[-123.131,49.22154],[-123.131,49.25196],[-123.13099,49.25006],[-123.13099,49.27414],[-123.13099,49.27596],[-123.13098,49.20575],[-123.13098,49.2519],[-123.13097,49.20703],[-123.13097,49.27811],[-123.13096,49.20889],[-123.13096,49.2107],[-123.13095,49.20895],[-123.13095,49.2093],[-123.13095,49.21079],[-123.13095,49.26858],[-123.13095,49.28865],[-123.13094,49.2871],[-123.13092,49.24915],[-123.13092,49.24923],[-123.13092,49.25068],[-123.13092,49.26644],[-123.13092,49.27802],[-123.13091,49.25074],[-123.13091,49.25408],[-123.13091,49.27421],[-123.1309,49.21084],[-123.1309,49.24942],[-123.1309,49.27815],[-123.1309,49.27944],[-123.13089,49.20886],[-123.13089,49.26653],[-123.13089,49.27401],[-123.13089,49.27604],[-123.13089,49.28733],[-123.13088,49.24158],[-123.13087,49.24257],[-123.13085,49.22219],[-123.13085,49.22224],[-123.13085,49.24201],[-123.13085,49.24263],[-123.13085,49.28716],[-123.13084,49.21227],[-123.13084,49.28726],[-123.13083,49.21084],[-123.13083,49.24312],[-123.13083,49.2437],[-123.13083,49.25645],[-123.13083,49.29046],[-123.13082,49.26743],[-123.13082,49.27949],[-123.13082,49.28557],[-123.13081,49.24248],[-123.13081,49.25408],[-123.13081,49.28078],[-123.13081,49.28222],[-123.1308,49.21346],[-123.1308,49.24306],[-123.1308,49.27392],[-123.1308,49.28072],[-123.13079,49.27787],[-123.13077,49.21226],[-123.13077,49.24363],[-123.13077,49.24416],[-123.13077,49.24467],[-123.13076,49.22167],[-123.13076,49.24271],[-123.13076,49.27421],[-123.13075,49.24247],[-123.13075,49.2446],[-123.13075,49.2744],[-123.13075,49.2761],[-123.13075,49.27817],[-123.13074,49.22226],[-123.13074,49.24452],[-123.13074,49.245],[-123.13074,49.24592],[-123.13074,49.28082],[-123.13074,49.29042],[-123.13073,49.21346],[-123.13072,49.22295],[-123.13072,49.25409],[-123.13071,49.24362],[-123.13071,49.24534],[-123.13071,49.24588],[-123.13071,49.27405],[-123.1307,49.27607],[-123.13069,49.24633],[-123.13069,49.24639],[-123.13068,49.21476],[-123.13068,49.22405],[-123.13068,49.2445],[-123.13068,49.2468],[-123.13067,49.21819],[-123.13067,49.21826],[-123.13067,49.24725],[-123.13067,49.28066],[-123.13066,49.24627],[-123.13066,49.24731],[-123.13065,49.22168],[-123.13065,49.24534],[-123.13065,49.24686],[-123.13065,49.27397],[-123.13065,49.28082],[-123.13064,49.2134],[-123.13064,49.25644],[-123.13064,49.29076],[-123.13063,49.22533],[-123.13062,49.21865],[-123.13062,49.24767],[-123.13062,49.24778],[-123.13062,49.27569],[-123.13062,49.28552],[-123.13062,49.2857],[-123.13061,49.22295],[-123.13061,49.24627],[-123.13061,49.24703],[-123.1306,49.27471],[-123.1306,49.27784],[-123.13059,49.20071],[-123.13059,49.20099],[-123.13059,49.20101],[-123.13059,49.21869],[-123.13059,49.22344],[-123.13059,49.24742],[-123.13059,49.24831],[-123.13059,49.27809],[-123.13059,49.29043],[-123.13058,49.21928],[-123.13058,49.24718],[-123.13058,49.29942],[-123.13057,49.22405],[-123.13056,49.20201],[-123.13056,49.21918],[-123.13055,49.21832],[-123.13055,49.22161],[-123.13054,49.20239],[-123.13054,49.2024],[-123.13054,49.20559],[-123.13054,49.20838],[-123.13054,49.22493],[-123.13054,49.2483],[-123.13054,49.25702],[-123.13054,49.27397],[-123.13054,49.28557],[-123.13054,49.28566],[-123.13053,49.20263],[-123.13053,49.20276],[-123.13053,49.20569],[-123.13053,49.23026],[-123.13053,49.23034],[-123.13053,49.23395],[-123.13053,49.25711],[-123.13053,49.26789],[-123.13052,49.20697],[-123.13052,49.22281],[-123.13052,49.22287],[-123.13052,49.22532],[-123.13052,49.23412],[-123.13051,49.20331],[-123.13051,49.20687],[-123.1305,49.23451],[-123.1305,49.27576],[-123.1305,49.28894],[-123.13049,49.21832],[-123.13049,49.23495],[-123.13049,49.23501],[-123.13048,49.20473],[-123.13048,49.22341],[-123.13048,49.22391],[-123.13048,49.23545],[-123.13047,49.20853],[-123.13047,49.22337],[-123.13047,49.22398],[-123.13047,49.23304],[-123.13047,49.23311],[-123.13047,49.23541],[-123.13047,49.23586],[-123.13047,49.25612],[-123.13046,49.23592],[-123.13046,49.25135],[-123.13046,49.25139],[-123.13046,49.27469],[-123.13046,49.27503],[-123.13045,49.20071],[-123.13045,49.20574],[-123.13045,49.23633],[-123.13044,49.22437],[-123.13044,49.22441],[-123.13044,49.22486],[-123.13044,49.23637],[-123.13044,49.23684],[-123.13043,49.20623],[-123.13043,49.20701],[-123.13043,49.22479],[-123.13043,49.22525],[-123.13043,49.23678],[-123.13043,49.25317],[-123.13043,49.25744],[-123.13043,49.25748],[-123.13043,49.25782],[-123.13043,49.27846],[-123.13043,49.28898],[-123.13042,49.21295],[-123.13042,49.22528],[-123.13041,49.20768],[-123.13041,49.23725],[-123.13041,49.2373],[-123.13041,49.2758],[-123.1304,49.20201],[-123.1304,49.2377],[-123.1304,49.27855],[-123.1304,49.28196],[-123.13039,49.21069],[-123.13039,49.21078],[-123.13039,49.23488],[-123.13039,49.27853],[-123.13039,49.28747],[-123.13038,49.20235],[-123.13038,49.23504],[-123.13038,49.27419],[-123.13037,49.2026],[-123.13037,49.20859],[-123.13037,49.23779],[-123.13037,49.2785],[-123.13036,49.2358],[-123.13036,49.26433],[-123.13036,49.26442],[-123.13036,49.29204],[-123.13035,49.23598],[-123.13035,49.29203],[-123.13034,49.20334],[-123.13034,49.20964],[-123.13034,49.22752],[-123.13034,49.25318],[-123.13034,49.27454],[-123.13033,49.22759],[-123.13033,49.23671],[-123.13033,49.25773],[-123.13033,49.2741],[-123.13033,49.28116],[-123.13033,49.28752],[-123.13033,49.29056],[-123.13032,49.20474],[-123.13032,49.21302],[-123.13032,49.27501],[-123.13032,49.27535],[-123.13032,49.27579],[-123.13031,49.23732],[-123.13031,49.27496],[-123.13031,49.28384],[-123.1303,49.21084],[-123.1303,49.24102],[-123.1303,49.28105],[-123.13029,49.21459],[-123.13029,49.24106],[-123.13029,49.2415],[-123.13029,49.27581],[-123.13028,49.24102],[-123.13028,49.24156],[-123.13027,49.20292],[-123.13027,49.2134],[-123.13027,49.21344],[-123.13027,49.21445],[-123.13027,49.23501],[-123.13026,49.21189],[-123.13026,49.2797],[-123.13026,49.2921],[-123.13025,49.21137],[-123.13025,49.23584],[-123.13025,49.25318],[-123.13025,49.27512],[-123.13024,49.20454],[-123.13024,49.21344],[-123.13024,49.2785],[-123.13024,49.28121],[-123.13024,49.28381],[-123.13023,49.2124],[-123.13023,49.24361],[-123.13023,49.2675],[-123.13023,49.27577],[-123.13022,49.21309],[-123.13022,49.23671],[-123.13022,49.24252],[-123.13022,49.25772],[-123.13021,49.24246],[-123.13021,49.27573],[-123.13021,49.28097],[-123.1302,49.23213],[-123.1302,49.2322],[-123.1302,49.26355],[-123.1302,49.28933],[-123.13019,49.21393],[-123.13019,49.25683],[-123.13019,49.27533],[-123.13018,49.27464],[-123.13018,49.27535],[-123.13017,49.21465],[-123.13017,49.25578],[-123.13017,49.26338],[-123.13017,49.27538],[-123.13016,49.20702],[-123.13016,49.20772],[-123.13016,49.22934],[-123.13016,49.2294],[-123.13016,49.25321],[-123.13016,49.2744],[-123.13015,49.21136],[-123.13015,49.2445],[-123.13015,49.24455],[-123.13015,49.25596],[-123.13015,49.27777],[-123.13014,49.20302],[-123.13013,49.20858],[-123.13013,49.24239],[-123.13013,49.27469],[-123.13013,49.27977],[-123.13012,49.26563],[-123.13012,49.28928],[-123.13011,49.2167],[-123.13011,49.2454],[-123.13011,49.27776],[-123.13011,49.28381],[-123.13011,49.28399],[-123.1301,49.23778],[-123.1301,49.24546],[-123.1301,49.27773],[-123.1301,49.28787],[-123.13009,49.20697],[-123.13009,49.20964],[-123.13009,49.2435],[-123.13009,49.24632],[-123.13009,49.24638],[-123.13009,49.28588],[-123.13008,49.20684],[-123.13008,49.23769],[-123.13008,49.24375],[-123.13008,49.24448],[-123.13008,49.2812],[-123.13008,49.29098],[-123.13007,49.2298],[-123.13007,49.22984],[-123.13007,49.266],[-123.13007,49.26611],[-123.13006,49.26517],[-123.13005,49.21083],[-123.13005,49.24442],[-123.13005,49.24461],[-123.13005,49.24941],[-123.13005,49.26525],[-123.13004,49.20621],[-123.13004,49.24932],[-123.13004,49.2521],[-123.13004,49.28173],[-123.13003,49.21555],[-123.13003,49.24238],[-123.13003,49.28386],[-123.13003,49.28394],[-123.13002,49.24534],[-123.13002,49.28592],[-123.13001,49.20697],[-123.13001,49.21163],[-123.13001,49.2119],[-123.13001,49.24552],[-123.13001,49.24816],[-123.13,49.21239],[-123.13,49.2435],[-123.13,49.24822],[-123.13,49.28782],[-123.13,49.28927],[-123.13,49.29093],[-123.12999,49.20836],[-123.12999,49.24626],[-123.12999,49.25066],[-123.12999,49.27553],[-123.12998,49.24644],[-123.12998,49.24863],[-123.12998,49.24867],[-123.12998,49.24922],[-123.12998,49.27452],[-123.12998,49.27577],[-123.12997,49.21309],[-123.12997,49.24442],[-123.12997,49.24723],[-123.12997,49.24732],[-123.12997,49.25073],[-123.12997,49.28112],[-123.12996,49.20306],[-123.12996,49.24914],[-123.12996,49.24946],[-123.12995,49.21393],[-123.12995,49.27482],[-123.12994,49.25006],[-123.12993,49.203],[-123.12993,49.21453],[-123.12993,49.24534],[-123.12993,49.2521],[-123.12993,49.26788],[-123.12993,49.27741],[-123.12992,49.27455],[-123.12992,49.29024],[-123.12991,49.24828],[-123.12991,49.27744],[-123.12991,49.2788],[-123.1299,49.24626],[-123.1299,49.27429],[-123.12989,49.27545],[-123.12988,49.28781],[-123.12986,49.24945],[-123.12986,49.27421],[-123.12986,49.28935],[-123.12985,49.22152],[-123.12985,49.25209],[-123.12985,49.29022],[-123.12984,49.24732],[-123.12984,49.25557],[-123.12984,49.2755],[-123.12984,49.27574],[-123.12983,49.2454],[-123.12983,49.24723],[-123.12983,49.27748],[-123.12983,49.27886],[-123.12982,49.20607],[-123.12982,49.21626],[-123.12982,49.24546],[-123.12981,49.24828],[-123.12981,49.25078],[-123.1298,49.21553],[-123.12979,49.24632],[-123.12979,49.24638],[-123.12978,49.20852],[-123.12978,49.24945],[-123.12977,49.25668],[-123.12977,49.2909],[-123.12976,49.2521],[-123.12976,49.27493],[-123.12976,49.28789],[-123.12976,49.29096],[-123.12975,49.27883],[-123.12975,49.28151],[-123.12974,49.25517],[-123.12973,49.25077],[-123.12973,49.27803],[-123.12973,49.29098],[-123.12972,49.27541],[-123.12971,49.27549],[-123.12971,49.27748],[-123.12971,49.28007],[-123.1297,49.20408],[-123.1297,49.27469],[-123.1297,49.27505],[-123.1297,49.29101],[-123.12969,49.23675],[-123.12969,49.23682],[-123.12968,49.24945],[-123.12967,49.20409],[-123.12967,49.23538],[-123.12967,49.25005],[-123.12967,49.27327],[-123.12965,49.25205],[-123.12965,49.27326],[-123.12965,49.27862],[-123.12965,49.28012],[-123.12964,49.25078],[-123.12963,49.23723],[-123.12963,49.23727],[-123.12963,49.25198],[-123.12963,49.27502],[-123.12963,49.29011],[-123.12962,49.23538],[-123.12962,49.28973],[-123.12962,49.29087],[-123.1296,49.21622],[-123.1296,49.27336],[-123.12959,49.20505],[-123.12959,49.20857],[-123.12959,49.27336],[-123.12959,49.2774],[-123.12958,49.20702],[-123.12958,49.25004],[-123.12958,49.27741],[-123.12958,49.29167],[-123.12957,49.25],[-123.12957,49.28415],[-123.12956,49.21708],[-123.12956,49.25065],[-123.12956,49.26804],[-123.12956,49.2748],[-123.12955,49.25072],[-123.12955,49.25133],[-123.12955,49.25137],[-123.12953,49.28622],[-123.12953,49.28642],[-123.12953,49.29011],[-123.12952,49.20695],[-123.12952,49.20857],[-123.12952,49.28967],[-123.12951,49.2751],[-123.1295,49.21083],[-123.1295,49.28419],[-123.1295,49.29135],[-123.1295,49.29145],[-123.12949,49.20937],[-123.12949,49.24153],[-123.12949,49.28144],[-123.12948,49.28646],[-123.12947,49.2116],[-123.12946,49.21717],[-123.12946,49.2782],[-123.12946,49.28627],[-123.12945,49.21082],[-123.12945,49.27489],[-123.12945,49.28637],[-123.12943,49.21159],[-123.12943,49.23631],[-123.12943,49.24231],[-123.12943,49.2744],[-123.12943,49.2749],[-123.12942,49.21308],[-123.12942,49.27568],[-123.12942,49.27635],[-123.12942,49.29127],[-123.12942,49.29335],[-123.12941,49.20485],[-123.12941,49.21927],[-123.12941,49.23633],[-123.12941,49.24931],[-123.12941,49.24939],[-123.1294,49.21422],[-123.12939,49.27518],[-123.12939,49.27913],[-123.12939,49.28967],[-123.12938,49.20612],[-123.12938,49.22056],[-123.12938,49.27432],[-123.12938,49.27517],[-123.12938,49.2913],[-123.12937,49.21308],[-123.12937,49.21721],[-123.12937,49.22049],[-123.12937,49.24231],[-123.12937,49.27756],[-123.12937,49.29131],[-123.12937,49.29155],[-123.12936,49.20605],[-123.12936,49.22056],[-123.12936,49.2444],[-123.12936,49.2546],[-123.12935,49.21935],[-123.12934,49.24539],[-123.12934,49.25781],[-123.12934,49.25788],[-123.12933,49.24344],[-123.12932,49.24524],[-123.12932,49.25873],[-123.12932,49.27523],[-123.12931,49.25879],[-123.12931,49.25924],[-123.12931,49.27521],[-123.12931,49.2763],[-123.1293,49.2444],[-123.12929,49.21935],[-123.12929,49.24624],[-123.12929,49.27923],[-123.12928,49.23677],[-123.12928,49.25963],[-123.12927,49.24524],[-123.12927,49.24681],[-123.12927,49.25973],[-123.12927,49.26016],[-123.12926,49.22165],[-123.12926,49.24715],[-123.12926,49.25463],[-123.12926,49.26057],[-123.12926,49.26067],[-123.12924,49.24545],[-123.12924,49.2611],[-123.12923,49.24624],[-123.12923,49.24735],[-123.12923,49.25615],[-123.12923,49.27893],[-123.12922,49.24807],[-123.12922,49.25386],[-123.12922,49.25867],[-123.12922,49.27779],[-123.12922,49.28999],[-123.12921,49.21764],[-123.12921,49.22291],[-123.12921,49.24832],[-123.12921,49.26202],[-123.12921,49.28184],[-123.12921,49.28192],[-123.12921,49.29067],[-123.1292,49.22049],[-123.1292,49.24676],[-123.1292,49.2596],[-123.1292,49.26152],[-123.1292,49.26159],[-123.1292,49.2898],[-123.12919,49.21768],[-123.12919,49.22166],[-123.12919,49.22709],[-123.12919,49.24715],[-123.12918,49.22615],[-123.12918,49.22795],[-123.12918,49.24736],[-123.12918,49.25621],[-123.12918,49.26813],[-123.12917,49.22402],[-123.12917,49.2261],[-123.12917,49.22799],[-123.12917,49.26524],[-123.12917,49.26636],[-123.12917,49.26645],[-123.12917,49.276],[-123.12917,49.27921],[-123.12916,49.22702],[-123.12916,49.24808],[-123.12916,49.26245],[-123.12916,49.27585],[-123.12916,49.29074],[-123.12915,49.22291],[-123.12915,49.22521],[-123.12915,49.22682],[-123.12915,49.2289],[-123.12915,49.24682],[-123.12915,49.24832],[-123.12915,49.24913],[-123.12915,49.2492],[-123.12915,49.26051],[-123.12915,49.26336],[-123.12915,49.26353],[-123.12915,49.27331],[-123.12914,49.22528],[-123.12914,49.22761],[-123.12914,49.22839],[-123.12914,49.22886],[-123.12914,49.27711],[-123.12914,49.27775],[-123.12913,49.22845],[-123.12913,49.26251],[-123.12913,49.26296],[-123.12912,49.22159],[-123.12912,49.2256],[-123.12912,49.25867],[-123.12912,49.26431],[-123.12912,49.26441],[-123.12912,49.26479],[-123.12912,49.27509],[-123.12912,49.27842],[-123.12911,49.22402],[-123.12911,49.24145],[-123.12911,49.26147],[-123.12911,49.26394],[-123.12911,49.26517],[-123.1291,49.21723],[-123.1291,49.22852],[-123.1291,49.27321],[-123.12909,49.22892],[-123.12909,49.25478],[-123.12908,49.22681],[-123.12908,49.23029],[-123.12908,49.25959],[-123.12908,49.26237],[-123.12908,49.27469],[-123.12908,49.27771],[-123.12907,49.22598],[-123.12906,49.22559],[-123.12906,49.22943],[-123.12906,49.23021],[-123.12906,49.26563],[-123.12906,49.2772],[-123.12905,49.21817],[-123.12905,49.22761],[-123.12905,49.26331],[-123.12905,49.26598],[-123.12904,49.26425],[-123.12904,49.28451],[-123.12903,49.20836],[-123.12903,49.20851],[-123.12903,49.23015],[-123.12903,49.23035],[-123.12903,49.23209],[-123.12903,49.23216],[-123.12903,49.26051],[-123.12903,49.27588],[-123.12902,49.22747],[-123.12902,49.22754],[-123.12902,49.22853],[-123.12902,49.26609],[-123.12902,49.28857],[-123.12901,49.26147],[-123.12901,49.28659],[-123.129,49.21824],[-123.12899,49.20701],[-123.12899,49.22943],[-123.12899,49.233],[-123.12899,49.27588],[-123.12899,49.27909],[-123.12898,49.22839],[-123.12898,49.22845],[-123.12898,49.23307],[-123.12898,49.28456],[-123.12897,49.23015],[-123.12897,49.23035],[-123.12897,49.26239],[-123.12897,49.26593],[-123.12897,49.27448],[-123.12896,49.20768],[-123.12896,49.25699],[-123.12896,49.26509],[-123.12896,49.28194],[-123.12896,49.28996],[-123.12895,49.2335],[-123.12895,49.23388],[-123.12895,49.24586],[-123.12895,49.2459],[-123.12895,49.25382],[-123.12895,49.25709],[-123.12895,49.27452],[-123.12895,49.27678],[-123.12895,49.28662],[-123.12894,49.20857],[-123.12894,49.21068],[-123.12894,49.23201],[-123.12894,49.23408],[-123.12894,49.2633],[-123.12894,49.27552],[-123.12894,49.28851],[-123.12893,49.21075],[-123.12893,49.23295],[-123.12892,49.21867],[-123.12892,49.23344],[-123.12892,49.27592],[-123.12891,49.21829],[-123.12891,49.21863],[-123.12891,49.26152],[-123.12891,49.26159],[-123.12891,49.27482],[-123.1289,49.23384],[-123.1289,49.27443],[-123.1289,49.27482],[-123.1289,49.27561],[-123.12889,49.26202],[-123.12889,49.26244],[-123.12889,49.26251],[-123.12889,49.26424],[-123.12889,49.27603],[-123.12888,49.21926],[-123.12888,49.27598],[-123.12888,49.27604],[-123.12887,49.23295],[-123.12887,49.2651],[-123.12886,49.21294],[-123.12886,49.21301],[-123.12886,49.26295],[-123.12886,49.27684],[-123.12885,49.2108],[-123.12885,49.23384],[-123.12885,49.2493],[-123.12885,49.28186],[-123.12884,49.207],[-123.12884,49.21232],[-123.12884,49.2611],[-123.12884,49.26593],[-123.12884,49.27528],[-123.12884,49.27951],[-123.12883,49.21407],[-123.12882,49.20767],[-123.12882,49.21178],[-123.12882,49.21916],[-123.12882,49.28852],[-123.12881,49.20544],[-123.1288,49.21414],[-123.1288,49.26394],[-123.1288,49.26805],[-123.1288,49.27946],[-123.1288,49.28691],[-123.12879,49.20857],[-123.12879,49.27868],[-123.12878,49.23683],[-123.12878,49.26479],[-123.12878,49.27956],[-123.12877,49.21307],[-123.12877,49.26565],[-123.12876,49.29004],[-123.12875,49.20515],[-123.12875,49.20602],[-123.12875,49.20694],[-123.12875,49.27865],[-123.12874,49.2108],[-123.12872,49.285],[-123.12871,49.21179],[-123.12871,49.23682],[-123.12871,49.27686],[-123.12871,49.28491],[-123.1287,49.21931],[-123.1287,49.2886],[-123.12868,49.21233],[-123.12868,49.27536],[-123.12867,49.21828],[-123.12866,49.21307],[-123.12866,49.22021],[-123.12866,49.27482],[-123.12866,49.27574],[-123.12865,49.28488],[-123.12865,49.28504],[-123.12864,49.21065],[-123.12864,49.27564],[-123.12863,49.28692],[-123.12863,49.29038],[-123.12862,49.22388],[-123.12862,49.22395],[-123.12861,49.22165],[-123.1286,49.2415],[-123.1286,49.27678],[-123.12859,49.20682],[-123.12859,49.22477],[-123.12859,49.22484],[-123.12859,49.27437],[-123.12858,49.21256],[-123.12858,49.24919],[-123.12858,49.27569],[-123.12857,49.2229],[-123.12857,49.27882],[-123.12856,49.20549],[-123.12856,49.2126],[-123.12856,49.22566],[-123.12856,49.22572],[-123.12856,49.22648],[-123.12856,49.22664],[-123.12856,49.24193],[-123.12856,49.24236],[-123.12856,49.2493],[-123.12855,49.24242],[-123.12855,49.27547],[-123.12854,49.24292],[-123.12854,49.24295],[-123.12854,49.24446],[-123.12854,49.24452],[-123.12854,49.29173],[-123.12853,49.22401],[-123.12853,49.25337],[-123.12852,49.21344],[-123.12852,49.21348],[-123.12852,49.27539],[-123.12852,49.27879],[-123.12851,49.2435],[-123.12851,49.24358],[-123.12851,49.244],[-123.12851,49.24405],[-123.12851,49.26797],[-123.1285,49.21293],[-123.1285,49.22489],[-123.1285,49.27443],[-123.1285,49.28486],[-123.12849,49.21301],[-123.12848,49.22578],[-123.12848,49.24492],[-123.12848,49.27648],[-123.12848,49.29036],[-123.12848,49.29182],[-123.12847,49.21931],[-123.12847,49.24496],[-123.12847,49.27575],[-123.12847,49.28689],[-123.12846,49.24236],[-123.12846,49.25072],[-123.12845,49.20555],[-123.12845,49.2267],[-123.12845,49.22928],[-123.12845,49.22934],[-123.12845,49.24242],[-123.12845,49.24424],[-123.12845,49.25065],[-123.12844,49.23019],[-123.12844,49.24342],[-123.12844,49.2849],[-123.12843,49.27452],[-123.12843,49.28896],[-123.12842,49.22021],[-123.12842,49.22758],[-123.12842,49.23027],[-123.12842,49.24099],[-123.12842,49.24677],[-123.12842,49.24681],[-123.12842,49.2482],[-123.12841,49.24589],[-123.12841,49.24728],[-123.12841,49.25339],[-123.1284,49.24424],[-123.1284,49.24613],[-123.1284,49.27448],[-123.1284,49.27558],[-123.12839,49.24769],[-123.12839,49.24773],[-123.12839,49.24819],[-123.12839,49.26806],[-123.12839,49.27447],[-123.12839,49.275],[-123.12839,49.28131],[-123.12838,49.22164],[-123.12838,49.22849],[-123.12838,49.24493],[-123.12837,49.23207],[-123.12837,49.23214],[-123.12837,49.24814],[-123.12837,49.24865],[-123.12836,49.20569],[-123.12836,49.2486],[-123.12836,49.27837],[-123.12835,49.23406],[-123.12835,49.24813],[-123.12835,49.24946],[-123.12835,49.28891],[-123.12834,49.21813],[-123.12834,49.21915],[-123.12834,49.21926],[-123.12834,49.2479],[-123.12834,49.25446],[-123.12833,49.22288],[-123.12833,49.23014],[-123.12833,49.23297],[-123.12833,49.23305],[-123.12833,49.23406],[-123.12833,49.24613],[-123.12833,49.25456],[-123.12833,49.27845],[-123.12833,49.28695],[-123.12831,49.26439],[-123.1283,49.23385],[-123.1283,49.27536],[-123.12829,49.22158],[-123.12829,49.22401],[-123.12829,49.22421],[-123.12829,49.23126],[-123.12829,49.24834],[-123.12829,49.24835],[-123.12829,49.27326],[-123.12828,49.2215],[-123.12828,49.2479],[-123.12828,49.24938],[-123.12828,49.27326],[-123.12828,49.27956],[-123.12827,49.22489],[-123.12827,49.27468],[-123.12826,49.23201],[-123.12826,49.24721],[-123.12826,49.24727],[-123.12826,49.2745],[-123.12825,49.24813],[-123.12824,49.2329],[-123.12823,49.20461],[-123.12822,49.207],[-123.12822,49.20701],[-123.12822,49.27445],[-123.12822,49.27831],[-123.12822,49.27853],[-123.12821,49.20855],[-123.12821,49.23379],[-123.12821,49.23413],[-123.12821,49.23414],[-123.12821,49.24819],[-123.12821,49.2889],[-123.1282,49.22578],[-123.1282,49.27319],[-123.1282,49.29034],[-123.12819,49.20833],[-123.12819,49.2732],[-123.12819,49.27478],[-123.12819,49.27535],[-123.12818,49.23491],[-123.12818,49.28257],[-123.12817,49.22669],[-123.12816,49.22758],[-123.12815,49.2664],[-123.12815,49.27516],[-123.12815,49.27652],[-123.12814,49.20855],[-123.12814,49.22849],[-123.12814,49.23581],[-123.12814,49.28521],[-123.12814,49.28543],[-123.12813,49.2108],[-123.12813,49.26108],[-123.12812,49.20565],[-123.12812,49.28262],[-123.12811,49.27538],[-123.12811,49.27853],[-123.12811,49.28121],[-123.1281,49.29042],[-123.12809,49.23013],[-123.12809,49.23686],[-123.12808,49.21865],[-123.12807,49.2108],[-123.12807,49.22647],[-123.12807,49.23756],[-123.12806,49.21869],[-123.12806,49.22663],[-123.12806,49.24813],[-123.12806,49.27996],[-123.12805,49.23126],[-123.12805,49.24141],[-123.12805,49.24148],[-123.12805,49.25435],[-123.12805,49.29142],[-123.12804,49.23852],[-123.12804,49.27731],[-123.12804,49.27917],[-123.12804,49.29077],[-123.12803,49.24094],[-123.12803,49.28902],[-123.12802,49.23199],[-123.12802,49.23894],[-123.12802,49.24098],[-123.12801,49.27607],[-123.128,49.23956],[-123.128,49.25698],[-123.128,49.27845],[-123.12799,49.27616],[-123.12798,49.23289],[-123.12798,49.25871],[-123.12798,49.27608],[-123.12797,49.2404],[-123.12797,49.26806],[-123.12797,49.27537],[-123.12797,49.27609],[-123.12796,49.25877],[-123.12795,49.27917],[-123.12795,49.28261],[-123.12795,49.29148],[-123.12794,49.23378],[-123.12794,49.24132],[-123.12794,49.25692],[-123.12794,49.29071],[-123.12792,49.23414],[-123.12792,49.26052],[-123.12792,49.27605],[-123.12792,49.27723],[-123.12791,49.2345],[-123.12791,49.23493],[-123.12791,49.24228],[-123.12791,49.26067],[-123.12789,49.23581],[-123.12789,49.27623],[-123.12787,49.24342],[-123.12787,49.26629],[-123.12786,49.23384],[-123.12786,49.23683],[-123.12785,49.23446],[-123.12785,49.27381],[-123.12785,49.27388],[-123.12784,49.24435],[-123.12784,49.27381],[-123.12784,49.27596],[-123.12783,49.23755],[-123.12783,49.26429],[-123.12783,49.27542],[-123.12783,49.28254],[-123.12781,49.23405],[-123.12781,49.23442],[-123.12781,49.2453],[-123.12781,49.25707],[-123.12781,49.26332],[-123.1278,49.23852],[-123.1278,49.26353],[-123.1278,49.26787],[-123.1278,49.27805],[-123.12778,49.23902],[-123.12778,49.2462],[-123.12777,49.2367],[-123.12777,49.23676],[-123.12777,49.23957],[-123.12776,49.26439],[-123.12776,49.27802],[-123.12775,49.2681],[-123.12774,49.20684],[-123.12774,49.24051],[-123.12774,49.24714],[-123.12774,49.27204],[-123.12774,49.27418],[-123.12774,49.27621],[-123.12773,49.20693],[-123.12773,49.26522],[-123.12773,49.27493],[-123.12773,49.27548],[-123.12772,49.23761],[-123.12772,49.26789],[-123.12772,49.27419],[-123.12771,49.20382],[-123.12771,49.22164],[-123.12771,49.2377],[-123.12771,49.24133],[-123.12771,49.24806],[-123.12771,49.24825],[-123.12771,49.2742],[-123.12769,49.22394],[-123.12769,49.26596],[-123.12768,49.20837],[-123.12768,49.22387],[-123.12768,49.26607],[-123.12767,49.20588],[-123.12767,49.24228],[-123.12767,49.27379],[-123.12767,49.28949],[-123.12766,49.24943],[-123.12766,49.25177],[-123.12766,49.27378],[-123.12766,49.29116],[-123.12765,49.25135],[-123.12765,49.25169],[-123.12765,49.2857],[-123.12765,49.29103],[-123.12764,49.20699],[-123.12764,49.22164],[-123.12764,49.2238],[-123.12764,49.24341],[-123.12764,49.2513],[-123.12764,49.28768],[-123.12763,49.20849],[-123.12763,49.22414],[-123.12763,49.22417],[-123.12763,49.22595],[-123.12763,49.25267],[-123.12763,49.27212],[-123.12763,49.28575],[-123.12762,49.20385],[-123.12762,49.2829],[-123.12762,49.28576],[-123.12761,49.20765],[-123.12761,49.24137],[-123.12761,49.2526],[-123.12761,49.27487],[-123.12761,49.27614],[-123.12761,49.28575],[-123.1276,49.2249],[-123.1276,49.24148],[-123.1276,49.27385],[-123.1276,49.27548],[-123.12759,49.25439],[-123.12759,49.27548],[-123.12759,49.28574],[-123.12759,49.28933],[-123.12758,49.25448],[-123.12758,49.26811],[-123.12758,49.28562],[-123.12758,49.29015],[-123.12757,49.21066],[-123.12757,49.2238],[-123.12757,49.226],[-123.12757,49.22733],[-123.12757,49.25162],[-123.12756,49.20911],[-123.12756,49.21072],[-123.12756,49.21299],[-123.12756,49.22417],[-123.12756,49.28762],[-123.12755,49.20567],[-123.12755,49.20853],[-123.12755,49.27816],[-123.12755,49.28294],[-123.12754,49.24621],[-123.12754,49.25598],[-123.12754,49.27824],[-123.12753,49.2249],[-123.12753,49.25253],[-123.12753,49.27388],[-123.12752,49.206],[-123.12752,49.21053],[-123.12752,49.22919],[-123.12752,49.24427],[-123.12752,49.28937],[-123.12752,49.29099],[-123.12751,49.24529],[-123.12751,49.24713],[-123.12751,49.27694],[-123.12751,49.29024],[-123.12751,49.2912],[-123.12749,49.20967],[-123.12749,49.2129],[-123.12749,49.22738],[-123.12749,49.27391],[-123.12748,49.20698],[-123.12748,49.20765],[-123.12748,49.21334],[-123.12748,49.25358],[-123.12747,49.21339],[-123.12747,49.28695],[-123.12747,49.28947],[-123.12746,49.21812],[-123.12746,49.23227],[-123.12746,49.24806],[-123.12746,49.25432],[-123.12745,49.21079],[-123.12745,49.21374],[-123.12745,49.21819],[-123.12745,49.22595],[-123.12745,49.22919],[-123.12745,49.24626],[-123.12745,49.25609],[-123.12744,49.21381],[-123.12744,49.21703],[-123.12744,49.23055],[-123.12743,49.21131],[-123.12743,49.24825],[-123.12743,49.25697],[-123.12742,49.21184],[-123.12742,49.2171],[-123.12742,49.24635],[-123.12742,49.25524],[-123.12742,49.2876],[-123.12741,49.2323],[-123.12741,49.25739],[-123.12741,49.25743],[-123.12741,49.27568],[-123.1274,49.20593],[-123.1274,49.20854],[-123.1274,49.24902],[-123.1274,49.2869],[-123.12739,49.20967],[-123.12739,49.23177],[-123.12739,49.23445],[-123.12739,49.25592],[-123.12739,49.25778],[-123.12739,49.25784],[-123.12739,49.27577],[-123.12739,49.28015],[-123.12738,49.21053],[-123.12738,49.21304],[-123.12738,49.24945],[-123.12738,49.27784],[-123.12737,49.20911],[-123.12737,49.24929],[-123.12736,49.21079],[-123.12736,49.21389],[-123.12736,49.24812],[-123.12735,49.2323],[-123.12735,49.23441],[-123.12735,49.24819],[-123.12735,49.25692],[-123.12735,49.26012],[-123.12734,49.24633],[-123.12734,49.25161],[-123.12733,49.21184],[-123.12733,49.21478],[-123.12733,49.23485],[-123.12733,49.27565],[-123.12733,49.27566],[-123.12732,49.23533],[-123.12732,49.275],[-123.12731,49.21131],[-123.12731,49.25771],[-123.1273,49.20368],[-123.1273,49.21569],[-123.1273,49.25252],[-123.12729,49.22599],[-123.12729,49.28768],[-123.12728,49.21304],[-123.12728,49.21623],[-123.12728,49.27794],[-123.12727,49.23683],[-123.12727,49.24628],[-123.12727,49.2491],[-123.12727,49.28055],[-123.12726,49.25342],[-123.12725,49.23768],[-123.12724,49.20362],[-123.12723,49.27527],[-123.12723,49.28977],[-123.12722,49.21388],[-123.12722,49.23754],[-123.12722,49.25431],[-123.1272,49.26654],[-123.12719,49.21478],[-123.12719,49.26812],[-123.12718,49.25523],[-123.12718,49.27402],[-123.12718,49.2764],[-123.12717,49.28062],[-123.12716,49.21569],[-123.12716,49.24239],[-123.12716,49.24917],[-123.12716,49.26647],[-123.12715,49.21623],[-123.12715,49.23306],[-123.12715,49.23759],[-123.12715,49.28328],[-123.12715,49.28604],[-123.12714,49.23302],[-123.12714,49.25614],[-123.12714,49.2779],[-123.12714,49.28595],[-123.12714,49.28607],[-123.12714,49.28619],[-123.12712,49.27521],[-123.12712,49.28592],[-123.12711,49.25704],[-123.12709,49.27666],[-123.12708,49.28805],[-123.12707,49.23668],[-123.12707,49.23678],[-123.12707,49.24924],[-123.12707,49.28333],[-123.12707,49.2859],[-123.12705,49.21657],[-123.12705,49.21661],[-123.12705,49.24188],[-123.12705,49.24237],[-123.12705,49.28062],[-123.12704,49.27161],[-123.12703,49.27782],[-123.12703,49.28612],[-123.12702,49.20609],[-123.12702,49.27393],[-123.12701,49.25827],[-123.12699,49.26561],[-123.12698,49.2577],[-123.12698,49.28801],[-123.12697,49.22386],[-123.12697,49.25869],[-123.12697,49.25876],[-123.12697,49.27148],[-123.12697,49.2755],[-123.12696,49.22393],[-123.12696,49.27166],[-123.12695,49.2293],[-123.12695,49.25918],[-123.12694,49.21702],[-123.12694,49.21711],[-123.12694,49.22166],[-123.12694,49.22922],[-123.12694,49.28609],[-123.12693,49.2596],[-123.12693,49.25969],[-123.12693,49.27656],[-123.12692,49.20697],[-123.12692,49.22269],[-123.12691,49.26011],[-123.1269,49.21424],[-123.1269,49.2605],[-123.12689,49.22323],[-123.12689,49.22825],[-123.12689,49.23202],[-123.12689,49.24918],[-123.12689,49.25822],[-123.12689,49.26066],[-123.12688,49.25863],[-123.12687,49.23209],[-123.12687,49.26106],[-123.12687,49.26241],[-123.12687,49.26522],[-123.12687,49.27557],[-123.12686,49.22398],[-123.12686,49.22917],[-123.12686,49.26309],[-123.12686,49.27357],[-123.12685,49.25923],[-123.12685,49.26559],[-123.12685,49.27166],[-123.12685,49.28051],[-123.12685,49.28333],[-123.12685,49.28802],[-123.12685,49.28988],[-123.12684,49.22166],[-123.12684,49.26198],[-123.12684,49.26521],[-123.12683,49.20597],[-123.12683,49.21424],[-123.12683,49.2248],[-123.12683,49.25993],[-123.12683,49.25996],[-123.12683,49.2633],[-123.12682,49.23021],[-123.12682,49.25071],[-123.12682,49.26248],[-123.12681,49.20887],[-123.12681,49.22563],[-123.12681,49.26026],[-123.12681,49.26028],[-123.12681,49.26515],[-123.12681,49.27159],[-123.1268,49.22601],[-123.1268,49.26292],[-123.1268,49.26389],[-123.12679,49.22322],[-123.12679,49.2471],[-123.12679,49.26352],[-123.12678,49.22269],[-123.12678,49.22662],[-123.12678,49.22825],[-123.12678,49.23149],[-123.12678,49.26342],[-123.12677,49.24711],[-123.12677,49.26142],[-123.12677,49.27557],[-123.12676,49.22398],[-123.12676,49.23216],[-123.12676,49.26669],[-123.12675,49.21078],[-123.12675,49.22916],[-123.12675,49.2507],[-123.12674,49.20887],[-123.12674,49.26427],[-123.12674,49.26437],[-123.12674,49.28327],[-123.12673,49.2248],[-123.12673,49.26476],[-123.12673,49.26811],[-123.12673,49.27951],[-123.12672,49.23008],[-123.12672,49.26232],[-123.12672,49.2899],[-123.12671,49.23028],[-123.12671,49.26324],[-123.12671,49.28092],[-123.1267,49.22562],[-123.1267,49.26594],[-123.12669,49.21078],[-123.12669,49.22601],[-123.12669,49.25536],[-123.12669,49.26606],[-123.12667,49.21152],[-123.12667,49.22661],[-123.12667,49.23149],[-123.12667,49.26594],[-123.12666,49.25863],[-123.12666,49.26673],[-123.12666,49.28813],[-123.12665,49.23215],[-123.12665,49.28096],[-123.12664,49.23381],[-123.12664,49.25571],[-123.12664,49.25923],[-123.12664,49.26421],[-123.12664,49.27327],[-123.12664,49.27549],[-123.12663,49.23399],[-123.12663,49.25432],[-123.12663,49.25744],[-123.12663,49.27958],[-123.12662,49.23021],[-123.12661,49.23015],[-123.12661,49.26499],[-123.1266,49.26026],[-123.12659,49.22593],[-123.12659,49.22598],[-123.12659,49.28641],[-123.12658,49.26586],[-123.12658,49.26605],[-123.12658,49.27756],[-123.12657,49.25522],[-123.12657,49.2822],[-123.12656,49.25918],[-123.12656,49.27442],[-123.12655,49.26142],[-123.12655,49.26231],[-123.12655,49.28359],[-123.12654,49.29022],[-123.12652,49.28645],[-123.12651,49.26627],[-123.12649,49.21614],[-123.12649,49.26627],[-123.12649,49.28225],[-123.12649,49.28995],[-123.12648,49.26325],[-123.12648,49.2642],[-123.12648,49.27437],[-123.12648,49.28364],[-123.12647,49.20691],[-123.12646,49.20682],[-123.12645,49.26499],[-123.12644,49.21607],[-123.12644,49.29016],[-123.12643,49.27195],[-123.12643,49.27503],[-123.12642,49.26585],[-123.12641,49.20381],[-123.1264,49.28498],[-123.12639,49.20643],[-123.12639,49.25825],[-123.12639,49.2772],[-123.12638,49.2808],[-123.12637,49.20697],[-123.12636,49.20836],[-123.12635,49.20768],[-123.12635,49.21071],[-123.12634,49.28484],[-123.12633,49.27305],[-123.12632,49.20847],[-123.12632,49.27189],[-123.1263,49.21923],[-123.1263,49.232],[-123.1263,49.23207],[-123.1263,49.26593],[-123.1263,49.26809],[-123.12629,49.26605],[-123.12627,49.21064],[-123.12627,49.27728],[-123.12626,49.20879],[-123.12625,49.20881],[-123.12624,49.20652],[-123.12623,49.20695],[-123.12623,49.20852],[-123.12623,49.22836],[-123.12622,49.21463],[-123.12622,49.2147],[-123.12622,49.21912],[-123.12622,49.22829],[-123.12622,49.24143],[-123.12622,49.24238],[-123.12621,49.24248],[-123.12621,49.24908],[-123.12621,49.28126],[-123.1262,49.20768],[-123.1262,49.2172],[-123.1262,49.21929],[-123.12619,49.24192],[-123.12619,49.27521],[-123.12619,49.28843],[-123.12618,49.2183],[-123.12618,49.24927],[-123.12617,49.22878],[-123.12617,49.24933],[-123.12616,49.28758],[-123.12615,49.2282],[-123.12615,49.22933],[-123.12614,49.22161],[-123.12614,49.28848],[-123.12613,49.20932],[-123.12613,49.23006],[-123.12613,49.24187],[-123.12612,49.20646],[-123.12612,49.2129],[-123.12611,49.21929],[-123.12611,49.22385],[-123.12611,49.27729],[-123.12611,49.28134],[-123.1261,49.21005],[-123.1261,49.22391],[-123.1261,49.25167],[-123.1261,49.25173],[-123.12609,49.21297],[-123.12609,49.22315],[-123.12609,49.2312],[-123.12609,49.27312],[-123.12609,49.27322],[-123.12608,49.20215],[-123.12608,49.20216],[-123.12608,49.20853],[-123.12608,49.21077],[-123.12608,49.21332],[-123.12608,49.21337],[-123.12608,49.21714],[-123.12608,49.22933],[-123.12608,49.26556],[-123.12608,49.28666],[-123.12607,49.21243],[-123.12607,49.22161],[-123.12606,49.21149],[-123.12606,49.21373],[-123.12606,49.21379],[-123.12606,49.22398],[-123.12606,49.23006],[-123.12606,49.23097],[-123.12606,49.26556],[-123.12606,49.29048],[-123.12605,49.27238],[-123.12605,49.27603],[-123.12605,49.29048],[-123.12604,49.23224],[-123.12603,49.21222],[-123.12603,49.2183],[-123.12603,49.22875],[-123.12603,49.2288],[-123.12603,49.22919],[-123.12603,49.22927],[-123.12603,49.2312],[-123.12603,49.2481],[-123.12603,49.24816],[-123.12602,49.20932],[-123.12602,49.22315],[-123.12602,49.25083],[-123.12601,49.25076],[-123.126,49.21303],[-123.126,49.22398],[-123.126,49.27487],[-123.126,49.27718],[-123.12599,49.21005],[-123.12599,49.26474],[-123.12598,49.20219],[-123.12598,49.2022],[-123.12598,49.23106],[-123.12598,49.23113],[-123.12598,49.23223],[-123.12598,49.25256],[-123.12598,49.25265],[-123.12598,49.28529],[-123.12598,49.28659],[-123.12597,49.21077],[-123.12597,49.28769],[-123.12596,49.27996],[-123.12595,49.21148],[-123.12595,49.27419],[-123.12593,49.20917],[-123.12593,49.27334],[-123.12593,49.27596],[-123.12592,49.20924],[-123.12592,49.21222],[-123.12592,49.21659],[-123.12592,49.27496],[-123.12591,49.20991],[-123.12591,49.20998],[-123.12591,49.217],[-123.1259,49.20956],[-123.1259,49.2096],[-123.1259,49.21245],[-123.12589,49.21063],[-123.12589,49.21302],[-123.12589,49.21655],[-123.12589,49.21709],[-123.12589,49.26806],[-123.12589,49.27234],[-123.12588,49.21028],[-123.12588,49.21033],[-123.12588,49.21105],[-123.12588,49.27471],[-123.12588,49.28966],[-123.12587,49.2107],[-123.12586,49.20637],[-123.12586,49.21101],[-123.12585,49.24131],[-123.12584,49.21135],[-123.12584,49.21186],[-123.12584,49.2119],[-123.12584,49.27988],[-123.12584,49.28876],[-123.12584,49.28882],[-123.12583,49.21142],[-123.12583,49.25618],[-123.12583,49.25626],[-123.12583,49.28535],[-123.12583,49.28904],[-123.1258,49.22788],[-123.1258,49.25527],[-123.1258,49.28975],[-123.12579,49.22784],[-123.12578,49.25716],[-123.12578,49.27495],[-123.12577,49.24932],[-123.12577,49.2789],[-123.12576,49.27329],[-123.12575,49.22384],[-123.12575,49.22391],[-123.12575,49.24925],[-123.12574,49.25355],[-123.12573,49.25783],[-123.12573,49.2642],[-123.12572,49.25705],[-123.12572,49.28125],[-123.12571,49.28896],[-123.1257,49.28666],[-123.12569,49.24907],[-123.12569,49.24915],[-123.12568,49.20698],[-123.12568,49.28876],[-123.12567,49.27896],[-123.12566,49.27346],[-123.12563,49.27493],[-123.12561,49.26792],[-123.1256,49.2749],[-123.12559,49.28167],[-123.12557,49.25773],[-123.12557,49.28884],[-123.12556,49.25873],[-123.12555,49.25866],[-123.12552,49.27693],[-123.12552,49.28703],[-123.12551,49.26239],[-123.12551,49.28433],[-123.12549,49.20924],[-123.12548,49.28569],[-123.12547,49.22154],[-123.12546,49.22146],[-123.12545,49.28436],[-123.12544,49.21552],[-123.12544,49.21559],[-123.12544,49.2615],[-123.12544,49.26592],[-123.12544,49.27773],[-123.12544,49.28296],[-123.12543,49.20682],[-123.12543,49.26604],[-123.12542,49.23335],[-123.12542,49.23339],[-123.12542,49.2635],[-123.12542,49.28695],[-123.12541,49.26232],[-123.12541,49.26328],[-123.1254,49.22877],[-123.1254,49.27646],[-123.12539,49.22873],[-123.12539,49.28148],[-123.12539,49.28891],[-123.12538,49.27654],[-123.12537,49.22165],[-123.12537,49.26289],[-123.12536,49.22234],[-123.12536,49.25069],[-123.12535,49.21912],[-123.12535,49.21921],[-123.12535,49.26769],[-123.12535,49.28285],[-123.12535,49.28569],[-123.12534,49.26425],[-123.12533,49.22596],[-123.12533,49.2321],[-123.12533,49.26434],[-123.12532,49.22305],[-123.12532,49.22592],[-123.12531,49.25069],[-123.12531,49.26226],[-123.12531,49.27766],[-123.1253,49.20681],[-123.12529,49.22637],[-123.12529,49.27383],[-123.12528,49.22397],[-123.12528,49.27638],[-123.12527,49.22159],[-123.12527,49.27663],[-123.12527,49.28901],[-123.12526,49.22652],[-123.12526,49.27842],[-123.12525,49.22486],[-123.12525,49.28699],[-123.12524,49.20544],[-123.12524,49.21508],[-123.12524,49.22234],[-123.12522,49.22599],[-123.12522,49.2321],[-123.12521,49.21512],[-123.12521,49.22305],[-123.12521,49.22735],[-123.12521,49.28294],[-123.12519,49.22742],[-123.12518,49.20834],[-123.12518,49.20924],[-123.12518,49.21188],[-123.12518,49.22397],[-123.12518,49.28934],[-123.12517,49.20916],[-123.12516,49.25666],[-123.12515,49.22486],[-123.12515,49.27662],[-123.12515,49.27979],[-123.12515,49.28057],[-123.12514,49.25666],[-123.12514,49.2805],[-123.12513,49.28197],[-123.12512,49.23244],[-123.12512,49.2819],[-123.12512,49.28838],[-123.12511,49.20549],[-123.12511,49.20696],[-123.12511,49.22599],[-123.12511,49.23248],[-123.12511,49.26759],[-123.1251,49.21284],[-123.1251,49.22383],[-123.12509,49.21296],[-123.12509,49.2239],[-123.12509,49.2754],[-123.12508,49.21184],[-123.12508,49.28711],[-123.12507,49.2269],[-123.12507,49.22694],[-123.12506,49.23117],[-123.12506,49.27306],[-123.12506,49.28205],[-123.12504,49.21461],[-123.12504,49.21468],[-123.12504,49.27654],[-123.12504,49.28064],[-123.12504,49.28204],[-123.12502,49.23287],[-123.12502,49.27423],[-123.12502,49.28042],[-123.12501,49.23294],[-123.12501,49.24181],[-123.12501,49.28465],[-123.125,49.24229],[-123.125,49.28456],[-123.12498,49.23016],[-123.12497,49.23009],[-123.12497,49.27531],[-123.12497,49.27862],[-123.12496,49.23098],[-123.12496,49.2312],[-123.12496,49.28931],[-123.12495,49.20708],[-123.12495,49.27433],[-123.12494,49.24923],[-123.12494,49.28598],[-123.12493,49.27478],[-123.12491,49.24229],[-123.1249,49.25573],[-123.12489,49.28473],[-123.12488,49.28449],[-123.12487,49.22968],[-123.12487,49.24905],[-123.12487,49.28822],[-123.12486,49.24729],[-123.12486,49.27736],[-123.12485,49.24929],[-123.12484,49.24137],[-123.12484,49.24913],[-123.12483,49.20702],[-123.12483,49.24795],[-123.12482,49.22963],[-123.12481,49.24233],[-123.12481,49.24621],[-123.12481,49.26753],[-123.1248,49.25074],[-123.1248,49.25121],[-123.1248,49.27326],[-123.1248,49.27432],[-123.12479,49.24898],[-123.12479,49.27826],[-123.12478,49.25081],[-123.12478,49.25125],[-123.12478,49.25165],[-123.12478,49.28605],[-123.12477,49.21512],[-123.12475,49.25171],[-123.12475,49.25211],[-123.12474,49.25215],[-123.12472,49.2502],[-123.12472,49.25067],[-123.12471,49.24727],[-123.12471,49.25254],[-123.12471,49.25263],[-123.12471,49.27959],[-123.1247,49.21301],[-123.1247,49.25302],[-123.1247,49.25306],[-123.12469,49.21335],[-123.12469,49.21384],[-123.12469,49.24243],[-123.12469,49.24795],[-123.12469,49.27424],[-123.12468,49.25344],[-123.12468,49.27832],[-123.12467,49.25158],[-123.12467,49.25353],[-123.12467,49.25396],[-123.12466,49.21474],[-123.12466,49.25392],[-123.12466,49.28232],[-123.12466,49.2825],[-123.12465,49.24715],[-123.12465,49.24721],[-123.12465,49.24897],[-123.12465,49.25248],[-123.12465,49.25435],[-123.12465,49.25444],[-123.12465,49.28929],[-123.12464,49.21658],[-123.12464,49.24182],[-123.12464,49.25435],[-123.12464,49.28222],[-123.12464,49.28929],[-123.12463,49.21301],[-123.12463,49.21564],[-123.12463,49.2463],[-123.12463,49.25444],[-123.12463,49.25576],[-123.12463,49.28742],[-123.12462,49.21384],[-123.12462,49.24187],[-123.12462,49.25573],[-123.12461,49.21618],[-123.12461,49.23712],[-123.12461,49.24997],[-123.12461,49.25339],[-123.12461,49.25525],[-123.12461,49.25533],[-123.12461,49.28941],[-123.1246,49.20877],[-123.1246,49.21474],[-123.1246,49.25067],[-123.12459,49.25714],[-123.12458,49.25616],[-123.12458,49.25624],[-123.12457,49.22158],[-123.12457,49.23659],[-123.12457,49.23667],[-123.12456,49.21564],[-123.12456,49.23533],[-123.12456,49.25158],[-123.12456,49.28747],[-123.12455,49.21618],[-123.12455,49.25423],[-123.12455,49.25781],[-123.12455,49.25822],[-123.12454,49.20471],[-123.12454,49.25012],[-123.12454,49.25703],[-123.12454,49.25772],[-123.12453,49.2375],[-123.12453,49.23759],[-123.12453,49.25248],[-123.12453,49.27833],[-123.12452,49.20692],[-123.12452,49.23651],[-123.12452,49.23706],[-123.12452,49.25018],[-123.12452,49.25514],[-123.12452,49.27389],[-123.12452,49.28975],[-123.12451,49.25865],[-123.12451,49.25872],[-123.12451,49.2824],[-123.1245,49.22158],[-123.12449,49.22396],[-123.12449,49.23534],[-123.12449,49.23744],[-123.12449,49.25338],[-123.12449,49.2561],[-123.12448,49.24673],[-123.12448,49.25957],[-123.12448,49.25964],[-123.12447,49.26061],[-123.12446,49.23651],[-123.12446,49.24669],[-123.12446,49.26049],[-123.12445,49.23742],[-123.12445,49.25697],[-123.12445,49.25719],[-123.12445,49.27709],[-123.12445,49.27824],[-123.12444,49.20433],[-123.12444,49.24672],[-123.12444,49.2543],[-123.12444,49.25767],[-123.12444,49.28104],[-123.12443,49.22396],[-123.12443,49.27592],[-123.12443,49.28211],[-123.12443,49.285],[-123.12442,49.25859],[-123.12442,49.28969],[-123.12441,49.22913],[-123.12441,49.23744],[-123.12441,49.25519],[-123.12441,49.27398],[-123.1244,49.25944],[-123.12439,49.22921],[-123.12439,49.26242],[-123.12439,49.26287],[-123.12439,49.26346],[-123.12437,49.25609],[-123.12437,49.26043],[-123.12437,49.26237],[-123.12436,49.20833],[-123.12436,49.20844],[-123.12436,49.26328],[-123.12436,49.26385],[-123.12436,49.28505],[-123.12435,49.20471],[-123.12435,49.277],[-123.12434,49.25697],[-123.12434,49.26423],[-123.12434,49.28781],[-123.12433,49.2572],[-123.12433,49.26433],[-123.12432,49.25767],[-123.12432,49.2586],[-123.12431,49.20746],[-123.12431,49.26509],[-123.12429,49.21098],[-123.12429,49.26471],[-123.12429,49.26515],[-123.12429,49.276],[-123.12429,49.28636],[-123.12428,49.25951],[-123.12428,49.27391],[-123.12427,49.21133],[-123.12427,49.26321],[-123.12426,49.21102],[-123.12426,49.2114],[-123.12426,49.28775],[-123.12424,49.20851],[-123.12424,49.28247],[-123.12423,49.26043],[-123.12423,49.26417],[-123.12422,49.2093],[-123.12421,49.21036],[-123.12419,49.20705],[-123.12419,49.21287],[-123.12419,49.21293],[-123.12418,49.26497],[-123.12418,49.27986],[-123.12418,49.27994],[-123.12417,49.26763],[-123.12416,49.20743],[-123.12416,49.21377],[-123.12416,49.27366],[-123.12415,49.21147],[-123.12415,49.2137],[-123.12415,49.26763],[-123.12414,49.26581],[-123.12413,49.20859],[-123.12413,49.27601],[-123.12413,49.29001],[-123.12412,49.2047],[-123.12412,49.20946],[-123.12412,49.26321],[-123.12412,49.27476],[-123.12412,49.28649],[-123.12411,49.21299],[-123.12411,49.22926],[-123.1241,49.20464],[-123.1241,49.20471],[-123.1241,49.2155],[-123.1241,49.21557],[-123.1241,49.2508],[-123.1241,49.27389],[-123.12409,49.20987],[-123.12409,49.21603],[-123.12409,49.26618],[-123.12409,49.26623],[-123.12408,49.20464],[-123.12408,49.2161],[-123.12408,49.26416],[-123.12407,49.21036],[-123.12407,49.23047],[-123.12407,49.28001],[-123.12406,49.21382],[-123.12406,49.21697],[-123.12406,49.26286],[-123.12406,49.26496],[-123.12406,49.27345],[-123.12406,49.27979],[-123.12406,49.28259],[-123.12405,49.21129],[-123.12405,49.21707],[-123.12405,49.2877],[-123.12404,49.2083],[-123.12404,49.20844],[-123.12404,49.21476],[-123.12404,49.22926],[-123.12404,49.23429],[-123.12404,49.23433],[-123.12403,49.20737],[-123.12403,49.27593],[-123.12403,49.28995],[-123.12402,49.20892],[-123.12402,49.20934],[-123.12402,49.23372],[-123.12401,49.21244],[-123.12401,49.23047],[-123.12401,49.2339],[-123.12401,49.23757],[-123.12401,49.26583],[-123.124,49.20644],[-123.124,49.2094],[-123.124,49.2098],[-123.124,49.20984],[-123.124,49.25066],[-123.124,49.27468],[-123.12399,49.21619],[-123.12399,49.2191],[-123.12399,49.21919],[-123.12399,49.25163],[-123.12399,49.27355],[-123.12398,49.28782],[-123.12396,49.21344],[-123.12396,49.26779],[-123.12395,49.25066],[-123.12394,49.21435],[-123.12394,49.21713],[-123.12394,49.23364],[-123.12394,49.23658],[-123.12394,49.26589],[-123.12393,49.20839],[-123.12393,49.28536],[-123.12392,49.21807],[-123.12392,49.23182],[-123.12392,49.23423],[-123.12392,49.23437],[-123.12392,49.23664],[-123.12392,49.27674],[-123.12392,49.28527],[-123.12391,49.21525],[-123.12391,49.22144],[-123.12391,49.22152],[-123.12391,49.23747],[-123.12391,49.26601],[-123.12391,49.26606],[-123.12391,49.28393],[-123.1239,49.21926],[-123.1239,49.26617],[-123.12388,49.2508],[-123.12387,49.21617],[-123.12387,49.22022],[-123.12387,49.27877],[-123.12387,49.28246],[-123.12386,49.28011],[-123.12385,49.21717],[-123.12383,49.2852],[-123.12383,49.28906],[-123.12383,49.28996],[-123.12382,49.23652],[-123.12382,49.28995],[-123.12381,49.22381],[-123.12381,49.2736],[-123.12381,49.28543],[-123.1238,49.22157],[-123.1238,49.22388],[-123.1238,49.23364],[-123.1238,49.25608],[-123.1238,49.25702],[-123.12379,49.23183],[-123.12379,49.23737],[-123.12378,49.23424],[-123.12378,49.27409],[-123.12378,49.28401],[-123.12377,49.20659],[-123.12377,49.2776],[-123.12376,49.22268],[-123.12376,49.22594],[-123.12376,49.23846],[-123.12376,49.25629],[-123.12375,49.21926],[-123.12375,49.22589],[-123.12375,49.235],[-123.12375,49.27869],[-123.12374,49.25608],[-123.12374,49.28916],[-123.12373,49.20655],[-123.12373,49.22022],[-123.12373,49.22631],[-123.12373,49.23575],[-123.12373,49.2393],[-123.12373,49.29003],[-123.12372,49.22393],[-123.12372,49.25696],[-123.12372,49.27329],[-123.12371,49.29002],[-123.1237,49.22646],[-123.1237,49.25072],[-123.12369,49.22158],[-123.12369,49.23735],[-123.12369,49.24044],[-123.12368,49.22486],[-123.12368,49.2318],[-123.12367,49.22269],[-123.12367,49.23176],[-123.12367,49.24115],[-123.12367,49.27766],[-123.12366,49.23845],[-123.12365,49.22586],[-123.12365,49.28132],[-123.12364,49.28829],[-123.12363,49.22335],[-123.12363,49.24222],[-123.12362,49.2393],[-123.12362,49.26236],[-123.12362,49.27953],[-123.12362,49.28008],[-123.12361,49.27566],[-123.1236,49.22395],[-123.12359,49.24023],[-123.12358,49.22486],[-123.12358,49.25712],[-123.12357,49.22556],[-123.12356,49.22867],[-123.12356,49.2287],[-123.12356,49.23746],[-123.12356,49.24109],[-123.12356,49.24964],[-123.12356,49.27767],[-123.12356,49.28162],[-123.12355,49.24968],[-123.12355,49.28155],[-123.12353,49.20766],[-123.12353,49.24222],[-123.12353,49.28303],[-123.12353,49.28813],[-123.12349,49.23087],[-123.12349,49.23935],[-123.12349,49.23941],[-123.12349,49.28297],[-123.12348,49.20735],[-123.12348,49.27645],[-123.12346,49.23755],[-123.12346,49.2412],[-123.12346,49.28307],[-123.12346,49.28814],[-123.12345,49.21127],[-123.12345,49.2753],[-123.12345,49.2776],[-123.12344,49.24133],[-123.12344,49.24903],[-123.12344,49.24911],[-123.12344,49.28169],[-123.12343,49.22997],[-123.12343,49.28148],[-123.12343,49.28436],[-123.12343,49.28826],[-123.12342,49.20762],[-123.12342,49.2557],[-123.12342,49.2736],[-123.1234,49.24918],[-123.1234,49.24925],[-123.12339,49.2113],[-123.12339,49.21337],[-123.12338,49.27968],[-123.12337,49.23089],[-123.12336,49.25911],[-123.12336,49.25915],[-123.12335,49.21421],[-123.12335,49.21428],[-123.12335,49.27639],[-123.12335,49.28439],[-123.12335,49.28567],[-123.12334,49.28169],[-123.12333,49.27536],[-123.12332,49.21344],[-123.12332,49.21511],[-123.12332,49.21518],[-123.12331,49.22997],[-123.12331,49.24852],[-123.12331,49.24856],[-123.12331,49.25071],[-123.12331,49.2744],[-123.1233,49.21435],[-123.1233,49.25117],[-123.12329,49.21602],[-123.12328,49.20845],[-123.12328,49.21609],[-123.12328,49.27842],[-123.12326,49.21344],[-123.12326,49.21525],[-123.12326,49.26616],[-123.12326,49.26621],[-123.12326,49.27343],[-123.12326,49.28966],[-123.12325,49.22819],[-123.12325,49.22826],[-123.12325,49.23275],[-123.12325,49.23369],[-123.12324,49.22735],[-123.12324,49.22774],[-123.12324,49.22779],[-123.12324,49.23388],[-123.12323,49.21436],[-123.12323,49.24805],[-123.12323,49.24811],[-123.12323,49.28558],[-123.12322,49.21616],[-123.12322,49.2655],[-123.12321,49.23189],[-123.1232,49.21525],[-123.1232,49.25117],[-123.1232,49.27931],[-123.1232,49.28503],[-123.12319,49.2305],[-123.12319,49.25818],[-123.12319,49.25823],[-123.12319,49.27538],[-123.12319,49.28163],[-123.12319,49.28827],[-123.12318,49.23274],[-123.12317,49.25863],[-123.12317,49.2587],[-123.12317,49.28973],[-123.12316,49.21616],[-123.12316,49.25168],[-123.12316,49.2745],[-123.12315,49.22741],[-123.12315,49.25955],[-123.12315,49.28054],[-123.12313,49.22805],[-123.12312,49.23181],[-123.12312,49.26584],[-123.1231,49.20566],[-123.1231,49.22157],[-123.1231,49.22728],[-123.1231,49.23477],[-123.1231,49.27528],[-123.12309,49.27938],[-123.12306,49.27419],[-123.12305,49.21237],[-123.12305,49.27419],[-123.12304,49.22157],[-123.12304,49.2274],[-123.12304,49.25121],[-123.12304,49.28047],[-123.12303,49.22803],[-123.12303,49.23477],[-123.12303,49.25117],[-123.12303,49.25964],[-123.12303,49.28337],[-123.12303,49.28838],[-123.12302,49.26327],[-123.12302,49.26343],[-123.12302,49.27372],[-123.12301,49.23925],[-123.12301,49.25349],[-123.12301,49.2577],[-123.12301,49.25778],[-123.12301,49.25818],[-123.12301,49.28329],[-123.123,49.22335],[-123.123,49.22337],[-123.123,49.26514],[-123.12299,49.2123],[-123.12298,49.21381],[-123.12298,49.2577],[-123.12298,49.25778],[-123.12298,49.26422],[-123.12298,49.28873],[-123.12297,49.22553],[-123.12297,49.26431],[-123.12296,49.24106],[-123.12296,49.27937],[-123.12295,49.23925],[-123.12295,49.25064],[-123.12292,49.24852],[-123.12292,49.28344],[-123.12291,49.26506],[-123.1229,49.22552],[-123.12289,49.24114],[-123.12288,49.2507],[-123.12285,49.26588],[-123.12285,49.27491],[-123.12284,49.25432],[-123.12284,49.27352],[-123.12282,49.25432],[-123.12282,49.25439],[-123.12282,49.266],[-123.12282,49.27368],[-123.12282,49.27816],[-123.12282,49.28317],[-123.12282,49.28871],[-123.12281,49.25747],[-123.12281,49.27931],[-123.12279,49.25747],[-123.12279,49.27363],[-123.12279,49.27697],[-123.12278,49.25348],[-123.12278,49.257],[-123.12278,49.2571],[-123.12278,49.27476],[-123.12276,49.25349],[-123.12276,49.257],[-123.12276,49.2571],[-123.12275,49.27807],[-123.12274,49.20789],[-123.12274,49.28623],[-123.12273,49.24116],[-123.12273,49.27499],[-123.1227,49.27703],[-123.12268,49.25661],[-123.12268,49.28625],[-123.12268,49.28872],[-123.12266,49.20504],[-123.12266,49.28453],[-123.12265,49.25478],[-123.12264,49.20504],[-123.12264,49.24618],[-123.12264,49.24627],[-123.12263,49.22152],[-123.12263,49.25482],[-123.12263,49.28939],[-123.12262,49.22144],[-123.12262,49.25341],[-123.12262,49.27267],[-123.12261,49.23264],[-123.12261,49.25348],[-123.12261,49.27282],[-123.12261,49.27704],[-123.12259,49.20498],[-123.12259,49.20513],[-123.12259,49.20774],[-123.12259,49.23559],[-123.12259,49.24669],[-123.12259,49.28091],[-123.12259,49.28099],[-123.12258,49.23565],[-123.12258,49.2516],[-123.12258,49.25166],[-123.12257,49.20499],[-123.12257,49.22627],[-123.12256,49.21229],[-123.12256,49.21236],[-123.12256,49.24718],[-123.12256,49.28093],[-123.12255,49.23186],[-123.12255,49.23426],[-123.12255,49.2749],[-123.12255,49.28946],[-123.12254,49.22863],[-123.12254,49.23366],[-123.12254,49.24712],[-123.12253,49.22642],[-123.12253,49.27581],[-123.12252,49.21119],[-123.12252,49.27493],[-123.12252,49.28878],[-123.12251,49.23387],[-123.1225,49.22868],[-123.1225,49.27275],[-123.12249,49.28027],[-123.12248,49.22107],[-123.12248,49.22328],[-123.12248,49.22335],[-123.12248,49.22653],[-123.12248,49.26415],[-123.12248,49.27696],[-123.12248,49.27702],[-123.12248,49.28107],[-123.12247,49.20514],[-123.12247,49.23265],[-123.12247,49.26826],[-123.12246,49.24705],[-123.12246,49.25387],[-123.12246,49.28085],[-123.12245,49.22739],[-123.12245,49.24798],[-123.12245,49.25391],[-123.12245,49.28374],[-123.12244,49.21112],[-123.12244,49.24829],[-123.12243,49.21908],[-123.12243,49.22106],[-123.12243,49.27572],[-123.12243,49.2838],[-123.12242,49.22495],[-123.12242,49.225],[-123.12242,49.22539],[-123.12242,49.22836],[-123.12242,49.23398],[-123.12241,49.21917],[-123.12241,49.22546],[-123.12241,49.22653],[-123.12241,49.2319],[-123.12241,49.2516],[-123.12241,49.27901],[-123.1224,49.22899],[-123.1224,49.23445],[-123.1224,49.24894],[-123.12238,49.22738],[-123.12238,49.28108],[-123.12237,49.22341],[-123.12237,49.27907],[-123.12236,49.28107],[-123.12235,49.22415],[-123.12235,49.22835],[-123.12235,49.23571],[-123.12235,49.24705],[-123.12235,49.25001],[-123.12235,49.27458],[-123.12234,49.20512],[-123.12234,49.27449],[-123.12234,49.28916],[-123.12233,49.22239],[-123.12233,49.23653],[-123.12233,49.26553],[-123.12232,49.22899],[-123.12232,49.27979],[-123.12231,49.25062],[-123.12231,49.26553],[-123.1223,49.23392],[-123.1223,49.23445],[-123.1223,49.24798],[-123.1223,49.28081],[-123.12229,49.25152],[-123.12228,49.25611],[-123.12227,49.22346],[-123.12227,49.24627],[-123.12227,49.24894],[-123.12226,49.23751],[-123.12226,49.25431],[-123.12226,49.25438],[-123.12226,49.25619],[-123.12225,49.2357],[-123.12225,49.24718],[-123.12225,49.25529],[-123.12225,49.27654],[-123.12224,49.22414],[-123.12224,49.24711],[-123.12224,49.25002],[-123.12224,49.2552],[-123.12224,49.25567],[-123.12224,49.25572],[-123.12224,49.28099],[-123.12223,49.2481],[-123.12223,49.27985],[-123.12222,49.20507],[-123.12222,49.23653],[-123.12222,49.24803],[-123.12222,49.24913],[-123.12222,49.27786],[-123.12222,49.27973],[-123.12222,49.28503],[-123.12222,49.28652],[-123.12221,49.24908],[-123.12221,49.25062],[-123.1222,49.23427],[-123.1222,49.24617],[-123.1222,49.25425],[-123.1222,49.25518],[-123.12219,49.21599],[-123.12219,49.2161],[-123.12219,49.23422],[-123.12219,49.25473],[-123.12219,49.26735],[-123.12218,49.20821],[-123.12218,49.249],[-123.12218,49.24921],[-123.12218,49.25151],[-123.12218,49.27462],[-123.12218,49.27865],[-123.12217,49.23557],[-123.12217,49.25514],[-123.12217,49.28643],[-123.12217,49.28915],[-123.12215,49.22905],[-123.12215,49.22914],[-123.12215,49.23564],[-123.12215,49.25008],[-123.12215,49.25563],[-123.12215,49.25564],[-123.12215,49.25861],[-123.12215,49.25868],[-123.12215,49.26746],[-123.12214,49.24966],[-123.12214,49.25605],[-123.12213,49.24961],[-123.12213,49.25015],[-123.12213,49.2596],[-123.12213,49.28728],[-123.12212,49.20726],[-123.12212,49.25069],[-123.12212,49.25075],[-123.12212,49.25653],[-123.12211,49.25654],[-123.12211,49.25953],[-123.12211,49.26747],[-123.12211,49.27978],[-123.12211,49.28662],[-123.1221,49.23741],[-123.1221,49.25627],[-123.1221,49.25715],[-123.12209,49.25763],[-123.12209,49.26046],[-123.12208,49.24758],[-123.12208,49.24762],[-123.12208,49.25115],[-123.12208,49.25119],[-123.12208,49.25159],[-123.12208,49.25425],[-123.12208,49.25855],[-123.12208,49.27872],[-123.12207,49.24127],[-123.12207,49.27372],[-123.12207,49.28635],[-123.12206,49.26233],[-123.12206,49.26238],[-123.12206,49.26742],[-123.12204,49.25514],[-123.12204,49.25947],[-123.12204,49.28515],[-123.12203,49.24666],[-123.12203,49.2467],[-123.12203,49.2746],[-123.12202,49.25564],[-123.12202,49.25974],[-123.12202,49.26513],[-123.12201,49.2534],[-123.12201,49.25347],[-123.12201,49.26056],[-123.122,49.23426],[-123.122,49.25386],[-123.122,49.25627],[-123.122,49.26001],[-123.12199,49.20737],[-123.12199,49.20843],[-123.12199,49.23115],[-123.12199,49.24854],[-123.12199,49.25604],[-123.12199,49.26026],[-123.12199,49.26284],[-123.12198,49.2539],[-123.12198,49.25653],[-123.12198,49.25654],[-123.12198,49.25715],[-123.12198,49.26325],[-123.12198,49.26342],[-123.12198,49.26506],[-123.12198,49.27872],[-123.12198,49.28913],[-123.12197,49.22724],[-123.12197,49.25438],[-123.12197,49.2642],[-123.12197,49.28267],[-123.12196,49.25521],[-123.12196,49.28399],[-123.12196,49.28407],[-123.12195,49.22731],[-123.12195,49.25527],[-123.12195,49.25854],[-123.12195,49.26429],[-123.12194,49.25762],[-123.12194,49.2879],[-123.12193,49.2264],[-123.12192,49.2746],[-123.12191,49.20825],[-123.12191,49.21021],[-123.12191,49.21028],[-123.1219,49.2485],[-123.1219,49.25571],[-123.1219,49.2561],[-123.1219,49.25617],[-123.1219,49.25947],[-123.1219,49.25974],[-123.1219,49.26318],[-123.1219,49.28924],[-123.12189,49.21695],[-123.12189,49.25567],[-123.12189,49.25698],[-123.12189,49.26001],[-123.12188,49.22244],[-123.12188,49.2566],[-123.12188,49.25708],[-123.12188,49.26026],[-123.12187,49.22113],[-123.12187,49.25776],[-123.12187,49.28802],[-123.12186,49.21704],[-123.12186,49.23119],[-123.12186,49.26414],[-123.12186,49.27865],[-123.12186,49.28419],[-123.12185,49.25429],[-123.12185,49.25861],[-123.12184,49.22643],[-123.12184,49.25768],[-123.12184,49.25818],[-123.12184,49.26498],[-123.12184,49.27429],[-123.12184,49.28275],[-123.12183,49.25868],[-123.12183,49.27634],[-123.12182,49.25953],[-123.12182,49.27539],[-123.12181,49.22736],[-123.12181,49.23321],[-123.12181,49.23327],[-123.12181,49.2596],[-123.12181,49.26579],[-123.12181,49.28071],[-123.1218,49.23363],[-123.1218,49.25911],[-123.1218,49.27757],[-123.12179,49.23329],[-123.12179,49.23385],[-123.12179,49.27645],[-123.12178,49.21228],[-123.12178,49.23079],[-123.12177,49.21235],[-123.12177,49.22839],[-123.12176,49.26317],[-123.12175,49.26233],[-123.12175,49.27432],[-123.12174,49.22917],[-123.12174,49.23312],[-123.12174,49.28387],[-123.12173,49.27419],[-123.12173,49.27473],[-123.12172,49.21419],[-123.12172,49.21425],[-123.12172,49.22989],[-123.12172,49.25385],[-123.12172,49.26414],[-123.12171,49.23016],[-123.12171,49.23285],[-123.1217,49.27407],[-123.12169,49.22642],[-123.12169,49.23362],[-123.12169,49.27948],[-123.12168,49.26497],[-123.12168,49.27749],[-123.12168,49.27757],[-123.12167,49.22355],[-123.12167,49.2804],[-123.12166,49.21335],[-123.12166,49.22257],[-123.12166,49.22736],[-123.12166,49.26341],[-123.12166,49.26579],[-123.12166,49.27756],[-123.12165,49.26382],[-123.12164,49.23081],[-123.12164,49.27204],[-123.12163,49.22839],[-123.12163,49.23345],[-123.12163,49.28688],[-123.12162,49.20644],[-123.12162,49.21328],[-123.12162,49.22249],[-123.12162,49.2324],[-123.12162,49.27188],[-123.12161,49.23286],[-123.12161,49.2868],[-123.1216,49.20644],[-123.1216,49.216],[-123.1216,49.22355],[-123.1216,49.22917],[-123.1216,49.23249],[-123.1216,49.23569],[-123.12159,49.23244],[-123.12159,49.26552],[-123.12158,49.21606],[-123.12158,49.22985],[-123.12158,49.26505],[-123.12157,49.23011],[-123.12157,49.26468],[-123.12157,49.28691],[-123.12156,49.27395],[-123.12155,49.26585],[-123.12155,49.266],[-123.12155,49.27182],[-123.12155,49.28047],[-123.12154,49.20633],[-123.12154,49.2093],[-123.12154,49.20937],[-123.12154,49.27211],[-123.12154,49.27422],[-123.12153,49.23569],[-123.12152,49.21516],[-123.12151,49.21509],[-123.12151,49.28344],[-123.1215,49.26512],[-123.12147,49.28675],[-123.12144,49.27388],[-123.12143,49.23235],[-123.12142,49.24616],[-123.12141,49.23215],[-123.12141,49.24625],[-123.1214,49.27836],[-123.12139,49.23203],[-123.12138,49.28281],[-123.12136,49.27715],[-123.12135,49.20856],[-123.12135,49.28438],[-123.12135,49.28447],[-123.12131,49.28044],[-123.1213,49.22171],[-123.12129,49.20853],[-123.12128,49.27918],[-123.12127,49.20748],[-123.12127,49.22163],[-123.12127,49.24802],[-123.12127,49.24808],[-123.12127,49.28892],[-123.12123,49.27505],[-123.12121,49.27597],[-123.12121,49.27802],[-123.12121,49.28903],[-123.12119,49.21915],[-123.12118,49.28041],[-123.12118,49.28426],[-123.12117,49.21906],[-123.12117,49.27911],[-123.12117,49.28459],[-123.12116,49.23183],[-123.12114,49.26241],[-123.12114,49.276],[-123.12113,49.25697],[-123.12112,49.2781],[-123.12111,49.23382],[-123.1211,49.25338],[-123.1211,49.25344],[-123.12109,49.2235],[-123.12108,49.22131],[-123.12108,49.22534],[-123.12107,49.22357],[-123.12107,49.2249],[-123.12107,49.22495],[-123.12106,49.22308],[-123.12106,49.23187],[-123.12106,49.26418],[-123.12106,49.26734],[-123.12105,49.22124],[-123.12105,49.22541],[-123.12105,49.23358],[-123.12104,49.22126],[-123.12104,49.2258],[-123.12104,49.25384],[-123.12103,49.22584],[-123.12102,49.26236],[-123.12102,49.28764],[-123.12101,49.21111],[-123.12101,49.21117],[-123.12101,49.22362],[-123.12101,49.22621],[-123.12101,49.25707],[-123.12101,49.27605],[-123.12101,49.2781],[-123.12099,49.21186],[-123.12099,49.22427],[-123.12098,49.22456],[-123.12098,49.25427],[-123.12098,49.26413],[-123.12098,49.27472],[-123.12098,49.28205],[-123.12097,49.22636],[-123.12097,49.23387],[-123.12097,49.27591],[-123.12097,49.28312],[-123.12096,49.27472],[-123.12096,49.28707],[-123.12096,49.28775],[-123.12095,49.21126],[-123.12095,49.22546],[-123.12095,49.28313],[-123.12094,49.27597],[-123.12094,49.27687],[-123.12093,49.2118],[-123.12093,49.23426],[-123.12092,49.21187],[-123.12092,49.23469],[-123.1209,49.22268],[-123.1209,49.26427],[-123.1209,49.26714],[-123.12089,49.22362],[-123.12089,49.25157],[-123.12089,49.28211],[-123.12088,49.21125],[-123.12088,49.22262],[-123.12088,49.23567],[-123.12087,49.22427],[-123.12087,49.23002],[-123.12086,49.23633],[-123.12085,49.22456],[-123.12085,49.27804],[-123.12083,49.22274],[-123.12083,49.23425],[-123.12083,49.23726],[-123.12083,49.26673],[-123.12083,49.27405],[-123.12083,49.27679],[-123.12083,49.28075],[-123.12083,49.28322],[-123.12082,49.22546],[-123.12082,49.23387],[-123.12082,49.23752],[-123.12081,49.23469],[-123.12081,49.23821],[-123.12081,49.25545],[-123.1208,49.23357],[-123.1208,49.23861],[-123.1208,49.27431],[-123.1208,49.28007],[-123.12079,49.22223],[-123.12079,49.28706],[-123.12078,49.23565],[-123.12077,49.22219],[-123.12077,49.25623],[-123.12077,49.26548],[-123.12077,49.26599],[-123.12077,49.26667],[-123.12077,49.28595],[-123.12076,49.23632],[-123.12076,49.2807],[-123.12076,49.28213],[-123.12075,49.22179],[-123.12075,49.23056],[-123.12075,49.23086],[-123.12075,49.23147],[-123.12075,49.26584],[-123.12074,49.23046],[-123.12074,49.23381],[-123.12074,49.28713],[-123.12073,49.23146],[-123.12073,49.28187],[-123.12073,49.28607],[-123.12072,49.20872],[-123.12072,49.23417],[-123.12072,49.23422],[-123.12072,49.23731],[-123.12072,49.23753],[-123.12072,49.24105],[-123.12072,49.25622],[-123.12071,49.23129],[-123.1207,49.22274],[-123.1207,49.25607],[-123.12069,49.24215],[-123.12068,49.23552],[-123.12068,49.23821],[-123.12068,49.25616],[-123.12068,49.27562],[-123.12068,49.27759],[-123.12067,49.22185],[-123.12067,49.23559],[-123.12066,49.23129],[-123.12066,49.23861],[-123.12065,49.2431],[-123.12065,49.28744],[-123.12062,49.27567],[-123.12061,49.24419],[-123.1206,49.23738],[-123.12059,49.24504],[-123.12059,49.2797],[-123.12058,49.23743],[-123.12058,49.24105],[-123.12057,49.28192],[-123.12057,49.28871],[-123.12056,49.22226],[-123.12055,49.22213],[-123.12055,49.24214],[-123.12055,49.24609],[-123.12054,49.22186],[-123.12052,49.24702],[-123.12051,49.24311],[-123.12051,49.24959],[-123.12051,49.24963],[-123.12051,49.28882],[-123.1205,49.26652],[-123.12049,49.20929],[-123.12049,49.20936],[-123.12049,49.24122],[-123.12049,49.24789],[-123.12048,49.27439],[-123.12047,49.20975],[-123.12047,49.2098],[-123.12047,49.24423],[-123.12047,49.27977],[-123.12046,49.21019],[-123.12046,49.2411],[-123.12046,49.25065],[-123.12046,49.25072],[-123.12045,49.20884],[-123.12045,49.24226],[-123.12045,49.2489],[-123.12045,49.28742],[-123.12044,49.24511],[-123.12043,49.21026],[-123.12043,49.2422],[-123.12043,49.24271],[-123.12043,49.24276],[-123.12041,49.21065],[-123.12041,49.2107],[-123.12041,49.2461],[-123.1204,49.20891],[-123.1204,49.24381],[-123.12039,49.2111],[-123.12039,49.24386],[-123.12039,49.24998],[-123.12039,49.26641],[-123.12038,49.21116],[-123.12038,49.24691],[-123.12038,49.26599],[-123.12038,49.27978],[-123.12037,49.20943],[-123.12037,49.24432],[-123.12037,49.25059],[-123.12037,49.27562],[-123.12036,49.24438],[-123.12036,49.24477],[-123.12036,49.24481],[-123.12036,49.24568],[-123.12035,49.21235],[-123.12035,49.21463],[-123.12035,49.24522],[-123.12035,49.2479],[-123.12035,49.25149],[-123.12034,49.24532],[-123.12034,49.28107],[-123.12033,49.21032],[-123.12033,49.21278],[-123.12033,49.21326],[-123.12033,49.21468],[-123.12033,49.24332],[-123.12033,49.24573],[-123.12033,49.27417],[-123.12033,49.28657],[-123.12032,49.22491],[-123.12032,49.24324],[-123.12032,49.24577],[-123.12032,49.25245],[-123.12032,49.26114],[-123.12032,49.27856],[-123.12032,49.2816],[-123.12031,49.21242],[-123.12031,49.21282],[-123.12031,49.21333],[-123.12031,49.24663],[-123.12031,49.24667],[-123.12031,49.2489],[-123.12031,49.26235],[-123.1203,49.20869],[-123.12029,49.20902],[-123.12029,49.21123],[-123.12029,49.21377],[-123.12029,49.24707],[-123.12029,49.2533],[-123.12029,49.2837],[-123.12028,49.21373],[-123.12028,49.24616],[-123.12028,49.24714],[-123.12028,49.24998],[-123.12028,49.2623],[-123.12028,49.2774],[-123.12028,49.28102],[-123.12028,49.28379],[-123.12027,49.20943],[-123.12027,49.21417],[-123.12027,49.24623],[-123.12027,49.25059],[-123.12027,49.27731],[-123.12027,49.27787],[-123.12026,49.21423],[-123.12026,49.21652],[-123.12026,49.25379],[-123.12025,49.21514],[-123.12025,49.24798],[-123.12025,49.24807],[-123.12025,49.24847],[-123.12025,49.24851],[-123.12025,49.2792],[-123.12025,49.27971],[-123.12024,49.21507],[-123.12024,49.25421],[-123.12024,49.25441],[-123.12024,49.2604],[-123.12024,49.28171],[-123.12023,49.2125],[-123.12023,49.23127],[-123.12023,49.25149],[-123.12023,49.2553],[-123.12023,49.27644],[-123.12023,49.2785],[-123.12022,49.21032],[-123.12022,49.21285],[-123.12022,49.21554],[-123.12022,49.21558],[-123.12022,49.22175],[-123.12021,49.21702],[-123.12021,49.24959],[-123.12021,49.25238],[-123.12021,49.25508],[-123.12021,49.27849],[-123.12021,49.28523],[-123.1202,49.21597],[-123.1202,49.24962],[-123.1202,49.28515],[-123.12019,49.20734],[-123.12019,49.21339],[-123.12019,49.21604],[-123.12019,49.2562],[-123.12019,49.25625],[-123.12018,49.21648],[-123.12018,49.27317],[-123.12018,49.28363],[-123.12017,49.20741],[-123.12017,49.21157],[-123.12017,49.2533],[-123.12017,49.27285],[-123.12016,49.21429],[-123.12016,49.21693],[-123.12016,49.23421],[-123.12015,49.27747],[-123.12014,49.2152],[-123.12014,49.2311],[-123.12014,49.2576],[-123.12013,49.25379],[-123.12013,49.26054],[-123.12013,49.26121],[-123.12013,49.26237],[-123.12013,49.26641],[-123.12013,49.27725],[-123.12012,49.2125],[-123.12012,49.25412],[-123.12012,49.2839],[-123.12011,49.23564],[-123.12011,49.2544],[-123.12011,49.25846],[-123.12011,49.28532],[-123.1201,49.2161],[-123.1201,49.23113],[-123.1201,49.28644],[-123.12009,49.2083],[-123.12009,49.25244],[-123.12009,49.25253],[-123.12009,49.25469],[-123.12009,49.26235],[-123.12009,49.28796],[-123.12008,49.20821],[-123.12008,49.21339],[-123.12008,49.23421],[-123.12008,49.25291],[-123.12008,49.25296],[-123.12008,49.25509],[-123.12008,49.25931],[-123.12007,49.25336],[-123.12007,49.25343],[-123.12007,49.25529],[-123.12007,49.27424],[-123.12006,49.21429],[-123.12005,49.25569],[-123.12005,49.2623],[-123.12005,49.26282],[-123.12005,49.26501],[-123.12005,49.2651],[-123.12005,49.27278],[-123.12005,49.28363],[-123.12004,49.23564],[-123.12004,49.26032],[-123.12004,49.27327],[-123.12004,49.28785],[-123.12003,49.21519],[-123.12003,49.2562],[-123.12003,49.26339],[-123.12003,49.27747],[-123.12002,49.25382],[-123.12002,49.25427],[-123.12002,49.25433],[-123.12002,49.25795],[-123.12002,49.26322],[-123.12002,49.26465],[-123.12001,49.25386],[-123.12001,49.25434],[-123.12001,49.25473],[-123.12001,49.25477],[-123.12001,49.26108],[-123.12001,49.26426],[-123.12,49.2587],[-123.12,49.26156],[-123.12,49.26417],[-123.12,49.28503],[-123.11999,49.2161],[-123.11999,49.25846],[-123.11999,49.27443],[-123.11998,49.23378],[-123.11998,49.25516],[-123.11998,49.25523],[-123.11997,49.25567],[-123.11997,49.26222],[-123.11997,49.26225],[-123.11996,49.25563],[-123.11996,49.25941],[-123.11994,49.26315],[-123.11994,49.28649],[-123.11993,49.25606],[-123.11993,49.26642],[-123.11993,49.28802],[-123.11992,49.25613],[-123.11992,49.25695],[-123.11992,49.26032],[-123.11992,49.26411],[-123.11991,49.23354],[-123.11991,49.2866],[-123.1199,49.2774],[-123.11989,49.22617],[-123.11989,49.22632],[-123.11989,49.26132],[-123.11988,49.26222],[-123.11988,49.2649],[-123.11987,49.25703],[-123.11987,49.28375],[-123.11987,49.28851],[-123.11985,49.26218],[-123.11985,49.26575],[-123.11984,49.28728],[-123.11983,49.2438],[-123.11983,49.26316],[-123.11983,49.28782],[-123.1198,49.20688],[-123.11979,49.28864],[-123.11978,49.26411],[-123.11978,49.27943],[-123.11977,49.2073],[-123.11977,49.20743],[-123.11976,49.22988],[-123.11975,49.26495],[-123.11974,49.2192],[-123.11972,49.23983],[-123.11972,49.26573],[-123.11971,49.27433],[-123.11971,49.28151],[-123.1197,49.21914],[-123.1197,49.23919],[-123.1197,49.27704],[-123.11969,49.21904],[-123.11969,49.25154],[-123.11969,49.25161],[-123.11969,49.28024],[-123.11966,49.23084],[-123.11966,49.27606],[-123.11966,49.28565],[-123.11965,49.23922],[-123.11964,49.22489],[-123.11964,49.25147],[-123.11964,49.2729],[-123.11964,49.2745],[-123.11963,49.27907],[-123.11962,49.27291],[-123.11962,49.28145],[-123.11961,49.23976],[-123.11959,49.25147],[-123.11959,49.26598],[-123.11958,49.27687],[-123.11958,49.27711],[-123.11957,49.25237],[-123.11957,49.28016],[-123.11956,49.22258],[-123.11956,49.22265],[-123.11956,49.22433],[-123.11956,49.26582],[-123.11956,49.2675],[-123.11955,49.22535],[-123.11955,49.25205],[-123.11954,49.25154],[-123.11954,49.26237],[-123.11954,49.26666],[-123.11952,49.22439],[-123.11952,49.27314],[-123.11952,49.27325],[-123.11952,49.27915],[-123.11951,49.25876],[-123.11951,49.27893],[-123.1195,49.252],[-123.1195,49.25204],[-123.11949,49.25885],[-123.11949,49.26659],[-123.11949,49.28569],[-123.11948,49.25243],[-123.11948,49.27572],[-123.11947,49.26226],[-123.11946,49.23548],[-123.11946,49.23555],[-123.11946,49.27915],[-123.11945,49.25619],[-123.11944,49.23383],[-123.11943,49.26742],[-123.11942,49.20906],[-123.11942,49.23732],[-123.11942,49.27915],[-123.11942,49.28542],[-123.11941,49.23419],[-123.1194,49.22987],[-123.1194,49.22998],[-123.1194,49.23461],[-123.11939,49.2569],[-123.11939,49.2883],[-123.11938,49.25654],[-123.11938,49.27475],[-123.11937,49.24164],[-123.11937,49.24169],[-123.11937,49.27704],[-123.11937,49.27912],[-123.11936,49.2356],[-123.11936,49.23758],[-123.11935,49.28317],[-123.11933,49.23643],[-123.11933,49.24614],[-123.11933,49.28307],[-123.11932,49.20567],[-123.11932,49.20932],[-123.11932,49.24621],[-123.11932,49.26751],[-123.11931,49.23382],[-123.1193,49.23419],[-123.1193,49.28541],[-123.11929,49.23461],[-123.11929,49.24208],[-123.11929,49.27906],[-123.11928,49.20575],[-123.11928,49.2571],[-123.11928,49.2791],[-123.11926,49.2356],[-123.11925,49.20732],[-123.11925,49.20738],[-123.11925,49.2431],[-123.11923,49.20687],[-123.11923,49.20691],[-123.11923,49.23376],[-123.11923,49.23643],[-123.11922,49.24208],[-123.11922,49.27801],[-123.11921,49.23412],[-123.11921,49.23417],[-123.11921,49.25702],[-123.11921,49.28823],[-123.1192,49.28824],[-123.11919,49.20777],[-123.11919,49.27787],[-123.11918,49.20584],[-123.11918,49.20781],[-123.11918,49.23047],[-123.11918,49.2431],[-123.11918,49.28549],[-123.11918,49.28709],[-123.11917,49.20819],[-123.11917,49.20916],[-123.11917,49.24215],[-123.11916,49.20654],[-123.11916,49.24222],[-123.11916,49.28115],[-123.11915,49.20828],[-123.11915,49.23356],[-123.11915,49.27668],[-123.11913,49.20746],[-123.11912,49.28586],[-123.11911,49.26684],[-123.1191,49.25515],[-123.1191,49.25693],[-123.1191,49.28301],[-123.11909,49.26684],[-123.11909,49.28302],[-123.11908,49.20835],[-123.11908,49.26237],[-123.11908,49.28706],[-123.11906,49.26581],[-123.11905,49.25693],[-123.11905,49.26675],[-123.11904,49.27677],[-123.11904,49.28718],[-123.11903,49.22175],[-123.11903,49.22613],[-123.11903,49.26676],[-123.11903,49.27543],[-123.11902,49.20588],[-123.11902,49.22137],[-123.11901,49.20643],[-123.11901,49.22132],[-123.11901,49.24003],[-123.11901,49.26229],[-123.119,49.28076],[-123.11899,49.22183],[-123.11898,49.20747],[-123.11897,49.27733],[-123.11896,49.22189],[-123.11896,49.22225],[-123.11895,49.22132],[-123.11895,49.2254],[-123.11895,49.25109],[-123.11895,49.25113],[-123.11895,49.26234],[-123.11894,49.27489],[-123.11893,49.2084],[-123.11893,49.22252],[-123.11893,49.27735],[-123.11892,49.21555],[-123.11892,49.27676],[-123.11892,49.28313],[-123.11892,49.28859],[-123.11891,49.28859],[-123.1189,49.28084],[-123.11889,49.22189],[-123.11889,49.22365],[-123.11888,49.22252],[-123.11886,49.22183],[-123.11885,49.21691],[-123.11885,49.21701],[-123.11885,49.25948],[-123.11885,49.25955],[-123.11885,49.2744],[-123.11884,49.24317],[-123.11884,49.27547],[-123.11883,49.24327],[-123.11883,49.27879],[-123.11882,49.22132],[-123.11882,49.22133],[-123.11882,49.22365],[-123.1188,49.25995],[-123.1188,49.25999],[-123.1188,49.27879],[-123.11879,49.27772],[-123.11878,49.24381],[-123.11877,49.28085],[-123.11876,49.27341],[-123.11876,49.27454],[-123.11876,49.28585],[-123.11876,49.28853],[-123.11875,49.21141],[-123.11875,49.24429],[-123.11875,49.27672],[-123.11875,49.28697],[-123.11875,49.28757],[-123.11874,49.21148],[-123.11874,49.28853],[-123.11873,49.21322],[-123.11873,49.21329],[-123.11873,49.2632],[-123.11873,49.28757],[-123.11872,49.23832],[-123.11872,49.26038],[-123.11872,49.26336],[-123.11872,49.26498],[-123.11872,49.26507],[-123.11871,49.21099],[-123.11871,49.22174],[-123.1187,49.21711],[-123.1187,49.26053],[-123.11869,49.21051],[-123.11869,49.21232],[-123.11869,49.21238],[-123.11869,49.21751],[-123.11869,49.21763],[-123.11869,49.28766],[-123.11868,49.21503],[-123.11868,49.2151],[-123.11868,49.24442],[-123.11867,49.23835],[-123.11867,49.28766],[-123.11866,49.25875],[-123.11866,49.25883],[-123.11866,49.26414],[-123.11866,49.27352],[-123.11865,49.24705],[-123.11865,49.24712],[-123.11865,49.27844],[-123.11864,49.23739],[-123.11864,49.24099],[-123.11864,49.24508],[-123.11864,49.26424],[-123.11864,49.28077],[-123.11863,49.24796],[-123.11863,49.27755],[-123.11862,49.24844],[-123.11861,49.21412],[-123.11861,49.21708],[-123.11861,49.24607],[-123.11861,49.24804],[-123.11861,49.24848],[-123.1186,49.21051],[-123.1186,49.21419],[-123.1186,49.23894],[-123.1186,49.24208],[-123.1186,49.24381],[-123.1186,49.27578],[-123.11859,49.23559],[-123.11858,49.23729],[-123.11858,49.2496],[-123.11857,49.23637],[-123.11857,49.2444],[-123.11857,49.24699],[-123.11857,49.24915],[-123.11857,49.2496],[-123.11857,49.27536],[-123.11856,49.24894],[-123.11856,49.28485],[-123.11855,49.2106],[-123.11855,49.21795],[-123.11855,49.24034],[-123.11855,49.26336],[-123.11855,49.27853],[-123.11854,49.2451],[-123.11854,49.24792],[-123.11854,49.24902],[-123.11854,49.25008],[-123.11853,49.23745],[-123.11852,49.23559],[-123.11852,49.23899],[-123.11852,49.24605],[-123.11852,49.24907],[-123.11852,49.25001],[-123.11852,49.28812],[-123.11851,49.211],[-123.11851,49.25061],[-123.1185,49.24099],[-123.1185,49.25068],[-123.1185,49.26578],[-123.1185,49.26601],[-123.1185,49.28811],[-123.11849,49.24029],[-123.11849,49.24888],[-123.11849,49.26408],[-123.11848,49.23966],[-123.11848,49.24433],[-123.11848,49.24472],[-123.11848,49.24696],[-123.11848,49.28158],[-123.11847,49.20971],[-123.11847,49.2098],[-123.11846,49.21903],[-123.11846,49.23745],[-123.11846,49.24208],[-123.11845,49.21593],[-123.11845,49.216],[-123.11845,49.21912],[-123.11845,49.24476],[-123.11845,49.24519],[-123.11845,49.24995],[-123.11845,49.27344],[-123.11845,49.28872],[-123.11844,49.24381],[-123.11843,49.24528],[-123.11843,49.25056],[-123.11843,49.27853],[-123.11842,49.26336],[-123.11842,49.27464],[-123.11841,49.28832],[-123.1184,49.23002],[-123.1184,49.24098],[-123.1184,49.24613],[-123.1184,49.24619],[-123.1184,49.24791],[-123.1184,49.25146],[-123.1184,49.28832],[-123.11839,49.23007],[-123.11838,49.20989],[-123.11838,49.24887],[-123.11837,49.25259],[-123.11836,49.23043],[-123.11836,49.25231],[-123.11835,49.24026],[-123.11834,49.21701],[-123.11834,49.24307],[-123.11834,49.24995],[-123.11834,49.28479],[-123.11833,49.2235],[-123.11833,49.22356],[-123.11833,49.22611],[-123.11833,49.25356],[-123.11833,49.27615],[-123.11832,49.25055],[-123.11832,49.27567],[-123.11831,49.24028],[-123.11831,49.24201],[-123.11831,49.27568],[-123.1183,49.22188],[-123.1183,49.24029],[-123.1183,49.25652],[-123.1183,49.27846],[-123.11829,49.2514],[-123.11829,49.25415],[-123.11828,49.20592],[-123.11828,49.2248],[-123.11828,49.22484],[-123.11828,49.22626],[-123.11828,49.25455],[-123.11827,49.22258],[-123.11827,49.25441],[-123.11827,49.28476],[-123.11826,49.20593],[-123.11826,49.25501],[-123.11826,49.2687],[-123.11826,49.27432],[-123.11825,49.22523],[-123.11825,49.25229],[-123.11825,49.25743],[-123.11824,49.20954],[-123.11824,49.24032],[-123.11823,49.22361],[-123.11823,49.25061],[-123.11823,49.25259],[-123.11822,49.22244],[-123.11822,49.22687],[-123.11822,49.25068],[-123.11822,49.25356],[-123.11822,49.25599],[-123.11822,49.28048],[-123.11821,49.23018],[-123.11821,49.24096],[-123.11821,49.24301],[-123.11821,49.27624],[-123.1182,49.22436],[-123.1182,49.2394],[-123.1182,49.24423],[-123.1182,49.25415],[-123.1182,49.2568],[-123.1182,49.28486],[-123.11819,49.22188],[-123.11819,49.22761],[-123.11819,49.25107],[-123.11819,49.25151],[-123.11819,49.25158],[-123.11819,49.25738],[-123.11818,49.25111],[-123.11818,49.25437],[-123.11818,49.27725],[-123.11817,49.22258],[-123.11817,49.22636],[-123.11817,49.22983],[-123.11817,49.22993],[-123.11817,49.22996],[-123.11817,49.24327],[-123.11817,49.25465],[-123.11816,49.24201],[-123.11816,49.25198],[-123.11816,49.25202],[-123.11816,49.2524],[-123.11816,49.2525],[-123.11816,49.25501],[-123.11815,49.28617],[-123.11814,49.20833],[-123.11814,49.22709],[-123.11813,49.25331],[-123.11812,49.22362],[-123.11812,49.2534],[-123.11812,49.25592],[-123.11811,49.25379],[-123.11811,49.25383],[-123.1181,49.22748],[-123.1181,49.22792],[-123.1181,49.25423],[-123.1181,49.25429],[-123.11809,49.22436],[-123.11809,49.28616],[-123.11808,49.22831],[-123.11808,49.24101],[-123.11808,49.24113],[-123.11807,49.2568],[-123.11806,49.2289],[-123.11806,49.25738],[-123.11805,49.2253],[-123.11805,49.28012],[-123.11805,49.28132],[-123.11804,49.22636],[-123.11804,49.22943],[-123.11804,49.22999],[-123.11804,49.25609],[-123.11804,49.28233],[-123.11804,49.28658],[-123.11804,49.2889],[-123.11803,49.23008],[-123.11803,49.24299],[-123.11803,49.28449],[-123.11803,49.28532],[-123.11802,49.22748],[-123.11802,49.24954],[-123.11801,49.22709],[-123.11801,49.23372],[-123.11801,49.23413],[-123.11801,49.2565],[-123.118,49.23408],[-123.118,49.23918],[-123.118,49.23922],[-123.118,49.24327],[-123.11799,49.23922],[-123.11799,49.28684],[-123.11798,49.22791],[-123.11798,49.23009],[-123.11798,49.23352],[-123.11797,49.22831],[-123.11797,49.24323],[-123.11797,49.2574],[-123.11796,49.2404],[-123.11795,49.21056],[-123.11795,49.2289],[-123.11795,49.23543],[-123.11795,49.26229],[-123.11794,49.21508],[-123.11794,49.23549],[-123.11794,49.23921],[-123.11794,49.28022],[-123.11793,49.21055],[-123.11793,49.2763],[-123.11792,49.21599],[-123.11792,49.23377],[-123.11792,49.27588],[-123.11791,49.22943],[-123.1179,49.21327],[-123.1179,49.27616],[-123.11789,49.23005],[-123.11789,49.23415],[-123.11789,49.24295],[-123.11789,49.24296],[-123.11788,49.23727],[-123.11788,49.23736],[-123.11788,49.2383],[-123.11788,49.2569],[-123.11788,49.25701],[-123.11788,49.28127],[-123.11787,49.21239],[-123.11787,49.21334],[-123.11787,49.23474],[-123.11787,49.26844],[-123.11787,49.27819],[-123.11786,49.24405],[-123.11785,49.22926],[-123.11785,49.2293],[-123.11785,49.28645],[-123.11784,49.21423],[-123.11784,49.23555],[-123.11784,49.24403],[-123.11784,49.28243],[-123.11783,49.21243],[-123.11783,49.2132],[-123.11783,49.21551],[-123.11783,49.21606],[-123.11783,49.25882],[-123.11782,49.21274],[-123.11782,49.2128],[-123.11782,49.23639],[-123.11782,49.25946],[-123.11781,49.21334],[-123.11781,49.21515],[-123.11781,49.24325],[-123.1178,49.22981],[-123.1178,49.23376],[-123.1178,49.23834],[-123.1178,49.26233],[-123.1178,49.28023],[-123.11779,49.22993],[-123.11779,49.23415],[-123.11779,49.23742],[-123.11779,49.25953],[-123.11779,49.26051],[-123.11779,49.28793],[-123.11778,49.21424],[-123.11778,49.23346],[-123.11778,49.24419],[-123.11778,49.27596],[-123.11778,49.28793],[-123.11777,49.23474],[-123.11777,49.25873],[-123.11777,49.26851],[-123.11776,49.21243],[-123.11776,49.23351],[-123.11776,49.26037],[-123.11775,49.26094],[-123.11774,49.21514],[-123.11774,49.23555],[-123.11774,49.28644],[-123.11773,49.24416],[-123.11773,49.25933],[-123.11771,49.2364],[-123.11771,49.28019],[-123.1177,49.23969],[-123.11769,49.23741],[-123.11769,49.25469],[-123.11769,49.26226],[-123.11769,49.26233],[-123.11769,49.27343],[-123.11768,49.23742],[-123.11767,49.28014],[-123.11766,49.26031],[-123.11766,49.26278],[-123.11766,49.26318],[-123.11766,49.26335],[-123.11766,49.2778],[-123.11765,49.25471],[-123.11764,49.26413],[-123.11764,49.26422],[-123.11763,49.24365],[-123.11763,49.26128],[-123.11763,49.28812],[-123.11762,49.20605],[-123.11762,49.26506],[-123.11762,49.28811],[-123.11761,49.26461],[-123.11761,49.26497],[-123.11761,49.28653],[-123.1176,49.20606],[-123.1176,49.23726],[-123.1176,49.23735],[-123.1176,49.26579],[-123.11759,49.2335],[-123.11759,49.2594],[-123.11759,49.26217],[-123.11759,49.2622],[-123.11759,49.26823],[-123.11759,49.27569],[-123.11759,49.28864],[-123.11758,49.26544],[-123.11757,49.28423],[-123.11756,49.22189],[-123.11756,49.2603],[-123.11756,49.26312],[-123.11756,49.26771],[-123.11756,49.28424],[-123.11755,49.24093],[-123.11755,49.26407],[-123.11754,49.24611],[-123.11754,49.25648],[-123.11753,49.24617],[-123.11753,49.24999],[-123.11752,49.25007],[-123.11752,49.26491],[-123.11752,49.27787],[-123.11751,49.25882],[-123.1175,49.22353],[-123.1175,49.25653],[-123.11749,49.20599],[-123.11749,49.24073],[-123.11749,49.24092],[-123.11749,49.26218],[-123.11749,49.26572],[-123.11748,49.28414],[-123.11747,49.26225],[-123.11747,49.26633],[-123.11747,49.2677],[-123.11746,49.20599],[-123.11746,49.21138],[-123.11746,49.2622],[-123.11746,49.26311],[-123.11746,49.27579],[-123.11746,49.27789],[-123.11746,49.28299],[-123.11745,49.21185],[-123.11745,49.21188],[-123.11745,49.26821],[-123.11745,49.27557],[-123.11744,49.206],[-123.11744,49.26752],[-123.11743,49.22536],[-123.11742,49.21235],[-123.11742,49.22535],[-123.11742,49.22626],[-123.11741,49.20613],[-123.11741,49.20614],[-123.11741,49.20941],[-123.11741,49.21015],[-123.11741,49.26682],[-123.11741,49.27418],[-123.1174,49.23],[-123.1174,49.23877],[-123.1174,49.24953],[-123.1174,49.24957],[-123.1174,49.26406],[-123.1174,49.28859],[-123.11739,49.21145],[-123.11739,49.24999],[-123.11739,49.28295],[-123.11738,49.2734],[-123.11737,49.21228],[-123.11736,49.20724],[-123.11736,49.20992],[-123.11736,49.22778],[-123.11736,49.26491],[-123.11736,49.28189],[-123.11735,49.21789],[-123.11735,49.22626],[-123.11735,49.23952],[-123.11735,49.24387],[-123.11735,49.28705],[-123.11734,49.20819],[-123.11734,49.20948],[-123.11734,49.21022],[-123.11734,49.21319],[-123.11734,49.23872],[-123.11733,49.21325],[-123.11733,49.26573],[-123.11731,49.21699],[-123.11731,49.26632],[-123.11731,49.27781],[-123.11731,49.28413],[-123.1173,49.20917],[-123.1173,49.2115],[-123.11729,49.21409],[-123.11729,49.22778],[-123.11728,49.21247],[-123.11728,49.21415],[-123.11728,49.21691],[-123.11728,49.2354],[-123.11727,49.21499],[-123.11727,49.21506],[-123.11727,49.26234],[-123.11726,49.23547],[-123.11725,49.20634],[-123.11725,49.20635],[-123.11725,49.24371],[-123.11725,49.27986],[-123.11724,49.2169],[-123.11724,49.24379],[-123.11724,49.25329],[-123.11724,49.25338],[-123.11723,49.28424],[-123.11721,49.20708],[-123.11721,49.21063],[-123.11721,49.21331],[-123.11721,49.21588],[-123.11721,49.23369],[-123.1172,49.21789],[-123.1172,49.26599],[-123.1172,49.27663],[-123.11719,49.20868],[-123.11719,49.2115],[-123.11719,49.21597],[-123.11719,49.21699],[-123.11719,49.23955],[-123.11719,49.26578],[-123.11719,49.28853],[-123.11718,49.20918],[-123.11718,49.21094],[-123.11717,49.21033],[-123.11717,49.21421],[-123.11717,49.21778],[-123.11717,49.23411],[-123.11717,49.24349],[-123.11716,49.21778],[-123.11716,49.24801],[-123.11715,49.20779],[-123.11715,49.24794],[-123.11714,49.2106],[-123.11714,49.21242],[-123.11714,49.21511],[-123.11714,49.25238],[-123.11714,49.25248],[-123.11714,49.28862],[-123.11713,49.20606],[-123.11713,49.23374],[-123.11713,49.24801],[-123.11712,49.20613],[-123.11712,49.22172],[-123.11712,49.2218],[-123.11712,49.25602],[-123.11712,49.25608],[-123.11712,49.27536],[-123.11711,49.20606],[-123.11711,49.21149],[-123.11711,49.21603],[-123.11711,49.28779],[-123.1171,49.20613],[-123.1171,49.28778],[-123.11709,49.21901],[-123.11709,49.2191],[-123.11709,49.23554],[-123.11709,49.24842],[-123.11709,49.24846],[-123.11708,49.2092],[-123.11708,49.21086],[-123.11708,49.24749],[-123.11708,49.24754],[-123.11707,49.21331],[-123.11707,49.27331],[-123.11707,49.27678],[-123.11707,49.2795],[-123.11706,49.21709],[-123.11706,49.2171],[-123.11706,49.25421],[-123.11706,49.26582],[-123.11706,49.28698],[-123.11705,49.21035],[-123.11705,49.25427],[-123.11705,49.28326],[-123.11704,49.21242],[-123.11704,49.23833],[-123.11704,49.25648],[-123.11704,49.25651],[-123.11704,49.25689],[-123.11703,49.2142],[-123.11703,49.21792],[-123.11703,49.257],[-123.11702,49.21104],[-123.11702,49.23554],[-123.11702,49.23829],[-123.11702,49.24358],[-123.11701,49.20902],[-123.11701,49.21149],[-123.11701,49.23739],[-123.11701,49.27338],[-123.117,49.21062],[-123.117,49.21513],[-123.117,49.23612],[-123.117,49.23906],[-123.11699,49.23628],[-123.11698,49.21916],[-123.11698,49.23835],[-123.11697,49.27554],[-123.11697,49.28323],[-123.11697,49.2859],[-123.11696,49.216],[-123.11696,49.27756],[-123.11695,49.23739],[-123.11695,49.27543],[-123.11695,49.27958],[-123.11694,49.27452],[-123.11693,49.2171],[-123.11693,49.22032],[-123.11692,49.2124],[-123.11692,49.23828],[-123.11691,49.21335],[-123.11691,49.27753],[-123.11689,49.21419],[-123.11689,49.22146],[-123.11689,49.22621],[-123.11689,49.27324],[-123.11689,49.287],[-123.11688,49.22184],[-123.11686,49.25052],[-123.11686,49.28582],[-123.11685,49.21211],[-123.11685,49.22518],[-123.11685,49.22525],[-123.11685,49.23343],[-123.11685,49.25557],[-123.11685,49.25561],[-123.11685,49.26845],[-123.11685,49.27957],[-123.11684,49.21514],[-123.11684,49.21923],[-123.11684,49.22284],[-123.11684,49.22631],[-123.11684,49.25509],[-123.11684,49.25518],[-123.11684,49.26721],[-123.11684,49.27408],[-123.11683,49.21227],[-123.11683,49.23891],[-123.11683,49.24108],[-123.11683,49.25143],[-123.11683,49.25518],[-123.11683,49.28527],[-123.11682,49.21232],[-123.11682,49.22605],[-123.11682,49.25509],[-123.11681,49.21608],[-123.11681,49.24507],[-123.11681,49.25052],[-123.11681,49.27441],[-123.1168,49.21041],[-123.1168,49.22034],[-123.1168,49.22383],[-123.1168,49.2514],[-123.1168,49.26853],[-123.11679,49.28655],[-123.11678,49.28582],[-123.11677,49.21336],[-123.11677,49.21704],[-123.11677,49.22456],[-123.11676,49.23917],[-123.11676,49.26714],[-123.11675,49.22147],[-123.11675,49.28527],[-123.11674,49.2142],[-123.11674,49.21793],[-123.11674,49.22186],[-123.11674,49.2253],[-123.11674,49.24079],[-123.11674,49.2795],[-123.11673,49.23897],[-123.11673,49.24506],[-123.11673,49.24891],[-123.11673,49.24906],[-123.11673,49.24912],[-123.11673,49.2772],[-123.11672,49.24898],[-123.11671,49.21513],[-123.11671,49.22624],[-123.11671,49.24088],[-123.11671,49.24906],[-123.11671,49.24912],[-123.1167,49.22285],[-123.11669,49.21923],[-123.11668,49.27588],[-123.11667,49.21608],[-123.11667,49.22712],[-123.11667,49.2461],[-123.11667,49.24616],[-123.11666,49.22384],[-123.11666,49.23923],[-123.11665,49.21705],[-123.11665,49.22012],[-123.11665,49.24601],[-123.11665,49.2859],[-123.11665,49.28849],[-123.11664,49.22784],[-123.11664,49.25468],[-123.11663,49.22458],[-123.11663,49.24098],[-123.11663,49.25466],[-123.11663,49.25471],[-123.11663,49.27458],[-123.11662,49.22102],[-123.11662,49.24694],[-123.11661,49.23903],[-123.11661,49.27727],[-123.11661,49.28355],[-123.1166,49.21792],[-123.1166,49.22531],[-123.1166,49.2289],[-123.1166,49.229],[-123.1166,49.23344],[-123.11659,49.21215],[-123.11659,49.24601],[-123.11658,49.22187],[-123.11658,49.2306],[-123.11658,49.24787],[-123.11658,49.27501],[-123.11657,49.21869],[-123.11657,49.23085],[-123.11657,49.2642],[-123.11656,49.26411],[-123.11655,49.21922],[-123.11655,49.23127],[-123.11655,49.24694],[-123.11655,49.28713],[-123.11654,49.22286],[-123.11654,49.24885],[-123.11654,49.2758],[-123.11653,49.23173],[-123.11653,49.23367],[-123.11653,49.24884],[-123.11652,49.22012],[-123.11652,49.22783],[-123.11651,49.22382],[-123.11651,49.22709],[-123.11651,49.23231],[-123.1165,49.24786],[-123.1165,49.28754],[-123.11649,49.2253],[-123.11649,49.27727],[-123.11648,49.22102],[-123.11648,49.22458],[-123.11648,49.23907],[-123.11648,49.24444],[-123.11647,49.22625],[-123.11647,49.2289],[-123.11647,49.22891],[-123.11647,49.23264],[-123.11647,49.23925],[-123.11647,49.24885],[-123.11646,49.26834],[-123.11645,49.26866],[-123.11644,49.28506],[-123.11642,49.26577],[-123.11642,49.28679],[-123.11641,49.24701],[-123.11641,49.24707],[-123.11641,49.28044],[-123.1164,49.22285],[-123.1164,49.22627],[-123.1164,49.23377],[-123.1164,49.26582],[-123.1164,49.27314],[-123.1164,49.27325],[-123.11639,49.23083],[-123.11639,49.23919],[-123.11639,49.24436],[-123.11638,49.25375],[-123.11638,49.26049],[-123.11638,49.27314],[-123.11638,49.27325],[-123.11638,49.28125],[-123.11637,49.22382],[-123.11637,49.22709],[-123.11637,49.2346],[-123.11637,49.24951],[-123.11637,49.25379],[-123.11637,49.26034],[-123.11637,49.2772],[-123.11636,49.23176],[-123.11636,49.2761],[-123.11635,49.28351],[-123.11634,49.22458],[-123.11634,49.22784],[-123.11634,49.23229],[-123.11633,49.2289],[-123.11633,49.23551],[-123.11632,49.23264],[-123.11632,49.26504],[-123.11631,49.2253],[-123.1163,49.21325],[-123.1163,49.23642],[-123.1163,49.27472],[-123.11629,49.26315],[-123.11628,49.2316],[-123.11628,49.26334],[-123.11628,49.27482],[-123.11627,49.21067],[-123.11627,49.21315],[-123.11627,49.22624],[-123.11626,49.2105],[-123.11626,49.23169],[-123.11626,49.23736],[-123.11626,49.2875],[-123.11625,49.2092],[-123.11625,49.21239],[-123.11625,49.2133],[-123.11625,49.2505],[-123.11625,49.2875],[-123.11624,49.21071],[-123.11623,49.22708],[-123.11623,49.23371],[-123.11623,49.28357],[-123.11622,49.23083],[-123.11622,49.23084],[-123.11622,49.23459],[-123.11622,49.27601],[-123.11621,49.23549],[-123.11621,49.25141],[-123.11621,49.257],[-123.1162,49.22784],[-123.1162,49.28137],[-123.11619,49.21117],[-123.11619,49.21413],[-123.11619,49.23214],[-123.11619,49.28616],[-123.11618,49.21238],[-123.11618,49.21329],[-123.11618,49.23365],[-123.11617,49.23642],[-123.11617,49.25336],[-123.11617,49.27325],[-123.11617,49.2849],[-123.11616,49.22889],[-123.11616,49.26755],[-123.11615,49.21042],[-123.11615,49.22618],[-123.11615,49.23263],[-123.11615,49.2505],[-123.11615,49.25161],[-123.11615,49.25326],[-123.11615,49.2641],[-123.11615,49.26873],[-123.11614,49.21419],[-123.11614,49.23948],[-123.11613,49.24515],[-123.11613,49.2523],[-123.11613,49.2691],[-123.11612,49.23371],[-123.11612,49.23734],[-123.11612,49.25133],[-123.11612,49.27408],[-123.11611,49.21501],[-123.11611,49.27467],[-123.1161,49.27627],[-123.11609,49.23062],[-123.11609,49.23951],[-123.11609,49.25321],[-123.11609,49.26603],[-123.11609,49.27887],[-123.11608,49.21584],[-123.11608,49.23083],[-123.11608,49.23229],[-123.11608,49.23458],[-123.11608,49.26748],[-123.11608,49.28137],[-123.11607,49.2142],[-123.11607,49.24991],[-123.11607,49.25591],[-123.11606,49.21607],[-123.11606,49.21634],[-123.11606,49.27677],[-123.11605,49.21704],[-123.11605,49.25156],[-123.11605,49.25411],[-123.11605,49.25683],[-123.11605,49.27502],[-123.11605,49.28756],[-123.11604,49.21501],[-123.11604,49.23174],[-123.11604,49.2355],[-123.11604,49.25006],[-123.11604,49.25231],[-123.11604,49.25502],[-123.11604,49.27501],[-123.11603,49.24493],[-123.11603,49.27689],[-123.11603,49.28534],[-123.11602,49.24922],[-123.11602,49.2662],[-123.11601,49.21584],[-123.11601,49.21703],[-123.11601,49.23262],[-123.11601,49.24524],[-123.11601,49.26504],[-123.11601,49.28526],[-123.11601,49.2855],[-123.11601,49.28654],[-123.116,49.21606],[-123.116,49.21633],[-123.116,49.23642],[-123.116,49.25316],[-123.116,49.26596],[-123.11599,49.21744],[-123.11599,49.26459],[-123.11599,49.27895],[-123.11598,49.24608],[-123.11598,49.24615],[-123.11598,49.24997],[-123.11598,49.25139],[-123.11598,49.25148],[-123.11598,49.25411],[-123.11597,49.21703],[-123.11597,49.23374],[-123.11597,49.27618],[-123.11597,49.2882],[-123.11596,49.23734],[-123.11596,49.24507],[-123.11596,49.25332],[-123.11596,49.27461],[-123.11596,49.28834],[-123.11595,49.21743],[-123.11595,49.24442],[-123.11595,49.25591],[-123.11594,49.21077],[-123.11594,49.23458],[-123.11594,49.25681],[-123.11594,49.28675],[-123.11593,49.22454],[-123.11593,49.22461],[-123.11593,49.255],[-123.11593,49.28129],[-123.11592,49.25234],[-123.11591,49.22383],[-123.11591,49.25516],[-123.11591,49.26493],[-123.1159,49.23549],[-123.1159,49.25423],[-123.1159,49.28519],[-123.1159,49.28645],[-123.11589,49.23249],[-123.11589,49.25416],[-123.11589,49.2691],[-123.11589,49.28473],[-123.11588,49.26595],[-123.11587,49.20636],[-123.11587,49.26504],[-123.11587,49.28462],[-123.11586,49.23642],[-123.11586,49.25607],[-123.11586,49.27895],[-123.11585,49.20637],[-123.11585,49.25687],[-123.11584,49.2063],[-123.11584,49.23257],[-123.11584,49.23443],[-123.11584,49.24436],[-123.11584,49.27685],[-123.11583,49.22387],[-123.11583,49.23451],[-123.11583,49.24601],[-123.11583,49.28763],[-123.11582,49.2063],[-123.11582,49.21225],[-123.11582,49.225],[-123.11582,49.23534],[-123.11582,49.23543],[-123.11582,49.23735],[-123.11582,49.25504],[-123.11582,49.25597],[-123.11582,49.27506],[-123.11581,49.27489],[-123.1158,49.25316],[-123.1158,49.28519],[-123.11579,49.23917],[-123.11579,49.24511],[-123.11579,49.24693],[-123.11579,49.28645],[-123.11577,49.23626],[-123.11577,49.23635],[-123.11577,49.23922],[-123.11575,49.24786],[-123.11575,49.27657],[-123.11575,49.28805],[-123.11574,49.22387],[-123.11572,49.225],[-123.11572,49.23718],[-123.11571,49.23727],[-123.11571,49.27892],[-123.1157,49.22461],[-123.11567,49.246],[-123.11567,49.26779],[-123.11567,49.28528],[-123.11566,49.24695],[-123.11565,49.22382],[-123.11565,49.27665],[-123.11565,49.28656],[-123.11564,49.24876],[-123.11564,49.26599],[-123.11564,49.2744],[-123.11562,49.21405],[-123.11562,49.24785],[-123.11561,49.21412],[-123.11559,49.24515],[-123.11559,49.26599],[-123.11559,49.28295],[-123.11558,49.21697],[-123.11558,49.23975],[-123.11558,49.24522],[-123.11558,49.24699],[-123.11557,49.26646],[-123.11556,49.25993],[-123.11556,49.26774],[-123.11556,49.28799],[-123.11555,49.27664],[-123.11554,49.20761],[-123.11554,49.21232],[-123.11554,49.26409],[-123.11553,49.21276],[-123.11552,49.21271],[-123.11552,49.21689],[-123.11552,49.24471],[-123.11552,49.25228],[-123.11551,49.21315],[-123.11551,49.21419],[-123.11551,49.21697],[-123.1155,49.27327],[-123.11549,49.20951],[-123.11549,49.21238],[-123.11549,49.23059],[-123.11548,49.21185],[-123.11548,49.21688],[-123.11548,49.22707],[-123.11548,49.23081],[-123.11548,49.23978],[-123.11548,49.24992],[-123.11548,49.25219],[-123.11548,49.28104],[-123.11548,49.2857],[-123.11547,49.21518],[-123.11547,49.24888],[-123.11547,49.26487],[-123.11547,49.28287],[-123.11546,49.24509],[-123.11545,49.21588],[-123.11544,49.23172],[-123.11544,49.27411],[-123.11543,49.25115],[-123.11543,49.26487],[-123.11543,49.26569],[-123.11543,49.28433],[-123.11542,49.21238],[-123.11542,49.22706],[-123.11542,49.2306],[-123.11542,49.23081],[-123.11542,49.23341],[-123.11541,49.21073],[-123.11541,49.21419],[-123.1154,49.23362],[-123.1154,49.23958],[-123.1154,49.28062],[-123.11539,49.22888],[-123.11539,49.24879],[-123.11539,49.2521],[-123.11539,49.26419],[-123.11539,49.28575],[-123.11538,49.21183],[-123.11538,49.23172],[-123.11538,49.24604],[-123.11537,49.2065],[-123.11537,49.20651],[-123.11537,49.21183],[-123.11537,49.21518],[-123.11537,49.23262],[-123.11537,49.26588],[-123.11537,49.27419],[-123.11537,49.28288],[-123.11537,49.28552],[-123.11536,49.25292],[-123.11536,49.26674],[-123.11536,49.28429],[-123.11536,49.2882],[-123.11535,49.20721],[-123.11535,49.23366],[-123.11535,49.24692],[-123.11535,49.28803],[-123.11534,49.21588],[-123.11534,49.2326],[-123.11534,49.26843],[-123.11533,49.2074],[-123.11533,49.20741],[-123.11532,49.23455],[-123.11532,49.24505],[-123.11532,49.26889],[-123.11532,49.28285],[-123.11531,49.23255],[-123.11531,49.23625],[-123.11531,49.23632],[-123.11531,49.24782],[-123.11531,49.25394],[-123.11531,49.2627],[-123.11531,49.26652],[-123.11531,49.26674],[-123.11531,49.28815],[-123.1153,49.20939],[-123.1153,49.23246],[-123.1153,49.23962],[-123.1153,49.26933],[-123.11529,49.23366],[-123.11529,49.23547],[-123.11528,49.20822],[-123.11528,49.20823],[-123.11528,49.26312],[-123.11527,49.23565],[-123.11527,49.25484],[-123.11527,49.25879],[-123.11526,49.26047],[-123.11526,49.27033],[-123.11526,49.28295],[-123.11525,49.23455],[-123.11525,49.25002],[-123.11525,49.25581],[-123.11525,49.25871],[-123.11524,49.20895],[-123.11524,49.20896],[-123.11524,49.2364],[-123.11524,49.24602],[-123.11524,49.25677],[-123.11523,49.23293],[-123.11523,49.23298],[-123.11523,49.23848],[-123.11523,49.25771],[-123.11523,49.26033],[-123.11523,49.26575],[-123.11523,49.2762],[-123.11523,49.28073],[-123.11523,49.285],[-123.11522,49.23547],[-123.11522,49.27426],[-123.11522,49.27668],[-123.11522,49.28292],[-123.11521,49.23711],[-123.11521,49.23729],[-123.11521,49.27553],[-123.11521,49.28554],[-123.1152,49.20658],[-123.1152,49.20659],[-123.1152,49.23806],[-123.1152,49.24692],[-123.1152,49.25107],[-123.1152,49.25942],[-123.1152,49.25949],[-123.1152,49.28799],[-123.11519,49.26222],[-123.11519,49.26696],[-123.11518,49.2364],[-123.11518,49.23729],[-123.11518,49.24878],[-123.11518,49.26665],[-123.11517,49.23748],[-123.11517,49.23794],[-123.11517,49.24607],[-123.11517,49.25197],[-123.11517,49.25865],[-123.11517,49.26229],[-123.11517,49.26332],[-123.11517,49.26334],[-123.11517,49.2689],[-123.11516,49.20739],[-123.11516,49.20741],[-123.11516,49.24782],[-123.11516,49.26589],[-123.11516,49.26844],[-123.11516,49.28426],[-123.11515,49.22388],[-123.11515,49.26222],[-123.11515,49.26794],[-123.11515,49.2683],[-123.11515,49.27338],[-123.11514,49.23728],[-123.11514,49.25015],[-123.11514,49.26027],[-123.11514,49.26137],[-123.11514,49.26761],[-123.11514,49.26933],[-123.11514,49.27392],[-123.11514,49.27825],[-123.11513,49.23807],[-123.11513,49.25284],[-123.11513,49.26865],[-123.11513,49.2881],[-123.11512,49.20821],[-123.11512,49.20822],[-123.11512,49.22382],[-123.11512,49.25936],[-123.11512,49.26274],[-123.11512,49.26729],[-123.11511,49.24523],[-123.11511,49.26902],[-123.1151,49.24613],[-123.1151,49.25112],[-123.1151,49.2512],[-123.1151,49.26938],[-123.1151,49.27043],[-123.1151,49.27081],[-123.1151,49.28073],[-123.11509,49.23721],[-123.11509,49.25007],[-123.11509,49.25202],[-123.11509,49.25387],[-123.11509,49.26214],[-123.11509,49.26215],[-123.11509,49.27081],[-123.11509,49.28475],[-123.11508,49.20895],[-123.11508,49.20896],[-123.11508,49.23714],[-123.11508,49.2521],[-123.11508,49.26976],[-123.11508,49.27081],[-123.11507,49.26492],[-123.11506,49.26502],[-123.11506,49.26811],[-123.11506,49.2701],[-123.11506,49.27433],[-123.11505,49.24512],[-123.11505,49.25477],[-123.11505,49.27045],[-123.11505,49.27432],[-123.11504,49.24698],[-123.11504,49.24705],[-123.11504,49.2529],[-123.11504,49.25299],[-123.11504,49.26304],[-123.11504,49.26305],[-123.11504,49.26801],[-123.11504,49.27626],[-123.11504,49.28259],[-123.11504,49.2859],[-123.11504,49.28598],[-123.11503,49.26774],[-123.11503,49.27082],[-123.11503,49.27626],[-123.11502,49.20652],[-123.11502,49.25393],[-123.11502,49.27116],[-123.11502,49.27833],[-123.11502,49.2846],[-123.11501,49.20645],[-123.11501,49.25576],[-123.11501,49.26744],[-123.11501,49.2715],[-123.115,49.20645],[-123.115,49.20652],[-123.115,49.26712],[-123.115,49.27364],[-123.115,49.28793],[-123.11499,49.254],[-123.11499,49.26398],[-123.11499,49.26566],[-123.11499,49.26677],[-123.11499,49.27597],[-123.11499,49.28453],[-123.11498,49.26803],[-123.11498,49.27227],[-123.11498,49.27262],[-123.11498,49.27401],[-123.11498,49.28066],[-123.11497,49.2881],[-123.11496,49.26483],[-123.11496,49.2664],[-123.11496,49.27296],[-123.11496,49.28811],[-123.11495,49.23624],[-123.11495,49.23631],[-123.11495,49.25482],[-123.11495,49.25491],[-123.11494,49.27591],[-123.11494,49.27758],[-123.11493,49.22539],[-123.11493,49.2733],[-123.11493,49.28583],[-123.11492,49.22546],[-123.11492,49.25676],[-123.11492,49.25768],[-123.11492,49.25863],[-123.11492,49.26669],[-123.11491,49.2754],[-123.11489,49.25936],[-123.11489,49.26646],[-123.11489,49.2666],[-123.11489,49.28607],[-123.11487,49.28395],[-123.11485,49.21231],[-123.11485,49.22973],[-123.11484,49.21113],[-123.11484,49.21224],[-123.11484,49.2298],[-123.11483,49.26024],[-123.11483,49.27837],[-123.11482,49.2587],[-123.11482,49.25876],[-123.11482,49.26133],[-123.11482,49.28528],[-123.11482,49.28583],[-123.11481,49.26865],[-123.11479,49.22691],[-123.11479,49.25942],[-123.11479,49.26829],[-123.11479,49.27599],[-123.11478,49.21314],[-123.11478,49.22698],[-123.11478,49.27403],[-123.11477,49.21121],[-123.11477,49.21321],[-123.11477,49.21411],[-123.11477,49.26789],[-123.11477,49.27562],[-123.11477,49.28475],[-123.11476,49.21361],[-123.11476,49.21365],[-123.11476,49.21405],[-123.11476,49.25948],[-123.11476,49.25989],[-123.11476,49.26128],[-123.11476,49.26215],[-123.11476,49.26937],[-123.11476,49.26975],[-123.11476,49.27827],[-123.11476,49.28453],[-123.11475,49.22872],[-123.11475,49.22878],[-123.11475,49.25993],[-123.11475,49.26753],[-123.11475,49.2701],[-123.11474,49.21186],[-123.11473,49.26902],[-123.11473,49.27045],[-123.11473,49.27353],[-123.11473,49.27551],[-123.11472,49.21238],[-123.11472,49.26047],[-123.11472,49.26718],[-123.11471,49.23204],[-123.11471,49.23994],[-123.11471,49.26686],[-123.11471,49.27082],[-123.1147,49.232],[-123.1147,49.27119],[-123.11469,49.21327],[-123.11469,49.26648],[-123.11469,49.26863],[-123.11469,49.27065],[-123.11469,49.27066],[-123.11469,49.27067],[-123.11469,49.27068],[-123.11469,49.2736],[-123.11468,49.22703],[-123.11468,49.22788],[-123.11468,49.26032],[-123.11468,49.26611],[-123.11468,49.27153],[-123.11467,49.23155],[-123.11467,49.23162],[-123.11467,49.26569],[-123.11467,49.27229],[-123.11466,49.21131],[-123.11466,49.21367],[-123.11466,49.24994],[-123.11466,49.26302],[-123.11466,49.26828],[-123.11466,49.27263],[-123.11466,49.28461],[-123.11465,49.22612],[-123.11465,49.26387],[-123.11465,49.26389],[-123.11465,49.26752],[-123.11464,49.22562],[-123.11464,49.22598],[-123.11463,49.26222],[-123.11463,49.26229],[-123.11463,49.26476],[-123.11463,49.26775],[-123.11463,49.26798],[-123.11463,49.26923],[-123.11463,49.28233],[-123.11462,49.21228],[-123.11462,49.24959],[-123.11462,49.25102],[-123.11462,49.26352],[-123.11462,49.26752],[-123.11462,49.27295],[-123.11462,49.28223],[-123.11461,49.27366],[-123.1146,49.21776],[-123.1146,49.21785],[-123.1146,49.23338],[-123.1146,49.26722],[-123.11459,49.24],[-123.11459,49.24955],[-123.11459,49.25065],[-123.11459,49.26698],[-123.11459,49.27402],[-123.11459,49.27569],[-123.11458,49.22704],[-123.11458,49.23359],[-123.11458,49.25192],[-123.11458,49.25829],[-123.11458,49.26613],[-123.11458,49.28223],[-123.11457,49.21327],[-123.11457,49.22789],[-123.11457,49.25007],[-123.11457,49.25013],[-123.11457,49.26405],[-123.11457,49.26565],[-123.11457,49.26656],[-123.11457,49.27437],[-123.11456,49.25481],[-123.11456,49.26528],[-123.11456,49.26533],[-123.11456,49.26788],[-123.11456,49.27332],[-123.11456,49.27466],[-123.11455,49.21121],[-123.11455,49.23808],[-123.11455,49.24001],[-123.11454,49.22562],[-123.11454,49.23064],[-123.11454,49.23761],[-123.11454,49.2506],[-123.11454,49.25282],[-123.11454,49.2549],[-123.11453,49.23071],[-123.11453,49.23724],[-123.11453,49.25158],[-123.11453,49.2531],[-123.11453,49.26311],[-123.11453,49.26394],[-123.11452,49.25162],[-123.11452,49.28224],[-123.11451,49.25823],[-123.11451,49.26813],[-123.11451,49.27367],[-123.11451,49.27492],[-123.1145,49.25385],[-123.1145,49.25404],[-123.1145,49.25589],[-123.1145,49.26484],[-123.1145,49.26623],[-123.1145,49.26821],[-123.11449,49.25246],[-123.11449,49.25251],[-123.11449,49.26892],[-123.11449,49.27734],[-123.11448,49.2558],[-123.11447,49.26952],[-123.11446,49.24563],[-123.11446,49.25474],[-123.11445,49.2479],[-123.11445,49.24796],[-123.11444,49.23809],[-123.11444,49.24601],[-123.11444,49.2547],[-123.11444,49.27024],[-123.11444,49.28497],[-123.11443,49.27999],[-123.11442,49.23722],[-123.11442,49.23763],[-123.11442,49.25574],[-123.11441,49.246],[-123.11441,49.25343],[-123.11441,49.25347],[-123.11441,49.25439],[-123.1144,49.24781],[-123.1144,49.25678],[-123.11439,49.25537],[-123.11439,49.26271],[-123.11439,49.26493],[-123.11439,49.26892],[-123.11438,49.25533],[-123.11438,49.27439],[-123.11437,49.26702],[-123.11437,49.27401],[-123.11437,49.28492],[-123.11436,49.24612],[-123.11435,49.24882],[-123.11435,49.26952],[-123.11434,49.23717],[-123.11434,49.24605],[-123.11432,49.27002],[-123.11431,49.26618],[-123.11429,49.24745],[-123.11429,49.24881],[-123.11429,49.26802],[-123.11428,49.27801],[-123.11427,49.26661],[-123.11427,49.26802],[-123.11427,49.26812],[-123.11426,49.26905],[-123.11426,49.27023],[-123.11426,49.28011],[-123.11424,49.25995],[-123.11424,49.26671],[-123.11424,49.26905],[-123.11424,49.26907],[-123.11424,49.27017],[-123.11423,49.26025],[-123.11423,49.28487],[-123.11422,49.26824],[-123.11421,49.26999],[-123.11421,49.28362],[-123.11421,49.28543],[-123.11419,49.26581],[-123.11419,49.2682],[-123.11419,49.26893],[-123.11418,49.26998],[-123.11417,49.28191],[-123.11417,49.28671],[-123.11416,49.21129],[-123.11416,49.26997],[-123.11415,49.27434],[-123.11414,49.26222],[-123.11414,49.26223],[-123.11414,49.26998],[-123.11414,49.28652],[-123.11412,49.26946],[-123.11412,49.2801],[-123.1141,49.23621],[-123.11409,49.27427],[-123.11408,49.23628],[-123.11407,49.26265],[-123.11406,49.23665],[-123.11406,49.23669],[-123.11406,49.24908],[-123.11406,49.27744],[-123.11406,49.28521],[-123.11405,49.26867],[-123.11405,49.27449],[-123.11405,49.28397],[-123.11405,49.28641],[-123.11404,49.28196],[-123.11403,49.26943],[-123.11403,49.26986],[-123.11403,49.27769],[-123.11402,49.28682],[-123.11401,49.21227],[-123.114,49.26479],[-123.114,49.26818],[-123.114,49.28003],[-123.11399,49.21122],[-123.11399,49.21219],[-123.11397,49.28515],[-123.11396,49.28547],[-123.11394,49.26618],[-123.11393,49.2672],[-123.11393,49.2777],[-123.11392,49.2839],[-123.11391,49.22868],[-123.1139,49.28334],[-123.11388,49.24898],[-123.11388,49.25481],[-123.11387,49.2631],[-123.11387,49.27534],[-123.11386,49.21114],[-123.11386,49.21314],[-123.11386,49.25488],[-123.11386,49.26329],[-123.11386,49.26815],[-123.11386,49.27533],[-123.11385,49.26838],[-123.11384,49.227],[-123.11382,49.27904],[-123.11381,49.2141],[-123.11381,49.2243],[-123.11381,49.22436],[-123.11381,49.2658],[-123.11381,49.28678],[-123.1138,49.27544],[-123.1138,49.27545],[-123.11379,49.26348],[-123.11379,49.26389],[-123.11379,49.26398],[-123.11379,49.2839],[-123.11377,49.227],[-123.11377,49.26819],[-123.11377,49.28759],[-123.11376,49.26828],[-123.11375,49.22421],[-123.11375,49.26944],[-123.11374,49.2802],[-123.11372,49.2864],[-123.11371,49.2622],[-123.11371,49.27462],[-123.1137,49.26569],[-123.11369,49.26046],[-123.11369,49.28398],[-123.11369,49.2877],[-123.11368,49.28176],[-123.11367,49.22417],[-123.11367,49.26227],[-123.11367,49.27004],[-123.11367,49.28509],[-123.11366,49.28667],[-123.11365,49.23158],[-123.11364,49.23482],[-123.11364,49.28168],[-123.11363,49.22437],[-123.11363,49.23248],[-123.11363,49.27517],[-123.11362,49.21137],[-123.11362,49.2324],[-123.11362,49.28524],[-123.11361,49.23287],[-123.11361,49.23291],[-123.11361,49.26711],[-123.1136,49.232],[-123.1136,49.23355],[-123.1136,49.2754],[-123.11359,49.23195],[-123.11359,49.23334],[-123.11359,49.23392],[-123.11359,49.24887],[-123.11359,49.24892],[-123.11359,49.2563],[-123.11358,49.23396],[-123.11358,49.23578],[-123.11358,49.24892],[-123.11358,49.25635],[-123.11357,49.24885],[-123.11357,49.27406],[-123.11357,49.28651],[-123.11356,49.24788],[-123.11356,49.24795],[-123.11356,49.2816],[-123.11355,49.23435],[-123.11355,49.23442],[-123.11355,49.26478],[-123.11354,49.23253],[-123.11354,49.26853],[-123.11354,49.26883],[-123.11354,49.28184],[-123.11353,49.23486],[-123.11352,49.23526],[-123.11351,49.2701],[-123.11351,49.27401],[-123.1135,49.21225],[-123.1135,49.23361],[-123.1135,49.23574],[-123.1135,49.26478],[-123.11349,49.23533],[-123.11349,49.23578],[-123.11348,49.26848],[-123.11348,49.28634],[-123.11347,49.21733],[-123.11347,49.27937],[-123.11346,49.21686],[-123.11346,49.21695],[-123.11346,49.21776],[-123.11346,49.28622],[-123.11345,49.21738],[-123.11345,49.23447],[-123.11345,49.28313],[-123.11344,49.25826],[-123.11343,49.21219],[-123.11343,49.26928],[-123.11343,49.27458],[-123.11343,49.28308],[-123.11342,49.21244],[-123.11342,49.24219],[-123.11341,49.23253],[-123.11341,49.26527],[-123.11341,49.28622],[-123.1134,49.23539],[-123.11339,49.21319],[-123.11339,49.26563],[-123.11338,49.2315],[-123.11338,49.23168],[-123.11338,49.26076],[-123.11338,49.28746],[-123.11337,49.2118],[-123.11337,49.217],[-123.11337,49.23631],[-123.11337,49.26096],[-123.11336,49.21739],[-123.11336,49.23361],[-123.11336,49.24743],[-123.11336,49.275],[-123.11335,49.23438],[-123.11335,49.26977],[-123.11334,49.27499],[-123.11334,49.28555],[-123.11333,49.2781],[-123.11332,49.24842],[-123.11331,49.27492],[-123.1133,49.21702],[-123.1133,49.21783],[-123.1133,49.25987],[-123.1133,49.26069],[-123.1133,49.26659],[-123.11329,49.2354],[-123.11329,49.25991],[-123.11329,49.26103],[-123.11329,49.27519],[-123.11329,49.27949],[-123.11329,49.28756],[-123.11328,49.2548],[-123.11328,49.25689],[-123.11328,49.2573],[-123.11328,49.25734],[-123.11328,49.26752],[-123.11327,49.23168],[-123.11327,49.25781],[-123.11327,49.28299],[-123.11326,49.23633],[-123.11326,49.26087],[-123.11325,49.2141],[-123.11325,49.2175],[-123.11325,49.25775],[-123.11325,49.26078],[-123.11324,49.2872],[-123.11323,49.20679],[-123.11323,49.26898],[-123.11322,49.20672],[-123.11322,49.28733],[-123.11321,49.20679],[-123.11321,49.2311],[-123.11321,49.25487],[-123.1132,49.20673],[-123.1132,49.22974],[-123.1132,49.23106],[-123.1132,49.27802],[-123.11319,49.22967],[-123.11319,49.2392],[-123.11318,49.22872],[-123.11318,49.22912],[-123.11318,49.27484],[-123.11317,49.22917],[-123.11317,49.23015],[-123.11317,49.23019],[-123.11317,49.23534],[-123.11317,49.26618],[-123.11317,49.28548],[-123.11316,49.21127],[-123.11316,49.22865],[-123.11316,49.23527],[-123.11316,49.25768],[-123.11316,49.26872],[-123.11316,49.27948],[-123.11315,49.23059],[-123.11315,49.23066],[-123.11315,49.2568],[-123.11315,49.26096],[-123.11315,49.26309],[-123.11314,49.28473],[-123.11313,49.22641],[-123.11313,49.22645],[-123.11313,49.22692],[-123.11313,49.25853],[-123.11312,49.22593],[-123.11312,49.23698],[-123.11312,49.23706],[-123.11312,49.24211],[-123.11311,49.22685],[-123.11311,49.26328],[-123.1131,49.22605],[-123.1131,49.25932],[-123.1131,49.26072],[-123.1131,49.26866],[-123.1131,49.2846],[-123.11309,49.20685],[-123.11309,49.2298],[-123.11309,49.26269],[-123.11309,49.27002],[-123.11309,49.28587],[-123.11308,49.22879],[-123.11308,49.2614],[-123.11308,49.28588],[-123.11307,49.24847],[-123.11307,49.28597],[-123.11306,49.22788],[-123.11306,49.24906],[-123.11305,49.23071],[-123.11305,49.25687],[-123.11305,49.25769],[-123.11305,49.26208],[-123.11305,49.26349],[-123.11305,49.26397],[-123.11305,49.26477],[-123.11304,49.22442],[-123.11304,49.24883],[-123.11304,49.24887],[-123.11304,49.24891],[-123.11304,49.26387],[-123.11304,49.2794],[-123.11303,49.22441],[-123.11303,49.22697],[-123.11303,49.26975],[-123.11303,49.28335],[-123.11302,49.22587],[-123.11302,49.25861],[-123.11302,49.26435],[-123.11301,49.2261],[-123.11301,49.2644],[-123.11301,49.26488],[-123.113,49.24891],[-123.113,49.26967],[-123.113,49.26969],[-123.113,49.2697],[-123.113,49.26972],[-123.11299,49.25933],[-123.11299,49.26303],[-123.11299,49.26669],[-123.11299,49.2858],[-123.11299,49.28721],[-123.11298,49.21014],[-123.11298,49.2298],[-123.11298,49.26766],[-123.11298,49.2858],[-123.11297,49.2113],[-123.11297,49.21147],[-123.11297,49.22879],[-123.11297,49.23923],[-123.11297,49.2573],[-123.11297,49.28482],[-123.11296,49.25734],[-123.11296,49.25781],[-123.11296,49.28453],[-123.11295,49.22786],[-123.11295,49.23071],[-123.11295,49.26024],[-123.11295,49.26381],[-123.11295,49.28743],[-123.11294,49.21175],[-123.11294,49.21179],[-123.11294,49.26121],[-123.11293,49.21258],[-123.11293,49.22696],[-123.11293,49.25776],[-123.11293,49.25822],[-123.11293,49.25826],[-123.11293,49.28328],[-123.11292,49.21265],[-123.11292,49.21361],[-123.11292,49.21366],[-123.11292,49.22398],[-123.11292,49.25867],[-123.11292,49.25874],[-123.11292,49.26703],[-123.11292,49.27479],[-123.11292,49.28273],[-123.11291,49.2261],[-123.11291,49.26471],[-123.11291,49.26746],[-123.1129,49.21329],[-123.1129,49.25945],[-123.1129,49.26214],[-123.11289,49.21336],[-123.11289,49.22586],[-123.11288,49.20687],[-123.11288,49.22912],[-123.11288,49.25939],[-123.11287,49.21402],[-123.11287,49.2599],[-123.11287,49.26561],[-123.11287,49.28078],[-123.11286,49.21154],[-123.11286,49.25986],[-123.11286,49.27114],[-123.11284,49.24846],[-123.11284,49.24998],[-123.11283,49.22915],[-123.11283,49.26652],[-123.11282,49.26303],[-123.11282,49.26825],[-123.11282,49.26923],[-123.11281,49.21268],[-123.11281,49.22403],[-123.11281,49.26086],[-123.1128,49.21346],[-123.1128,49.25102],[-123.1128,49.26082],[-123.1128,49.28326],[-123.11279,49.25344],[-123.11279,49.26174],[-123.11279,49.26176],[-123.11279,49.2638],[-123.11279,49.26739],[-123.11279,49.27849],[-123.11278,49.26126],[-123.11277,49.21415],[-123.11277,49.23013],[-123.11277,49.23017],[-123.11277,49.2534],[-123.11277,49.25439],[-123.11276,49.25192],[-123.11276,49.25585],[-123.11276,49.27075],[-123.11275,49.21159],[-123.11275,49.25435],[-123.11275,49.26225],[-123.11275,49.26473],[-123.11275,49.27057],[-123.11275,49.27089],[-123.11274,49.21687],[-123.11274,49.24997],[-123.11274,49.28583],[-123.11273,49.2153],[-123.11273,49.21692],[-123.11273,49.25486],[-123.11273,49.2683],[-123.11272,49.25278],[-123.11272,49.25479],[-123.11272,49.2703],[-123.11272,49.27089],[-123.11271,49.21267],[-123.11271,49.2553],[-123.11271,49.26133],[-123.11271,49.26219],[-123.11271,49.2656],[-123.11271,49.28113],[-123.11271,49.28333],[-123.11271,49.28335],[-123.1127,49.21612],[-123.1127,49.25534],[-123.1127,49.27089],[-123.11269,49.21347],[-123.11269,49.23551],[-123.11269,49.25095],[-123.11269,49.25629],[-123.11269,49.26326],[-123.11269,49.26914],[-123.11269,49.27963],[-123.11269,49.28599],[-123.11268,49.23013],[-123.11268,49.25578],[-123.11268,49.26643],[-123.11268,49.2709],[-123.11267,49.25381],[-123.11266,49.24952],[-123.11266,49.24956],[-123.11266,49.25003],[-123.11266,49.25432],[-123.11266,49.27458],[-123.11265,49.2501],[-123.11265,49.25192],[-123.11265,49.26386],[-123.11265,49.26781],[-123.11264,49.25472],[-123.11264,49.26396],[-123.11263,49.23285],[-123.11262,49.21437],[-123.11262,49.23554],[-123.11262,49.25056],[-123.11262,49.25061],[-123.11262,49.25527],[-123.11262,49.25583],[-123.11262,49.26744],[-123.11261,49.25278],[-123.11261,49.27057],[-123.1126,49.26309],[-123.1126,49.26567],[-123.1126,49.26577],[-123.1126,49.26911],[-123.11259,49.2153],[-123.11259,49.25107],[-123.11259,49.25114],[-123.11259,49.25571],[-123.11258,49.25381],[-123.11258,49.25626],[-123.11258,49.26439],[-123.11258,49.27462],[-123.11256,49.21612],[-123.11256,49.26901],[-123.11256,49.27444],[-123.11255,49.24952],[-123.11255,49.24956],[-123.11255,49.27106],[-123.11255,49.27108],[-123.11255,49.27109],[-123.11255,49.27111],[-123.11255,49.2838],[-123.11254,49.24507],[-123.11254,49.25432],[-123.11254,49.25671],[-123.11254,49.28123],[-123.11252,49.25472],[-123.11252,49.28253],[-123.1125,49.24518],[-123.1125,49.2489],[-123.1125,49.25527],[-123.1125,49.2675],[-123.1125,49.26768],[-123.1125,49.26896],[-123.1125,49.28508],[-123.11249,49.2456],[-123.11249,49.24565],[-123.11249,49.24886],[-123.11249,49.24891],[-123.11249,49.27506],[-123.11249,49.27875],[-123.11249,49.28507],[-123.11248,49.25571],[-123.11248,49.25626],[-123.11248,49.285],[-123.11247,49.25387],[-123.11247,49.25395],[-123.11247,49.26667],[-123.11246,49.21778],[-123.11246,49.2291],[-123.11246,49.24601],[-123.11246,49.25582],[-123.11246,49.26657],[-123.11245,49.24608],[-123.11245,49.26476],[-123.11245,49.26485],[-123.11245,49.26756],[-123.11244,49.22396],[-123.11244,49.25671],[-123.11243,49.22915],[-123.11243,49.247],[-123.11243,49.24883],[-123.11243,49.25478],[-123.11243,49.27996],[-123.11242,49.24694],[-123.11242,49.25485],[-123.11242,49.27501],[-123.11241,49.24741],[-123.11241,49.24745],[-123.11239,49.24557],[-123.11239,49.24786],[-123.11239,49.24792],[-123.11239,49.24841],[-123.11239,49.24845],[-123.11239,49.25577],[-123.11237,49.24594],[-123.11236,49.25628],[-123.11236,49.25632],[-123.11236,49.26847],[-123.11234,49.24688],[-123.11234,49.25678],[-123.11234,49.28493],[-123.11233,49.28185],[-123.11231,49.26913],[-123.1123,49.20812],[-123.1123,49.2478],[-123.1123,49.27884],[-123.11229,49.24557],[-123.11229,49.24878],[-123.11228,49.26707],[-123.11227,49.24595],[-123.11227,49.26885],[-123.11226,49.24876],[-123.11226,49.26267],[-123.11225,49.2333],[-123.11224,49.20688],[-123.11224,49.26908],[-123.11223,49.20688],[-123.11223,49.23348],[-123.11223,49.24688],[-123.11222,49.20681],[-123.11221,49.21693],[-123.1122,49.20681],[-123.11219,49.23387],[-123.11219,49.23391],[-123.11219,49.24779],[-123.11215,49.24875],[-123.11215,49.26807],[-123.11215,49.26891],[-123.11214,49.21165],[-123.11214,49.21699],[-123.11212,49.23354],[-123.11212,49.27533],[-123.11212,49.28409],[-123.11211,49.28399],[-123.1121,49.24904],[-123.1121,49.26345],[-123.11209,49.28536],[-123.11208,49.28526],[-123.11207,49.22914],[-123.11207,49.28272],[-123.11207,49.2828],[-123.11206,49.23464],[-123.11206,49.27877],[-123.11205,49.2484],[-123.11204,49.23054],[-123.11204,49.24844],[-123.11204,49.25533],[-123.11203,49.23061],[-123.11201,49.2115],[-123.11201,49.23572],[-123.11201,49.25528],[-123.11201,49.27897],[-123.11199,49.23353],[-123.11199,49.26616],[-123.11199,49.28518],[-123.11198,49.23632],[-123.11198,49.28266],[-123.11197,49.25438],[-123.11197,49.28288],[-123.11197,49.28519],[-123.11196,49.25433],[-123.11196,49.28391],[-123.11195,49.23464],[-123.11194,49.28416],[-123.11193,49.22863],[-123.11193,49.2287],[-123.11193,49.26308],[-123.11193,49.26526],[-123.11193,49.28028],[-123.11191,49.26795],[-123.11191,49.28015],[-123.1119,49.2358],[-123.1119,49.26934],[-123.1119,49.2786],[-123.11189,49.22689],[-123.11188,49.22682],[-123.11188,49.23632],[-123.11187,49.22642],[-123.11187,49.22963],[-123.11187,49.22969],[-123.11185,49.25342],[-123.11185,49.26873],[-123.11184,49.26477],[-123.11184,49.26484],[-123.11184,49.26843],[-123.11183,49.23564],[-123.11183,49.25338],[-123.11183,49.26928],[-123.11179,49.23572],[-123.11179,49.28387],[-123.11176,49.22772],[-123.11176,49.22779],[-123.11176,49.27899],[-123.11175,49.2805],[-123.11174,49.26827],[-123.11171,49.23704],[-123.11171,49.23713],[-123.11171,49.26324],[-123.11169,49.27552],[-123.1116,49.25283],[-123.1116,49.25293],[-123.1116,49.28061],[-123.11159,49.27849],[-123.11155,49.28189],[-123.11154,49.27836],[-123.11153,49.26769],[-123.11151,49.27844],[-123.11151,49.28438],[-123.11148,49.23388],[-123.11148,49.23826],[-123.11146,49.24483],[-123.11146,49.27934],[-123.11145,49.26955],[-123.11143,49.28517],[-123.11142,49.24903],[-123.11142,49.28428],[-123.1114,49.21188],[-123.11139,49.22913],[-123.11139,49.24493],[-123.11138,49.2125],[-123.11138,49.21256],[-123.11138,49.26844],[-123.11137,49.26394],[-123.11137,49.26949],[-123.11135,49.2339],[-123.11133,49.21197],[-123.11133,49.23581],[-123.11132,49.27926],[-123.1113,49.21692],[-123.11129,49.26384],[-123.11129,49.27819],[-123.11128,49.21683],[-123.11127,49.23581],[-123.11126,49.21199],[-123.11126,49.25943],[-123.11125,49.25936],[-123.11124,49.2524],[-123.11123,49.21172],[-123.11123,49.25244],[-123.11123,49.25432],[-123.11123,49.25436],[-123.11122,49.25983],[-123.11122,49.25988],[-123.11121,49.26039],[-123.1112,49.20811],[-123.1112,49.21683],[-123.1112,49.25764],[-123.1112,49.26029],[-123.11119,49.21195],[-123.11118,49.25858],[-123.11118,49.26079],[-123.11118,49.26083],[-123.11118,49.26131],[-123.11118,49.26174],[-123.11117,49.25202],[-123.11117,49.26124],[-123.11116,49.25195],[-123.11116,49.25929],[-123.11116,49.26834],[-123.11115,49.26172],[-123.11112,49.21705],[-123.11112,49.25625],[-123.11112,49.2563],[-123.11112,49.2602],[-123.11112,49.28335],[-123.11112,49.28344],[-123.11111,49.20685],[-123.11111,49.20693],[-123.11111,49.28209],[-123.11111,49.28217],[-123.1111,49.21336],[-123.1111,49.2446],[-123.1111,49.25766],[-123.1111,49.26436],[-123.11109,49.26118],[-123.11109,49.28467],[-123.11108,49.28471],[-123.11107,49.21343],[-123.11107,49.28006],[-123.11107,49.28485],[-123.11106,49.25858],[-123.11106,49.27787],[-123.11105,49.2296],[-123.11105,49.23382],[-123.11105,49.23387],[-123.11104,49.22967],[-123.11104,49.23006],[-123.11104,49.25929],[-123.11104,49.26475],[-123.11104,49.26835],[-123.11104,49.282],[-123.11103,49.23011],[-123.11103,49.26208],[-123.11103,49.26482],[-123.11103,49.28328],[-123.11102,49.2305],[-123.11102,49.25928],[-123.11102,49.25929],[-123.11102,49.26301],[-123.11102,49.26378],[-123.11102,49.27964],[-123.11101,49.23058],[-123.11101,49.2602],[-123.11101,49.26655],[-123.111,49.22908],[-123.111,49.22912],[-123.111,49.24478],[-123.111,49.26665],[-123.111,49.28225],[-123.11099,49.26976],[-123.11098,49.21697],[-123.11098,49.22861],[-123.11098,49.26469],[-123.11098,49.28354],[-123.11097,49.22868],[-123.11097,49.28458],[-123.11096,49.26118],[-123.11095,49.22778],[-123.11095,49.22817],[-123.11094,49.22727],[-123.11094,49.22731],[-123.11094,49.22771],[-123.11094,49.22821],[-123.11094,49.23237],[-123.11094,49.24541],[-123.11094,49.26553],[-123.11093,49.2323],[-123.11093,49.23277],[-123.11093,49.23281],[-123.11093,49.26208],[-123.11093,49.26799],[-123.11092,49.22687],[-123.11092,49.22974],[-123.11091,49.2268],[-123.11091,49.23063],[-123.1109,49.22597],[-123.1109,49.24544],[-123.1109,49.26647],[-123.11089,49.22635],[-123.11089,49.22641],[-123.11089,49.23326],[-123.11089,49.263],[-123.11088,49.22585],[-123.11088,49.23342],[-123.11088,49.26083],[-123.11088,49.2613],[-123.11087,49.22874],[-123.11087,49.23153],[-123.11087,49.24902],[-123.11087,49.26078],[-123.11087,49.26123],[-123.11087,49.27796],[-123.11086,49.26377],[-123.11086,49.26739],[-123.11086,49.27954],[-123.11085,49.22783],[-123.11085,49.26974],[-123.11084,49.23242],[-123.11084,49.26215],[-123.11084,49.26222],[-123.11083,49.22694],[-123.11083,49.26869],[-123.11082,49.26468],[-123.11082,49.26828],[-123.11081,49.22603],[-123.11081,49.22973],[-123.11081,49.23063],[-123.1108,49.26323],[-123.11079,49.23348],[-123.11079,49.2383],[-123.11079,49.24635],[-123.11079,49.27991],[-123.11078,49.26559],[-123.11077,49.22873],[-123.11077,49.2339],[-123.11077,49.26383],[-123.11076,49.23153],[-123.11076,49.26306],[-123.11076,49.26392],[-123.11075,49.24639],[-123.11075,49.26475],[-123.11075,49.26964],[-123.11074,49.22783],[-123.11074,49.26648],[-123.11073,49.23243],[-123.11073,49.23487],[-123.11073,49.26482],[-123.11072,49.22694],[-123.1107,49.26739],[-123.1107,49.26967],[-123.11069,49.22603],[-123.11069,49.23579],[-123.11069,49.24681],[-123.11069,49.26523],[-123.11069,49.26574],[-123.11068,49.23347],[-123.11068,49.28469],[-123.11066,49.24688],[-123.11066,49.26828],[-123.11065,49.23395],[-123.11065,49.26654],[-123.11065,49.26992],[-123.11064,49.26563],[-123.11064,49.26858],[-123.11063,49.26614],[-123.11063,49.26664],[-123.11062,49.23487],[-123.11062,49.27999],[-123.11061,49.25155],[-123.11061,49.26861],[-123.11061,49.28388],[-123.1106,49.26744],[-123.1106,49.26755],[-123.1106,49.28252],[-123.11059,49.24421],[-123.11058,49.23579],[-123.11058,49.26432],[-123.11058,49.26704],[-123.11058,49.26795],[-123.11058,49.26834],[-123.11058,49.26988],[-123.11057,49.26664],[-123.11056,49.26845],[-123.11055,49.25151],[-123.11055,49.26936],[-123.11055,49.26939],[-123.11054,49.26969],[-123.11054,49.2697],[-123.11053,49.23474],[-123.11053,49.2348],[-123.11052,49.2778],[-123.11049,49.20691],[-123.11049,49.23565],[-123.11048,49.23572],[-123.11047,49.20691],[-123.11047,49.21682],[-123.11046,49.24883],[-123.11046,49.26078],[-123.11045,49.20684],[-123.11045,49.21691],[-123.11045,49.23714],[-123.11045,49.24427],[-123.11044,49.24884],[-123.11044,49.27798],[-123.11043,49.20684],[-123.11043,49.26265],[-123.11042,49.23833],[-123.11041,49.23724],[-123.1104,49.26081],[-123.1104,49.27006],[-123.11039,49.20862],[-123.11039,49.20872],[-123.11039,49.23611],[-123.11039,49.23615],[-123.11038,49.20862],[-123.11037,49.20872],[-123.11035,49.20698],[-123.11035,49.20699],[-123.11035,49.26896],[-123.11035,49.28052],[-123.11034,49.27001],[-123.11032,49.21001],[-123.11032,49.2634],[-123.1103,49.21001],[-123.1103,49.21011],[-123.11029,49.20777],[-123.11029,49.20778],[-123.11029,49.21011],[-123.11027,49.24769],[-123.11026,49.20843],[-123.11026,49.20845],[-123.11026,49.21201],[-123.11026,49.24554],[-123.11025,49.24544],[-123.11025,49.24788],[-123.11024,49.20888],[-123.11024,49.20889],[-123.11023,49.24776],[-123.11023,49.24837],[-123.11022,49.24781],[-123.11022,49.24841],[-123.11022,49.24882],[-123.11021,49.20962],[-123.11021,49.20963],[-123.1102,49.21216],[-123.1102,49.24947],[-123.1102,49.24951],[-123.11019,49.2676],[-123.11018,49.27942],[-123.11018,49.27951],[-123.11018,49.28144],[-123.11018,49.28153],[-123.11017,49.20698],[-123.11017,49.20699],[-123.11017,49.24901],[-123.11017,49.28454],[-123.11016,49.21067],[-123.11016,49.21068],[-123.11016,49.28172],[-123.11016,49.28281],[-123.11016,49.28461],[-123.11015,49.27764],[-123.11015,49.28273],[-123.11014,49.24718],[-123.11014,49.27792],[-123.11013,49.20786],[-123.11013,49.20787],[-123.11013,49.21132],[-123.11013,49.21133],[-123.11013,49.21227],[-123.11013,49.24555],[-123.11013,49.24998],[-123.11013,49.25005],[-123.11013,49.25052],[-123.11013,49.25056],[-123.11013,49.28401],[-123.11013,49.28409],[-123.11011,49.21248],[-123.11011,49.21296],[-123.11011,49.24874],[-123.11011,49.25103],[-123.11011,49.2511],[-123.11011,49.26886],[-123.11011,49.27964],[-123.1101,49.20839],[-123.1101,49.2084],[-123.1101,49.21228],[-123.1101,49.21255],[-123.1101,49.21293],[-123.1101,49.24722],[-123.1101,49.27022],[-123.1101,49.27937],[-123.11009,49.23395],[-123.11009,49.27023],[-123.11008,49.20884],[-123.11008,49.20885],[-123.11008,49.21379],[-123.11008,49.23836],[-123.11007,49.21335],[-123.11007,49.21341],[-123.11007,49.21384],[-123.11007,49.26474],[-123.11006,49.21682],[-123.11006,49.23485],[-123.11006,49.24992],[-123.11005,49.20684],[-123.11005,49.20737],[-123.11005,49.20961],[-123.11005,49.20963],[-123.11005,49.21428],[-123.11004,49.20684],[-123.11004,49.20691],[-123.11004,49.21421],[-123.11004,49.21691],[-123.11004,49.23323],[-123.11004,49.28267],[-123.11004,49.28395],[-123.11003,49.21236],[-123.11003,49.22859],[-123.11003,49.23339],[-123.11003,49.23395],[-123.11003,49.27017],[-123.11003,49.28139],[-123.11002,49.20691],[-123.11002,49.21261],[-123.11002,49.27017],[-123.11002,49.28082],[-123.11001,49.25096],[-123.11,49.20743],[-123.11,49.21066],[-123.11,49.21067],[-123.11,49.24874],[-123.11,49.25116],[-123.10999,49.21349],[-123.10999,49.23485],[-123.10997,49.21132],[-123.10997,49.21133],[-123.10997,49.25186],[-123.10997,49.25206],[-123.10996,49.21387],[-123.10995,49.21434],[-123.10995,49.24992],[-123.10995,49.28414],[-123.10994,49.24363],[-123.10992,49.20944],[-123.10992,49.21523],[-123.10992,49.23427],[-123.10992,49.23432],[-123.10992,49.24761],[-123.10992,49.24836],[-123.10992,49.24841],[-123.10992,49.25524],[-123.10992,49.25528],[-123.10991,49.20955],[-123.1099,49.20944],[-123.1099,49.20955],[-123.1099,49.2124],[-123.1099,49.25096],[-123.1099,49.25116],[-123.1099,49.26764],[-123.10989,49.21609],[-123.10989,49.24884],[-123.10989,49.25376],[-123.10989,49.25624],[-123.10989,49.25627],[-123.10989,49.25681],[-123.10988,49.21349],[-123.10988,49.24767],[-123.10987,49.24946],[-123.10987,49.25185],[-123.10986,49.21388],[-123.10986,49.24899],[-123.10986,49.27965],[-123.10985,49.25465],[-123.10985,49.25671],[-123.10985,49.27755],[-123.10984,49.21234],[-123.10984,49.21435],[-123.10984,49.23735],[-123.10984,49.24885],[-123.10984,49.24899],[-123.10984,49.24997],[-123.10984,49.25004],[-123.10984,49.27765],[-123.10983,49.25206],[-123.10983,49.25725],[-123.10982,49.23809],[-123.10982,49.24885],[-123.10982,49.25051],[-123.10982,49.25055],[-123.10982,49.25729],[-123.10982,49.25768],[-123.10982,49.25776],[-123.10981,49.21523],[-123.10981,49.25566],[-123.1098,49.24838],[-123.1098,49.25102],[-123.1098,49.25109],[-123.1098,49.25331],[-123.10979,49.24369],[-123.10979,49.25821],[-123.10979,49.25869],[-123.10978,49.21609],[-123.10978,49.25149],[-123.10978,49.25154],[-123.10978,49.25375],[-123.10978,49.25817],[-123.10978,49.25862],[-123.10977,49.24651],[-123.10977,49.25193],[-123.10976,49.23007],[-123.10976,49.24557],[-123.10976,49.2465],[-123.10976,49.24839],[-123.10976,49.25199],[-123.10976,49.25934],[-123.10976,49.27926],[-123.10975,49.25664],[-123.10974,49.24787],[-123.10974,49.25237],[-123.10974,49.25241],[-123.10974,49.25465],[-123.10974,49.25756],[-123.10974,49.2576],[-123.10974,49.25941],[-123.10974,49.25981],[-123.10974,49.25985],[-123.10973,49.2528],[-123.10973,49.25289],[-123.10973,49.28232],[-123.10972,49.24656],[-123.10972,49.24787],[-123.10972,49.26027],[-123.10972,49.28253],[-123.10971,49.28271],[-123.1097,49.24656],[-123.1097,49.25334],[-123.1097,49.25338],[-123.1097,49.25566],[-123.1097,49.2604],[-123.10969,49.21508],[-123.10969,49.24017],[-123.10969,49.2495],[-123.10969,49.25855],[-123.10968,49.21639],[-123.10968,49.21644],[-123.10967,49.28324],[-123.10966,49.21515],[-123.10966,49.22909],[-123.10966,49.2478],[-123.10966,49.25433],[-123.10966,49.25664],[-123.10966,49.25927],[-123.10966,49.26612],[-123.10966,49.27742],[-123.10965,49.25429],[-123.10965,49.25473],[-123.10965,49.28452],[-123.10964,49.2478],[-123.10964,49.2548],[-123.10964,49.27741],[-123.10963,49.25528],[-123.10963,49.26016],[-123.10963,49.28054],[-123.10962,49.22678],[-123.10962,49.26908],[-123.10961,49.22685],[-123.10961,49.22865],[-123.10961,49.25524],[-123.10961,49.26521],[-123.10961,49.26561],[-123.10961,49.26572],[-123.10961,49.28445],[-123.1096,49.21681],[-123.1096,49.2169],[-123.1096,49.25751],[-123.10959,49.26116],[-123.10959,49.28064],[-123.10958,49.25844],[-123.10957,49.22955],[-123.10957,49.23046],[-123.10957,49.27027],[-123.10957,49.27034],[-123.10957,49.28064],[-123.10956,49.22592],[-123.10956,49.22961],[-123.10956,49.23053],[-123.10956,49.27746],[-123.10955,49.26205],[-123.10955,49.28228],[-123.10953,49.26374],[-123.10953,49.28048],[-123.10952,49.26466],[-123.10952,49.26555],[-123.10951,49.26646],[-123.10951,49.26736],[-123.1095,49.26018],[-123.1095,49.26297],[-123.1095,49.26517],[-123.1095,49.26827],[-123.1095,49.26903],[-123.10948,49.26111],[-123.10947,49.27059],[-123.10946,49.25948],[-123.10945,49.23731],[-123.10945,49.25941],[-123.10945,49.27112],[-123.10943,49.22768],[-123.10943,49.22775],[-123.10943,49.26206],[-123.10943,49.27099],[-123.10942,49.26028],[-123.10942,49.28304],[-123.10941,49.21292],[-123.10941,49.21296],[-123.10941,49.23136],[-123.10941,49.2604],[-123.10941,49.28486],[-123.1094,49.23143],[-123.1094,49.23469],[-123.1094,49.23722],[-123.1094,49.26129],[-123.1094,49.2849],[-123.10939,49.21292],[-123.10939,49.26298],[-123.10938,49.23476],[-123.10938,49.23574],[-123.10938,49.26075],[-123.10938,49.2608],[-123.10938,49.26467],[-123.10938,49.26518],[-123.10938,49.26555],[-123.10937,49.23182],[-123.10937,49.23187],[-123.10937,49.23613],[-123.10937,49.26122],[-123.10937,49.26374],[-123.10937,49.27742],[-123.10937,49.279],[-123.10936,49.26212],[-123.10936,49.26645],[-123.10936,49.26733],[-123.10935,49.26219],[-123.10935,49.26736],[-123.10935,49.26826],[-123.10934,49.23379],[-123.10934,49.23386],[-123.10934,49.24311],[-123.10934,49.26911],[-123.10934,49.26976],[-123.10934,49.26987],[-123.10933,49.23379],[-123.10933,49.2431],[-123.10933,49.26079],[-123.10933,49.27999],[-123.10932,49.26075],[-123.10932,49.27059],[-123.10932,49.28285],[-123.10932,49.28373],[-123.10931,49.24687],[-123.10931,49.28355],[-123.1093,49.23278],[-123.1093,49.26263],[-123.1093,49.26303],[-123.1093,49.26319],[-123.1093,49.26479],[-123.1093,49.27112],[-123.10929,49.23274],[-123.10929,49.26347],[-123.10929,49.26472],[-123.10929,49.26518],[-123.10929,49.26523],[-123.10929,49.2785],[-123.10928,49.2638],[-123.10928,49.2639],[-123.10927,49.23574],[-123.10927,49.26347],[-123.10927,49.26561],[-123.10927,49.26651],[-123.10926,49.26571],[-123.10926,49.26662],[-123.10925,49.27098],[-123.10924,49.24688],[-123.10924,49.26918],[-123.10924,49.28346],[-123.10923,49.23227],[-123.10923,49.23234],[-123.10923,49.23613],[-123.10923,49.26702],[-123.10922,49.26919],[-123.10921,49.26742],[-123.10921,49.27702],[-123.1092,49.26882],[-123.10919,49.21681],[-123.10919,49.2356],[-123.10919,49.23567],[-123.10919,49.27157],[-123.10918,49.27162],[-123.10917,49.26752],[-123.10916,49.23607],[-123.10916,49.27098],[-123.10916,49.2784],[-123.10915,49.21222],[-123.10915,49.23611],[-123.10914,49.28325],[-123.10913,49.28398],[-123.10912,49.24314],[-123.10912,49.24599],[-123.1091,49.2429],[-123.1091,49.26523],[-123.10909,49.26611],[-123.10909,49.26788],[-123.10909,49.26832],[-123.10909,49.28433],[-123.10907,49.26842],[-123.10906,49.25987],[-123.10906,49.25991],[-123.10904,49.28393],[-123.10903,49.28439],[-123.10898,49.27736],[-123.10896,49.26882],[-123.10893,49.24293],[-123.10892,49.26792],[-123.10892,49.26981],[-123.10891,49.21594],[-123.10891,49.21601],[-123.10891,49.28378],[-123.10891,49.28418],[-123.1089,49.28418],[-123.10889,49.21594],[-123.10889,49.21601],[-123.10889,49.21643],[-123.10885,49.27881],[-123.10885,49.28105],[-123.10884,49.2407],[-123.10883,49.23376],[-123.10883,49.27882],[-123.10881,49.28396],[-123.10878,49.28419],[-123.10877,49.26941],[-123.10877,49.28122],[-123.10876,49.2142],[-123.10876,49.21427],[-123.10876,49.24077],[-123.10876,49.26923],[-123.10876,49.27883],[-123.10875,49.27025],[-123.10875,49.27032],[-123.10874,49.28112],[-123.10874,49.28475],[-123.10872,49.28466],[-123.1087,49.28277],[-123.1087,49.28278],[-123.1087,49.28436],[-123.10869,49.24944],[-123.10869,49.28323],[-123.10867,49.24252],[-123.10864,49.25896],[-123.10861,49.27097],[-123.10861,49.27866],[-123.1086,49.21556],[-123.10858,49.28282],[-123.10857,49.24328],[-123.10857,49.24766],[-123.10856,49.22576],[-123.10856,49.22589],[-123.10855,49.22632],[-123.10855,49.22636],[-123.10855,49.28315],[-123.10854,49.22565],[-123.10854,49.26982],[-123.10854,49.27156],[-123.10854,49.28135],[-123.10854,49.28471],[-123.10853,49.2786],[-123.10853,49.28113],[-123.10852,49.21552],[-123.10852,49.22676],[-123.10852,49.22683],[-123.10852,49.24629],[-123.10852,49.2477],[-123.10852,49.2661],[-123.10851,49.22722],[-123.1085,49.22727],[-123.10849,49.22766],[-123.10848,49.22773],[-123.10848,49.22812],[-123.10848,49.22817],[-123.10848,49.24619],[-123.10848,49.26519],[-123.10848,49.28071],[-123.10847,49.22598],[-123.10846,49.22857],[-123.10846,49.22863],[-123.10845,49.20548],[-123.10845,49.2562],[-123.10845,49.27161],[-123.10844,49.22903],[-123.10844,49.22907],[-123.10844,49.25677],[-123.10844,49.28317],[-123.10843,49.22689],[-123.10843,49.25625],[-123.10843,49.259],[-123.10843,49.27978],[-123.10842,49.22951],[-123.10842,49.26881],[-123.10842,49.27691],[-123.10842,49.27731],[-123.10841,49.20682],[-123.10841,49.22958],[-123.10841,49.22998],[-123.10841,49.23133],[-123.10841,49.25895],[-123.10841,49.27692],[-123.1084,49.23002],[-123.1084,49.23089],[-123.1084,49.2314],[-123.10839,49.20682],[-123.10839,49.22779],[-123.10839,49.23049],[-123.10839,49.2674],[-123.10839,49.27989],[-123.10838,49.23042],[-123.10838,49.23093],[-123.10837,49.25667],[-123.10836,49.22594],[-123.10836,49.22869],[-123.10836,49.25757],[-123.10836,49.25766],[-123.10835,49.2134],[-123.10835,49.21555],[-123.10834,49.21251],[-123.10834,49.21333],[-123.10834,49.25849],[-123.10834,49.26877],[-123.10833,49.2318],[-123.10833,49.23184],[-123.10833,49.25856],[-123.10832,49.2123],[-123.10832,49.22688],[-123.10832,49.22964],[-123.10832,49.25939],[-123.10831,49.25946],[-123.10831,49.28417],[-123.10829,49.20689],[-123.10828,49.20689],[-123.10828,49.21513],[-123.10828,49.22779],[-123.10828,49.23055],[-123.10828,49.26317],[-123.10828,49.28426],[-123.10827,49.21507],[-123.10827,49.24216],[-123.10827,49.27025],[-123.10827,49.27031],[-123.10826,49.22869],[-123.10826,49.27025],[-123.10825,49.26301],[-123.10825,49.267],[-123.10825,49.27031],[-123.10824,49.23145],[-123.10823,49.26841],[-123.10822,49.22963],[-123.10821,49.23238],[-123.10821,49.27867],[-123.10818,49.23054],[-123.10817,49.23557],[-123.10817,49.23564],[-123.10816,49.23339],[-123.10816,49.25986],[-123.10816,49.2675],[-123.10815,49.2784],[-123.10814,49.23143],[-123.10814,49.23388],[-123.10814,49.23604],[-123.10814,49.23608],[-123.10814,49.24224],[-123.10814,49.26378],[-123.10814,49.26388],[-123.10813,49.24339],[-123.10813,49.25989],[-123.10812,49.28469],[-123.10811,49.21378],[-123.10811,49.21382],[-123.10811,49.23478],[-123.10811,49.24329],[-123.1081,49.23238],[-123.1081,49.23734],[-123.10808,49.2647],[-123.10807,49.26477],[-123.10807,49.2683],[-123.10806,49.23338],[-123.10806,49.2357],[-123.10805,49.26028],[-123.10805,49.28323],[-123.10804,49.23088],[-123.10804,49.23092],[-123.10804,49.23132],[-123.10804,49.23139],[-123.10804,49.23388],[-123.10804,49.24341],[-123.10804,49.26038],[-123.10804,49.26259],[-123.10804,49.26301],[-123.10802,49.23742],[-123.10801,49.23225],[-123.10801,49.23231],[-123.108,49.23479],[-123.108,49.26073],[-123.108,49.26922],[-123.10799,49.23271],[-123.10799,49.23276],[-123.10798,49.22586],[-123.10798,49.23316],[-123.10797,49.23726],[-123.10797,49.26939],[-123.10797,49.28206],[-123.10797,49.2822],[-123.10796,49.26649],[-123.10796,49.2666],[-123.10795,49.2357],[-123.10794,49.23374],[-123.10793,49.24187],[-123.10792,49.2342],[-123.10792,49.23424],[-123.10791,49.23332],[-123.10791,49.23381],[-123.1079,49.23464],[-123.1079,49.23471],[-123.10787,49.28362],[-123.10786,49.23725],[-123.10786,49.27155],[-123.10786,49.2798],[-123.10785,49.2716],[-123.10784,49.27969],[-123.10782,49.26696],[-123.10782,49.28058],[-123.10781,49.24647],[-123.10781,49.27729],[-123.1078,49.24194],[-123.1078,49.24675],[-123.1078,49.26558],[-123.10779,49.27024],[-123.10779,49.27096],[-123.10778,49.2703],[-123.10778,49.28104],[-123.10777,49.21419],[-123.10777,49.21426],[-123.10777,49.24662],[-123.10777,49.27723],[-123.10776,49.26568],[-123.10776,49.27822],[-123.10775,49.21419],[-123.10775,49.21426],[-123.10775,49.24654],[-123.10775,49.27781],[-123.10773,49.27834],[-123.10773,49.27835],[-123.10772,49.27877],[-123.10771,49.27918],[-123.10771,49.27983],[-123.10771,49.28065],[-123.1077,49.28119],[-123.10769,49.27908],[-123.10768,49.2304],[-123.10768,49.23047],[-123.10767,49.22725],[-123.10767,49.22999],[-123.10766,49.21468],[-123.10765,49.21464],[-123.10764,49.22996],[-123.10762,49.22902],[-123.10761,49.22906],[-123.10761,49.28358],[-123.1076,49.22721],[-123.1076,49.28123],[-123.10759,49.26749],[-123.10759,49.28158],[-123.10758,49.26739],[-123.10758,49.27722],[-123.10757,49.22682],[-123.10756,49.24771],[-123.10755,49.27781],[-123.10755,49.27825],[-123.10753,49.21475],[-123.10753,49.27706],[-123.10753,49.27877],[-123.10753,49.27908],[-123.10753,49.27918],[-123.10753,49.2798],[-123.10753,49.28042],[-123.10751,49.2123],[-123.10751,49.21513],[-123.10751,49.24877],[-123.10751,49.27706],[-123.1075,49.21506],[-123.1075,49.24901],[-123.1075,49.27728],[-123.10749,49.22901],[-123.10746,49.25233],[-123.10746,49.25238],[-123.10746,49.28121],[-123.10745,49.22906],[-123.10745,49.2816],[-123.10744,49.21555],[-123.10743,49.22861],[-123.10743,49.2477],[-123.10741,49.25092],[-123.10741,49.25275],[-123.10741,49.25285],[-123.10741,49.25334],[-123.1074,49.22855],[-123.1074,49.24686],[-123.1074,49.24877],[-123.1074,49.25329],[-123.10739,49.24908],[-123.10739,49.28455],[-123.10738,49.24693],[-123.10738,49.25378],[-123.10738,49.25386],[-123.10738,49.28195],[-123.10737,49.25181],[-123.10737,49.26789],[-123.10736,49.22947],[-123.10736,49.24776],[-123.10736,49.24783],[-123.10736,49.25424],[-123.10736,49.27806],[-123.10736,49.28209],[-123.10735,49.25429],[-123.10735,49.25469],[-123.10735,49.25665],[-123.10734,49.25269],[-123.10734,49.25475],[-123.10734,49.25674],[-123.10733,49.22573],[-123.10733,49.24832],[-123.10733,49.24834],[-123.10733,49.24836],[-123.10733,49.26259],[-123.10732,49.22585],[-123.10732,49.22811],[-123.10732,49.22815],[-123.10732,49.2552],[-123.10732,49.28158],[-123.10731,49.22764],[-123.10731,49.25091],[-123.10731,49.25326],[-123.1073,49.22771],[-123.1073,49.25523],[-123.1073,49.25574],[-123.1073,49.27023],[-123.1073,49.27029],[-123.10729,49.22954],[-123.10729,49.24883],[-123.10729,49.24895],[-123.10729,49.25372],[-123.10729,49.25567],[-123.10728,49.24883],[-123.10728,49.25622],[-123.10727,49.24895],[-123.10727,49.25182],[-123.10727,49.25618],[-123.10726,49.24946],[-123.10725,49.24941],[-123.10725,49.25462],[-123.10724,49.21291],[-123.10724,49.24993],[-123.10724,49.25],[-123.10724,49.25517],[-123.10723,49.2505],[-123.10723,49.25263],[-123.10722,49.25047],[-123.10721,49.25097],[-123.10721,49.25104],[-123.10721,49.25561],[-123.10721,49.25755],[-123.10721,49.25764],[-123.1072,49.22674],[-123.1072,49.22681],[-123.1072,49.25326],[-123.10719,49.23223],[-123.10719,49.2323],[-123.10719,49.25616],[-123.10719,49.25847],[-123.10718,49.25144],[-123.10718,49.25149],[-123.10718,49.25372],[-123.10718,49.25853],[-123.10717,49.26828],[-123.10716,49.21512],[-123.10716,49.25658],[-123.10715,49.21345],[-123.10715,49.25195],[-123.10715,49.25462],[-123.10715,49.2835],[-123.10714,49.25188],[-123.10713,49.28396],[-123.10712,49.21291],[-123.10711,49.25329],[-123.10711,49.25516],[-123.10711,49.26601],[-123.1071,49.25333],[-123.1071,49.25561],[-123.1071,49.27094],[-123.10709,49.20688],[-123.10709,49.21345],[-123.10709,49.21432],[-123.10709,49.25377],[-123.10709,49.25385],[-123.10708,49.25832],[-123.10708,49.28092],[-123.10708,49.28406],[-123.10707,49.20682],[-123.10707,49.20688],[-123.10707,49.23313],[-123.10707,49.23329],[-123.10707,49.25424],[-123.10707,49.25428],[-123.10706,49.25615],[-123.10705,49.20682],[-123.10705,49.25468],[-123.10705,49.25475],[-123.10705,49.25658],[-123.10704,49.21519],[-123.10703,49.21433],[-123.10703,49.25275],[-123.10703,49.25285],[-123.10703,49.25519],[-123.10703,49.25926],[-123.10703,49.27727],[-123.10702,49.25523],[-123.10702,49.25954],[-123.10701,49.22629],[-123.10701,49.22633],[-123.10701,49.25567],[-123.10701,49.25574],[-123.107,49.21418],[-123.107,49.22605],[-123.10699,49.21425],[-123.10698,49.21521],[-123.10698,49.21604],[-123.10698,49.25618],[-123.10698,49.25622],[-123.10698,49.2611],[-123.10698,49.28291],[-123.10698,49.28303],[-123.10696,49.25665],[-123.10696,49.25673],[-123.10696,49.2584],[-123.10695,49.24571],[-123.10695,49.28393],[-123.10694,49.26838],[-123.10693,49.21512],[-123.10693,49.25929],[-123.10693,49.2828],[-123.10692,49.21505],[-123.10692,49.25754],[-123.10692,49.25764],[-123.10692,49.2595],[-123.10691,49.20696],[-123.10691,49.20698],[-123.10691,49.21604],[-123.10691,49.24074],[-123.10691,49.24591],[-123.10691,49.26201],[-123.1069,49.20937],[-123.1069,49.20948],[-123.10689,49.25846],[-123.10689,49.25853],[-123.10689,49.2629],[-123.10689,49.26368],[-123.10688,49.20768],[-123.10688,49.2159],[-123.10688,49.25803],[-123.10688,49.25806],[-123.10688,49.2779],[-123.10687,49.21597],[-123.10686,49.20811],[-123.10686,49.24575],[-123.10686,49.26109],[-123.10685,49.24585],[-123.10684,49.25937],[-123.10684,49.25943],[-123.10684,49.26461],[-123.10684,49.28344],[-123.10682,49.20876],[-123.10682,49.20877],[-123.10681,49.23643],[-123.10681,49.2365],[-123.10681,49.25983],[-123.10681,49.26202],[-123.10681,49.26548],[-123.10681,49.2655],[-123.10681,49.27021],[-123.10681,49.27029],[-123.10681,49.27152],[-123.10681,49.27158],[-123.1068,49.2346],[-123.1068,49.23467],[-123.1068,49.26025],[-123.10679,49.23552],[-123.10679,49.23559],[-123.10679,49.26036],[-123.10679,49.28103],[-123.10678,49.20961],[-123.10678,49.2629],[-123.10677,49.2096],[-123.10677,49.21225],[-123.10677,49.24088],[-123.10677,49.26641],[-123.10677,49.26887],[-123.10677,49.2828],[-123.10676,49.26078],[-123.10676,49.26124],[-123.10675,49.20699],[-123.10675,49.207],[-123.10675,49.21017],[-123.10675,49.21018],[-123.10675,49.26117],[-123.10675,49.27816],[-123.10674,49.21234],[-123.10674,49.26073],[-123.10673,49.21051],[-123.10673,49.26209],[-123.10673,49.26215],[-123.10673,49.26369],[-123.10673,49.26732],[-123.10673,49.28397],[-123.10672,49.21245],[-123.10672,49.24068],[-123.10672,49.26178],[-123.10672,49.27043],[-123.10671,49.20769],[-123.1067,49.21093],[-123.1067,49.21094],[-123.1067,49.28336],[-123.10669,49.21124],[-123.10669,49.21125],[-123.10669,49.21289],[-123.10669,49.26461],[-123.10669,49.26822],[-123.10669,49.27011],[-123.10669,49.27121],[-123.10668,49.21285],[-123.10668,49.26258],[-123.10668,49.2629],[-123.10668,49.26297],[-123.10668,49.26313],[-123.10668,49.27143],[-123.10666,49.20859],[-123.10666,49.20879],[-123.10666,49.2088],[-123.10666,49.22583],[-123.10666,49.26914],[-123.10665,49.26258],[-123.10665,49.26549],[-123.10664,49.20692],[-123.10664,49.26258],[-123.10664,49.28284],[-123.10663,49.26376],[-123.10663,49.26385],[-123.10662,49.20692],[-123.10662,49.25096],[-123.10662,49.26467],[-123.10662,49.26474],[-123.10662,49.2664],[-123.10662,49.27043],[-123.10662,49.27949],[-123.10661,49.20956],[-123.10661,49.20957],[-123.10661,49.21247],[-123.10661,49.22589],[-123.10661,49.22595],[-123.1066,49.22763],[-123.1066,49.26427],[-123.1066,49.2796],[-123.10659,49.27126],[-123.10658,49.2102],[-123.10658,49.21021],[-123.10658,49.27143],[-123.10658,49.27824],[-123.10658,49.28296],[-123.10657,49.22686],[-123.10657,49.26731],[-123.10657,49.27705],[-123.10657,49.27717],[-123.10656,49.21051],[-123.10656,49.26516],[-123.10656,49.26556],[-123.10656,49.26566],[-123.10656,49.27705],[-123.10655,49.22589],[-123.10655,49.2701],[-123.10654,49.21096],[-123.10654,49.21097],[-123.10654,49.22595],[-123.10654,49.22776],[-123.10654,49.24089],[-123.10654,49.28333],[-123.10653,49.20937],[-123.10653,49.21124],[-123.10653,49.21346],[-123.10653,49.26606],[-123.10653,49.26646],[-123.10653,49.26822],[-123.10653,49.28138],[-123.10653,49.2844],[-123.10652,49.21125],[-123.10652,49.22959],[-123.10651,49.20937],[-123.10651,49.22685],[-123.10651,49.24612],[-123.10651,49.26344],[-123.10651,49.26657],[-123.10651,49.28378],[-123.1065,49.22866],[-123.1065,49.26913],[-123.1065,49.2778],[-123.10649,49.20947],[-123.10649,49.26273],[-123.10648,49.21247],[-123.10648,49.2305],[-123.10648,49.26737],[-123.10648,49.26747],[-123.10648,49.26786],[-123.10647,49.20947],[-123.10647,49.21432],[-123.10647,49.22776],[-123.10646,49.22959],[-123.10646,49.25235],[-123.10646,49.2634],[-123.10646,49.2773],[-123.10645,49.25103],[-123.10645,49.25231],[-123.10645,49.27019],[-123.10644,49.22866],[-123.10644,49.26827],[-123.10643,49.22762],[-123.10643,49.24613],[-123.10643,49.26697],[-123.10643,49.26837],[-123.10642,49.21346],[-123.10642,49.2286],[-123.10642,49.2305],[-123.10642,49.26878],[-123.10642,49.27818],[-123.10641,49.21518],[-123.10641,49.22769],[-123.10641,49.22951],[-123.10641,49.26252],[-123.10641,49.26919],[-123.10641,49.27028],[-123.1064,49.24832],[-123.1064,49.27759],[-123.10638,49.26936],[-123.10638,49.28376],[-123.10638,49.2839],[-123.10637,49.23037],[-123.10637,49.23043],[-123.10636,49.21431],[-123.10636,49.21603],[-123.10635,49.22944],[-123.10635,49.26252],[-123.10634,49.21331],[-123.10634,49.23234],[-123.10633,49.24517],[-123.10632,49.21338],[-123.10631,49.21518],[-123.10631,49.27761],[-123.10631,49.28235],[-123.10629,49.28432],[-123.10628,49.21418],[-123.10628,49.21425],[-123.10628,49.2169],[-123.10628,49.23234],[-123.10628,49.27733],[-123.10627,49.21516],[-123.10627,49.21766],[-123.10627,49.21865],[-123.10626,49.23452],[-123.10625,49.22679],[-123.10625,49.23474],[-123.10624,49.21603],[-123.10624,49.21956],[-123.10624,49.22672],[-123.10623,49.24646],[-123.10623,49.24651],[-123.10621,49.21504],[-123.10621,49.21511],[-123.10621,49.22034],[-123.10621,49.27093],[-123.1062,49.21691],[-123.10619,49.23452],[-123.10619,49.23473],[-123.10618,49.22133],[-123.10618,49.27772],[-123.10616,49.21589],[-123.10616,49.21767],[-123.10616,49.27151],[-123.10616,49.27794],[-123.10615,49.21595],[-123.10615,49.2178],[-123.10615,49.22214],[-123.10615,49.25146],[-123.10615,49.27156],[-123.10615,49.27962],[-123.10614,49.25142],[-123.10614,49.27037],[-123.10612,49.21869],[-123.10611,49.2257],[-123.10611,49.26252],[-123.1061,49.21685],[-123.1061,49.22582],[-123.1061,49.27716],[-123.1061,49.27726],[-123.1061,49.28429],[-123.10609,49.21948],[-123.10609,49.25517],[-123.10609,49.25521],[-123.10607,49.21774],[-123.10607,49.22034],[-123.10607,49.2713],[-123.10606,49.22485],[-123.10606,49.26073],[-123.10606,49.27147],[-123.10605,49.27036],[-123.10604,49.2185],[-123.10604,49.21859],[-123.10604,49.22124],[-123.10603,49.21677],[-123.10602,49.21942],[-123.10602,49.27948],[-123.10601,49.21935],[-123.10601,49.22215],[-123.10601,49.22588],[-123.106,49.22021],[-123.106,49.22028],[-123.10599,49.27963],[-123.10598,49.22306],[-123.10598,49.22684],[-123.10598,49.24604],[-123.10598,49.28001],[-123.10597,49.24611],[-123.10597,49.25661],[-123.10596,49.25671],[-123.10595,49.22398],[-123.10595,49.27795],[-123.10594,49.21238],[-123.10594,49.26251],[-123.10593,49.21036],[-123.10593,49.21038],[-123.10593,49.22774],[-123.10593,49.28169],[-123.10592,49.2249],[-123.10591,49.27019],[-123.10591,49.27027],[-123.10591,49.28069],[-123.1059,49.21111],[-123.1059,49.22587],[-123.1059,49.22864],[-123.1059,49.24504],[-123.10588,49.21237],[-123.10588,49.27819],[-123.10588,49.28182],[-123.10586,49.21348],[-123.10586,49.22683],[-123.10586,49.22955],[-123.10585,49.24598],[-123.10585,49.27999],[-123.10584,49.22484],[-123.10584,49.2322],[-123.10584,49.2838],[-123.10583,49.22477],[-123.10583,49.22774],[-123.10583,49.23227],[-123.10583,49.26384],[-123.10582,49.21209],[-123.10582,49.21219],[-123.10582,49.24509],[-123.10582,49.27806],[-123.10581,49.21431],[-123.10581,49.22525],[-123.10581,49.22529],[-123.10581,49.23047],[-123.10581,49.26876],[-123.1058,49.21344],[-123.10579,49.21288],[-123.10579,49.21292],[-123.10579,49.22864],[-123.10579,49.26251],[-123.10578,49.23367],[-123.10578,49.23374],[-123.10577,49.21208],[-123.10577,49.21229],[-123.10577,49.23142],[-123.10577,49.24598],[-123.10577,49.28069],[-123.10575,49.21431],[-123.10575,49.21517],[-123.10575,49.22955],[-123.10575,49.23457],[-123.10575,49.23464],[-123.10575,49.28082],[-123.10574,49.23233],[-123.10573,49.21375],[-123.10573,49.21378],[-123.10573,49.2243],[-123.10573,49.28005],[-123.10573,49.28427],[-123.10572,49.23548],[-123.10572,49.27764],[-123.10571,49.21417],[-123.10571,49.22434],[-123.10571,49.23332],[-123.10571,49.23595],[-123.10571,49.236],[-123.10571,49.23738],[-123.1057,49.21513],[-123.1057,49.21602],[-123.1057,49.23047],[-123.1057,49.23555],[-123.1057,49.2801],[-123.10569,49.21424],[-123.10569,49.21461],[-123.10569,49.21465],[-123.10569,49.21517],[-123.10569,49.27156],[-123.10568,49.2338],[-123.10568,49.23639],[-123.10568,49.2429],[-123.10568,49.27715],[-123.10567,49.23646],[-123.10567,49.23731],[-123.10567,49.26872],[-123.10567,49.27703],[-123.10566,49.23434],[-123.10566,49.23685],[-123.10566,49.2369],[-123.10566,49.27715],[-123.10566,49.27791],[-123.10566,49.27934],[-123.10565,49.21504],[-123.10565,49.2715],[-123.10565,49.27703],[-123.10564,49.21601],[-123.10564,49.23112],[-123.10564,49.24258],[-123.10564,49.27945],[-123.10563,49.23182],[-123.10559,49.21588],[-123.10559,49.21595],[-123.10559,49.22027],[-123.10559,49.23332],[-123.10559,49.27091],[-123.10559,49.2822],[-123.10558,49.2202],[-123.10558,49.23632],[-123.10558,49.24064],[-123.10558,49.28086],[-123.10557,49.2338],[-123.10557,49.24101],[-123.10557,49.26976],[-123.10556,49.21231],[-123.10556,49.21948],[-123.10556,49.23421],[-123.10556,49.24118],[-123.10555,49.20935],[-123.10555,49.20945],[-123.10555,49.21691],[-123.10555,49.23723],[-123.10555,49.2832],[-123.10554,49.22033],[-123.10553,49.21677],[-123.10553,49.22208],[-123.10553,49.23823],[-123.10553,49.24052],[-123.10553,49.26244],[-123.10552,49.2178],[-123.10552,49.22201],[-123.10552,49.23481],[-123.10552,49.2812],[-123.10551,49.22124],[-123.1055,49.21948],[-123.1055,49.22291],[-123.1055,49.22388],[-123.10549,49.21691],[-123.10549,49.23903],[-123.10549,49.24081],[-123.10548,49.21863],[-123.10548,49.21978],[-123.10548,49.22214],[-123.10548,49.22381],[-123.10548,49.28161],[-123.10547,49.2173],[-123.10547,49.22033],[-123.10547,49.23632],[-123.10547,49.24138],[-123.10546,49.21723],[-123.10546,49.21727],[-123.10546,49.24937],[-123.10546,49.28368],[-123.10545,49.2178],[-123.10545,49.21941],[-123.10545,49.22124],[-123.10544,49.21685],[-123.10543,49.23717],[-123.10543,49.24047],[-123.10542,49.21227],[-123.10542,49.21863],[-123.10542,49.22214],[-123.1054,49.21766],[-123.1054,49.21773],[-123.1054,49.22254],[-123.10539,49.21727],[-123.10538,49.21809],[-123.10538,49.21813],[-123.10538,49.21849],[-123.10538,49.21858],[-123.10538,49.23813],[-123.10537,49.2122],[-123.10537,49.24195],[-123.10537,49.27846],[-123.10537,49.28064],[-123.10537,49.28373],[-123.10535,49.21934],[-123.10535,49.22584],[-123.10535,49.27019],[-123.10535,49.28217],[-123.10534,49.23903],[-123.10534,49.27026],[-123.10534,49.27847],[-123.10533,49.21677],[-123.10533,49.24278],[-123.1053,49.24361],[-123.1053,49.24362],[-123.1053,49.27758],[-123.10529,49.24046],[-123.10526,49.22683],[-123.10526,49.28114],[-123.10524,49.24467],[-123.10524,49.28213],[-123.10523,49.27714],[-123.10523,49.27724],[-123.10522,49.22337],[-123.10522,49.24195],[-123.10522,49.28113],[-123.10521,49.25465],[-123.10521,49.25745],[-123.1052,49.25471],[-123.10519,49.24278],[-123.10519,49.25769],[-123.10518,49.22341],[-123.10517,49.24324],[-123.10517,49.25515],[-123.10517,49.25519],[-123.10517,49.26604],[-123.10516,49.24348],[-123.10516,49.24615],[-123.10515,49.24694],[-123.10515,49.25857],[-123.10514,49.23044],[-123.10511,49.28026],[-123.1051,49.24464],[-123.1051,49.24735],[-123.1051,49.28027],[-123.10509,49.25743],[-123.10508,49.23044],[-123.10508,49.2433],[-123.10508,49.2577],[-123.10508,49.26016],[-123.10507,49.2434],[-123.10507,49.2487],[-123.10507,49.2546],[-123.10506,49.24613],[-123.10505,49.21329],[-123.10505,49.21336],[-123.10505,49.23181],[-123.10505,49.25556],[-123.10504,49.21188],[-123.10504,49.222],[-123.10504,49.22207],[-123.10504,49.28025],[-123.10503,49.25858],[-123.10503,49.28026],[-123.10502,49.2445],[-123.10502,49.24457],[-123.10502,49.28055],[-123.10501,49.22019],[-123.10501,49.23181],[-123.10501,49.26109],[-123.105,49.22026],[-123.105,49.24983],[-123.105,49.26199],[-123.105,49.28359],[-123.10499,49.22019],[-123.10499,49.22026],[-123.10499,49.22109],[-123.10499,49.22116],[-123.10499,49.25751],[-123.10498,49.25654],[-123.10498,49.25761],[-123.10498,49.27869],[-123.10498,49.28366],[-123.10497,49.24734],[-123.10497,49.24798],[-123.10496,49.24608],[-123.10496,49.26015],[-123.10496,49.2787],[-123.10495,49.25086],[-123.10495,49.26287],[-123.10495,49.26362],[-123.10494,49.24601],[-123.10494,49.25561],[-123.10494,49.25667],[-123.10494,49.25841],[-123.10493,49.2585],[-123.10492,49.2487],[-123.10492,49.25373],[-123.10492,49.26107],[-123.10491,49.25177],[-123.10491,49.2538],[-123.10491,49.2542],[-123.10491,49.25424],[-123.10491,49.26456],[-123.1049,49.24728],[-123.10489,49.22475],[-123.10489,49.22481],[-123.10489,49.25941],[-123.10488,49.24949],[-123.10488,49.24986],[-123.10488,49.25652],[-123.10488,49.25932],[-123.10488,49.25982],[-123.10488,49.26198],[-123.10487,49.25265],[-123.10487,49.26547],[-123.10487,49.2815],[-123.10486,49.26022],[-123.10486,49.26032],[-123.10485,49.28163],[-123.10484,49.25093],[-123.10484,49.25366],[-123.10484,49.26073],[-123.10484,49.26286],[-123.10484,49.26633],[-123.10483,49.26114],[-123.10483,49.26121],[-123.10483,49.26875],[-123.10483,49.27702],[-123.10483,49.27714],[-123.10483,49.28163],[-123.10481,49.24734],[-123.10481,49.24878],[-123.10481,49.2489],[-123.10481,49.25178],[-123.10481,49.26158],[-123.1048,49.24953],[-123.1048,49.26204],[-123.1048,49.26364],[-123.1048,49.26728],[-123.1048,49.27754],[-123.10479,49.2566],[-123.10479,49.26212],[-123.10478,49.24992],[-123.10478,49.24998],[-123.10478,49.25619],[-123.10478,49.26159],[-123.10478,49.27018],[-123.10478,49.27025],[-123.10477,49.24959],[-123.10477,49.27149],[-123.10476,49.25267],[-123.10476,49.26458],[-123.10476,49.26819],[-123.10475,49.25098],[-123.10475,49.26256],[-123.10474,49.25104],[-123.10474,49.2546],[-123.10474,49.27154],[-123.10473,49.26904],[-123.10472,49.26292],[-123.10472,49.26308],[-123.10472,49.26335],[-123.10472,49.26547],[-123.10472,49.2709],[-123.10471,49.25183],[-123.10471,49.2519],[-123.10471,49.25366],[-123.10471,49.26548],[-123.10471,49.27921],[-123.10469,49.26422],[-123.10469,49.27001],[-123.10469,49.27002],[-123.10468,49.212],[-123.10468,49.25658],[-123.10468,49.25668],[-123.10468,49.26637],[-123.10468,49.2793],[-123.10468,49.28248],[-123.10467,49.21945],[-123.10467,49.22758],[-123.10467,49.24101],[-123.10467,49.24129],[-123.10467,49.25457],[-123.10467,49.26464],[-123.10467,49.2647],[-123.10466,49.22767],[-123.10465,49.22032],[-123.10465,49.2651],[-123.10465,49.26514],[-123.10464,49.24062],[-123.10464,49.26552],[-123.10464,49.26728],[-123.10463,49.21933],[-123.10463,49.26371],[-123.10463,49.26382],[-123.10463,49.26603],[-123.10463,49.28014],[-123.10462,49.22121],[-123.10462,49.22289],[-123.10462,49.26561],[-123.10462,49.26563],[-123.10462,49.27151],[-123.10462,49.27152],[-123.10462,49.28145],[-123.10462,49.28159],[-123.10461,49.22155],[-123.10461,49.24361],[-123.10461,49.28302],[-123.1046,49.21945],[-123.1046,49.24388],[-123.1046,49.26816],[-123.1046,49.28045],[-123.1046,49.28061],[-123.10459,49.22032],[-123.10458,49.22213],[-123.10457,49.26643],[-123.10457,49.26653],[-123.10457,49.26903],[-123.10457,49.28259],[-123.10456,49.21939],[-123.10456,49.22122],[-123.10456,49.22567],[-123.10456,49.24051],[-123.10456,49.24358],[-123.10456,49.24463],[-123.10456,49.26733],[-123.10455,49.26693],[-123.10455,49.26743],[-123.10454,49.22578],[-123.10454,49.24386],[-123.10453,49.22213],[-123.10453,49.22428],[-123.10453,49.22432],[-123.10452,49.24614],[-123.10452,49.26785],[-123.10452,49.26823],[-123.10452,49.27],[-123.10452,49.27001],[-123.10451,49.22115],[-123.10451,49.24463],[-123.10451,49.26834],[-123.10451,49.28202],[-123.1045,49.27991],[-123.10449,49.22716],[-123.10449,49.24719],[-123.10449,49.26874],[-123.10448,49.22296],[-123.10448,49.22584],[-123.10448,49.26913],[-123.10446,49.24614],[-123.10446,49.27014],[-123.10445,49.24796],[-123.10445,49.27939],[-123.10444,49.28068],[-123.10443,49.24719],[-123.10443,49.28125],[-123.10443,49.28358],[-123.10442,49.24873],[-123.10442,49.27018],[-123.10441,49.22683],[-123.10441,49.22718],[-123.10441,49.27712],[-123.10441,49.27723],[-123.1044,49.24796],[-123.1044,49.27024],[-123.1044,49.28165],[-123.10439,49.21415],[-123.10439,49.21509],[-123.10439,49.27784],[-123.10438,49.21422],[-123.10438,49.22683],[-123.10438,49.23037],[-123.10437,49.21502],[-123.10436,49.24873],[-123.10435,49.2129],[-123.10435,49.27752],[-123.10435,49.27991],[-123.10435,49.28206],[-123.10435,49.28384],[-123.10434,49.27937],[-123.10433,49.22212],[-123.10432,49.21896],[-123.10432,49.23043],[-123.10431,49.2792],[-123.1043,49.28059],[-123.1043,49.28307],[-123.10429,49.21377],[-123.10428,49.21373],[-123.10428,49.25176],[-123.10427,49.2299],[-123.10427,49.23044],[-123.10427,49.28128],[-123.10427,49.28197],[-123.10426,49.28161],[-123.10425,49.24095],[-123.10425,49.25176],[-123.10425,49.25267],[-123.10425,49.2834],[-123.10424,49.21683],[-123.10424,49.24099],[-123.10424,49.28339],[-123.10424,49.2834],[-123.10423,49.21459],[-123.10423,49.28339],[-123.10422,49.21675],[-123.10422,49.25267],[-123.10422,49.25462],[-123.10422,49.28307],[-123.10422,49.28338],[-123.10421,49.28331],[-123.10421,49.28332],[-123.10421,49.28337],[-123.1042,49.25365],[-123.1042,49.27926],[-123.1042,49.28333],[-123.1042,49.28334],[-123.1042,49.28335],[-123.1042,49.28336],[-123.1042,49.28384],[-123.10418,49.23128],[-123.10417,49.22379],[-123.10417,49.25365],[-123.10417,49.25456],[-123.10414,49.23734],[-123.10413,49.21586],[-123.10413,49.21593],[-123.10413,49.28151],[-123.10412,49.22385],[-123.10412,49.24129],[-123.10411,49.21159],[-123.10411,49.21248],[-123.1041,49.21463],[-123.1041,49.21725],[-123.1041,49.22205],[-123.10409,49.22198],[-123.10409,49.26868],[-123.10408,49.21866],[-123.10408,49.23124],[-123.10407,49.22272],[-123.10406,49.21945],[-123.10405,49.27066],[-123.10402,49.2203],[-123.10401,49.2212],[-123.10401,49.27765],[-123.104,49.22431],[-123.104,49.24344],[-123.10399,49.21241],[-123.10399,49.24612],[-123.10399,49.27765],[-123.10398,49.2221],[-123.10398,49.22577],[-123.10397,49.21865],[-123.10397,49.22473],[-123.10397,49.2248],[-123.10397,49.24674],[-123.10397,49.26869],[-123.10396,49.22522],[-123.10396,49.22526],[-123.10396,49.22986],[-123.10396,49.24129],[-123.10396,49.25563],[-123.10395,49.21177],[-123.10395,49.21945],[-123.10394,49.223],[-123.10394,49.22566],[-123.10393,49.2203],[-123.10393,49.24049],[-123.10393,49.24061],[-123.10393,49.24461],[-123.10392,49.23036],[-123.10392,49.25563],[-123.10392,49.27069],[-123.10391,49.22391],[-123.10391,49.22667],[-123.10391,49.22674],[-123.10391,49.22989],[-123.10391,49.23029],[-123.10391,49.27069],[-123.1039,49.21845],[-123.1039,49.22121],[-123.1039,49.22485],[-123.1039,49.27697],[-123.1039,49.27749],[-123.10389,49.21855],[-123.10389,49.24344],[-123.10388,49.24611],[-123.10387,49.2181],[-123.10387,49.2221],[-123.10387,49.23304],[-123.10387,49.23321],[-123.10387,49.24094],[-123.10387,49.2638],[-123.10386,49.2189],[-123.10386,49.21894],[-123.10386,49.2337],[-123.10385,49.22581],[-123.10385,49.22806],[-123.10385,49.22896],[-123.10385,49.23363],[-123.10384,49.223],[-123.10384,49.22808],[-123.10384,49.22898],[-123.10384,49.2341],[-123.10384,49.23414],[-123.10383,49.22758],[-123.10383,49.22855],[-123.10383,49.22945],[-123.10383,49.22985],[-123.10383,49.23255],[-123.10383,49.23262],[-123.10383,49.23545],[-123.10383,49.24461],[-123.10383,49.2469],[-123.10382,49.22765],[-123.10382,49.22848],[-123.10382,49.22938],[-123.10382,49.2815],[-123.10381,49.23171],[-123.10381,49.23213],[-123.10381,49.23453],[-123.10381,49.2346],[-123.1038,49.22391],[-123.1038,49.24328],[-123.1038,49.24337],[-123.10379,49.22681],[-123.10379,49.23164],[-123.10379,49.23499],[-123.10379,49.23503],[-123.10378,49.23326],[-123.10378,49.23551],[-123.10377,49.23091],[-123.10377,49.23376],[-123.10377,49.27037],[-123.10376,49.23099],[-123.10376,49.23268],[-123.10376,49.23357],[-123.10376,49.23592],[-123.10376,49.23595],[-123.10375,49.22294],[-123.10375,49.22486],[-123.10375,49.22581],[-123.10375,49.24448],[-123.10375,49.26742],[-123.10375,49.27072],[-123.10375,49.28232],[-123.10374,49.22197],[-123.10374,49.22204],[-123.10374,49.22287],[-123.10374,49.2277],[-123.10374,49.22861],[-123.10374,49.23635],[-123.10374,49.23642],[-123.10374,49.24455],[-123.10374,49.26732],[-123.10373,49.22952],[-123.10373,49.23682],[-123.10373,49.23686],[-123.10373,49.26652],[-123.10373,49.27072],[-123.10372,49.27023],[-123.10371,49.22378],[-123.10371,49.22385],[-123.10371,49.23122],[-123.10371,49.23178],[-123.1037,49.22426],[-123.1037,49.2243],[-123.1037,49.23043],[-123.1037,49.23538],[-123.1037,49.23724],[-123.1037,49.27032],[-123.10368,49.22472],[-123.10368,49.2248],[-123.10368,49.22679],[-123.10367,49.23105],[-123.10367,49.26932],[-123.10365,49.23327],[-123.10365,49.23356],[-123.10365,49.23629],[-123.10365,49.26911],[-123.10365,49.28092],[-123.10364,49.23268],[-123.10364,49.23376],[-123.10364,49.25944],[-123.10364,49.27186],[-123.10363,49.2277],[-123.10363,49.22861],[-123.10363,49.27012],[-123.10362,49.22952],[-123.10362,49.23178],[-123.10362,49.27015],[-123.10362,49.28313],[-123.10361,49.23718],[-123.1036,49.22666],[-123.1036,49.27055],[-123.10359,49.21201],[-123.10359,49.22674],[-123.10358,49.21197],[-123.10358,49.23043],[-123.10358,49.26254],[-123.10356,49.21334],[-123.10355,49.21327],[-123.10355,49.23105],[-123.10355,49.23538],[-123.10354,49.23629],[-123.10353,49.23871],[-123.10353,49.27785],[-123.10352,49.22945],[-123.10352,49.22984],[-123.10352,49.2387],[-123.10352,49.23894],[-123.10351,49.22757],[-123.10351,49.22895],[-123.10351,49.22938],[-123.10351,49.22989],[-123.10351,49.23718],[-123.1035,49.23028],[-123.1035,49.23035],[-123.1035,49.27684],[-123.10348,49.23098],[-123.10347,49.22847],[-123.10347,49.22854],[-123.10347,49.23091],[-123.10347,49.23253],[-123.10347,49.25417],[-123.10347,49.25422],[-123.10346,49.22895],[-123.10346,49.24033],[-123.10346,49.25468],[-123.10345,49.23871],[-123.10344,49.23894],[-123.10344,49.24102],[-123.10344,49.26251],[-123.10344,49.26256],[-123.10344,49.27683],[-123.10343,49.23871],[-123.10343,49.25568],[-123.10342,49.22764],[-123.10342,49.25617],[-123.10342,49.27709],[-123.10341,49.22106],[-123.10341,49.22113],[-123.10341,49.25576],[-123.10341,49.27721],[-123.1034,49.24723],[-123.1034,49.2473],[-123.1034,49.27078],[-123.10339,49.24033],[-123.10339,49.24198],[-123.10339,49.27079],[-123.10339,49.27737],[-123.10339,49.27747],[-123.10338,49.22039],[-123.10338,49.24102],[-123.10337,49.21149],[-123.10337,49.24801],[-123.10337,49.24807],[-123.10337,49.26414],[-123.10335,49.2213],[-123.10335,49.22521],[-123.10335,49.27116],[-123.10335,49.2778],[-123.10334,49.22524],[-123.10334,49.26508],[-123.10333,49.25562],[-123.10332,49.22039],[-123.10332,49.2221],[-123.10332,49.24717],[-123.10332,49.25848],[-123.10331,49.25839],[-123.1033,49.2565],[-123.1033,49.28132],[-123.1033,49.28241],[-123.10329,49.24795],[-123.10329,49.28131],[-123.10329,49.28148],[-123.10328,49.2213],[-123.10328,49.24199],[-123.10328,49.25929],[-123.10328,49.25938],[-123.10327,49.2446],[-123.10326,49.2221],[-123.10325,49.24869],[-123.10325,49.25743],[-123.10324,49.26018],[-123.10324,49.26029],[-123.10323,49.21131],[-123.10323,49.21459],[-123.10323,49.2828],[-123.10322,49.25563],[-123.10321,49.25833],[-123.10321,49.2607],[-123.1032,49.2446],[-123.1032,49.24717],[-123.1032,49.26068],[-123.10319,49.25461],[-123.10319,49.25924],[-123.10319,49.26118],[-123.10318,49.24794],[-123.10318,49.25322],[-123.10317,49.25326],[-123.10317,49.2565],[-123.10317,49.25976],[-123.10317,49.26111],[-123.10316,49.25468],[-123.10315,49.21973],[-123.10315,49.21977],[-123.10315,49.24869],[-123.10315,49.25509],[-123.10315,49.25742],[-123.10315,49.27661],[-123.10314,49.22805],[-123.10314,49.25514],[-123.10313,49.21461],[-123.10312,49.25568],[-123.10312,49.25575],[-123.10312,49.26104],[-123.10312,49.26872],[-123.10311,49.22679],[-123.10311,49.25833],[-123.10309,49.25136],[-123.10309,49.2514],[-123.10309,49.28321],[-123.10308,49.22623],[-123.10308,49.25101],[-123.10307,49.22679],[-123.10307,49.26284],[-123.10306,49.23912],[-123.10306,49.2518],[-123.10306,49.26195],[-123.10306,49.27084],[-123.10305,49.25924],[-123.10304,49.22673],[-123.10304,49.25187],[-123.10304,49.25227],[-123.10304,49.25231],[-123.10304,49.27085],[-123.10303,49.23107],[-123.10303,49.25995],[-123.10303,49.26274],[-123.10302,49.25278],[-123.10302,49.26363],[-123.10301,49.2809],[-123.103,49.2527],[-123.103,49.26101],[-123.103,49.2804],[-123.103,49.2805],[-123.103,49.28278],[-123.10299,49.21928],[-123.10298,49.26455],[-123.10297,49.22756],[-123.10297,49.23042],[-123.10297,49.2537],[-123.10297,49.25377],[-123.10297,49.26104],[-123.10296,49.21124],[-123.10296,49.23107],[-123.10296,49.25175],[-123.10296,49.28189],[-123.10295,49.25095],[-123.10295,49.26195],[-123.10295,49.27021],[-123.10294,49.22286],[-123.10294,49.2502],[-123.10294,49.26544],[-123.10294,49.28367],[-123.10293,49.22014],[-123.10293,49.25264],[-123.10292,49.22022],[-123.10292,49.26634],[-123.10291,49.22014],[-123.10291,49.22023],[-123.10291,49.22102],[-123.10291,49.23042],[-123.10291,49.25092],[-123.10291,49.27639],[-123.1029,49.26282],[-123.1029,49.27638],[-123.10289,49.22114],[-123.10289,49.2693],[-123.10289,49.28229],[-123.10288,49.23947],[-123.10288,49.23948],[-123.10288,49.25364],[-123.10287,49.21149],[-123.10287,49.2691],[-123.10287,49.26922],[-123.10286,49.25174],[-123.10286,49.26201],[-123.10286,49.26208],[-123.10286,49.26363],[-123.10286,49.26724],[-123.10285,49.21253],[-123.10285,49.25021],[-123.10285,49.26971],[-123.10284,49.25454],[-123.10284,49.26815],[-123.10284,49.27015],[-123.10283,49.24039],[-123.10282,49.25092],[-123.10282,49.25264],[-123.10282,49.26246],[-123.10282,49.26455],[-123.10281,49.21141],[-123.10281,49.21339],[-123.10281,49.24095],[-123.10281,49.24097],[-123.10281,49.27711],[-123.1028,49.26903],[-123.1028,49.2771],[-123.10279,49.21253],[-123.10279,49.26368],[-123.10278,49.21425],[-123.10278,49.22375],[-123.10278,49.22383],[-123.10278,49.25363],[-123.10278,49.26543],[-123.10277,49.21547],[-123.10277,49.23591],[-123.10277,49.26378],[-123.10276,49.21056],[-123.10276,49.23962],[-123.10276,49.23963],[-123.10276,49.2421],[-123.10276,49.26897],[-123.10275,49.21338],[-123.10275,49.28281],[-123.10274,49.21056],[-123.10274,49.21237],[-123.10274,49.25567],[-123.10274,49.2625],[-123.10274,49.2646],[-123.10274,49.26467],[-123.10273,49.24039],[-123.10273,49.25454],[-123.10273,49.25567],[-123.10273,49.26418],[-123.10273,49.26633],[-123.10273,49.27024],[-123.10272,49.21513],[-123.10272,49.23681],[-123.10272,49.25574],[-123.10271,49.21426],[-123.10271,49.22195],[-123.10271,49.22202],[-123.10271,49.23685],[-123.10271,49.24095],[-123.10271,49.24096],[-123.10271,49.26509],[-123.10271,49.26724],[-123.1027,49.21325],[-123.1027,49.21332],[-123.1027,49.27033],[-123.1027,49.27037],[-123.10269,49.21598],[-123.10269,49.26549],[-123.10269,49.26559],[-123.10268,49.25369],[-123.10268,49.25574],[-123.10268,49.26599],[-123.10268,49.27003],[-123.10268,49.27645],[-123.10267,49.24597],[-123.10267,49.24604],[-123.10267,49.25377],[-123.10267,49.2542],[-123.10266,49.21412],[-123.10266,49.21419],[-123.10266,49.21512],[-123.10266,49.21803],[-123.10266,49.21808],[-123.10265,49.21686],[-123.10265,49.2421],[-123.10265,49.24439],[-123.10265,49.2546],[-123.10265,49.26639],[-123.10265,49.2665],[-123.10265,49.26814],[-123.10265,49.28319],[-123.10264,49.2364],[-123.10264,49.24047],[-123.10263,49.23632],[-123.10263,49.24058],[-123.10262,49.21597],[-123.10262,49.25416],[-123.10261,49.21774],[-123.10261,49.22893],[-123.10261,49.2674],[-123.10261,49.26781],[-123.1026,49.20726],[-123.1026,49.21936],[-123.1026,49.26829],[-123.10259,49.20726],[-123.10259,49.21686],[-123.10259,49.2326],[-123.10259,49.23722],[-123.10259,49.24679],[-123.10259,49.2669],[-123.10258,49.22563],[-123.10258,49.23252],[-123.10258,49.2326],[-123.10258,49.26731],[-123.10257,49.21584],[-123.10257,49.2159],[-123.10257,49.22893],[-123.10257,49.23252],[-123.10257,49.23731],[-123.10257,49.24198],[-123.10257,49.24204],[-123.10257,49.2682],[-123.10257,49.27124],[-123.10256,49.25277],[-123.10256,49.2683],[-123.10255,49.2168],[-123.10255,49.21774],[-123.10255,49.21859],[-123.10255,49.21941],[-123.10255,49.2444],[-123.10255,49.26899],[-123.10255,49.26904],[-123.10255,49.2713],[-123.10254,49.21672],[-123.10254,49.27681],[-123.10253,49.20692],[-123.10253,49.20939],[-123.10253,49.22574],[-123.10253,49.26904],[-123.10253,49.27682],[-123.10252,49.20929],[-123.10252,49.21858],[-123.10252,49.27682],[-123.10251,49.20736],[-123.10251,49.20737],[-123.10251,49.20929],[-123.10251,49.20939],[-123.10251,49.22111],[-123.10251,49.22574],[-123.10251,49.26512],[-123.10251,49.2833],[-123.1025,49.27003],[-123.1025,49.27927],[-123.10249,49.20782],[-123.10249,49.20783],[-123.10249,49.22027],[-123.10249,49.22331],[-123.10249,49.23904],[-123.10249,49.23911],[-123.10248,49.21941],[-123.10248,49.27033],[-123.10248,49.27999],[-123.10246,49.22118],[-123.10246,49.27012],[-123.10246,49.27114],[-123.10246,49.27917],[-123.10245,49.2215],[-123.10245,49.22154],[-123.10245,49.27711],[-123.10245,49.27719],[-123.10245,49.27732],[-123.10245,49.2774],[-123.10245,49.27751],[-123.10244,49.20857],[-123.10244,49.20858],[-123.10244,49.27699],[-123.10244,49.2813],[-123.10244,49.28376],[-123.10243,49.22028],[-123.10243,49.22207],[-123.10243,49.22424],[-123.10243,49.23162],[-123.10243,49.28147],[-123.10242,49.22428],[-123.10242,49.23541],[-123.10242,49.23549],[-123.10242,49.2687],[-123.10242,49.26909],[-123.10242,49.27658],[-123.10241,49.20922],[-123.10241,49.20923],[-123.10241,49.24679],[-123.1024,49.20945],[-123.1024,49.20946],[-123.1024,49.21105],[-123.1024,49.22117],[-123.1024,49.22298],[-123.1024,49.27993],[-123.10239,49.28373],[-123.10238,49.26929],[-123.10238,49.27766],[-123.10238,49.28054],[-123.10238,49.28229],[-123.10237,49.22389],[-123.10237,49.22615],[-123.10237,49.27758],[-123.10237,49.28239],[-123.10236,49.21019],[-123.10236,49.21021],[-123.10236,49.22207],[-123.10236,49.28093],[-123.10235,49.20735],[-123.10235,49.20736],[-123.10235,49.22103],[-123.10235,49.23862],[-123.10235,49.251],[-123.10234,49.22298],[-123.10234,49.22491],[-123.10234,49.25094],[-123.10234,49.28154],[-123.10233,49.20774],[-123.10233,49.20775],[-123.10233,49.2341],[-123.10232,49.23169],[-123.10232,49.23626],[-123.10232,49.28192],[-123.10232,49.28329],[-123.10231,49.21134],[-123.10231,49.22579],[-123.10231,49.2345],[-123.10231,49.23496],[-123.10231,49.235],[-123.10231,49.25413],[-123.1023,49.20694],[-123.1023,49.23457],[-123.1023,49.23706],[-123.1023,49.27645],[-123.1023,49.28223],[-123.10229,49.20855],[-123.10229,49.20856],[-123.10229,49.23368],[-123.10228,49.20695],[-123.10228,49.21188],[-123.10228,49.23358],[-123.10228,49.23533],[-123.10228,49.28274],[-123.10227,49.20702],[-123.10227,49.22801],[-123.10227,49.23896],[-123.10227,49.26303],[-123.10227,49.28313],[-123.10226,49.21253],[-123.10226,49.2332],[-123.10226,49.23625],[-123.10226,49.23872],[-123.10225,49.20702],[-123.10225,49.22678],[-123.10225,49.22945],[-123.10225,49.23444],[-123.10225,49.23463],[-123.10225,49.23896],[-123.10225,49.27557],[-123.10225,49.28361],[-123.10224,49.23208],[-123.10224,49.23402],[-123.10224,49.25269],[-123.10224,49.27687],[-123.10224,49.27754],[-123.10224,49.27994],[-123.10223,49.20722],[-123.10223,49.20944],[-123.10223,49.20945],[-123.10223,49.22562],[-123.10223,49.23213],[-123.10223,49.2341],[-123.10222,49.21338],[-123.10222,49.22949],[-123.10222,49.23534],[-123.10222,49.25269],[-123.10222,49.25846],[-123.10222,49.27795],[-123.10222,49.27903],[-123.10221,49.20722],[-123.10221,49.20728],[-123.10221,49.23896],[-123.10221,49.25837],[-123.10221,49.2711],[-123.10221,49.28054],[-123.1022,49.22768],[-123.1022,49.22859],[-123.1022,49.28093],[-123.10219,49.20728],[-123.10219,49.22678],[-123.10219,49.23337],[-123.10219,49.23338],[-123.10219,49.23343],[-123.10219,49.23344],[-123.10219,49.23463],[-123.10219,49.27169],[-123.10219,49.28117],[-123.10218,49.21427],[-123.10217,49.23967],[-123.10217,49.27651],[-123.10217,49.27941],[-123.10217,49.28153],[-123.10216,49.23041],[-123.10215,49.21023],[-123.10215,49.21025],[-123.10215,49.21512],[-123.10215,49.22949],[-123.10215,49.23189],[-123.10215,49.27748],[-123.10215,49.28192],[-123.10214,49.21759],[-123.10214,49.21766],[-123.10214,49.22768],[-123.10214,49.28049],[-123.10213,49.22859],[-123.10213,49.28038],[-123.10212,49.21595],[-123.10212,49.24076],[-123.10212,49.24077],[-123.10212,49.27009],[-123.10212,49.27505],[-123.10211,49.23102],[-123.10211,49.23105],[-123.10211,49.23358],[-123.10211,49.277],[-123.10211,49.28274],[-123.10211,49.28283],[-123.1021,49.21841],[-123.1021,49.21852],[-123.1021,49.23041],[-123.1021,49.27022],[-123.1021,49.27204],[-123.1021,49.27707],[-123.1021,49.28313],[-123.10209,49.27022],[-123.10209,49.27672],[-123.10208,49.21692],[-123.10208,49.21926],[-123.10208,49.2202],[-123.10208,49.22935],[-123.10208,49.23193],[-123.10208,49.28088],[-123.10208,49.28189],[-123.10208,49.28358],[-123.10207,49.21935],[-123.10207,49.2813],[-123.10207,49.28146],[-123.10207,49.28228],[-123.10206,49.21123],[-123.10206,49.25557],[-123.10206,49.25701],[-123.10206,49.27563],[-123.10206,49.27755],[-123.10206,49.27907],[-123.10205,49.21772],[-123.10205,49.22013],[-123.10205,49.23102],[-123.10205,49.23105],[-123.10205,49.25705],[-123.10205,49.27691],[-123.10205,49.27703],[-123.10205,49.28239],[-123.10204,49.21188],[-123.10204,49.27166],[-123.10204,49.27795],[-123.10203,49.2211],[-123.10203,49.27543],[-123.10202,49.23298],[-123.10202,49.28329],[-123.10202,49.28374],[-123.10201,49.21104],[-123.10201,49.21858],[-123.10201,49.2229],[-123.10201,49.24211],[-123.10201,49.2574],[-123.10201,49.27998],[-123.10201,49.28319],[-123.10201,49.28385],[-123.102,49.21276],[-123.102,49.25466],[-123.102,49.2828],[-123.10199,49.21941],[-123.10199,49.22193],[-123.10199,49.222],[-123.10199,49.24348],[-123.10199,49.27224],[-123.10199,49.27365],[-123.10199,49.27453],[-123.10199,49.27694],[-123.10199,49.27863],[-123.10199,49.27904],[-123.10198,49.2332],[-123.10198,49.2773],[-123.10198,49.27738],[-123.10198,49.27753],[-123.10198,49.27927],[-123.10197,49.21115],[-123.10197,49.21181],[-123.10197,49.2771],[-123.10197,49.27718],[-123.10197,49.27863],[-123.10196,49.21092],[-123.10196,49.27163],[-123.10195,49.21378],[-123.10195,49.22026],[-123.10195,49.22476],[-123.10195,49.2574],[-123.10195,49.27164],[-123.10194,49.21171],[-123.10194,49.25619],[-123.10194,49.27121],[-123.10193,49.21445],[-123.10193,49.25623],[-123.10193,49.27283],[-123.10192,49.21263],[-123.10192,49.2127],[-123.10192,49.22116],[-123.10192,49.22468],[-123.10192,49.24429],[-123.10192,49.2443],[-123.10192,49.2453],[-123.10192,49.27509],[-123.10192,49.27564],[-123.10192,49.2794],[-123.1019,49.21514],[-123.1019,49.27541],[-123.10189,49.22206],[-123.10189,49.27368],[-123.10189,49.27958],[-123.10188,49.27176],[-123.10187,49.21364],[-123.10187,49.21594],[-123.10186,49.21371],[-123.10186,49.21687],[-123.10186,49.26071],[-123.10185,49.22296],[-123.10185,49.27281],[-123.10185,49.27454],[-123.10184,49.21432],[-123.10184,49.21439],[-123.10184,49.24886],[-123.10184,49.25062],[-123.10184,49.26082],[-123.10183,49.21501],[-123.10183,49.22393],[-123.10183,49.22941],[-123.10183,49.23638],[-123.10182,49.21507],[-123.10182,49.23631],[-123.10182,49.24689],[-123.10182,49.2501],[-123.10182,49.26088],[-123.10181,49.26739],[-123.10181,49.27452],[-123.10181,49.27674],[-123.1018,49.21771],[-123.1018,49.27683],[-123.1018,49.27948],[-123.10179,49.22488],[-123.10179,49.27508],[-123.10179,49.27674],[-123.10179,49.27683],[-123.10179,49.27955],[-123.10178,49.21581],[-123.10178,49.21588],[-123.10178,49.25822],[-123.10178,49.25823],[-123.10178,49.27603],[-123.10178,49.28362],[-123.10177,49.21858],[-123.10177,49.26285],[-123.10177,49.26908],[-123.10177,49.27612],[-123.10177,49.28362],[-123.10176,49.23626],[-123.10176,49.23708],[-123.10176,49.24872],[-123.10175,49.22578],[-123.10174,49.27763],[-123.10173,49.21941],[-123.10173,49.22933],[-123.10173,49.23358],[-123.10173,49.23782],[-123.10173,49.24792],[-123.10173,49.25225],[-123.10173,49.25229],[-123.10173,49.26361],[-123.10172,49.23507],[-123.10171,49.23365],[-123.10171,49.26969],[-123.10171,49.27358],[-123.1017,49.22025],[-123.1017,49.22676],[-123.1017,49.23534],[-123.1017,49.24867],[-123.1017,49.27503],[-123.10169,49.23443],[-123.10169,49.23802],[-123.10169,49.24945],[-123.10169,49.26451],[-123.10169,49.2654],[-123.10169,49.27285],[-123.10169,49.27764],[-123.10168,49.23896],[-123.10168,49.27469],[-123.10167,49.22115],[-123.10167,49.23915],[-123.10167,49.26366],[-123.10167,49.27773],[-123.10166,49.23352],[-123.10165,49.22767],[-123.10165,49.22863],[-123.10165,49.25017],[-123.10165,49.27354],[-123.10164,49.22205],[-123.10164,49.22946],[-123.10164,49.23263],[-123.10164,49.23979],[-123.10163,49.23264],[-123.10163,49.24324],[-123.10163,49.25138],[-123.10163,49.26486],[-123.10162,49.26505],[-123.10162,49.26632],[-123.10161,49.24064],[-123.10161,49.26721],[-123.1016,49.22295],[-123.1016,49.23037],[-123.10159,49.23177],[-123.10159,49.24333],[-123.10159,49.25564],[-123.10159,49.25573],[-123.10158,49.23175],[-123.10158,49.24132],[-123.10158,49.26509],[-123.10158,49.27488],[-123.10157,49.22392],[-123.10157,49.25035],[-123.10157,49.2672],[-123.10157,49.26812],[-123.10156,49.231],[-123.10156,49.25088],[-123.10156,49.27011],[-123.10155,49.21126],[-123.10155,49.25414],[-123.10155,49.25418],[-123.10155,49.25662],[-123.10155,49.2728],[-123.10154,49.21093],[-123.10154,49.21131],[-123.10153,49.22487],[-123.10153,49.24444],[-123.10153,49.24452],[-123.10153,49.2517],[-123.10153,49.26929],[-123.10152,49.21375],[-123.10152,49.24593],[-123.10152,49.25319],[-123.10152,49.25323],[-123.10152,49.27354],[-123.10151,49.23625],[-123.10151,49.23706],[-123.10151,49.24269],[-123.10151,49.26902],[-123.1015,49.21185],[-123.1015,49.22578],[-123.1015,49.23801],[-123.1015,49.26376],[-123.1015,49.27383],[-123.10149,49.21127],[-123.10149,49.25262],[-123.10148,49.23781],[-123.10148,49.24299],[-123.10148,49.24603],[-123.10147,49.23527],[-123.10146,49.21375],[-123.10146,49.2432],[-123.10146,49.26818],[-123.10145,49.21131],[-123.10145,49.21276],[-123.10145,49.25449],[-123.10145,49.25652],[-123.10145,49.28384],[-123.10144,49.22675],[-123.10144,49.23442],[-123.10144,49.24438],[-123.10144,49.25361],[-123.10143,49.21186],[-123.10143,49.21471],[-123.10143,49.23546],[-123.10143,49.27288],[-123.10143,49.27298],[-123.10143,49.27307],[-123.10142,49.21178],[-123.10142,49.22466],[-123.10142,49.23539],[-123.10142,49.24727],[-123.10141,49.21368],[-123.10141,49.23348],[-123.10141,49.25745],[-123.1014,49.21511],[-123.1014,49.21594],[-123.1014,49.2363],[-123.1014,49.23637],[-123.1014,49.24523],[-123.1014,49.24535],[-123.1014,49.25559],[-123.1014,49.25753],[-123.10139,49.2117],[-123.10139,49.21217],[-123.10139,49.21223],[-123.10139,49.21397],[-123.10139,49.21402],[-123.10139,49.22767],[-123.10139,49.22946],[-123.10139,49.23278],[-123.10139,49.2372],[-123.10139,49.23729],[-123.10139,49.23978],[-123.10139,49.28397],[-123.10138,49.21275],[-123.10138,49.22476],[-123.10138,49.2472],[-123.10137,49.2256],[-123.10137,49.23251],[-123.10137,49.25835],[-123.10137,49.28397],[-123.10136,49.25646],[-123.10136,49.25844],[-123.10136,49.25935],[-123.10136,49.26107],[-123.10136,49.26108],[-123.10136,49.27311],[-123.10135,49.23456],[-123.10135,49.24063],[-123.10135,49.26026],[-123.10134,49.2151],[-123.10134,49.21594],[-123.10134,49.22571],[-123.10134,49.23036],[-123.10134,49.23447],[-123.10134,49.2459],[-123.10134,49.24662],[-123.10134,49.25925],[-123.10133,49.21268],[-123.10133,49.23175],[-123.10133,49.23366],[-123.10132,49.21261],[-123.10132,49.21308],[-123.10132,49.21313],[-123.10132,49.21684],[-123.10132,49.23356],[-123.10132,49.24132],[-123.10132,49.25739],[-123.10132,49.26013],[-123.10131,49.21626],[-123.10131,49.21631],[-123.10131,49.22843],[-123.10131,49.22849],[-123.10131,49.22934],[-123.10131,49.23176],[-123.10131,49.24709],[-123.10131,49.24795],[-123.10131,49.25457],[-123.1013,49.2294],[-123.1013,49.23126],[-123.1013,49.23318],[-123.1013,49.24804],[-123.10129,49.21507],[-123.10129,49.23297],[-123.10128,49.2136],[-123.10128,49.215],[-123.10128,49.24218],[-123.10128,49.25829],[-123.10127,49.21685],[-123.10127,49.21771],[-123.10127,49.22752],[-123.10127,49.24885],[-123.10127,49.2592],[-123.10127,49.26116],[-123.10126,49.22759],[-123.10126,49.23024],[-123.10126,49.25484],[-123.10126,49.27685],[-123.10125,49.21542],[-123.10125,49.23031],[-123.10124,49.21099],[-123.10124,49.24313],[-123.10124,49.2479],[-123.10124,49.24871],[-123.10124,49.26008],[-123.10124,49.26197],[-123.10123,49.21857],[-123.10123,49.25185],[-123.10123,49.26206],[-123.10123,49.26284],[-123.10123,49.27709],[-123.10122,49.24821],[-123.10122,49.24948],[-123.10122,49.25098],[-123.10122,49.27717],[-123.10122,49.27728],[-123.10122,49.27736],[-123.10122,49.27757],[-123.10121,49.21771],[-123.10121,49.21938],[-123.10121,49.24954],[-123.10121,49.25021],[-123.10121,49.2503],[-123.1012,49.24224],[-123.1012,49.26101],[-123.10119,49.23113],[-123.10119,49.23122],[-123.10119,49.24438],[-123.10119,49.25092],[-123.10118,49.21857],[-123.10118,49.22024],[-123.10118,49.22115],[-123.10118,49.263],[-123.10117,49.24866],[-123.10117,49.25176],[-123.10115,49.24523],[-123.10115,49.24944],[-123.10115,49.25558],[-123.10115,49.26192],[-123.10114,49.21938],[-123.10113,49.24556],[-123.10113,49.25017],[-123.10112,49.22115],[-123.10112,49.26276],[-123.10111,49.22025],[-123.10111,49.22152],[-123.10111,49.25649],[-123.1011,49.21884],[-123.1011,49.21889],[-123.10109,49.2466],[-123.10109,49.2517],[-123.10109,49.2636],[-123.10108,49.25085],[-123.10107,49.25519],[-123.10107,49.25739],[-123.10106,49.24708],[-123.10106,49.26449],[-123.10105,49.27007],[-123.10104,49.22481],[-123.10103,49.21073],[-123.10103,49.23719],[-123.10103,49.25829],[-123.10102,49.24749],[-123.10102,49.25262],[-123.10102,49.26539],[-123.10101,49.22387],[-123.10101,49.25361],[-123.101,49.23679],[-123.10099,49.22147],[-123.10099,49.23817],[-123.10099,49.27018],[-123.10098,49.21924],[-123.10098,49.21933],[-123.10098,49.22481],[-123.10098,49.22576],[-123.10097,49.23531],[-123.10097,49.2545],[-123.10097,49.27047],[-123.10096,49.21924],[-123.10096,49.21933],[-123.10096,49.23621],[-123.10096,49.24822],[-123.10096,49.25919],[-123.10095,49.26628],[-123.10094,49.23441],[-123.10094,49.23554],[-123.10093,49.22606],[-123.10093,49.22676],[-123.10093,49.23676],[-123.10093,49.28406],[-123.10092,49.20713],[-123.10092,49.23852],[-123.10092,49.24866],[-123.10092,49.26007],[-123.10091,49.20706],[-123.10091,49.22947],[-123.10091,49.23371],[-123.10091,49.23552],[-123.10091,49.2386],[-123.10091,49.25835],[-123.10091,49.25844],[-123.10091,49.2672],[-123.1009,49.20706],[-123.1009,49.20713],[-123.1009,49.22465],[-123.1009,49.22475],[-123.1009,49.22515],[-123.1009,49.2252],[-123.1009,49.2257],[-123.1009,49.23528],[-123.1009,49.23585],[-123.1009,49.23589],[-123.1009,49.23681],[-123.1009,49.24926],[-123.1009,49.26811],[-123.10089,49.22676],[-123.10089,49.23494],[-123.10089,49.235],[-123.10089,49.25925],[-123.10088,49.22613],[-123.10088,49.22617],[-123.10088,49.22662],[-123.10088,49.22668],[-123.10088,49.2277],[-123.10088,49.23439],[-123.10088,49.26101],[-123.10087,49.21968],[-123.10087,49.21972],[-123.10087,49.22559],[-123.10087,49.2286],[-123.10087,49.23037],[-123.10087,49.26894],[-123.10086,49.21431],[-123.10086,49.23292],[-123.10086,49.23852],[-123.10086,49.25104],[-123.10085,49.22712],[-123.10085,49.23371],[-123.10085,49.25935],[-123.10085,49.26189],[-123.10085,49.27162],[-123.10084,49.21437],[-123.10084,49.22947],[-123.10084,49.2386],[-123.10084,49.26961],[-123.10083,49.22198],[-123.10083,49.26027],[-123.10083,49.26106],[-123.10083,49.27162],[-123.10083,49.27167],[-123.10083,49.27671],[-123.10082,49.2277],[-123.10082,49.2381],[-123.10082,49.25468],[-123.10082,49.26012],[-123.10082,49.26275],[-123.10082,49.27001],[-123.10081,49.22856],[-123.10081,49.23817],[-123.10081,49.25192],[-123.10081,49.27166],[-123.1008,49.23037],[-123.1008,49.2381],[-123.1008,49.24039],[-123.10079,49.23127],[-123.10079,49.23292],[-123.10079,49.26116],[-123.10078,49.22798],[-123.10078,49.22802],[-123.10078,49.22893],[-123.10078,49.27637],[-123.10077,49.22888],[-123.10077,49.24282],[-123.10077,49.25205],[-123.10077,49.25556],[-123.10077,49.26391],[-123.10077,49.27636],[-123.10076,49.22979],[-123.10076,49.22983],[-123.10076,49.25379],[-123.10076,49.27084],[-123.10074,49.25255],[-123.10074,49.25754],[-123.10073,49.25251],[-123.10073,49.25745],[-123.10072,49.23127],[-123.10072,49.26197],[-123.10071,49.26445],[-123.10071,49.27708],[-123.1007,49.21538],[-123.1007,49.21838],[-123.1007,49.2219],[-123.1007,49.25649],[-123.1007,49.2654],[-123.1007,49.27716],[-123.1007,49.27727],[-123.1007,49.27735],[-123.10069,49.21849],[-123.10069,49.24417],[-123.10069,49.26629],[-123.10068,49.22151],[-123.10068,49.24278],[-123.10068,49.25345],[-123.10068,49.2768],[-123.10067,49.25212],[-123.10067,49.25386],[-123.10067,49.25558],[-123.10066,49.25391],[-123.10066,49.25484],[-123.10066,49.25522],[-123.10066,49.25527],[-123.10066,49.26719],[-123.10065,49.24386],[-123.10065,49.24697],[-123.10065,49.25474],[-123.10065,49.25739],[-123.10065,49.26974],[-123.10064,49.27114],[-123.10063,49.2167],[-123.10063,49.24337],[-123.10063,49.24753],[-123.10063,49.25796],[-123.10062,49.2565],[-123.10061,49.21677],[-123.10061,49.24468],[-123.10061,49.2581],[-123.10059,49.26393],[-123.10059,49.26811],[-123.10058,49.2574],[-123.10057,49.22009],[-123.10057,49.24581],[-123.10057,49.26427],[-123.10056,49.24762],[-123.10056,49.25887],[-123.10056,49.27781],[-123.10055,49.26881],[-123.10054,49.22016],[-123.10054,49.2581],[-123.10054,49.25941],[-123.10052,49.26957],[-123.1005,49.21799],[-123.1005,49.26006],[-123.1005,49.26994],[-123.10049,49.21804],[-123.10049,49.24866],[-123.10049,49.25866],[-123.10048,49.24746],[-123.10048,49.25882],[-123.10048,49.26033],[-123.10048,49.27036],[-123.10048,49.2776],[-123.10048,49.2786],[-123.10048,49.27866],[-123.10047,49.2589],[-123.10047,49.26827],[-123.10047,49.26898],[-123.10045,49.26913],[-123.10045,49.27148],[-123.10044,49.24866],[-123.10044,49.25941],[-123.10044,49.28052],[-123.10043,49.26102],[-123.10043,49.28085],[-123.10042,49.25835],[-123.10042,49.25845],[-123.10042,49.26006],[-123.10042,49.26205],[-123.10042,49.26332],[-123.10042,49.26886],[-123.1004,49.21538],[-123.1004,49.27017],[-123.10039,49.2143],[-123.10039,49.21437],[-123.10039,49.25886],[-123.10039,49.26033],[-123.10039,49.28152],[-123.10038,49.22378],[-123.10038,49.25977],[-123.10038,49.26191],[-123.10037,49.22378],[-123.10037,49.2271],[-123.10037,49.25936],[-123.10037,49.2628],[-123.10037,49.27107],[-123.10036,49.21095],[-123.10036,49.21131],[-123.10036,49.21924],[-123.10036,49.21932],[-123.10036,49.2237],[-123.10036,49.25106],[-123.10036,49.25926],[-123.10036,49.28035],[-123.10036,49.28045],[-123.10035,49.2237],[-123.10035,49.26102],[-123.10035,49.26211],[-123.10034,49.22419],[-123.10033,49.22424],[-123.10033,49.24925],[-123.10033,49.26012],[-123.10033,49.26272],[-123.10033,49.27609],[-123.10032,49.26191],[-123.10031,49.21182],[-123.10031,49.26027],[-123.10031,49.26999],[-123.10031,49.27053],[-123.10031,49.276],[-123.10031,49.28127],[-123.1003,49.25106],[-123.1003,49.25196],[-123.1003,49.28225],[-123.10029,49.28143],[-123.10029,49.28398],[-123.10028,49.21067],[-123.10028,49.24925],[-123.10028,49.26067],[-123.10028,49.26155],[-123.10028,49.28236],[-123.10028,49.2829],[-123.10028,49.28416],[-123.10027,49.28315],[-123.10026,49.23822],[-123.10026,49.24231],[-123.10026,49.26108],[-123.10026,49.26115],[-123.10026,49.27187],[-123.10026,49.2761],[-123.10026,49.28326],[-123.10025,49.21271],[-123.10025,49.24222],[-123.10025,49.26273],[-123.10024,49.21094],[-123.10023,49.27486],[-123.10022,49.24042],[-123.10022,49.24053],[-123.10022,49.27699],[-123.10021,49.21131],[-123.10021,49.22575],[-123.1002,49.21182],[-123.1002,49.23718],[-123.1002,49.23726],[-123.10019,49.26464],[-123.10019,49.27501],[-123.10018,49.22022],[-123.10018,49.22674],[-123.10018,49.24269],[-123.10017,49.21761],[-123.10017,49.24038],[-123.10017,49.25378],[-123.10017,49.27365],[-123.10016,49.21272],[-123.10016,49.23823],[-123.10016,49.24058],[-123.10015,49.25885],[-123.10015,49.26945],[-123.10014,49.21087],[-123.10014,49.21537],[-123.10014,49.21886],[-123.10014,49.22674],[-123.10014,49.24322],[-123.10014,49.24331],[-123.10014,49.26456],[-123.10014,49.26637],[-123.10014,49.27052],[-123.10013,49.21123],[-123.10013,49.21128],[-123.10013,49.21754],[-123.10013,49.23127],[-123.10013,49.26544],[-123.10013,49.26554],[-123.10012,49.27442],[-123.10012,49.27443],[-123.10011,49.21167],[-123.10011,49.27707],[-123.10011,49.27715],[-123.1001,49.21176],[-123.1001,49.21214],[-123.1001,49.21219],[-123.1001,49.21883],[-123.1001,49.26634],[-123.1001,49.26645],[-123.1001,49.27726],[-123.1001,49.27734],[-123.10009,49.24442],[-123.10009,49.26539],[-123.10009,49.27521],[-123.10009,49.27676],[-123.10008,49.21258],[-123.10008,49.24449],[-123.10006,49.21265],[-123.10006,49.24038],[-123.10006,49.24277],[-123.10006,49.24528],[-123.10006,49.2756],[-123.10005,49.23288],[-123.10005,49.23816],[-123.10005,49.24057],[-123.10005,49.24336],[-123.10005,49.24533],[-123.10005,49.27752],[-123.10004,49.26813],[-123.10004,49.27618],[-123.10003,49.21309],[-123.10003,49.24358],[-123.10003,49.27644],[-123.10002,49.21305],[-123.10002,49.23125],[-123.10002,49.24566],[-123.10002,49.26539],[-123.10002,49.2663],[-123.10001,49.21127],[-123.10001,49.27688],[-123.1,49.24417],[-123.1,49.26651],[-123.09999,49.21359],[-123.09999,49.21392],[-123.09999,49.21396],[-123.09999,49.26202],[-123.09998,49.21352],[-123.09998,49.24455],[-123.09998,49.26713],[-123.09997,49.22059],[-123.09997,49.27182],[-123.09997,49.27779],[-123.09996,49.21537],[-123.09996,49.24273],[-123.09996,49.27088],[-123.09995,49.23111],[-123.09995,49.23288],[-123.09994,49.2456],[-123.09994,49.26801],[-123.09993,49.23119],[-123.09993,49.26295],[-123.09993,49.26355],[-123.09992,49.24357],[-123.09991,49.23674],[-123.09991,49.24336],[-123.0999,49.26431],[-123.0999,49.27871],[-123.09989,49.22054],[-123.09989,49.22105],[-123.09989,49.24417],[-123.09989,49.2685],[-123.09989,49.27902],[-123.09988,49.22098],[-123.09988,49.24455],[-123.09988,49.26848],[-123.09986,49.2796],[-123.09984,49.23294],[-123.09984,49.27997],[-123.09983,49.2456],[-123.09983,49.27081],[-123.09982,49.27379],[-123.09982,49.28054],[-123.09981,49.22021],[-123.09981,49.27419],[-123.0998,49.2809],[-123.09979,49.22111],[-123.09979,49.27455],[-123.09978,49.271],[-123.09977,49.22419],[-123.09977,49.22423],[-123.09977,49.26844],[-123.09977,49.27321],[-123.09977,49.27509],[-123.09977,49.28149],[-123.09975,49.26278],[-123.09974,49.26026],[-123.09974,49.27556],[-123.09974,49.28216],[-123.09973,49.26278],[-123.09972,49.27601],[-123.09971,49.27644],[-123.09971,49.28307],[-123.0997,49.22021],[-123.09969,49.27486],[-123.09968,49.22111],[-123.09968,49.27499],[-123.09968,49.27698],[-123.09967,49.22383],[-123.09966,49.26195],[-123.09966,49.284],[-123.09965,49.2778],[-123.09964,49.22007],[-123.09964,49.22477],[-123.09963,49.2641],[-123.09963,49.26845],[-123.09962,49.22015],[-123.09962,49.25794],[-123.09962,49.2787],[-123.09961,49.22574],[-123.09961,49.23321],[-123.09961,49.27901],[-123.0996,49.22054],[-123.0996,49.22058],[-123.0996,49.25794],[-123.0996,49.27964],[-123.09959,49.22098],[-123.09959,49.22105],[-123.09959,49.2726],[-123.09959,49.27997],[-123.09959,49.28418],[-123.09958,49.22383],[-123.09958,49.27761],[-123.09957,49.27706],[-123.09957,49.27772],[-123.09956,49.22672],[-123.09956,49.23437],[-123.09956,49.26271],[-123.09956,49.27714],[-123.09956,49.27725],[-123.09956,49.28054],[-123.09955,49.22188],[-123.09955,49.25792],[-123.09955,49.26195],[-123.09955,49.26852],[-123.09955,49.27733],[-123.09954,49.22477],[-123.09954,49.27852],[-123.09954,49.28088],[-123.09953,49.22195],[-123.09953,49.27862],[-123.09952,49.27284],[-123.09952,49.28167],[-123.09951,49.22767],[-123.09951,49.22852],[-123.09951,49.22943],[-123.09951,49.26954],[-123.09951,49.27954],[-123.09951,49.28149],[-123.0995,49.22574],[-123.0995,49.23034],[-123.0995,49.23104],[-123.0995,49.2332],[-123.0995,49.23502],[-123.0995,49.23893],[-123.0995,49.24041],[-123.0995,49.27284],[-123.09949,49.22369],[-123.09949,49.22376],[-123.09949,49.2417],[-123.09949,49.28205],[-123.09948,49.23955],[-123.09948,49.23965],[-123.09948,49.27686],[-123.09947,49.22512],[-123.09947,49.22517],[-123.09947,49.23549],[-123.09946,49.21577],[-123.09946,49.21584],[-123.09946,49.23437],[-123.09945,49.22418],[-123.09945,49.22422],[-123.09945,49.22464],[-123.09945,49.24035],[-123.09945,49.26195],[-123.09945,49.27195],[-123.09945,49.28033],[-123.09945,49.28307],[-123.09944,49.22672],[-123.09943,49.22471],[-123.09943,49.2417],[-123.09943,49.28043],[-123.09942,49.23954],[-123.09942,49.2686],[-123.09942,49.28125],[-123.09941,49.22513],[-123.09941,49.22516],[-123.09941,49.22557],[-123.09941,49.22568],[-123.09941,49.22852],[-123.09941,49.23314],[-123.09941,49.26962],[-123.09941,49.27942],[-123.0994,49.22762],[-123.0994,49.22943],[-123.0994,49.23034],[-123.0994,49.23104],[-123.0994,49.2371],[-123.0994,49.24182],[-123.0994,49.28142],[-123.0994,49.28223],[-123.0994,49.28397],[-123.09939,49.235],[-123.09939,49.23856],[-123.09939,49.24035],[-123.09939,49.28233],[-123.09938,49.23549],[-123.09938,49.28444],[-123.09937,49.23124],[-123.09936,49.22659],[-123.09936,49.22665],[-123.09936,49.23444],[-123.09936,49.23451],[-123.09936,49.27174],[-123.09935,49.21176],[-123.09935,49.2382],[-123.09935,49.28313],[-123.09935,49.28324],[-123.09934,49.21066],[-123.09934,49.24572],[-123.09934,49.26201],[-123.09933,49.24434],[-123.09932,49.22846],[-123.09932,49.23124],[-123.09932,49.23289],[-123.09932,49.23882],[-123.09931,49.21166],[-123.09931,49.21668],[-123.09931,49.22839],[-123.09931,49.22936],[-123.09931,49.2311],[-123.09931,49.27198],[-123.09931,49.28403],[-123.0993,49.21674],[-123.0993,49.22748],[-123.0993,49.22796],[-123.0993,49.22799],[-123.0993,49.2293],[-123.0993,49.2371],[-123.09929,49.22756],[-123.09929,49.23492],[-123.09929,49.23496],[-123.09928,49.21627],[-123.09927,49.23542],[-123.09926,49.21623],[-123.09926,49.23289],[-123.09926,49.23535],[-123.09926,49.24434],[-123.09925,49.24751],[-123.09925,49.24759],[-123.09924,49.23582],[-123.09924,49.23586],[-123.09924,49.2382],[-123.09924,49.24579],[-123.09923,49.23028],[-123.09923,49.23626],[-123.09922,49.23633],[-123.09922,49.23883],[-123.09922,49.25466],[-123.09922,49.2767],[-123.09921,49.22886],[-123.09921,49.2289],[-123.09921,49.27485],[-123.0992,49.24869],[-123.09919,49.23716],[-123.09919,49.23724],[-123.09919,49.27505],[-123.09918,49.23857],[-123.09917,49.23019],[-123.09917,49.24744],[-123.09917,49.27557],[-123.09917,49.2758],[-123.09916,49.23807],[-123.09916,49.23814],[-123.09914,49.24578],[-123.09914,49.24815],[-123.09914,49.27627],[-123.09912,49.24864],[-123.09912,49.26263],[-123.0991,49.21088],[-123.0991,49.27724],[-123.09909,49.27011],[-123.09909,49.27705],[-123.09908,49.26553],[-123.09907,49.24745],[-123.09907,49.26194],[-123.09907,49.26363],[-123.09907,49.2637],[-123.09906,49.26453],[-123.09905,49.26461],[-123.09905,49.27778],[-123.09904,49.24812],[-123.09904,49.26553],[-123.09902,49.24862],[-123.09902,49.26149],[-123.09902,49.26811],[-123.09902,49.27021],[-123.09902,49.27868],[-123.09901,49.26357],[-123.09901,49.26542],[-123.099,49.26643],[-123.09899,49.26205],[-123.09899,49.26594],[-123.09899,49.26632],[-123.09899,49.26919],[-123.09899,49.27504],[-123.09898,49.24051],[-123.09898,49.27557],[-123.09898,49.27958],[-123.09897,49.26446],[-123.09897,49.28414],[-123.09895,49.24088],[-123.09895,49.24092],[-123.09895,49.26684],[-123.09894,49.26537],[-123.09894,49.26723],[-123.09894,49.27627],[-123.09893,49.26733],[-123.09893,49.27527],[-123.09893,49.28087],[-123.09892,49.21124],[-123.09892,49.22571],[-123.09892,49.27902],[-123.09891,49.24177],[-123.09891,49.24181],[-123.09891,49.27771],[-123.0989,49.24221],[-123.0989,49.26626],[-123.0989,49.27498],[-123.09889,49.24227],[-123.09889,49.27992],[-123.09888,49.25028],[-123.09888,49.2691],[-123.09888,49.27248],[-123.09886,49.22574],[-123.09886,49.24321],[-123.09886,49.24328],[-123.09886,49.2488],[-123.09886,49.26354],[-123.09886,49.27537],[-123.09886,49.28198],[-123.09886,49.28215],[-123.09885,49.21883],[-123.09885,49.22672],[-123.09885,49.26715],[-123.09885,49.28083],[-123.09884,49.2493],[-123.09884,49.24937],[-123.09884,49.24977],[-123.09883,49.20757],[-123.09883,49.24448],[-123.09883,49.24981],[-123.09883,49.2755],[-123.09882,49.2188],[-123.09882,49.2242],[-123.09882,49.22671],[-123.09882,49.2444],[-123.09882,49.26448],[-123.09882,49.28124],[-123.09881,49.22095],[-123.09881,49.22103],[-123.09881,49.22142],[-123.09881,49.22147],[-123.09881,49.24214],[-123.09881,49.25021],[-123.09881,49.25068],[-123.09881,49.25071],[-123.09881,49.2814],[-123.0988,49.28184],[-123.0988,49.28221],[-123.09878,49.24315],[-123.09878,49.25118],[-123.09878,49.28395],[-123.09877,49.24565],[-123.09877,49.25111],[-123.09877,49.26538],[-123.09876,49.24925],[-123.09876,49.25162],[-123.09876,49.26411],[-123.09876,49.2691],[-123.09875,49.24378],[-123.09875,49.25157],[-123.09875,49.25201],[-123.09874,49.23294],[-123.09874,49.25208],[-123.09874,49.25252],[-123.09873,49.23124],[-123.09873,49.25248],[-123.09873,49.26362],[-123.09873,49.2637],[-123.09873,49.26628],[-123.09873,49.26923],[-123.09872,49.24121],[-123.09872,49.24434],[-123.09872,49.24453],[-123.09872,49.25015],[-123.09872,49.26461],[-123.09871,49.25299],[-123.09871,49.25338],[-123.09871,49.26189],[-123.09871,49.28363],[-123.0987,49.22186],[-123.0987,49.25105],[-123.0987,49.25292],[-123.09869,49.20751],[-123.09869,49.22193],[-123.09869,49.25343],[-123.09869,49.25383],[-123.09869,49.26726],[-123.09869,49.27278],[-123.09868,49.24212],[-123.09868,49.26291],[-123.09867,49.24314],[-123.09867,49.24559],[-123.09867,49.25195],[-123.09867,49.25389],[-123.09866,49.25429],[-123.09866,49.25652],[-123.09866,49.25662],[-123.09866,49.25702],[-123.09866,49.27345],[-123.09866,49.27483],[-123.09865,49.23287],[-123.09865,49.24924],[-123.09865,49.25433],[-123.09864,49.24378],[-123.09864,49.25472],[-123.09864,49.25702],[-123.09864,49.26452],[-123.09863,49.2548],[-123.09863,49.25519],[-123.09863,49.25523],[-123.09862,49.22515],[-123.09862,49.23065],[-123.09862,49.2307],[-123.09862,49.23122],[-123.09862,49.23852],[-123.09862,49.24434],[-123.09862,49.25285],[-123.09862,49.26551],[-123.09862,49.27422],[-123.09862,49.27499],[-123.09861,49.21539],[-123.09861,49.25015],[-123.09861,49.25563],[-123.09861,49.26731],[-123.09861,49.27447],[-123.0986,49.20764],[-123.0986,49.24002],[-123.0986,49.24006],[-123.0986,49.24453],[-123.0986,49.2557],[-123.0986,49.27478],[-123.09859,49.23857],[-123.09859,49.25376],[-123.09859,49.2561],[-123.09859,49.25614],[-123.09859,49.26541],[-123.09859,49.27503],[-123.09858,49.21505],[-123.09858,49.21532],[-123.09858,49.23966],[-123.09858,49.25743],[-123.09857,49.21589],[-123.09857,49.25105],[-123.09856,49.20845],[-123.09856,49.20846],[-123.09856,49.23966],[-123.09856,49.24559],[-123.09856,49.25752],[-123.09855,49.22056],[-123.09855,49.23287],[-123.09855,49.2396],[-123.09855,49.25468],[-123.09854,49.25195],[-123.09854,49.2632],[-123.09853,49.20922],[-123.09853,49.20923],[-123.09853,49.24439],[-123.09853,49.27275],[-123.09852,49.2349],[-123.09852,49.25285],[-123.09852,49.25557],[-123.09852,49.2632],[-123.09851,49.21505],[-123.09851,49.21589],[-123.0985,49.20979],[-123.0985,49.2144],[-123.0985,49.25974],[-123.09849,49.23117],[-123.09849,49.23495],[-123.09849,49.25641],[-123.09848,49.21798],[-123.09848,49.23108],[-123.09848,49.25376],[-123.09848,49.25736],[-123.09848,49.26156],[-123.09847,49.21834],[-123.09847,49.25759],[-123.09846,49.22657],[-123.09846,49.22663],[-123.09845,49.21764],[-123.09845,49.21793],[-123.09845,49.26065],[-123.09844,49.2144],[-123.09844,49.25466],[-123.09844,49.2777],[-123.09843,49.20779],[-123.09843,49.23894],[-123.09843,49.2585],[-123.09843,49.27699],[-123.09842,49.21845],[-123.09842,49.23887],[-123.09842,49.26768],[-123.09841,49.23894],[-123.09841,49.25557],[-123.09841,49.25943],[-123.09841,49.26501],[-123.09841,49.27478],[-123.0984,49.20846],[-123.0984,49.20847],[-123.0984,49.23887],[-123.09839,49.21763],[-123.09839,49.26187],[-123.09839,49.27505],[-123.09838,49.25647],[-123.09838,49.26501],[-123.09838,49.27716],[-123.09837,49.20922],[-123.09837,49.20923],[-123.09837,49.28221],[-123.09836,49.22928],[-123.09835,49.22935],[-123.09835,49.23017],[-123.09835,49.23026],[-123.09835,49.27759],[-123.09834,49.22109],[-123.09833,49.20761],[-123.09833,49.23352],[-123.09833,49.25737],[-123.09833,49.25758],[-123.09833,49.26099],[-123.09832,49.26141],[-123.09831,49.21834],[-123.09831,49.23359],[-123.09831,49.25848],[-123.0983,49.26761],[-123.0983,49.27103],[-123.09829,49.25938],[-123.09828,49.22109],[-123.09827,49.20979],[-123.09826,49.27051],[-123.09826,49.2706],[-123.09825,49.27111],[-123.09824,49.2257],[-123.09824,49.2794],[-123.09824,49.27951],[-123.09823,49.26099],[-123.09822,49.27182],[-123.09822,49.27237],[-123.09821,49.25833],[-123.09821,49.25841],[-123.09821,49.25931],[-123.09821,49.26125],[-123.0982,49.21085],[-123.0982,49.2358],[-123.0982,49.23584],[-123.0982,49.25742],[-123.0982,49.25751],[-123.09818,49.25883],[-123.09817,49.22572],[-123.09817,49.22671],[-123.09816,49.21076],[-123.09816,49.27192],[-123.09815,49.23442],[-123.09815,49.27038],[-123.09815,49.27095],[-123.09815,49.27116],[-123.09814,49.22669],[-123.09814,49.23449],[-123.09813,49.24755],[-123.09813,49.24757],[-123.09813,49.26762],[-123.09812,49.21214],[-123.09811,49.21209],[-123.09811,49.21261],[-123.09811,49.24332],[-123.09811,49.27668],[-123.0981,49.21254],[-123.0981,49.24814],[-123.0981,49.24821],[-123.09809,49.213],[-123.09809,49.21305],[-123.09809,49.25924],[-123.09808,49.26113],[-123.09807,49.2134],[-123.09807,49.21425],[-123.09806,49.21347],[-123.09806,49.21386],[-123.09806,49.2139],[-123.09806,49.24332],[-123.09805,49.21134],[-123.09804,49.21432],[-123.09804,49.28478],[-123.09803,49.21176],[-123.09803,49.21216],[-123.09802,49.21501],[-123.09802,49.21581],[-123.09802,49.23122],[-123.09802,49.26273],[-123.09802,49.2629],[-123.09802,49.27471],[-123.09802,49.27572],[-123.09802,49.2847],[-123.09801,49.20731],[-123.09801,49.21104],[-123.09801,49.21267],[-123.09801,49.21494],[-123.098,49.21307],[-123.098,49.21574],[-123.098,49.23398],[-123.09799,49.20731],[-123.09799,49.27038],[-123.09798,49.21353],[-123.09798,49.21664],[-123.09798,49.21671],[-123.09798,49.26591],[-123.09798,49.27096],[-123.09798,49.27116],[-123.09797,49.21749],[-123.09797,49.21756],[-123.09797,49.23121],[-123.09797,49.26774],[-123.09797,49.27176],[-123.09796,49.21144],[-123.09796,49.21709],[-123.09796,49.26981],[-123.09796,49.27192],[-123.09795,49.21713],[-123.09794,49.21438],[-123.09794,49.26631],[-123.09794,49.2756],[-123.09792,49.21506],[-123.09792,49.26991],[-123.09792,49.28397],[-123.09791,49.21106],[-123.0979,49.21236],[-123.0979,49.21586],[-123.0979,49.21878],[-123.0979,49.21882],[-123.0979,49.2579],[-123.0979,49.27183],[-123.09789,49.28477],[-123.09788,49.21302],[-123.09788,49.24175],[-123.09786,49.21352],[-123.09786,49.21721],[-123.09786,49.25788],[-123.09785,49.21438],[-123.09785,49.21679],[-123.09785,49.26641],[-123.09785,49.27811],[-123.09784,49.21137],[-123.09784,49.21142],[-123.09783,49.27811],[-123.09782,49.20739],[-123.09782,49.21764],[-123.09782,49.24181],[-123.09781,49.21506],[-123.09781,49.26096],[-123.0978,49.20739],[-123.0978,49.21101],[-123.0978,49.2723],[-123.09779,49.21589],[-123.09779,49.21848],[-123.09779,49.24],[-123.09779,49.24005],[-123.09779,49.27679],[-123.09779,49.28304],[-123.09778,49.28395],[-123.09777,49.21937],[-123.09776,49.21677],[-123.09776,49.28427],[-123.09774,49.21739],[-123.09774,49.27684],[-123.09773,49.22024],[-123.09772,49.28411],[-123.09772,49.28439],[-123.09771,49.23623],[-123.09771,49.23629],[-123.0977,49.21848],[-123.0977,49.22106],[-123.0977,49.2659],[-123.09769,49.28401],[-123.09768,49.21663],[-123.09768,49.2167],[-123.09768,49.22197],[-123.09766,49.21721],[-123.09766,49.21934],[-123.09766,49.26188],[-123.09766,49.27446],[-123.09766,49.28214],[-123.09765,49.21728],[-123.09765,49.22278],[-123.09765,49.28304],[-123.09765,49.28361],[-123.09764,49.24117],[-123.09764,49.25938],[-123.09763,49.24318],[-123.09763,49.24326],[-123.09763,49.25992],[-123.09762,49.22016],[-123.09762,49.22386],[-123.09761,49.21833],[-123.0976,49.21842],[-123.0976,49.22481],[-123.0976,49.27252],[-123.09759,49.22106],[-123.09759,49.25337],[-123.09759,49.28321],[-123.09758,49.21884],[-123.09758,49.21926],[-123.09758,49.2257],[-123.09758,49.24438],[-123.09758,49.24979],[-123.09757,49.21879],[-123.09757,49.2192],[-123.09757,49.24445],[-123.09757,49.26196],[-123.09757,49.2831],[-123.09755,49.21963],[-123.09755,49.22003],[-123.09755,49.27589],[-123.09754,49.21968],[-123.09754,49.2201],[-123.09754,49.22197],[-123.09754,49.22673],[-123.09754,49.24309],[-123.09754,49.26834],[-123.09754,49.28113],[-123.09752,49.22282],[-123.09752,49.24605],[-123.09752,49.28213],[-123.09751,49.22378],[-123.09751,49.24563],[-123.09751,49.2457],[-123.09751,49.24609],[-123.0975,49.22759],[-123.0975,49.25989],[-123.09749,49.22093],[-123.09749,49.22471],[-123.09749,49.24432],[-123.09749,49.28073],[-123.09749,49.2827],[-123.09748,49.221],[-123.09747,49.22183],[-123.09747,49.2219],[-123.09747,49.2257],[-123.09746,49.22849],[-123.09746,49.26093],[-123.09746,49.2823],[-123.09744,49.25741],[-123.09743,49.22673],[-123.09743,49.22939],[-123.09743,49.24326],[-123.09743,49.24557],[-123.09743,49.24748],[-123.09743,49.24751],[-123.09743,49.28048],[-123.09742,49.22512],[-123.09742,49.2575],[-123.09742,49.26827],[-123.09742,49.28219],[-123.09741,49.22364],[-123.09741,49.22465],[-123.09741,49.22507],[-123.0974,49.20743],[-123.0974,49.22372],[-123.0974,49.22458],[-123.0974,49.23256],[-123.09739,49.22413],[-123.09739,49.22759],[-123.09739,49.23036],[-123.09739,49.2326],[-123.09739,49.2443],[-123.09738,49.20736],[-123.09738,49.20743],[-123.09738,49.22418],[-123.09738,49.22564],[-123.09738,49.24672],[-123.09738,49.27624],[-123.09737,49.20736],[-123.09737,49.22798],[-123.09737,49.23292],[-123.09737,49.24829],[-123.09737,49.24834],[-123.09736,49.22553],[-123.09736,49.22608],[-123.09736,49.22849],[-123.09736,49.23308],[-123.09736,49.28112],[-123.09735,49.22612],[-123.09735,49.2335],[-123.09735,49.2818],[-123.09734,49.21151],[-123.09734,49.22657],[-123.09734,49.22666],[-123.09734,49.2312],[-123.09734,49.23357],[-123.09734,49.24866],[-123.09732,49.21229],[-123.09732,49.22703],[-123.09732,49.24557],[-123.09732,49.25701],[-123.09732,49.28138],[-123.09731,49.22745],[-123.09731,49.22753],[-123.09731,49.22939],[-123.09731,49.24768],[-123.0973,49.21234],[-123.0973,49.22708],[-123.0973,49.22945],[-123.0973,49.25701],[-123.0973,49.27605],[-123.0973,49.27956],[-123.0973,49.28074],[-123.09728,49.21284],[-123.09728,49.22792],[-123.09728,49.22795],[-123.09728,49.2303],[-123.09728,49.23282],[-123.09728,49.24672],[-123.09728,49.24837],[-123.09728,49.28121],[-123.09727,49.22836],[-123.09727,49.22842],[-123.09727,49.24941],[-123.09727,49.27433],[-123.09727,49.28048],[-123.09726,49.21151],[-123.09726,49.23363],[-123.09725,49.23343],[-123.09725,49.27172],[-123.09725,49.28079],[-123.09725,49.28496],[-123.09724,49.21166],[-123.09724,49.21234],[-123.09724,49.22881],[-123.09724,49.22886],[-123.09724,49.22926],[-123.09724,49.23119],[-123.09724,49.23669],[-123.09724,49.23673],[-123.09724,49.2486],[-123.09724,49.26202],[-123.09723,49.22932],[-123.09723,49.23712],[-123.09723,49.23718],[-123.09723,49.27617],[-123.09722,49.21288],[-123.09722,49.23427],[-123.09722,49.24749],[-123.09721,49.22972],[-123.09721,49.23459],[-123.09721,49.24768],[-123.0972,49.21503],[-123.0972,49.21586],[-123.0972,49.22976],[-123.0972,49.24218],[-123.0972,49.27245],[-123.09719,49.2385],[-123.09719,49.24217],[-123.09719,49.26315],[-123.09719,49.28039],[-123.09718,49.24225],[-123.09718,49.26318],[-123.09718,49.27871],[-123.09717,49.23271],[-123.09716,49.23017],[-123.09716,49.23022],[-123.09716,49.23105],[-123.09716,49.23803],[-123.09716,49.2381],[-123.09716,49.24836],[-123.09716,49.26288],[-123.09715,49.23114],[-123.09715,49.23615],[-123.09714,49.23065],[-123.09714,49.23357],[-123.09714,49.23854],[-123.09714,49.24829],[-123.09714,49.2486],[-123.09713,49.21502],[-123.09713,49.21585],[-123.09713,49.23891],[-123.09713,49.24036],[-123.09712,49.23704],[-123.09712,49.23884],[-123.09711,49.23459],[-123.09711,49.24117],[-123.09711,49.2412],[-123.09711,49.27953],[-123.09711,49.28028],[-123.0971,49.25612],[-123.09709,49.27942],[-123.09708,49.20771],[-123.09708,49.23797],[-123.09708,49.24275],[-123.09708,49.27951],[-123.09707,49.21671],[-123.09707,49.23291],[-123.09707,49.24047],[-123.09707,49.25608],[-123.09707,49.26354],[-123.09706,49.20765],[-123.09706,49.21662],[-123.09706,49.22016],[-123.09706,49.23308],[-123.09706,49.27678],[-123.09705,49.23876],[-123.09705,49.26002],[-123.09705,49.27775],[-123.09704,49.20765],[-123.09704,49.21735],[-123.09704,49.23615],[-123.09704,49.24437],[-123.09704,49.24443],[-123.09703,49.2644],[-123.09703,49.27659],[-123.09702,49.23951],[-123.09702,49.26271],[-123.09702,49.27686],[-123.09702,49.27899],[-123.09702,49.27948],[-123.09701,49.21377],[-123.09701,49.21381],[-123.09701,49.23703],[-123.09701,49.24125],[-123.09701,49.24562],[-123.097,49.21671],[-123.097,49.22016],[-123.097,49.22106],[-123.097,49.24569],[-123.097,49.27871],[-123.09699,49.2403],[-123.09699,49.24281],[-123.09699,49.26533],[-123.09698,49.25936],[-123.09698,49.27939],[-123.09697,49.21734],[-123.09697,49.23796],[-123.09697,49.24268],[-123.09697,49.26763],[-123.09696,49.21668],[-123.09696,49.22106],[-123.09696,49.24471],[-123.09695,49.21783],[-123.09695,49.24429],[-123.09695,49.24539],[-123.09695,49.2769],[-123.09694,49.23874],[-123.09694,49.2415],[-123.09693,49.21493],[-123.09693,49.21499],[-123.09693,49.24878],[-123.09693,49.26621],[-123.09692,49.21572],[-123.09692,49.25992],[-123.09692,49.2604],[-123.09692,49.26353],[-123.09691,49.21493],[-123.09691,49.21499],[-123.09691,49.23953],[-123.09691,49.24211],[-123.09691,49.24927],[-123.09691,49.26444],[-123.0969,49.21572],[-123.0969,49.24626],[-123.0969,49.24865],[-123.0969,49.24934],[-123.0969,49.25516],[-123.0969,49.25521],[-123.09689,49.21578],[-123.09689,49.2426],[-123.09689,49.24282],[-123.09689,49.24974],[-123.09689,49.24978],[-123.09689,49.25249],[-123.09688,49.2403],[-123.09688,49.25018],[-123.09687,49.24342],[-123.09687,49.24729],[-123.09687,49.25245],[-123.09687,49.28459],[-123.09686,49.25024],[-123.09686,49.2593],[-123.09686,49.26287],[-123.09686,49.27773],[-123.09685,49.24422],[-123.09685,49.25922],[-123.09685,49.26315],[-123.09685,49.26317],[-123.09685,49.26366],[-123.09685,49.26534],[-123.09684,49.26358],[-123.09683,49.24471],[-123.09683,49.24859],[-123.09683,49.25981],[-123.09682,49.2415],[-123.09682,49.24922],[-123.09682,49.26449],[-123.09681,49.24531],[-123.09681,49.26458],[-123.0968,49.24211],[-123.0968,49.24941],[-123.0968,49.25198],[-123.0968,49.26618],[-123.09679,49.24121],[-123.09679,49.24627],[-123.09679,49.25205],[-123.09678,49.25289],[-123.09678,49.25296],[-123.09678,49.26498],[-123.09678,49.27756],[-123.09677,49.24262],[-123.09677,49.25031],[-123.09677,49.2534],[-123.09677,49.27686],[-123.09677,49.27767],[-123.09676,49.24428],[-123.09676,49.24729],[-123.09676,49.25335],[-123.09676,49.26538],[-123.09676,49.26548],[-123.09675,49.25091],[-123.09675,49.26194],[-123.09675,49.27212],[-123.09674,49.24435],[-123.09674,49.25379],[-123.09674,49.25386],[-123.09674,49.27715],[-123.09673,49.24859],[-123.09673,49.25426],[-123.09673,49.2543],[-123.09672,49.25192],[-123.09671,49.21112],[-123.09671,49.2547],[-123.09671,49.25477],[-123.09671,49.27223],[-123.0967,49.24922],[-123.0967,49.24941],[-123.0967,49.25516],[-123.0967,49.25521],[-123.09669,49.25606],[-123.09669,49.25611],[-123.09668,49.25283],[-123.09668,49.25567],[-123.09668,49.2662],[-123.09668,49.27665],[-123.09667,49.21092],[-123.09667,49.21104],[-123.09667,49.24734],[-123.09667,49.2556],[-123.09667,49.27423],[-123.09666,49.27236],[-123.09665,49.25372],[-123.09665,49.25649],[-123.09665,49.25658],[-123.09665,49.25976],[-123.09664,49.25091],[-123.09662,49.25463],[-123.09661,49.25192],[-123.09659,49.22611],[-123.09659,49.25554],[-123.09659,49.26423],[-123.09659,49.28359],[-123.09659,49.28409],[-123.09658,49.25282],[-123.09658,49.27679],[-123.09658,49.28399],[-123.09657,49.25599],[-123.09657,49.25615],[-123.09657,49.26969],[-123.09656,49.25667],[-123.09655,49.21331],[-123.09655,49.26784],[-123.09654,49.21338],[-123.09654,49.21534],[-123.09654,49.25372],[-123.09654,49.25755],[-123.09654,49.26783],[-123.09654,49.28466],[-123.09652,49.2138],[-123.09651,49.25464],[-123.09651,49.28455],[-123.0965,49.25496],[-123.09649,49.26793],[-123.09648,49.21531],[-123.09648,49.28308],[-123.09647,49.25554],[-123.09647,49.28319],[-123.09646,49.23613],[-123.09646,49.25245],[-123.09646,49.25248],[-123.09646,49.25603],[-123.09645,49.2122],[-123.09645,49.21227],[-123.09644,49.28514],[-123.09643,49.23705],[-123.09643,49.26792],[-123.09643,49.27792],[-123.09642,49.25668],[-123.09642,49.26664],[-123.09642,49.26728],[-123.09641,49.21165],[-123.09641,49.21169],[-123.09641,49.23613],[-123.09641,49.26683],[-123.09641,49.26791],[-123.09639,49.23705],[-123.09639,49.23795],[-123.09639,49.25755],[-123.09639,49.26701],[-123.09636,49.23873],[-123.09636,49.25606],[-123.09636,49.2561],[-123.09636,49.26653],[-123.09635,49.25649],[-123.09635,49.25942],[-123.09635,49.26673],[-123.09634,49.23795],[-123.09634,49.28078],[-123.09633,49.23667],[-123.09633,49.23671],[-123.09633,49.23951],[-123.09632,49.25741],[-123.09632,49.27799],[-123.09631,49.2157],[-123.09631,49.23873],[-123.09631,49.2585],[-123.09631,49.26101],[-123.0963,49.25749],[-123.09629,49.23951],[-123.09629,49.26111],[-123.09628,49.2134],[-123.09627,49.26152],[-123.09624,49.2279],[-123.09624,49.22794],[-123.09624,49.2552],[-123.09624,49.25937],[-123.09624,49.26193],[-123.09623,49.25516],[-123.09623,49.26095],[-123.09623,49.262],[-123.09623,49.26963],[-123.09621,49.26651],[-123.09621,49.26777],[-123.0962,49.24629],[-123.0962,49.26672],[-123.09619,49.27664],[-123.09618,49.24688],[-123.09618,49.26145],[-123.09617,49.2183],[-123.09617,49.2184],[-123.09617,49.25566],[-123.09616,49.25921],[-123.09616,49.27414],[-123.09614,49.26186],[-123.09613,49.2486],[-123.09613,49.26754],[-123.09612,49.25936],[-123.09612,49.26052],[-123.09611,49.24688],[-123.09611,49.25559],[-123.09611,49.25566],[-123.0961,49.26391],[-123.0961,49.26656],[-123.09609,49.27227],[-123.09609,49.27662],[-123.09608,49.25516],[-123.09608,49.2625],[-123.09607,49.20754],[-123.09607,49.21719],[-123.09607,49.24861],[-123.09607,49.25964],[-123.09607,49.26759],[-123.09606,49.20754],[-123.09606,49.2153],[-123.09606,49.21534],[-123.09606,49.21726],[-123.09606,49.22456],[-123.09605,49.22463],[-123.09605,49.27772],[-123.09603,49.20747],[-123.09603,49.26149],[-123.09603,49.26772],[-123.09602,49.20748],[-123.09601,49.21422],[-123.09601,49.21429],[-123.096,49.26352],[-123.09598,49.23626],[-123.09597,49.23619],[-123.09595,49.25648],[-123.09594,49.25658],[-123.09594,49.26246],[-123.09591,49.22188],[-123.0959,49.22181],[-123.0959,49.26536],[-123.09589,49.26441],[-123.09588,49.26546],[-123.09587,49.20775],[-123.09585,49.20775],[-123.09585,49.20781],[-123.09585,49.21098],[-123.09585,49.23957],[-123.09585,49.23964],[-123.09585,49.26338],[-123.09584,49.20756],[-123.09584,49.27405],[-123.09583,49.20756],[-123.09582,49.22561],[-123.09582,49.26768],[-123.09581,49.2255],[-123.09581,49.25918],[-123.09581,49.26531],[-123.09581,49.27413],[-123.0958,49.24266],[-123.0958,49.24273],[-123.0958,49.26269],[-123.0958,49.27147],[-123.09579,49.2209],[-123.09579,49.22097],[-123.09578,49.22415],[-123.09578,49.22833],[-123.09578,49.2284],[-123.09578,49.22923],[-123.09577,49.22361],[-123.09577,49.2237],[-123.09577,49.2293],[-123.09577,49.26344],[-123.09577,49.26688],[-123.09577,49.26689],[-123.09577,49.26741],[-123.09575,49.22657],[-123.09575,49.22663],[-123.09573,49.26352],[-123.09572,49.22509],[-123.09572,49.23112],[-123.09571,49.23103],[-123.09571,49.24733],[-123.0957,49.27194],[-123.09569,49.2261],[-123.09568,49.21533],[-123.09568,49.26434],[-123.09568,49.26749],[-123.09567,49.2075],[-123.09567,49.22742],[-123.09567,49.2275],[-123.09567,49.26443],[-123.09567,49.26519],[-123.09565,49.20751],[-123.09565,49.2149],[-123.09564,49.21496],[-123.09564,49.22605],[-123.09564,49.24615],[-123.09564,49.24619],[-123.09564,49.27682],[-123.09563,49.23289],[-123.09562,49.23306],[-123.0956,49.21576],[-123.0956,49.2474],[-123.0956,49.26057],[-123.0956,49.27184],[-123.09559,49.21569],[-123.09558,49.24821],[-123.09558,49.24825],[-123.09558,49.26524],[-123.09558,49.26533],[-123.09557,49.24876],[-123.09557,49.25515],[-123.09556,49.24864],[-123.09554,49.23013],[-123.09554,49.23021],[-123.09554,49.26057],[-123.09554,49.27217],[-123.09553,49.25518],[-123.09553,49.26766],[-123.09553,49.27643],[-123.09553,49.2766],[-123.09552,49.24857],[-123.09552,49.27681],[-123.09551,49.22509],[-123.09551,49.24426],[-123.09551,49.24432],[-123.09551,49.24727],[-123.09551,49.24747],[-123.09551,49.26939],[-123.09549,49.21114],[-123.09548,49.21226],[-123.09548,49.22652],[-123.09547,49.28111],[-123.09546,49.21219],[-123.09546,49.21278],[-123.09546,49.21727],[-123.09546,49.22664],[-123.09546,49.24924],[-123.09546,49.24933],[-123.09546,49.2695],[-123.09546,49.27181],[-123.09545,49.24354],[-123.09545,49.27663],[-123.09545,49.28306],[-123.09544,49.2117],[-123.09544,49.21323],[-123.09544,49.21718],[-123.09544,49.24347],[-123.09543,49.21173],[-123.09542,49.21282],[-123.09542,49.23716],[-123.09542,49.2821],[-123.09541,49.2112],[-123.09541,49.22668],[-123.09541,49.23708],[-123.09541,49.24728],[-123.09541,49.27674],[-123.0954,49.24746],[-123.0954,49.27712],[-123.0954,49.27755],[-123.0954,49.27763],[-123.09539,49.21332],[-123.09538,49.28302],[-123.09537,49.27936],[-123.09537,49.27945],[-123.09536,49.21232],[-123.09536,49.25196],[-123.09536,49.25203],[-123.09534,49.2078],[-123.09534,49.22669],[-123.09534,49.24857],[-123.09534,49.26687],[-123.09534,49.28391],[-123.09534,49.28536],[-123.09533,49.2078],[-123.09532,49.28111],[-123.09531,49.27598],[-123.09531,49.28476],[-123.0953,49.20761],[-123.0953,49.2112],[-123.0953,49.25565],[-123.09529,49.27187],[-123.09529,49.28525],[-123.09528,49.25287],[-123.09528,49.25293],[-123.09528,49.28209],[-123.09527,49.20754],[-123.09527,49.25565],[-123.09526,49.21218],[-123.09526,49.25558],[-123.09526,49.28026],[-123.09526,49.28035],[-123.09525,49.26766],[-123.09524,49.25514],[-123.09524,49.28293],[-123.09522,49.25467],[-123.09522,49.28117],[-123.09521,49.24472],[-123.09521,49.26244],[-123.09521,49.28134],[-123.0952,49.24479],[-123.0952,49.25424],[-123.0952,49.25428],[-123.0952,49.25475],[-123.0952,49.25517],[-123.0952,49.28391],[-123.09519,49.28075],[-123.09519,49.28173],[-123.09518,49.25609],[-123.09518,49.28176],[-123.09517,49.24033],[-123.09516,49.23798],[-123.09516,49.23806],[-123.09516,49.24044],[-123.09516,49.2848],[-123.09515,49.25565],[-123.09515,49.26203],[-123.09515,49.27398],[-123.09515,49.28305],[-123.09515,49.28316],[-123.09515,49.28529],[-123.09514,49.28532],[-123.09513,49.23844],[-123.09513,49.25565],[-123.09513,49.25972],[-123.09513,49.2766],[-123.09512,49.2376],[-123.09512,49.23877],[-123.09512,49.23884],[-123.09512,49.25983],[-123.09511,49.26072],[-123.09511,49.26623],[-123.09511,49.28225],[-123.0951,49.26063],[-123.0951,49.26154],[-123.0951,49.26161],[-123.09509,49.2384],[-123.09508,49.2611],[-123.09508,49.26114],[-123.09508,49.26751],[-123.09508,49.28484],[-123.09508,49.28494],[-123.09507,49.2142],[-123.09507,49.21427],[-123.09507,49.26261],[-123.09506,49.23918],[-123.09506,49.25333],[-123.09505,49.21096],[-123.09505,49.23793],[-123.09505,49.23922],[-123.09504,49.21378],[-123.09504,49.25966],[-123.09504,49.26675],[-123.09503,49.23871],[-123.09503,49.23954],[-123.09501,49.23924],[-123.09501,49.26054],[-123.09501,49.26148],[-123.09501,49.26614],[-123.095,49.26237],[-123.09499,49.23755],[-123.09499,49.26338],[-123.09499,49.27208],[-123.09499,49.27421],[-123.09498,49.23793],[-123.09497,49.26768],[-123.09497,49.2713],[-123.09497,49.28214],[-123.09496,49.21373],[-123.09496,49.22272],[-123.09496,49.23962],[-123.09496,49.26518],[-123.09496,49.26742],[-123.09494,49.22283],[-123.09494,49.23871],[-123.09493,49.2227],[-123.09493,49.26608],[-123.09492,49.22314],[-123.09492,49.23924],[-123.09492,49.27401],[-123.09491,49.21844],[-123.09491,49.26763],[-123.0949,49.25966],[-123.09489,49.2193],[-123.09489,49.25514],[-123.09488,49.21373],[-123.09488,49.26056],[-123.09488,49.26147],[-123.09487,49.21378],[-123.09487,49.22277],[-123.09487,49.26801],[-123.09487,49.27451],[-123.09486,49.26238],[-123.09484,49.22508],[-123.09484,49.26338],[-123.09482,49.21844],[-123.09481,49.24728],[-123.09481,49.24745],[-123.09481,49.26517],[-123.09481,49.27712],[-123.09481,49.28443],[-123.0948,49.21929],[-123.0948,49.26608],[-123.09479,49.21828],[-123.09479,49.24821],[-123.09478,49.28445],[-123.09477,49.26402],[-123.09477,49.26831],[-123.09477,49.27478],[-123.09476,49.24728],[-123.09475,49.21837],[-123.09474,49.24746],[-123.09474,49.26799],[-123.09473,49.21874],[-123.09473,49.21878],[-123.09473,49.24821],[-123.09473,49.26485],[-123.09471,49.25466],[-123.09471,49.25474],[-123.09471,49.25646],[-123.09471,49.25656],[-123.09471,49.26533],[-123.0947,49.25376],[-123.0947,49.25383],[-123.09469,49.21916],[-123.09469,49.21923],[-123.09468,49.21959],[-123.09468,49.21963],[-123.09468,49.23117],[-123.09468,49.26523],[-123.09467,49.25733],[-123.09467,49.27586],[-123.09466,49.232],[-123.09466,49.26925],[-123.09465,49.26859],[-123.09464,49.21777],[-123.09464,49.21998],[-123.09464,49.25742],[-123.09464,49.26936],[-123.09462,49.26829],[-123.09462,49.26852],[-123.09461,49.2427],[-123.09461,49.27754],[-123.0946,49.22699],[-123.0946,49.25603],[-123.0946,49.27762],[-123.09459,49.25151],[-123.09459,49.28315],[-123.09456,49.25607],[-123.09454,49.21573],[-123.09454,49.22225],[-123.09454,49.23116],[-123.09454,49.2626],[-123.09453,49.21567],[-123.09453,49.25086],[-123.09453,49.26851],[-123.09452,49.23211],[-123.09451,49.22704],[-123.09451,49.25151],[-123.0945,49.21376],[-123.0945,49.26856],[-123.0945,49.27672],[-123.09449,49.21373],[-123.09449,49.25085],[-123.09449,49.27661],[-123.09448,49.27173],[-123.09447,49.27554],[-123.09446,49.2766],[-123.09445,49.2311],[-123.09444,49.21114],[-123.09444,49.21213],[-123.09444,49.26353],[-123.09443,49.21205],[-123.09443,49.21317],[-123.09443,49.21326],[-123.09443,49.21716],[-123.09443,49.21723],[-123.09443,49.26343],[-123.09442,49.23303],[-123.09442,49.27714],[-123.09441,49.22975],[-123.09441,49.23287],[-123.09438,49.21105],[-123.09437,49.21122],[-123.09437,49.24306],[-123.09437,49.2431],[-123.09437,49.24345],[-123.09436,49.24353],[-123.09436,49.28074],[-123.09435,49.24388],[-123.09435,49.27115],[-123.09434,49.24392],[-123.09433,49.24424],[-123.09433,49.24431],[-123.09433,49.2515],[-123.09433,49.263],[-123.09432,49.24478],[-123.09432,49.25155],[-123.09432,49.25695],[-123.0943,49.20795],[-123.0943,49.24471],[-123.09429,49.2133],[-123.09429,49.24559],[-123.09429,49.25007],[-123.09429,49.28446],[-123.09428,49.20789],[-123.09428,49.24566],[-123.09428,49.25517],[-123.09428,49.26837],[-123.09428,49.2771],[-123.09428,49.28486],[-123.09427,49.22011],[-123.09427,49.25827],[-123.09427,49.28497],[-123.09426,49.20789],[-123.09426,49.22975],[-123.09426,49.2434],[-123.09424,49.2112],[-123.09424,49.21432],[-123.09424,49.24418],[-123.09424,49.24739],[-123.09423,49.2077],[-123.09423,49.22102],[-123.09422,49.20763],[-123.09422,49.21498],[-123.09422,49.22191],[-123.09422,49.24465],[-123.09422,49.24732],[-123.09422,49.24829],[-123.09422,49.26813],[-123.09421,49.22283],[-123.09421,49.24875],[-123.0942,49.2133],[-123.0942,49.2158],[-123.0942,49.23616],[-123.0942,49.24553],[-123.0942,49.24862],[-123.0942,49.24922],[-123.09419,49.23623],[-123.09418,49.22011],[-123.09417,49.20801],[-123.09417,49.20802],[-123.09417,49.21094],[-123.09417,49.23662],[-123.09417,49.24656],[-123.09417,49.28354],[-123.09416,49.22373],[-123.09416,49.22786],[-123.09416,49.2279],[-123.09416,49.24726],[-123.09416,49.26916],[-123.09415,49.21432],[-123.09415,49.22563],[-123.09415,49.22877],[-123.09415,49.22881],[-123.09415,49.23611],[-123.09415,49.24347],[-123.09415,49.27577],[-123.09414,49.20898],[-123.09414,49.22101],[-123.09414,49.24777],[-123.09414,49.26927],[-123.09413,49.20899],[-123.09413,49.22193],[-123.09412,49.20775],[-123.09412,49.20958],[-123.09412,49.21499],[-123.09412,49.22967],[-123.09412,49.22971],[-123.09412,49.24451],[-123.09412,49.24857],[-123.09412,49.24917],[-123.09412,49.2493],[-123.09412,49.25103],[-123.09412,49.25112],[-123.09411,49.2158],[-123.09411,49.2502],[-123.09411,49.26688],[-123.0941,49.2103],[-123.0941,49.22282],[-123.09409,49.2306],[-123.09409,49.24553],[-123.09409,49.25194],[-123.09408,49.21418],[-123.09408,49.22507],[-123.09408,49.25201],[-123.09408,49.25695],[-123.09407,49.22282],[-123.09407,49.22373],[-123.09407,49.22753],[-123.09407,49.22842],[-123.09407,49.24655],[-123.09407,49.25241],[-123.09407,49.25245],[-123.09407,49.25695],[-123.09406,49.21372],[-123.09406,49.21376],[-123.09406,49.21425],[-123.09406,49.22004],[-123.09406,49.22044],[-123.09406,49.22048],[-123.09406,49.22095],[-123.09406,49.23618],[-123.09406,49.23664],[-123.09406,49.24309],[-123.09406,49.24314],[-123.09405,49.21493],[-123.09405,49.25285],[-123.09405,49.25292],[-123.09405,49.25512],[-123.09405,49.25517],[-123.09404,49.22088],[-123.09404,49.22942],[-123.09404,49.24757],[-123.09404,49.24777],[-123.09404,49.25331],[-123.09404,49.28314],[-123.09403,49.21573],[-123.09403,49.22134],[-123.09403,49.22178],[-123.09403,49.22224],[-123.09403,49.22563],[-123.09403,49.25335],[-123.09403,49.27192],[-123.09402,49.21487],[-123.09402,49.21526],[-123.09402,49.2153],[-123.09402,49.21566],[-123.09402,49.22138],[-123.09402,49.22185],[-123.09402,49.22229],[-123.09402,49.23005],[-123.09402,49.24855],[-123.09401,49.22268],[-123.09401,49.25841],[-123.094,49.20804],[-123.094,49.20805],[-123.094,49.21613],[-123.094,49.21617],[-123.094,49.21656],[-123.094,49.22267],[-123.094,49.22275],[-123.094,49.22277],[-123.094,49.23025],[-123.094,49.25188],[-123.094,49.25422],[-123.094,49.25426],[-123.09399,49.22315],[-123.09399,49.22319],[-123.09399,49.22358],[-123.09399,49.26672],[-123.09398,49.20897],[-123.09398,49.20898],[-123.09398,49.21663],[-123.09398,49.23094],[-123.09398,49.24261],[-123.09398,49.24262],[-123.09398,49.24916],[-123.09398,49.25645],[-123.09397,49.22367],[-123.09397,49.25279],[-123.09396,49.20959],[-123.09396,49.2096],[-123.09396,49.22412],[-123.09396,49.22753],[-123.09396,49.24261],[-123.09396,49.24262],[-123.09396,49.25006],[-123.09396,49.26813],[-123.09395,49.22407],[-123.09395,49.2246],[-123.09395,49.25602],[-123.09395,49.25606],[-123.09394,49.21026],[-123.09394,49.22453],[-123.09394,49.22558],[-123.09394,49.24269],[-123.09394,49.25369],[-123.09393,49.22547],[-123.09393,49.2635],[-123.09392,49.22558],[-123.09392,49.22602],[-123.09392,49.22842],[-123.09392,49.24269],[-123.09391,49.22547],[-123.09391,49.22606],[-123.09391,49.2266],[-123.09391,49.26342],[-123.0939,49.22654],[-123.0939,49.22942],[-123.0939,49.25454],[-123.09389,49.23024],[-123.09389,49.25188],[-123.09389,49.25481],[-123.09388,49.20798],[-123.09388,49.20942],[-123.09388,49.20953],[-123.09388,49.26621],[-123.09387,49.20798],[-123.09387,49.23094],[-123.09387,49.25544],[-123.09387,49.25571],[-123.09386,49.20942],[-123.09386,49.20953],[-123.09386,49.23004],[-123.09386,49.25278],[-123.09384,49.25111],[-123.09384,49.25666],[-123.09383,49.20773],[-123.09383,49.25369],[-123.09382,49.20766],[-123.09382,49.25103],[-123.09382,49.27614],[-123.09381,49.22927],[-123.09381,49.23715],[-123.09381,49.2515],[-123.0938,49.22829],[-123.0938,49.23714],[-123.0938,49.25154],[-123.0938,49.25194],[-123.0938,49.25201],[-123.0938,49.25455],[-123.09379,49.22739],[-123.09379,49.22747],[-123.09379,49.22837],[-123.09379,49.22968],[-123.09379,49.231],[-123.09378,49.2301],[-123.09378,49.23018],[-123.09378,49.25481],[-123.09378,49.26532],[-123.09377,49.23057],[-123.09377,49.23061],[-123.09376,49.2292],[-123.09376,49.25335],[-123.09376,49.25544],[-123.09375,49.25571],[-123.09375,49.26522],[-123.09374,49.25331],[-123.09373,49.26454],[-123.09372,49.2403],[-123.09372,49.25284],[-123.09372,49.2529],[-123.09372,49.25374],[-123.09371,49.23868],[-123.09371,49.25421],[-123.09371,49.25426],[-123.0937,49.25382],[-123.0937,49.25465],[-123.0937,49.25472],[-123.0937,49.25666],[-123.09369,49.27679],[-123.09367,49.25193],[-123.09367,49.25201],[-123.09367,49.25516],[-123.09367,49.25562],[-123.09366,49.25512],[-123.09365,49.27772],[-123.09364,49.24611],[-123.09364,49.24615],[-123.09364,49.25193],[-123.09364,49.25201],[-123.09364,49.25606],[-123.09364,49.27766],[-123.09363,49.25602],[-123.09362,49.268],[-123.09362,49.2691],[-123.09361,49.2573],[-123.09361,49.27856],[-123.0936,49.22557],[-123.0936,49.27157],[-123.09359,49.22547],[-123.09358,49.26919],[-123.09358,49.28113],[-123.09356,49.27679],[-123.09356,49.27947],[-123.09355,49.27168],[-123.09353,49.24535],[-123.09353,49.25743],[-123.09352,49.27766],[-123.09352,49.27771],[-123.09351,49.27146],[-123.09351,49.28105],[-123.0935,49.28302],[-123.0935,49.28313],[-123.09349,49.21113],[-123.09349,49.23748],[-123.09349,49.23756],[-123.09349,49.27856],[-123.09347,49.23811],[-123.09347,49.23819],[-123.09347,49.24535],[-123.09347,49.27659],[-123.09347,49.28206],[-123.09347,49.28393],[-123.09347,49.28404],[-123.09346,49.24456],[-123.09346,49.25737],[-123.09346,49.27671],[-123.09346,49.27947],[-123.09345,49.22371],[-123.09345,49.23883],[-123.09345,49.27183],[-123.09345,49.27758],[-123.09344,49.23752],[-123.09344,49.27751],[-123.09344,49.2776],[-123.09344,49.28297],[-123.09343,49.21311],[-123.09343,49.22406],[-123.09343,49.23963],[-123.09343,49.25374],[-123.09342,49.23815],[-123.09342,49.27711],[-123.09341,49.21119],[-123.09341,49.22409],[-123.09341,49.23883],[-123.0934,49.2785],[-123.0934,49.28387],[-123.09339,49.25381],[-123.09339,49.27584],[-123.09339,49.27842],[-123.09337,49.2398],[-123.09337,49.28107],[-123.09336,49.28471],[-123.09335,49.21825],[-123.09335,49.25283],[-123.09335,49.26299],[-123.09335,49.26303],[-123.09333,49.21835],[-123.09333,49.24313],[-123.09333,49.27143],[-123.09333,49.28205],[-123.09332,49.24308],[-123.09331,49.21192],[-123.09331,49.21226],[-123.09329,49.22875],[-123.09329,49.22879],[-123.09329,49.2829],[-123.09328,49.26207],[-123.09327,49.2112],[-123.09327,49.25799],[-123.09327,49.26259],[-123.09326,49.20811],[-123.09326,49.24353],[-123.09326,49.2436],[-123.09325,49.20875],[-123.09325,49.20876],[-123.09325,49.26789],[-123.09325,49.27589],[-123.09325,49.28387],[-123.09324,49.22605],[-123.09324,49.2436],[-123.09324,49.26201],[-123.09324,49.27211],[-123.09324,49.28173],[-123.09323,49.21225],[-123.09323,49.23108],[-123.09322,49.20931],[-123.09322,49.20932],[-123.09322,49.20956],[-123.09322,49.20958],[-123.09322,49.21192],[-123.09322,49.21271],[-123.09322,49.2129],[-123.09322,49.26796],[-123.09321,49.20991],[-123.09321,49.28465],[-123.0932,49.21268],[-123.09319,49.25928],[-123.09319,49.25932],[-123.09319,49.27803],[-123.09318,49.21219],[-123.09318,49.21224],[-123.09318,49.2597],[-123.09318,49.2598],[-123.09318,49.27361],[-123.09318,49.27799],[-123.09317,49.26061],[-123.09317,49.2607],[-123.09317,49.26111],[-123.09317,49.26483],[-123.09317,49.26621],[-123.09316,49.26159],[-123.09315,49.26152],[-123.09315,49.2715],[-123.09314,49.26243],[-123.09314,49.2847],[-123.09313,49.24029],[-123.09312,49.26342],[-123.09312,49.27373],[-123.09312,49.28482],[-123.09311,49.23284],[-123.09311,49.23302],[-123.09311,49.25924],[-123.09311,49.26787],[-123.09311,49.27161],[-123.0931,49.25955],[-123.0931,49.2635],[-123.0931,49.26612],[-123.09309,49.26056],[-123.09308,49.26794],[-123.09308,49.27208],[-123.09307,49.21713],[-123.09307,49.2172],[-123.09307,49.26147],[-123.09306,49.2078],[-123.09306,49.2404],[-123.09306,49.26236],[-123.09305,49.20773],[-123.09305,49.2078],[-123.09305,49.21612],[-123.09305,49.21615],[-123.09305,49.25643],[-123.09305,49.25653],[-123.09305,49.26334],[-123.09304,49.27261],[-123.09304,49.2758],[-123.09303,49.20773],[-123.09302,49.20799],[-123.09302,49.20805],[-123.09302,49.26515],[-123.09301,49.25017],[-123.09301,49.26607],[-123.093,49.20799],[-123.093,49.25874],[-123.09299,49.25148],[-123.09299,49.25153],[-123.09298,49.2137],[-123.09297,49.2192],[-123.09297,49.25964],[-123.09296,49.21912],[-123.09296,49.24555],[-123.09296,49.25192],[-123.09296,49.25199],[-123.09295,49.24564],[-123.09295,49.26048],[-123.09294,49.2137],[-123.09294,49.2576],[-123.09294,49.26622],[-123.09294,49.2835],[-123.09293,49.24762],[-123.09293,49.26147],[-123.09293,49.27174],[-123.09291,49.24455],[-123.09291,49.24462],[-123.09291,49.26237],[-123.09291,49.26336],[-123.0929,49.21374],[-123.0929,49.24762],[-123.0929,49.25879],[-123.09289,49.21091],[-123.09289,49.25889],[-123.09289,49.26419],[-123.09289,49.26516],[-123.09288,49.2597],[-123.09288,49.26069],[-123.09288,49.26568],[-123.09288,49.2726],[-123.09287,49.25979],[-123.09287,49.26607],[-123.09286,49.26687],[-123.09285,49.26063],[-123.09284,49.25005],[-123.09284,49.25643],[-123.09284,49.26152],[-123.09284,49.26159],[-123.09284,49.27573],[-123.09283,49.22176],[-123.09283,49.22737],[-123.09283,49.26341],[-123.09283,49.26349],[-123.09282,49.22183],[-123.09282,49.22745],[-123.09282,49.26201],[-123.09282,49.26242],[-123.09282,49.26259],[-123.09282,49.27077],[-123.09281,49.21307],[-123.09281,49.21995],[-123.09281,49.24405],[-123.09281,49.24409],[-123.09281,49.26393],[-123.09281,49.2644],[-123.09281,49.26522],[-123.0928,49.21307],[-123.0928,49.22002],[-123.0928,49.26433],[-123.0928,49.26483],[-123.0928,49.2653],[-123.09279,49.2122],[-123.09279,49.22317],[-123.09279,49.26301],[-123.09277,49.21223],[-123.09277,49.22784],[-123.09276,49.22356],[-123.09276,49.22788],[-123.09276,49.26061],[-123.09275,49.26612],[-123.09274,49.21315],[-123.09274,49.22365],[-123.09274,49.27373],[-123.09273,49.21257],[-123.09272,49.27266],[-123.09271,49.24769],[-123.09271,49.28454],[-123.0927,49.21176],[-123.0927,49.21257],[-123.0927,49.21266],[-123.0927,49.25643],[-123.0927,49.25743],[-123.0927,49.26621],[-123.0927,49.268],[-123.0927,49.27277],[-123.09269,49.24769],[-123.09268,49.22085],[-123.09268,49.26571],[-123.09267,49.22092],[-123.09267,49.26792],[-123.09266,49.22465],[-123.09266,49.24507],[-123.09264,49.21416],[-123.09264,49.21491],[-123.09264,49.24455],[-123.09264,49.24462],[-123.09264,49.24659],[-123.09264,49.27888],[-123.09264,49.27892],[-123.09263,49.21485],[-123.09263,49.21653],[-123.09263,49.2166],[-123.09263,49.24512],[-123.09263,49.24666],[-123.09262,49.21423],[-123.09262,49.23008],[-123.09262,49.24659],[-123.09261,49.22925],[-123.09261,49.24666],[-123.09261,49.26108],[-123.09261,49.26112],[-123.0926,49.21563],[-123.0926,49.2157],[-123.0926,49.22828],[-123.0926,49.22918],[-123.09259,49.22465],[-123.09259,49.2461],[-123.09259,49.24614],[-123.09258,49.22835],[-123.09258,49.24712],[-123.09258,49.24716],[-123.09258,49.27413],[-123.09257,49.22451],[-123.09257,49.23711],[-123.09257,49.25282],[-123.09256,49.23016],[-123.09256,49.23703],[-123.09256,49.24806],[-123.09256,49.24811],[-123.09255,49.23711],[-123.09255,49.2737],[-123.09254,49.22457],[-123.09254,49.23703],[-123.09253,49.26671],[-123.0925,49.24307],[-123.0925,49.28454],[-123.09249,49.25927],[-123.09249,49.25931],[-123.09248,49.22273],[-123.09247,49.22266],[-123.09247,49.28464],[-123.0924,49.22651],[-123.0924,49.22657],[-123.09239,49.2741],[-123.09238,49.27165],[-123.09237,49.25721],[-123.09237,49.26886],[-123.09234,49.21104],[-123.09234,49.21113],[-123.09233,49.26022],[-123.09232,49.22878],[-123.09232,49.26018],[-123.09232,49.26897],[-123.09228,49.24873],[-123.09227,49.2486],[-123.09227,49.256],[-123.09227,49.25604],[-123.09226,49.20812],[-123.09226,49.21091],[-123.09224,49.20812],[-123.09222,49.20806],[-123.09222,49.25282],[-123.09222,49.27135],[-123.09221,49.27534],[-123.0922,49.20806],[-123.0922,49.21614],[-123.0922,49.25289],[-123.0922,49.25379],[-123.0922,49.2606],[-123.0922,49.27144],[-123.09219,49.24888],[-123.09219,49.24912],[-123.09219,49.25372],[-123.09218,49.24564],[-123.09218,49.24932],[-123.09216,49.24557],[-123.09216,49.24564],[-123.09215,49.25024],[-123.09213,49.24557],[-123.09213,49.27526],[-123.09212,49.25094],[-123.09211,49.25372],[-123.0921,49.22274],[-123.0921,49.25328],[-123.0921,49.25332],[-123.09209,49.21091],[-123.09209,49.23097],[-123.09209,49.25379],[-123.09208,49.21823],[-123.09208,49.25553],[-123.09207,49.21832],[-123.09207,49.22463],[-123.09207,49.25184],[-123.09207,49.2556],[-123.09207,49.25879],[-123.09206,49.21186],[-123.09206,49.22265],[-123.09206,49.25418],[-123.09206,49.25423],[-123.09206,49.25888],[-123.09205,49.23106],[-123.09205,49.24897],[-123.09205,49.25462],[-123.09205,49.25509],[-123.09205,49.25513],[-123.09205,49.26795],[-123.09205,49.26802],[-123.09204,49.21177],[-123.09204,49.25242],[-123.09204,49.25275],[-123.09203,49.24932],[-123.09203,49.2547],[-123.09201,49.21316],[-123.09201,49.25341],[-123.092,49.25023],[-123.09199,49.2486],[-123.09199,49.25385],[-123.09198,49.24872],[-123.09197,49.25095],[-123.09196,49.21427],[-123.09196,49.25184],[-123.09196,49.25719],[-123.09196,49.25736],[-123.09196,49.25754],[-123.09195,49.24919],[-123.09195,49.24927],[-123.09194,49.21317],[-123.09194,49.25516],[-123.09194,49.27526],[-123.09193,49.24967],[-123.09193,49.2497],[-123.09193,49.2501],[-123.09193,49.25017],[-123.09192,49.22463],[-123.09192,49.23281],[-123.09192,49.23302],[-123.09192,49.25275],[-123.09191,49.25596],[-123.09191,49.25657],[-123.09191,49.27157],[-123.0919,49.21427],[-123.0919,49.25057],[-123.0919,49.25061],[-123.0919,49.251],[-123.0919,49.25107],[-123.0919,49.2534],[-123.0919,49.25629],[-123.09189,49.2131],[-123.09189,49.24613],[-123.09188,49.25147],[-123.09188,49.25151],[-123.09188,49.25385],[-123.09187,49.24609],[-123.09187,49.25191],[-123.09186,49.21664],[-123.09186,49.24359],[-123.09186,49.25198],[-123.09185,49.24352],[-123.09185,49.25238],[-123.09185,49.25242],[-123.09184,49.22458],[-123.09184,49.25281],[-123.09184,49.25288],[-123.09184,49.25516],[-123.09183,49.21725],[-123.09181,49.22554],[-123.0918,49.25328],[-123.0918,49.25332],[-123.0918,49.25596],[-123.0918,49.25629],[-123.09179,49.21663],[-123.09178,49.22543],[-123.09178,49.25418],[-123.09178,49.27585],[-123.09177,49.21726],[-123.09177,49.247],[-123.09177,49.25423],[-123.09176,49.25657],[-123.09176,49.2802],[-123.09176,49.28028],[-123.09175,49.21492],[-123.09174,49.2114],[-123.09174,49.21575],[-123.09174,49.27674],[-123.09174,49.27938],[-123.09173,49.21711],[-123.09173,49.25371],[-123.09173,49.25379],[-123.09173,49.25509],[-123.09173,49.25513],[-123.09173,49.27747],[-123.09173,49.27756],[-123.09172,49.2114],[-123.09172,49.21718],[-123.09172,49.27929],[-123.09171,49.22559],[-123.09171,49.26687],[-123.0917,49.21192],[-123.0917,49.27762],[-123.09169,49.22607],[-123.09169,49.25599],[-123.09169,49.25603],[-123.09168,49.21271],[-123.09168,49.21493],[-123.09167,49.21489],[-123.09167,49.21575],[-123.09167,49.22675],[-123.09167,49.22694],[-123.09167,49.28069],[-123.09166,49.22698],[-123.09166,49.25371],[-123.09166,49.25379],[-123.09166,49.27853],[-123.09166,49.2811],[-123.09165,49.21411],[-123.09165,49.21423],[-123.09165,49.21481],[-123.09165,49.21837],[-123.09165,49.227],[-123.09165,49.27586],[-123.09165,49.28067],[-123.09165,49.28127],[-123.09164,49.25289],[-123.09164,49.26874],[-123.09162,49.21177],[-123.09162,49.21186],[-123.09162,49.28169],[-123.09162,49.28208],[-123.09161,49.21924],[-123.09161,49.22879],[-123.09161,49.27675],[-123.09161,49.28219],[-123.0916,49.21257],[-123.0916,49.2565],[-123.0916,49.26885],[-123.09159,49.21266],[-123.09159,49.22006],[-123.09158,49.22188],[-123.09158,49.27529],[-123.09158,49.28389],[-123.09157,49.22097],[-123.09157,49.22279],[-123.09157,49.27571],[-123.09157,49.27762],[-123.09157,49.28104],[-123.09157,49.28259],[-123.09157,49.28299],[-123.09157,49.2835],[-123.09156,49.23066],[-123.09156,49.27539],[-123.09156,49.27756],[-123.09155,49.22318],[-123.09155,49.2831],[-123.09154,49.21924],[-123.09154,49.22758],[-123.09153,49.21112],[-123.09153,49.22097],[-123.09153,49.27853],[-123.09153,49.28389],[-123.09152,49.20818],[-123.09152,49.22006],[-123.09151,49.20812],[-123.09151,49.21916],[-123.09151,49.22188],[-123.09151,49.25417],[-123.09151,49.27656],[-123.09151,49.27667],[-123.0915,49.22276],[-123.0915,49.25641],[-123.0915,49.26795],[-123.0915,49.26802],[-123.0915,49.28202],[-123.09149,49.22],[-123.09149,49.22279],[-123.09149,49.27748],[-123.09149,49.28293],[-123.09149,49.284],[-123.09148,49.22609],[-123.09148,49.27756],[-123.09147,49.2209],[-123.09147,49.22369],[-123.09146,49.22083],[-123.09146,49.27796],[-123.09146,49.27799],[-123.09146,49.28382],[-123.09146,49.28383],[-123.09145,49.2256],[-123.09145,49.27838],[-123.09145,49.27847],[-123.09144,49.28384],[-123.09143,49.22791],[-123.09143,49.24878],[-123.09143,49.27889],[-123.09142,49.20786],[-123.09142,49.20793],[-123.09142,49.2267],[-123.09142,49.2284],[-123.09142,49.25422],[-123.09142,49.27885],[-123.09141,49.22892],[-123.09141,49.28104],[-123.0914,49.20787],[-123.0914,49.20793],[-123.0914,49.22464],[-123.0914,49.27748],[-123.09139,49.22753],[-123.09139,49.22966],[-123.09139,49.22967],[-123.09139,49.23096],[-123.09139,49.27147],[-123.09138,49.22662],[-123.09138,49.2269],[-123.09138,49.24878],[-123.09137,49.22554],[-123.09137,49.2284],[-123.09137,49.23105],[-123.09136,49.22931],[-123.09136,49.28202],[-123.09135,49.20781],[-123.09135,49.21091],[-123.09134,49.22542],[-123.09134,49.22981],[-123.09133,49.2302],[-123.09133,49.28293],[-123.09132,49.20677],[-123.09132,49.23064],[-123.09131,49.2293],[-123.09131,49.27343],[-123.0913,49.25723],[-123.0913,49.28384],[-123.09129,49.20861],[-123.09129,49.21104],[-123.09129,49.22824],[-123.09129,49.22833],[-123.09128,49.20781],[-123.09128,49.208],[-123.09128,49.20808],[-123.09128,49.23021],[-123.09127,49.20825],[-123.09127,49.22954],[-123.09127,49.27039],[-123.09126,49.2309],[-123.09125,49.20762],[-123.09125,49.20889],[-123.09125,49.2089],[-123.09124,49.20959],[-123.09124,49.2096],[-123.09124,49.21029],[-123.09124,49.21064],[-123.09123,49.21568],[-123.09122,49.2156],[-123.09122,49.23024],[-123.09121,49.21124],[-123.0912,49.21192],[-123.09118,49.21271],[-123.09117,49.25873],[-123.09116,49.21311],[-123.09116,49.25559],[-123.09115,49.20667],[-123.09115,49.21426],[-123.09115,49.21494],[-123.09115,49.25461],[-123.09115,49.25962],[-123.09114,49.25469],[-123.09114,49.25551],[-123.09114,49.25715],[-123.09114,49.25791],[-123.09114,49.26054],[-123.09113,49.21573],[-123.09113,49.25469],[-123.09113,49.25559],[-123.09113,49.26142],[-123.09113,49.26234],[-123.09112,49.20764],[-123.09112,49.25461],[-123.09112,49.26329],[-123.09111,49.20785],[-123.09111,49.21663],[-123.09111,49.25551],[-123.09111,49.26335],[-123.09111,49.26424],[-123.0911,49.20801],[-123.0911,49.20809],[-123.0911,49.20829],[-123.0911,49.21723],[-123.09109,49.26516],[-123.09109,49.27125],[-123.09108,49.20891],[-123.09108,49.20892],[-123.09108,49.21079],[-123.09107,49.21837],[-123.09107,49.26604],[-123.09106,49.2086],[-123.09106,49.25872],[-123.09105,49.21923],[-123.09105,49.25963],[-123.09105,49.27115],[-123.09104,49.20958],[-123.09104,49.20959],[-123.09104,49.26054],[-123.09104,49.27033],[-123.09103,49.22005],[-123.09102,49.2079],[-123.09102,49.22914],[-123.09102,49.25735],[-123.09102,49.26142],[-123.09101,49.22096],[-123.091,49.21025],[-123.091,49.27141],[-123.091,49.27324],[-123.09099,49.20797],[-123.09099,49.25796],[-123.09099,49.26234],[-123.09099,49.26679],[-123.09099,49.27884],[-123.09098,49.22187],[-123.09098,49.26686],[-123.09098,49.27324],[-123.09097,49.21119],[-123.09097,49.22734],[-123.09097,49.22742],[-123.09097,49.25926],[-123.09097,49.26329],[-123.09097,49.26334],[-123.09097,49.26669],[-123.09097,49.27106],[-123.09096,49.22277],[-123.09096,49.24344],[-123.09096,49.25879],[-123.09096,49.2593],[-123.09096,49.25969],[-123.09096,49.2606],[-123.09096,49.26424],[-123.09096,49.26605],[-123.09096,49.27889],[-123.09095,49.21191],[-123.09095,49.25886],[-123.09095,49.25978],[-123.09095,49.26016],[-123.09094,49.21248],[-123.09094,49.22367],[-123.09094,49.22914],[-123.09094,49.24446],[-123.09094,49.25836],[-123.09094,49.2584],[-123.09094,49.2602],[-123.09094,49.26067],[-123.09094,49.26515],[-123.09094,49.27336],[-123.09092,49.2131],[-123.09092,49.21404],[-123.09092,49.22923],[-123.09092,49.24549],[-123.09092,49.26107],[-123.09092,49.2611],[-123.09091,49.21101],[-123.09091,49.21493],[-123.09091,49.22461],[-123.09091,49.24344],[-123.0909,49.21575],[-123.0909,49.24931],[-123.0909,49.26151],[-123.0909,49.26157],[-123.09089,49.21091],[-123.09089,49.22559],[-123.09089,49.25021],[-123.09089,49.2634],[-123.09089,49.26348],[-123.09089,49.26692],[-123.09089,49.26697],[-123.09089,49.26723],[-123.09088,49.24648],[-123.09088,49.25021],[-123.09088,49.26239],[-123.09088,49.26258],[-123.09088,49.26299],[-123.09087,49.21665],[-123.09087,49.24446],[-123.09087,49.24549],[-123.09087,49.24693],[-123.09087,49.25093],[-123.09087,49.25708],[-123.09087,49.26439],[-123.09086,49.26391],[-123.09086,49.2643],[-123.09085,49.21749],[-123.09085,49.22661],[-123.09085,49.26482],[-123.09085,49.26743],[-123.09085,49.27832],[-123.09084,49.21561],[-123.09084,49.22703],[-123.09084,49.2686],[-123.09083,49.2157],[-123.09083,49.21837],[-123.09083,49.25021],[-123.09083,49.27104],[-123.09082,49.21398],[-123.09082,49.2148],[-123.09082,49.21923],[-123.09082,49.22754],[-123.09082,49.2479],[-123.09082,49.24812],[-123.09082,49.25183],[-123.09082,49.25326],[-123.09081,49.20824],[-123.09081,49.21304],[-123.09081,49.25331],[-123.0908,49.21297],[-123.0908,49.21392],[-123.0908,49.21487],[-123.0908,49.2166],[-123.0908,49.22838],[-123.0908,49.25092],[-123.0908,49.25273],[-123.09079,49.21651],[-123.09079,49.21744],[-123.09079,49.22005],[-123.09079,49.22074],[-123.09079,49.22883],[-123.09079,49.24657],[-123.09079,49.24665],[-123.09079,49.26871],[-123.09078,49.20818],[-123.09078,49.22075],[-123.09078,49.25015],[-123.09078,49.25183],[-123.09078,49.25416],[-123.09078,49.25421],[-123.09077,49.21744],[-123.09077,49.22934],[-123.09077,49.24758],[-123.09077,49.24934],[-123.09076,49.22138],[-123.09075,49.21735],[-123.09075,49.21916],[-123.09075,49.23019],[-123.09075,49.26697],[-123.09075,49.26723],[-123.09075,49.27119],[-123.09074,49.21735],[-123.09074,49.21821],[-123.09074,49.22209],[-123.09074,49.23066],[-123.09074,49.26743],[-123.09073,49.21831],[-123.09073,49.2228],[-123.09073,49.24768],[-123.09073,49.25273],[-123.09073,49.25361],[-123.09073,49.25382],[-123.09072,49.23121],[-123.09072,49.25384],[-123.09072,49.25414],[-123.09072,49.25657],[-123.09071,49.22069],[-123.09071,49.25435],[-123.09071,49.25455],[-123.09071,49.28167],[-123.0907,49.21993],[-123.0907,49.22367],[-123.0907,49.23191],[-123.09069,49.21906],[-123.09069,49.25475],[-123.09068,49.22462],[-123.09068,49.25278],[-123.09068,49.25287],[-123.09068,49.25379],[-123.09067,49.25455],[-123.09067,49.27109],[-123.09066,49.22276],[-123.09066,49.25544],[-123.09066,49.26686],[-123.09065,49.2206],[-123.09065,49.22194],[-123.09065,49.22269],[-123.09065,49.22561],[-123.09065,49.25565],[-123.09064,49.21999],[-123.09064,49.25378],[-123.09064,49.27135],[-123.09063,49.23467],[-123.09063,49.23468],[-123.09063,49.24026],[-123.09063,49.25378],[-123.09063,49.25634],[-123.09062,49.22362],[-123.09062,49.22661],[-123.09062,49.22747],[-123.09061,49.21113],[-123.09061,49.22204],[-123.0906,49.22353],[-123.0906,49.23591],[-123.0906,49.23592],[-123.0906,49.24037],[-123.09059,49.2364],[-123.09058,49.22771],[-123.09058,49.24261],[-123.09057,49.22928],[-123.09057,49.23692],[-123.09056,49.22839],[-123.09055,49.23692],[-123.09055,49.24018],[-123.09054,49.22448],[-123.09054,49.22457],[-123.09054,49.25639],[-123.09053,49.23764],[-123.09052,49.23019],[-123.09052,49.23109],[-123.09051,49.23823],[-123.09049,49.23925],[-123.09049,49.24253],[-123.09049,49.28168],[-123.09047,49.22194],[-123.09047,49.23132],[-123.09047,49.23192],[-123.09047,49.25713],[-123.09046,49.2401],[-123.09046,49.25717],[-123.09045,49.2131],[-123.09045,49.21491],[-123.09045,49.24048],[-123.09045,49.25725],[-123.09044,49.21404],[-123.09043,49.21574],[-123.09042,49.24164],[-123.0904,49.21491],[-123.0904,49.24247],[-123.0904,49.24343],[-123.09039,49.2131],[-123.09039,49.23466],[-123.09039,49.23467],[-123.09039,49.25378],[-123.09037,49.21294],[-123.09037,49.21306],[-123.09037,49.21404],[-123.09037,49.21574],[-123.09037,49.23559],[-123.09037,49.24445],[-123.09036,49.23595],[-123.09035,49.21749],[-123.09035,49.23619],[-123.09035,49.24542],[-123.09034,49.23644],[-123.09033,49.21346],[-123.09033,49.21397],[-123.09033,49.23679],[-123.09032,49.21192],[-123.09032,49.21351],[-123.09032,49.2139],[-123.09032,49.21665],[-123.09031,49.21611],[-123.09031,49.21837],[-123.09031,49.23766],[-123.0903,49.23821],[-123.09029,49.24651],[-123.09029,49.24752],[-123.09029,49.25098],[-123.09028,49.21749],[-123.09028,49.2491],[-123.09028,49.25105],[-123.09027,49.21196],[-123.09027,49.22552],[-123.09027,49.23925],[-123.09027,49.24931],[-123.09027,49.25286],[-123.09026,49.2124],[-123.09026,49.21665],[-123.09026,49.21921],[-123.09026,49.22073],[-123.09026,49.23652],[-123.09026,49.23658],[-123.09026,49.24878],[-123.09026,49.27579],[-123.09025,49.21871],[-123.09025,49.2485],[-123.09024,49.21189],[-123.09024,49.2178],[-123.09024,49.24017],[-123.09024,49.25377],[-123.09024,49.27579],[-123.09023,49.21193],[-123.09023,49.21784],[-123.09023,49.21866],[-123.09023,49.24075],[-123.09022,49.25368],[-123.09022,49.25378],[-123.09021,49.21257],[-123.09021,49.21437],[-123.09021,49.21441],[-123.09021,49.21921],[-123.0902,49.24162],[-123.0902,49.25092],[-123.0902,49.2757],[-123.09019,49.22073],[-123.09019,49.2228],[-123.09019,49.2509],[-123.09019,49.2757],[-123.09018,49.22541],[-123.09018,49.24246],[-123.09016,49.24342],[-123.09016,49.2518],[-123.09015,49.22368],[-123.09014,49.22128],[-123.09014,49.26669],[-123.09013,49.22133],[-123.09013,49.2228],[-123.09013,49.22573],[-123.09013,49.24543],[-123.09013,49.2527],[-123.09012,49.22463],[-123.09012,49.2292],[-123.09012,49.24459],[-123.09012,49.25315],[-123.09011,49.22315],[-123.09011,49.22911],[-123.0901,49.22732],[-123.0901,49.22741],[-123.0901,49.24644],[-123.09009,49.21951],[-123.09009,49.21955],[-123.09009,49.2536],[-123.09008,49.25385],[-123.09008,49.25406],[-123.09006,49.24747],[-123.09005,49.21698],[-123.09005,49.22407],[-123.09005,49.25473],[-123.09004,49.24469],[-123.09003,49.22402],[-123.09003,49.24474],[-123.09003,49.24936],[-123.09003,49.25565],[-123.09003,49.27008],[-123.09002,49.23029],[-123.09001,49.22501],[-123.09001,49.22747],[-123.09001,49.24547],[-123.09001,49.24556],[-123.09001,49.2485],[-123.09001,49.24876],[-123.09001,49.2493],[-123.09,49.23023],[-123.08998,49.22497],[-123.08998,49.23109],[-123.08998,49.23128],[-123.08998,49.24664],[-123.08998,49.27745],[-123.08998,49.27754],[-123.08997,49.2294],[-123.08997,49.24752],[-123.08997,49.24762],[-123.08997,49.27123],[-123.08996,49.22009],[-123.08995,49.2509],[-123.08994,49.24871],[-123.08993,49.23041],[-123.08992,49.22133],[-123.08992,49.23109],[-123.08992,49.24655],[-123.08992,49.24914],[-123.08992,49.24916],[-123.08992,49.24924],[-123.08992,49.25182],[-123.08991,49.24857],[-123.0899,49.24925],[-123.0899,49.273],[-123.0899,49.27653],[-123.08989,49.27664],[-123.08988,49.23241],[-123.08988,49.23467],[-123.08988,49.25271],[-123.08987,49.25311],[-123.08987,49.25352],[-123.08986,49.20799],[-123.08986,49.23661],[-123.08985,49.25352],[-123.08985,49.2536],[-123.08985,49.25748],[-123.08984,49.25383],[-123.08984,49.25689],[-123.08984,49.26569],[-123.08984,49.27701],[-123.08983,49.27043],[-123.08982,49.23649],[-123.08982,49.23823],[-123.08982,49.26569],[-123.08981,49.23536],[-123.08981,49.27462],[-123.0898,49.23589],[-123.0898,49.2366],[-123.0898,49.25473],[-123.08979,49.27093],[-123.08979,49.27882],[-123.08979,49.27934],[-123.08978,49.27672],[-123.08977,49.23823],[-123.08977,49.24018],[-123.08977,49.27924],[-123.08976,49.24018],[-123.08976,49.24024],[-123.08976,49.25565],[-123.08976,49.27102],[-123.08975,49.22057],[-123.08975,49.22068],[-123.08975,49.27759],[-123.08975,49.28306],[-123.08974,49.23525],[-123.08974,49.25643],[-123.08973,49.28016],[-123.08973,49.28024],[-123.08973,49.28063],[-123.08973,49.28068],[-123.08972,49.25458],[-123.08972,49.28348],[-123.08971,49.25377],[-123.08971,49.28107],[-123.0897,49.22541],[-123.0897,49.22552],[-123.0897,49.24017],[-123.0897,49.2415],[-123.0897,49.24161],[-123.0897,49.28124],[-123.08969,49.20827],[-123.08969,49.20833],[-123.08969,49.23475],[-123.08969,49.24096],[-123.08969,49.25652],[-123.08969,49.27917],[-123.08968,49.20834],[-123.08968,49.25548],[-123.08967,49.20828],[-123.08967,49.23482],[-123.08967,49.25557],[-123.08967,49.27083],[-123.08967,49.28204],[-123.08966,49.2684],[-123.08966,49.27672],[-123.08966,49.28215],[-123.08965,49.2422],[-123.08965,49.25638],[-123.08965,49.2704],[-123.08965,49.27973],[-123.08964,49.2112],[-123.08964,49.28256],[-123.08963,49.2431],[-123.08963,49.24318],[-123.08962,49.21199],[-123.08962,49.24161],[-123.08962,49.27758],[-123.08962,49.28101],[-123.08962,49.2838],[-123.08961,49.25674],[-123.08961,49.25681],[-123.08961,49.28295],[-123.08961,49.28396],[-123.0896,49.26619],[-123.0896,49.26851],[-123.08959,49.28198],[-123.08958,49.2422],[-123.08957,49.24375],[-123.08957,49.24744],[-123.08957,49.24767],[-123.08957,49.27313],[-123.08956,49.20802],[-123.08956,49.24321],[-123.08956,49.26667],[-123.08955,49.20802],[-123.08955,49.2431],[-123.08955,49.28289],[-123.08955,49.28319],[-123.08955,49.28387],[-123.08954,49.24649],[-123.08954,49.24705],[-123.08954,49.28379],[-123.08953,49.21006],[-123.08953,49.21121],[-123.08953,49.24853],[-123.08953,49.27969],[-123.08952,49.26683],[-123.0895,49.21484],[-123.0895,49.25726],[-123.08949,49.21195],[-123.08949,49.24649],[-123.08949,49.24767],[-123.08949,49.25594],[-123.08949,49.2708],[-123.08948,49.21477],[-123.08948,49.22732],[-123.08948,49.22739],[-123.08948,49.24709],[-123.08948,49.27342],[-123.08947,49.2081],[-123.08947,49.2431],[-123.08947,49.24853],[-123.08946,49.22558],[-123.08946,49.24305],[-123.08946,49.25367],[-123.08946,49.26353],[-123.08946,49.28099],[-123.08945,49.2182],[-123.08945,49.2183],[-123.08945,49.23329],[-123.08945,49.25456],[-123.08945,49.26388],[-123.08944,49.20927],[-123.08944,49.24873],[-123.08944,49.25285],[-123.08943,49.21114],[-123.08943,49.22918],[-123.08943,49.23298],[-123.08943,49.24806],[-123.08943,49.2481],[-123.08943,49.28381],[-123.08942,49.22645],[-123.08942,49.23094],[-123.08942,49.2535],[-123.08941,49.21148],[-123.08941,49.28198],[-123.0894,49.21153],[-123.0894,49.24874],[-123.08939,49.21106],[-123.08939,49.25096],[-123.08939,49.25103],[-123.08938,49.21006],[-123.08938,49.21093],[-123.08938,49.2165],[-123.08938,49.22745],[-123.08938,49.23101],[-123.08938,49.26609],[-123.08936,49.20853],[-123.08936,49.21295],[-123.08936,49.21302],[-123.08936,49.21558],[-123.08936,49.21657],[-123.08936,49.23474],[-123.08936,49.28289],[-123.08935,49.21439],[-123.08935,49.23657],[-123.08935,49.2509],[-123.08935,49.25637],[-123.08935,49.27114],[-123.08934,49.23826],[-123.08934,49.2511],[-123.08934,49.26681],[-123.08934,49.27209],[-123.08933,49.23277],[-123.08933,49.27086],[-123.08932,49.22558],[-123.08932,49.23037],[-123.08932,49.23833],[-123.08932,49.25276],[-123.08932,49.27209],[-123.08931,49.23481],[-123.08931,49.25179],[-123.08931,49.26237],[-123.0893,49.22645],[-123.0893,49.2509],[-123.0893,49.25711],[-123.0893,49.26258],[-123.0893,49.27219],[-123.08929,49.21991],[-123.08929,49.21998],[-123.08929,49.23661],[-123.08929,49.26198],[-123.08928,49.20928],[-123.08928,49.23468],[-123.08928,49.24024],[-123.08928,49.25285],[-123.08928,49.258],[-123.08928,49.26299],[-123.08928,49.26339],[-123.08928,49.26347],[-123.08928,49.27219],[-123.08928,49.28379],[-123.08927,49.22744],[-123.08927,49.23743],[-123.08927,49.2511],[-123.08927,49.25285],[-123.08926,49.25264],[-123.08925,49.23271],[-123.08925,49.2518],[-123.08925,49.25961],[-123.08925,49.26429],[-123.08925,49.26438],[-123.08925,49.27296],[-123.08924,49.22213],[-123.08924,49.23821],[-123.08924,49.26053],[-123.08924,49.2648],[-123.08923,49.26519],[-123.08923,49.26528],[-123.08923,49.27295],[-123.08922,49.25376],[-123.08922,49.26143],[-123.08921,49.23947],[-123.08921,49.25487],[-123.08921,49.26231],[-123.08921,49.27307],[-123.0892,49.21905],[-123.0892,49.21913],[-123.0892,49.24018],[-123.0892,49.24035],[-123.0892,49.26334],[-123.0892,49.27199],[-123.08919,49.20854],[-123.08919,49.24654],[-123.08918,49.21566],[-123.08918,49.22213],[-123.08918,49.22732],[-123.08918,49.22739],[-123.08918,49.23052],[-123.08918,49.23662],[-123.08918,49.27307],[-123.08917,49.21868],[-123.08917,49.22233],[-123.08917,49.23384],[-123.08917,49.23467],[-123.08917,49.25328],[-123.08917,49.26425],[-123.08916,49.23745],[-123.08916,49.25479],[-123.08915,49.21865],[-123.08915,49.25324],[-123.08915,49.26514],[-123.08914,49.2382],[-123.08914,49.25276],[-123.08913,49.25724],[-123.08913,49.26603],[-123.08912,49.2327],[-123.08911,49.25804],[-123.0891,49.23947],[-123.0891,49.26691],[-123.0891,49.26717],[-123.0891,49.26718],[-123.0891,49.26832],[-123.08908,49.22058],[-123.08908,49.22065],[-123.08908,49.24018],[-123.08908,49.2596],[-123.08907,49.26053],[-123.08906,49.25466],[-123.08906,49.25505],[-123.08906,49.25509],[-123.08906,49.25718],[-123.08906,49.26425],[-123.08905,49.26143],[-123.08905,49.26842],[-123.08905,49.27196],[-123.08904,49.22192],[-123.08904,49.22201],[-123.08904,49.26231],[-123.08903,49.25793],[-123.08903,49.2633],[-123.08902,49.26513],[-123.08901,49.26684],[-123.08901,49.26717],[-123.08901,49.26719],[-123.08899,49.26603],[-123.08894,49.24602],[-123.08894,49.24607],[-123.08894,49.25798],[-123.08893,49.25456],[-123.08893,49.25646],[-123.08892,49.24247],[-123.08892,49.27503],[-123.0889,49.24215],[-123.08889,49.25457],[-123.08889,49.26673],[-123.08888,49.27513],[-123.08887,49.26753],[-123.08887,49.26762],[-123.08887,49.27105],[-123.08885,49.21152],[-123.08885,49.24396],[-123.08885,49.28061],[-123.08884,49.24369],[-123.08884,49.2437],[-123.08884,49.28066],[-123.08882,49.22237],[-123.0888,49.22233],[-123.0888,49.24348],[-123.0888,49.25232],[-123.0888,49.25237],[-123.08879,49.24356],[-123.08878,49.24348],[-123.08877,49.24355],[-123.08873,49.22555],[-123.08872,49.21308],[-123.08872,49.21358],[-123.08872,49.28214],[-123.08868,49.23372],[-123.08867,49.22555],[-123.08867,49.22745],[-123.08867,49.23659],[-123.08867,49.24252],[-123.08866,49.21308],[-123.08866,49.23467],[-123.08866,49.24259],[-123.08866,49.28253],[-123.08864,49.25627],[-123.08863,49.22906],[-123.08862,49.2382],[-123.08861,49.24914],[-123.08861,49.25431],[-123.0886,49.21386],[-123.0886,49.22745],[-123.0886,49.2366],[-123.0886,49.25636],[-123.08858,49.23373],[-123.08858,49.23467],[-123.08857,49.22906],[-123.08857,49.2382],[-123.08856,49.214],[-123.08856,49.23086],[-123.08856,49.25432],[-123.08856,49.27073],[-123.08855,49.23169],[-123.08854,49.23238],[-123.08854,49.24474],[-123.08854,49.25232],[-123.08854,49.25236],[-123.08854,49.25417],[-123.08854,49.25599],[-123.08854,49.25722],[-123.08854,49.28122],[-123.08853,49.24562],[-123.08853,49.2579],[-123.08852,49.21746],[-123.08852,49.23086],[-123.08852,49.23984],[-123.08852,49.24642],[-123.08852,49.24648],[-123.08852,49.25413],[-123.08852,49.27326],[-123.08851,49.24546],[-123.08851,49.2579],[-123.0885,49.214],[-123.0885,49.2421],[-123.0885,49.24215],[-123.0885,49.24736],[-123.0885,49.28105],[-123.08849,49.20844],[-123.08849,49.24167],[-123.08849,49.24744],[-123.08849,49.24961],[-123.08848,49.20844],[-123.08848,49.2454],[-123.08848,49.24561],[-123.08848,49.25753],[-123.08848,49.25757],[-123.08847,49.20838],[-123.08847,49.23238],[-123.08847,49.28163],[-123.08846,49.21393],[-123.08846,49.21746],[-123.08846,49.24173],[-123.08846,49.24642],[-123.08846,49.24647],[-123.08845,49.28163],[-123.08844,49.24554],[-123.08843,49.24736],[-123.08843,49.24745],[-123.08842,49.24965],[-123.08841,49.2454],[-123.08841,49.27923],[-123.08841,49.27931],[-123.0884,49.24467],[-123.08839,49.24474],[-123.08838,49.24467],[-123.08837,49.24546],[-123.08833,49.24304],[-123.08832,49.23471],[-123.08832,49.26645],[-123.08831,49.24308],[-123.0883,49.23521],[-123.0883,49.28383],[-123.08828,49.21121],[-123.08828,49.2348],[-123.08826,49.22311],[-123.08826,49.2348],[-123.08825,49.26661],[-123.08825,49.28394],[-123.08824,49.21211],[-123.08824,49.22307],[-123.08824,49.23563],[-123.08824,49.2361],[-123.08823,49.22273],[-123.08823,49.22351],[-123.08823,49.22357],[-123.08823,49.2357],[-123.08823,49.23614],[-123.08822,49.22404],[-123.08821,49.224],[-123.08821,49.23649],[-123.0882,49.21305],[-123.0882,49.22446],[-123.0882,49.22453],[-123.0882,49.2255],[-123.08819,49.22539],[-123.08818,49.22495],[-123.08818,49.22499],[-123.08818,49.25231],[-123.08817,49.21121],[-123.08816,49.23486],[-123.08816,49.23489],[-123.08815,49.23518],[-123.08815,49.23526],[-123.08815,49.23655],[-123.08814,49.23577],[-123.08814,49.24125],[-123.08813,49.22276],[-123.08813,49.22363],[-123.08813,49.23824],[-123.08813,49.23832],[-123.08813,49.24129],[-123.08812,49.21212],[-123.08812,49.24088],[-123.08811,49.24034],[-123.08811,49.24081],[-123.0881,49.22459],[-123.0881,49.22731],[-123.08809,49.21098],[-123.08809,49.21114],[-123.08809,49.21305],[-123.08809,49.22737],[-123.08809,49.23662],[-123.08808,49.24023],[-123.08807,49.21151],[-123.08807,49.22555],[-123.08807,49.23733],[-123.08807,49.27188],[-123.08807,49.2806],[-123.08806,49.21156],[-123.08806,49.21399],[-123.08806,49.23487],[-123.08806,49.23518],[-123.08806,49.23986],[-123.08806,49.27275],[-123.08806,49.28065],[-123.08805,49.22916],[-123.08805,49.23788],[-123.08805,49.24251],[-123.08805,49.24258],[-123.08804,49.21204],[-123.08804,49.22643],[-123.08804,49.22909],[-123.08804,49.27198],[-123.08803,49.21197],[-123.08803,49.22279],[-123.08803,49.23092],[-123.08803,49.23577],[-123.08803,49.25141],[-123.08803,49.25145],[-123.08801,49.2125],[-123.08801,49.23934],[-123.08801,49.24075],[-123.08801,49.27287],[-123.088,49.22743],[-123.088,49.231],[-123.08799,49.22363],[-123.08799,49.24017],[-123.08799,49.2416],[-123.08798,49.22459],[-123.08798,49.23481],[-123.08798,49.23664],[-123.08798,49.27702],[-123.08797,49.21292],[-123.08797,49.21299],[-123.08797,49.21486],[-123.08797,49.23519],[-123.08797,49.25928],[-123.08797,49.27698],[-123.08796,49.21398],[-123.08796,49.22556],[-123.08796,49.22903],[-123.08796,49.23241],[-123.08796,49.23246],[-123.08796,49.23277],[-123.08796,49.23734],[-123.08796,49.25923],[-123.08795,49.21571],[-123.08795,49.23294],[-123.08795,49.23523],[-123.08795,49.23788],[-123.08794,49.23033],[-123.08794,49.23563],[-123.08794,49.24336],[-123.08793,49.2125],[-123.08793,49.22644],[-123.08793,49.2436],[-123.08793,49.25833],[-123.08793,49.25837],[-123.08792,49.23086],[-123.08792,49.2357],[-123.08791,49.21661],[-123.08791,49.24444],[-123.0879,49.21246],[-123.0879,49.23934],[-123.0879,49.24075],[-123.0879,49.2454],[-123.0879,49.26738],[-123.08789,49.22743],[-123.08788,49.24017],[-123.08788,49.2416],[-123.08787,49.21392],[-123.08787,49.23271],[-123.08787,49.23609],[-123.08787,49.24614],[-123.08786,49.21746],[-123.08786,49.23471],[-123.08786,49.23613],[-123.08786,49.24244],[-123.08786,49.2505],[-123.08786,49.25054],[-123.08785,49.22904],[-123.08785,49.23824],[-123.08785,49.23831],[-123.08785,49.25003],[-123.08785,49.25011],[-123.08784,49.21385],[-123.08784,49.21833],[-123.08784,49.24318],[-123.08784,49.24703],[-123.08784,49.24745],[-123.08784,49.2675],[-123.08783,49.21485],[-123.08783,49.24337],[-123.08782,49.21918],[-123.08782,49.22234],[-123.08782,49.25094],[-123.08782,49.25101],[-123.08781,49.21571],[-123.08781,49.2481],[-123.0878,49.21662],[-123.0878,49.23033],[-123.0878,49.24087],[-123.0878,49.24849],[-123.0878,49.24907],[-123.0878,49.25184],[-123.08779,49.24125],[-123.08779,49.24166],[-123.08779,49.25191],[-123.08778,49.23086],[-123.08778,49.24129],[-123.08777,49.21746],[-123.08777,49.23154],[-123.08777,49.2421],[-123.08777,49.24214],[-123.08777,49.24251],[-123.08777,49.24258],[-123.08777,49.24539],[-123.08777,49.24613],[-123.08777,49.24997],[-123.08776,49.2148],[-123.08775,49.21473],[-123.08774,49.21833],[-123.08774,49.22265],[-123.08774,49.2327],[-123.08774,49.25088],[-123.08773,49.21918],[-123.08773,49.24324],[-123.08773,49.24331],[-123.08773,49.24699],[-123.08772,49.21656],[-123.08772,49.27059],[-123.08771,49.21646],[-123.08771,49.24745],[-123.0877,49.22205],[-123.0877,49.2481],[-123.0877,49.25178],[-123.0877,49.25201],[-123.08769,49.2365],[-123.08769,49.24546],[-123.08769,49.24842],[-123.08769,49.24907],[-123.08769,49.27701],[-123.08769,49.27788],[-123.08768,49.21739],[-123.08768,49.24553],[-123.08768,49.25238],[-123.08768,49.27793],[-123.08766,49.21732],[-123.08766,49.24653],[-123.08766,49.24997],[-123.08766,49.25317],[-123.08765,49.24173],[-123.08765,49.25673],[-123.08765,49.25675],[-123.08764,49.24661],[-123.08764,49.24701],[-123.08764,49.24751],[-123.08763,49.21903],[-123.08763,49.2191],[-123.08763,49.24705],[-123.08763,49.24758],[-123.08763,49.25379],[-123.08762,49.23562],[-123.08762,49.25082],[-123.08762,49.27084],[-123.08761,49.23569],[-123.08761,49.2547],[-123.0876,49.23562],[-123.08759,49.21988],[-123.08759,49.21995],[-123.08759,49.22192],[-123.08759,49.22199],[-123.08759,49.23985],[-123.08759,49.25178],[-123.08759,49.27749],[-123.08759,49.2775],[-123.08758,49.22231],[-123.08758,49.22235],[-123.08758,49.23569],[-123.08758,49.23989],[-123.08758,49.25201],[-123.08757,49.23657],[-123.08757,49.25238],[-123.08755,49.22265],[-123.08755,49.2565],[-123.08754,49.27839],[-123.08754,49.27841],[-123.08753,49.22272],[-123.08753,49.25317],[-123.08753,49.2766],[-123.08752,49.25094],[-123.08752,49.251],[-123.08752,49.25379],[-123.08752,49.27649],[-123.0875,49.21249],[-123.0875,49.23668],[-123.08748,49.23793],[-123.08748,49.25462],[-123.08748,49.27555],[-123.08747,49.2523],[-123.08747,49.25235],[-123.08747,49.25274],[-123.08747,49.25923],[-123.08747,49.25928],[-123.08746,49.2547],[-123.08746,49.27085],[-123.08745,49.23667],[-123.08745,49.25281],[-123.08745,49.27665],[-123.08744,49.2532],[-123.08744,49.25325],[-123.08743,49.2131],[-123.08743,49.21397],[-123.08743,49.23518],[-123.08743,49.23523],[-123.08743,49.25363],[-123.08743,49.25373],[-123.08742,49.23385],[-123.08742,49.23793],[-123.08742,49.25648],[-123.08742,49.26427],[-123.08742,49.27929],[-123.08741,49.23375],[-123.0874,49.25454],[-123.0874,49.25876],[-123.0874,49.25883],[-123.0874,49.25965],[-123.08739,49.25411],[-123.08739,49.25415],[-123.08739,49.25463],[-123.08739,49.25975],[-123.08739,49.27368],[-123.08739,49.27921],[-123.08738,49.25494],[-123.08737,49.21304],[-123.08737,49.21397],[-123.08737,49.26013],[-123.08737,49.26018],[-123.08736,49.26256],[-123.08735,49.22553],[-123.08735,49.22571],[-123.08735,49.26057],[-123.08735,49.26064],[-123.08735,49.26104],[-123.08735,49.26237],[-123.08735,49.27758],[-123.08735,49.28012],[-123.08735,49.2802],[-123.08734,49.26108],[-123.08734,49.26148],[-123.08734,49.26155],[-123.08734,49.27554],[-123.08734,49.28103],[-123.08733,49.21339],[-123.08733,49.2143],[-123.08733,49.21434],[-123.08733,49.26196],[-123.08733,49.26296],[-123.08733,49.28119],[-123.08732,49.26336],[-123.08732,49.26386],[-123.08732,49.27554],[-123.08731,49.21291],[-123.08731,49.21298],[-123.08731,49.21392],[-123.08731,49.26346],[-123.0873,49.21344],[-123.0873,49.21384],[-123.0873,49.25871],[-123.0873,49.26437],[-123.0873,49.27083],[-123.08729,49.22553],[-123.08729,49.2596],[-123.08729,49.27935],[-123.08729,49.28343],[-123.08728,49.22787],[-123.08728,49.23333],[-123.08728,49.23337],[-123.08728,49.27698],[-123.08727,49.25716],[-123.08726,49.26051],[-123.08726,49.26477],[-123.08726,49.27051],[-123.08725,49.20848],[-123.08725,49.20854],[-123.08725,49.26142],[-123.08725,49.26232],[-123.08725,49.27754],[-123.08725,49.28097],[-123.08725,49.28251],[-123.08724,49.28302],[-123.08723,49.20855],[-123.08723,49.28291],[-123.08723,49.28343],[-123.08722,49.22783],[-123.08722,49.24022],[-123.08722,49.2633],[-123.08722,49.27077],[-123.08721,49.24033],[-123.08721,49.24564],[-123.08721,49.27261],[-123.0872,49.24022],[-123.0872,49.2587],[-123.0872,49.28366],[-123.08719,49.24033],[-123.08719,49.24426],[-123.08719,49.24472],[-123.08719,49.27878],[-123.08719,49.28354],[-123.08718,49.2596],[-123.08718,49.26423],[-123.08717,49.24539],[-123.08717,49.27935],[-123.08717,49.28285],[-123.08716,49.25632],[-123.08716,49.25643],[-123.08716,49.25716],[-123.08716,49.26051],[-123.08715,49.24564],[-123.08715,49.27164],[-123.08714,49.26141],[-123.08713,49.26231],[-123.08711,49.24809],[-123.08711,49.24812],[-123.08711,49.25837],[-123.08709,49.25481],[-123.08709,49.26423],[-123.08709,49.28095],[-123.08708,49.22305],[-123.08708,49.2633],[-123.08707,49.22309],[-123.08707,49.27878],[-123.08705,49.23276],[-123.08705,49.23293],[-123.08705,49.26621],[-123.08705,49.27968],[-123.08703,49.23375],[-123.08703,49.27972],[-123.08702,49.22002],[-123.08702,49.25049],[-123.08701,49.27659],[-123.08701,49.28281],[-123.08699,49.26637],[-123.08699,49.27161],[-123.08698,49.23612],[-123.08698,49.23662],[-123.08696,49.21204],[-123.08696,49.22002],[-123.08696,49.23732],[-123.08695,49.21197],[-123.08695,49.23369],[-123.08695,49.25474],[-123.08694,49.27786],[-123.08693,49.23818],[-123.08692,49.27791],[-123.08691,49.27697],[-123.0869,49.23935],[-123.08688,49.24016],[-123.08688,49.27279],[-123.08687,49.23561],[-123.08687,49.23568],[-123.08687,49.23662],[-123.08687,49.24165],[-123.08687,49.24172],[-123.08686,49.21099],[-123.08686,49.21116],[-123.08685,49.23518],[-123.08685,49.23522],[-123.08685,49.23733],[-123.08684,49.23369],[-123.08683,49.23818],[-123.08682,49.27178],[-123.08681,49.2347],[-123.08681,49.23479],[-123.08681,49.277],[-123.0868,49.2735],[-123.08679,49.2365],[-123.08679,49.23656],[-123.08679,49.23935],[-123.08678,49.22537],[-123.08678,49.22548],[-123.08677,49.23292],[-123.08677,49.24016],[-123.08676,49.23276],[-123.08675,49.23374],[-123.08675,49.28057],[-123.08675,49.28062],[-123.08674,49.22736],[-123.08674,49.23822],[-123.08674,49.2383],[-123.08674,49.26464],[-123.08674,49.27042],[-123.08673,49.26474],[-123.08672,49.22729],[-123.08672,49.27282],[-123.08671,49.25927],[-123.0867,49.23984],[-123.0867,49.23988],[-123.0867,49.25922],[-123.0867,49.26718],[-123.08668,49.22554],[-123.08668,49.25513],[-123.08667,49.22908],[-123.08667,49.24022],[-123.08667,49.24391],[-123.08666,49.22444],[-123.08666,49.22915],[-123.08666,49.23384],[-123.08665,49.22451],[-123.08665,49.2447],[-123.08665,49.26479],[-123.08665,49.2673],[-123.08664,49.27067],[-123.08663,49.22712],[-123.08663,49.24539],[-123.08663,49.27647],[-123.08663,49.27657],[-123.0866,49.21654],[-123.0866,49.2281],[-123.0866,49.26675],[-123.0866,49.26709],[-123.0866,49.27174],[-123.0866,49.27352],[-123.08659,49.21644],[-123.08658,49.22553],[-123.08657,49.27163],[-123.08656,49.27281],[-123.08655,49.24646],[-123.08654,49.24472],[-123.08652,49.22718],[-123.08652,49.24538],[-123.08651,49.25528],[-123.08651,49.26479],[-123.0865,49.23332],[-123.0865,49.23336],[-123.0865,49.24646],[-123.08649,49.2281],[-123.08647,49.22053],[-123.08647,49.22062],[-123.08647,49.26639],[-123.08646,49.2433],[-123.08646,49.24551],[-123.08643,49.24545],[-123.08641,49.26103],[-123.08641,49.26675],[-123.08641,49.26709],[-123.0864,49.23659],[-123.08638,49.21303],[-123.08638,49.21395],[-123.08632,49.21303],[-123.08632,49.21654],[-123.08631,49.21395],[-123.0863,49.23518],[-123.08627,49.21296],[-123.08627,49.27419],[-123.08626,49.21381],[-123.08623,49.27405],[-123.08622,49.28101],[-123.08621,49.2191],[-123.08621,49.28117],[-123.0862,49.21902],[-123.08619,49.28249],[-123.08611,49.27031],[-123.0861,49.24074],[-123.0861,49.27919],[-123.08609,49.21865],[-123.08609,49.27927],[-123.08608,49.27401],[-123.08607,49.24998],[-123.08607,49.25009],[-123.08606,49.24159],[-123.08604,49.24244],[-123.08603,49.283],[-123.08601,49.24316],[-123.08601,49.27057],[-123.086,49.24957],[-123.08599,49.24389],[-123.08599,49.28288],[-123.08598,49.24961],[-123.08598,49.28288],[-123.08597,49.22552],[-123.08597,49.24448],[-123.08597,49.24865],[-123.08597,49.25047],[-123.08597,49.25051],[-123.08597,49.27419],[-123.08597,49.28284],[-123.08596,49.24078],[-123.08595,49.24532],[-123.08595,49.24699],[-123.08595,49.27405],[-123.08594,49.22727],[-123.08594,49.22735],[-123.08594,49.24703],[-123.08594,49.2491],[-123.08594,49.24917],[-123.08593,49.22676],[-123.08593,49.24154],[-123.08593,49.24749],[-123.08593,49.24756],[-123.08592,49.22907],[-123.08592,49.25008],[-123.08591,49.22722],[-123.08591,49.22914],[-123.08591,49.24244],[-123.08591,49.24807],[-123.08591,49.24811],[-123.08591,49.25001],[-123.08591,49.25047],[-123.08591,49.25051],[-123.0859,49.22552],[-123.08589,49.22812],[-123.08589,49.24316],[-123.08589,49.24646],[-123.08589,49.24992],[-123.08589,49.28244],[-123.08588,49.24853],[-123.08587,49.22903],[-123.08587,49.23661],[-123.08587,49.2527],[-123.08587,49.25281],[-123.08587,49.25498],[-123.08586,49.22676],[-123.08586,49.24447],[-123.08586,49.24905],[-123.08586,49.25181],[-123.08586,49.25188],[-123.08585,49.24185],[-123.08584,49.21125],[-123.08584,49.22721],[-123.08584,49.2373],[-123.08584,49.2421],[-123.08584,49.24531],[-123.08584,49.24994],[-123.08583,49.24249],[-123.08583,49.24256],[-123.08583,49.24742],[-123.08582,49.22814],[-123.08582,49.24322],[-123.08581,49.24288],[-123.08581,49.2433],[-123.08581,49.28236],[-123.0858,49.21209],[-123.0858,49.23909],[-123.0858,49.24847],[-123.0858,49.25085],[-123.08579,49.24033],[-123.08579,49.28288],[-123.08578,49.23383],[-123.08578,49.2356],[-123.08578,49.24646],[-123.08578,49.25262],[-123.08577,49.23478],[-123.08577,49.23567],[-123.08577,49.24389],[-123.08577,49.25175],[-123.08577,49.2547],[-123.08576,49.23383],[-123.08576,49.23661],[-123.08576,49.24016],[-123.08576,49.24458],[-123.08576,49.24465],[-123.08576,49.24904],[-123.08575,49.21301],[-123.08575,49.21394],[-123.08575,49.23609],[-123.08574,49.23373],[-123.08574,49.23732],[-123.08574,49.24503],[-123.08574,49.24507],[-123.08574,49.24544],[-123.08574,49.24551],[-123.08574,49.25195],[-123.08573,49.21125],[-123.08573,49.24995],[-123.08573,49.28287],[-123.08572,49.246],[-123.08572,49.24605],[-123.08572,49.24743],[-123.08572,49.25286],[-123.08571,49.2116],[-123.08571,49.25376],[-123.08571,49.2559],[-123.08571,49.25593],[-123.0857,49.25085],[-123.08569,49.21209],[-123.08569,49.23648],[-123.08569,49.23909],[-123.08569,49.24847],[-123.08569,49.25549],[-123.08568,49.24992],[-123.08568,49.25633],[-123.08568,49.2564],[-123.08567,49.21251],[-123.08567,49.22354],[-123.08567,49.23655],[-123.08566,49.24016],[-123.08566,49.25166],[-123.08566,49.25195],[-123.08566,49.25697],[-123.08566,49.28239],[-123.08565,49.21302],[-123.08564,49.21101],[-123.08564,49.21118],[-123.08564,49.21391],[-123.08564,49.21687],[-123.08564,49.21692],[-123.08564,49.23518],[-123.08562,49.21157],[-123.08562,49.22906],[-123.08561,49.21153],[-123.08561,49.21729],[-123.08561,49.21736],[-123.08561,49.21815],[-123.08561,49.22347],[-123.08561,49.25286],[-123.0856,49.21196],[-123.0856,49.21203],[-123.0856,49.2206],[-123.0856,49.25627],[-123.08559,49.20869],[-123.08559,49.21774],[-123.08559,49.21778],[-123.08559,49.21825],[-123.08559,49.22053],[-123.08559,49.23983],[-123.08559,49.25261],[-123.08558,49.2569],[-123.08557,49.20869],[-123.08557,49.21288],[-123.08557,49.21295],[-123.08557,49.24022],[-123.08557,49.25376],[-123.08556,49.21248],[-123.08556,49.21386],[-123.08556,49.23986],[-123.08556,49.27258],[-123.08555,49.21243],[-123.08555,49.21379],[-123.08555,49.28257],[-123.08554,49.22536],[-123.08552,49.21658],[-123.08552,49.21742],[-123.08552,49.22547],[-123.08552,49.25537],[-123.08552,49.27394],[-123.08551,49.25703],[-123.08549,49.25627],[-123.08549,49.25747],[-123.08549,49.25832],[-123.08549,49.25836],[-123.08548,49.22492],[-123.08548,49.25744],[-123.08548,49.25875],[-123.08547,49.22269],[-123.08547,49.2569],[-123.08547,49.25784],[-123.08547,49.25791],[-123.08547,49.25882],[-123.08546,49.25963],[-123.08546,49.26425],[-123.08545,49.22303],[-123.08545,49.22307],[-123.08545,49.22397],[-123.08545,49.22401],[-123.08545,49.22443],[-123.08545,49.2245],[-123.08543,49.21658],[-123.08543,49.25974],[-123.08543,49.26012],[-123.08543,49.26016],[-123.08543,49.27285],[-123.08542,49.20864],[-123.08542,49.26056],[-123.08542,49.26103],[-123.08542,49.26197],[-123.08542,49.28251],[-123.08541,49.21742],[-123.08541,49.22496],[-123.08541,49.24243],[-123.08541,49.26062],[-123.08541,49.26107],[-123.08541,49.28252],[-123.0854,49.21992],[-123.0854,49.26153],[-123.0854,49.26295],[-123.0854,49.2702],[-123.08539,49.21985],[-123.08539,49.25778],[-123.08539,49.26146],[-123.08539,49.28282],[-123.08538,49.25797],[-123.08538,49.26236],[-123.08538,49.26253],[-123.08538,49.26335],[-123.08537,49.22281],[-123.08537,49.25958],[-123.08537,49.26335],[-123.08537,49.26344],[-123.08536,49.22315],[-123.08536,49.26384],[-123.08535,49.22228],[-123.08535,49.22232],[-123.08535,49.22393],[-123.08535,49.22727],[-123.08535,49.22734],[-123.08535,49.26435],[-123.08535,49.26476],[-123.08534,49.24242],[-123.08533,49.26049],[-123.08532,49.22485],[-123.08531,49.22262],[-123.08531,49.2614],[-123.0853,49.22552],[-123.0853,49.2623],[-123.0853,49.26515],[-123.08529,49.219],[-123.08529,49.21907],[-123.08529,49.23659],[-123.08529,49.2633],[-123.08528,49.25778],[-123.08528,49.25797],[-123.08528,49.26329],[-123.08527,49.22281],[-123.08527,49.27045],[-123.08527,49.28287],[-123.08526,49.26417],[-123.08525,49.2651],[-123.08524,49.22393],[-123.08523,49.22316],[-123.08523,49.22739],[-123.08523,49.25539],[-123.08523,49.25551],[-123.08523,49.25957],[-123.08523,49.26048],[-123.08522,49.22485],[-123.08522,49.2272],[-123.08522,49.23659],[-123.08522,49.24902],[-123.08522,49.27736],[-123.08521,49.22223],[-123.08521,49.22236],[-123.08521,49.22812],[-123.08521,49.2614],[-123.08521,49.26524],[-123.0852,49.22552],[-123.08519,49.23982],[-123.08518,49.22269],[-123.08518,49.27744],[-123.08517,49.22302],[-123.08517,49.22306],[-123.08517,49.23268],[-123.08517,49.26228],[-123.08517,49.26329],[-123.08516,49.22262],[-123.08516,49.27644],[-123.08516,49.27655],[-123.08515,49.21863],[-123.08515,49.22346],[-123.08515,49.27696],[-123.08514,49.22396],[-123.08514,49.22401],[-123.08514,49.23982],[-123.08514,49.25195],[-123.08514,49.2642],[-123.08513,49.2272],[-123.08513,49.22739],[-123.08512,49.22442],[-123.08512,49.22449],[-123.08512,49.22812],[-123.08511,49.2651],[-123.0851,49.25195],[-123.08508,49.22197],[-123.08507,49.27827],[-123.08506,49.213],[-123.08506,49.21391],[-123.08506,49.22353],[-123.08506,49.27835],[-123.08506,49.27877],[-123.08505,49.22491],[-123.08505,49.22496],[-123.08505,49.27664],[-123.08505,49.27874],[-123.08505,49.27925],[-123.08503,49.27917],[-123.08503,49.28298],[-123.08502,49.22187],[-123.08502,49.28262],[-123.08501,49.213],[-123.085,49.21341],[-123.085,49.21391],[-123.08499,49.24329],[-123.08499,49.2568],[-123.08499,49.2775],[-123.08499,49.28008],[-123.08499,49.28014],[-123.08497,49.27841],[-123.08496,49.28115],[-123.08495,49.28098],[-123.08494,49.28196],[-123.08494,49.28207],[-123.08493,49.21429],[-123.08493,49.24322],[-123.08493,49.27931],[-123.08493,49.28156],[-123.08492,49.27665],[-123.08491,49.23268],[-123.0849,49.27751],[-123.0849,49.28263],[-123.08489,49.24389],[-123.08489,49.24395],[-123.08489,49.2808],[-123.08488,49.28274],[-123.08485,49.23297],[-123.08485,49.2784],[-123.08484,49.22495],[-123.08484,49.2819],[-123.08482,49.23274],[-123.08482,49.23461],[-123.08482,49.23481],[-123.08482,49.23553],[-123.08481,49.23572],[-123.0848,49.27931],[-123.08479,49.23821],[-123.08479,49.23827],[-123.08476,49.22491],[-123.08476,49.25374],[-123.08475,49.2366],[-123.08474,49.20876],[-123.08474,49.23297],[-123.08474,49.25266],[-123.08474,49.2528],[-123.08473,49.24243],[-123.08472,49.2087],[-123.08472,49.20876],[-123.08472,49.23481],[-123.08472,49.28079],[-123.08471,49.23553],[-123.08471,49.23573],[-123.08471,49.23815],[-123.0847,49.2087],[-123.0847,49.21466],[-123.0847,49.21473],[-123.0847,49.23462],[-123.08468,49.23923],[-123.08467,49.24242],[-123.08467,49.27242],[-123.08467,49.2819],[-123.08466,49.2329],[-123.08466,49.25179],[-123.08466,49.25186],[-123.08465,49.22546],[-123.08465,49.23656],[-123.08465,49.24015],[-123.08464,49.22727],[-123.08464,49.23329],[-123.08464,49.23373],[-123.08463,49.22734],[-123.08463,49.2338],[-123.08463,49.28263],[-123.08462,49.23566],[-123.08462,49.28097],[-123.08462,49.28114],[-123.08461,49.23426],[-123.08461,49.23515],[-123.08461,49.23519],[-123.08461,49.23559],[-123.08461,49.27258],[-123.0846,49.22535],[-123.0846,49.23468],[-123.0846,49.23475],[-123.0846,49.23605],[-123.0846,49.2361],[-123.0846,49.23645],[-123.0846,49.23815],[-123.08459,49.22495],[-123.08459,49.22535],[-123.08459,49.22566],[-123.08459,49.28294],[-123.08458,49.23651],[-123.08457,49.23924],[-123.08455,49.22647],[-123.08455,49.27874],[-123.08454,49.20844],[-123.08454,49.20849],[-123.08454,49.22718],[-123.08454,49.24014],[-123.08453,49.22566],[-123.08453,49.26846],[-123.08452,49.2274],[-123.08452,49.26848],[-123.08452,49.28265],[-123.08452,49.28284],[-123.08451,49.20844],[-123.08451,49.26572],[-123.0845,49.21773],[-123.0845,49.21777],[-123.0845,49.22818],[-123.08449,49.22856],[-123.08448,49.23982],[-123.08448,49.23985],[-123.08447,49.22718],[-123.08447,49.24021],[-123.08447,49.25135],[-123.08447,49.2514],[-123.08446,49.2274],[-123.08445,49.21728],[-123.08445,49.21735],[-123.08445,49.26571],[-123.08444,49.22817],[-123.08444,49.26588],[-123.08442,49.22884],[-123.08437,49.26844],[-123.08437,49.26845],[-123.08437,49.2701],[-123.08433,49.25045],[-123.08433,49.25049],[-123.08432,49.27024],[-123.08429,49.21337],[-123.08428,49.21899],[-123.08428,49.28059],[-123.08427,49.21195],[-123.08427,49.21813],[-123.08427,49.21824],[-123.08427,49.21906],[-123.08427,49.21983],[-123.08426,49.20893],[-123.08426,49.2199],[-123.08425,49.20894],[-123.08423,49.2699],[-123.08422,49.26995],[-123.08421,49.21161],[-123.08419,49.28279],[-123.08418,49.2112],[-123.08417,49.23653],[-123.08416,49.2116],[-123.08414,49.24158],[-123.08413,49.21194],[-123.08413,49.23816],[-123.08412,49.24458],[-123.08412,49.24502],[-123.08412,49.24505],[-123.08411,49.22051],[-123.08411,49.22491],[-123.08411,49.24242],[-123.08411,49.25685],[-123.0841,49.20888],[-123.0841,49.20889],[-123.0841,49.21],[-123.0841,49.25225],[-123.0841,49.25229],[-123.08409,49.22057],[-123.08409,49.24542],[-123.08409,49.24549],[-123.08409,49.24597],[-123.08409,49.24601],[-123.08408,49.2398],[-123.08408,49.2465],[-123.08408,49.24657],[-123.08408,49.24748],[-123.08408,49.25315],[-123.08408,49.2532],[-123.08408,49.27028],[-123.08408,49.28113],[-123.08408,49.28261],[-123.08407,49.23814],[-123.08407,49.24697],[-123.08407,49.24701],[-123.08406,49.24316],[-123.08406,49.24754],[-123.08406,49.25088],[-123.08406,49.25095],[-123.08406,49.27034],[-123.08405,49.24382],[-123.08405,49.24851],[-123.08405,49.24995],[-123.08405,49.25006],[-123.08405,49.28096],[-123.08404,49.24863],[-123.08404,49.25044],[-123.08404,49.25048],[-123.08404,49.25088],[-123.08404,49.25095],[-123.08404,49.2697],[-123.08403,49.2398],[-123.08402,49.24453],[-123.08402,49.24907],[-123.08402,49.24914],[-123.08401,49.24536],[-123.084,49.24954],[-123.08399,49.24155],[-123.08399,49.24958],[-123.08399,49.24998],[-123.08399,49.25005],[-123.08398,49.22726],[-123.08398,49.24644],[-123.08397,49.22732],[-123.08397,49.22905],[-123.08397,49.24741],[-123.08397,49.25048],[-123.08396,49.24032],[-123.08396,49.24243],[-123.08396,49.25734],[-123.08396,49.27735],[-123.08396,49.27743],[-123.08394,49.20994],[-123.08394,49.24065],[-123.08394,49.24845],[-123.08394,49.24987],[-123.08393,49.20883],[-123.08393,49.24068],[-123.08392,49.24453],[-123.08392,49.24901],[-123.08392,49.25743],[-123.08391,49.20883],[-123.08391,49.22586],[-123.08391,49.25231],[-123.08391,49.25276],[-123.0839,49.24992],[-123.08389,49.21104],[-123.08389,49.22648],[-123.08389,49.22649],[-123.08389,49.24536],[-123.08389,49.25268],[-123.08389,49.25405],[-123.08388,49.22739],[-123.08388,49.2282],[-123.08387,49.20796],[-123.08387,49.22721],[-123.08387,49.24644],[-123.08387,49.25082],[-123.08387,49.26973],[-123.08385,49.25359],[-123.08385,49.25366],[-123.08384,49.25172],[-123.08384,49.25453],[-123.08383,49.24841],[-123.08383,49.25191],[-123.08383,49.28057],[-123.08382,49.22912],[-123.08382,49.24897],[-123.08382,49.25378],[-123.08382,49.25496],[-123.08382,49.28051],[-123.08381,49.25232],[-123.08381,49.255],[-123.08381,49.2559],[-123.08381,49.26989],[-123.0838,49.25281],[-123.0838,49.28194],[-123.0838,49.28205],[-123.08379,49.24992],[-123.08379,49.2554],[-123.08378,49.22648],[-123.08378,49.22649],[-123.08378,49.22794],[-123.08378,49.25546],[-123.08377,49.22714],[-123.08377,49.22739],[-123.08377,49.25586],[-123.08377,49.2563],[-123.08377,49.25637],[-123.08376,49.25082],[-123.08375,49.25444],[-123.08373,49.25172],[-123.08372,49.22545],[-123.08372,49.2519],[-123.08371,49.25689],[-123.08371,49.25696],[-123.0837,49.22585],[-123.0837,49.24997],[-123.0837,49.25232],[-123.0837,49.25534],[-123.08369,49.22589],[-123.08369,49.23328],[-123.08369,49.27676],[-123.08368,49.23819],[-123.08368,49.23826],[-123.08368,49.25087],[-123.08368,49.25281],[-123.08367,49.20828],[-123.08367,49.25094],[-123.08366,49.25623],[-123.08365,49.25683],[-123.08364,49.20781],[-123.08364,49.25043],[-123.08364,49.25178],[-123.08364,49.25185],[-123.08364,49.26997],[-123.08363,49.25134],[-123.08363,49.25138],[-123.08362,49.23747],[-123.08362,49.25268],[-123.08362,49.25275],[-123.08362,49.27666],[-123.08361,49.25228],[-123.0836,49.20879],[-123.0836,49.23813],[-123.0836,49.28277],[-123.08359,49.20879],[-123.08359,49.25224],[-123.08359,49.25533],[-123.08358,49.22494],[-123.08358,49.26979],[-123.08357,49.23916],[-123.08357,49.2539],[-123.08356,49.2477],[-123.08356,49.24777],[-123.08355,49.23467],[-123.08355,49.25625],[-123.08354,49.23474],[-123.08354,49.24015],[-123.08354,49.25682],[-123.08354,49.25783],[-123.08354,49.25829],[-123.08354,49.25834],[-123.08353,49.2579],[-123.08353,49.25961],[-123.08353,49.25973],[-123.08352,49.25449],[-123.08352,49.25456],[-123.08352,49.25873],[-123.08352,49.2588],[-123.08352,49.27009],[-123.08351,49.23746],[-123.08351,49.2592],[-123.08351,49.25924],[-123.08351,49.2601],[-123.08351,49.26014],[-123.08351,49.27732],[-123.0835,49.25364],[-123.0835,49.25539],[-123.0835,49.26101],[-123.08349,49.23813],[-123.08349,49.25546],[-123.08349,49.26054],[-123.08349,49.26061],[-123.08349,49.26105],[-123.08349,49.26193],[-123.08348,49.23644],[-123.08348,49.2365],[-123.08347,49.26145],[-123.08347,49.26151],[-123.08347,49.26293],[-123.08346,49.21246],[-123.08346,49.23916],[-123.08345,49.23328],[-123.08345,49.25777],[-123.08345,49.26342],[-123.08345,49.26382],[-123.08344,49.20853],[-123.08344,49.24014],[-123.08344,49.25434],[-123.08344,49.25866],[-123.08344,49.26235],[-123.08344,49.26251],[-123.08344,49.26333],[-123.08343,49.23818],[-123.08343,49.23826],[-123.08343,49.24206],[-123.08343,49.24261],[-123.08343,49.26425],[-123.08342,49.25043],[-123.08342,49.25047],[-123.08342,49.25956],[-123.0834,49.26433],[-123.08339,49.21424],[-123.08339,49.21428],[-123.08339,49.25311],[-123.08339,49.26048],[-123.08339,49.28056],[-123.08338,49.2398],[-123.08338,49.24434],[-123.08338,49.26138],[-123.08338,49.26228],[-123.08337,49.23985],[-123.08337,49.24206],[-123.08337,49.25308],[-123.08337,49.26551],[-123.08336,49.24261],[-123.08336,49.26327],[-123.08335,49.2402],[-123.08335,49.25776],[-123.08335,49.28259],[-123.08334,49.2124],[-123.08334,49.21245],[-123.08334,49.21284],[-123.08334,49.21291],[-123.08333,49.208],[-123.08333,49.22123],[-123.08333,49.25866],[-123.08332,49.21128],[-123.08332,49.23288],[-123.08332,49.24762],[-123.08331,49.21333],[-123.08331,49.25956],[-123.08331,49.26418],[-123.08331,49.27833],[-123.0833,49.21338],[-123.0833,49.21384],[-123.0833,49.21464],[-123.0833,49.21471],[-123.0833,49.21639],[-123.0833,49.22118],[-123.0833,49.24843],[-123.08329,49.21181],[-123.08329,49.21377],[-123.08329,49.21647],[-123.08329,49.26048],[-123.08328,49.21684],[-123.08328,49.21689],[-123.08328,49.22804],[-123.08327,49.21727],[-123.08327,49.21734],[-123.08327,49.24763],[-123.08327,49.26139],[-123.08326,49.25004],[-123.08325,49.21821],[-123.08325,49.21945],[-123.08324,49.21812],[-123.08324,49.24843],[-123.08324,49.26229],[-123.08323,49.21296],[-123.08323,49.21477],[-123.08323,49.21857],[-123.08323,49.21861],[-123.08322,49.21397],[-123.08322,49.21569],[-123.08322,49.21904],[-123.08322,49.26014],[-123.08322,49.26327],[-123.08322,49.26416],[-123.08321,49.21567],[-123.08321,49.21898],[-123.08321,49.21942],[-123.08321,49.22804],[-123.08321,49.2601],[-123.0832,49.21653],[-123.0832,49.21982],[-123.08319,49.26101],[-123.08319,49.26105],[-123.08318,49.21128],[-123.08318,49.21739],[-123.08318,49.2205],[-123.08318,49.22056],[-123.08318,49.28152],[-123.08317,49.21988],[-123.08316,49.22788],[-123.08316,49.26191],[-123.08316,49.28152],[-123.08315,49.21181],[-123.08315,49.22344],[-123.08315,49.22781],[-123.08315,49.27831],[-123.08314,49.21828],[-123.08314,49.22185],[-123.08313,49.20889],[-123.08312,49.26292],[-123.08311,49.20889],[-123.08311,49.2089],[-123.08311,49.21298],[-123.08311,49.2139],[-123.08311,49.2191],[-123.08311,49.22739],[-123.0831,49.20835],[-123.0831,49.22192],[-123.0831,49.27742],[-123.08309,49.22128],[-123.08309,49.22351],[-123.08308,49.21477],[-123.08308,49.21994],[-123.08308,49.22225],[-123.08308,49.22229],[-123.08308,49.22259],[-123.08308,49.223],[-123.08308,49.22303],[-123.08308,49.25585],[-123.08308,49.25589],[-123.08307,49.21564],[-123.08307,49.21653],[-123.08306,49.27963],[-123.08305,49.2174],[-123.08305,49.22266],[-123.08305,49.22745],[-123.08304,49.21829],[-123.08304,49.22394],[-123.08304,49.22398],[-123.08304,49.22904],[-123.08303,49.20891],[-123.08303,49.22128],[-123.08302,49.2191],[-123.08302,49.23813],[-123.08302,49.27731],[-123.08301,49.21423],[-123.08301,49.21427],[-123.08301,49.22738],[-123.08301,49.22911],[-123.08301,49.27345],[-123.083,49.22198],[-123.08299,49.22118],[-123.08299,49.28066],[-123.08299,49.28266],[-123.08298,49.21972],[-123.08298,49.22271],[-123.08297,49.23977],[-123.08297,49.27323],[-123.08297,49.28193],[-123.08297,49.28203],[-123.08296,49.26105],[-123.08295,49.22063],[-123.08295,49.23814],[-123.08295,49.261],[-123.08293,49.22358],[-123.08292,49.24209],[-123.08292,49.25358],[-123.08291,49.23977],[-123.08291,49.24213],[-123.08291,49.27345],[-123.08291,49.2796],[-123.0829,49.21966],[-123.0829,49.22198],[-123.0829,49.24247],[-123.0829,49.27315],[-123.08289,49.21513],[-123.08289,49.22455],[-123.08289,49.24254],[-123.08288,49.21509],[-123.08288,49.22526],[-123.08288,49.24465],[-123.08287,49.22063],[-123.08287,49.24458],[-123.08286,49.22271],[-123.08284,49.22358],[-123.08284,49.24159],[-123.08284,49.24542],[-123.08284,49.24549],[-123.08284,49.26383],[-123.08284,49.27409],[-123.08283,49.27441],[-123.08282,49.24905],[-123.08282,49.24912],[-123.08281,49.20892],[-123.08281,49.2437],[-123.08281,49.24905],[-123.0828,49.20885],[-123.0828,49.21471],[-123.0828,49.22453],[-123.0828,49.24242],[-123.0828,49.2485],[-123.0828,49.24912],[-123.08279,49.21464],[-123.08279,49.22526],[-123.08279,49.24451],[-123.08277,49.21959],[-123.08277,49.24536],[-123.08276,49.2295],[-123.08276,49.2533],[-123.08276,49.26982],[-123.08274,49.24644],[-123.08273,49.24159],[-123.08272,49.22118],[-123.08272,49.22122],[-123.08272,49.23015],[-123.08272,49.24763],[-123.08272,49.26994],[-123.08272,49.27577],[-123.08271,49.24843],[-123.08271,49.27589],[-123.0827,49.23098],[-123.0827,49.25003],[-123.0827,49.2774],[-123.08269,49.22795],[-123.08269,49.24242],[-123.08269,49.2437],[-123.08268,49.22532],[-123.08268,49.22544],[-123.08268,49.27696],[-123.08267,49.23177],[-123.08267,49.24451],[-123.08267,49.27696],[-123.08265,49.21426],[-123.08265,49.24535],[-123.08264,49.27413],[-123.08263,49.24643],[-123.08263,49.25628],[-123.08263,49.27438],[-123.08262,49.23293],[-123.08262,49.24995],[-123.08262,49.25635],[-123.08261,49.2295],[-123.08261,49.24763],[-123.0826,49.24844],[-123.08259,49.22007],[-123.08259,49.23015],[-123.08259,49.23385],[-123.08259,49.2339],[-123.08258,49.21833],[-123.08257,49.27567],[-123.08256,49.22911],[-123.08256,49.23479],[-123.08256,49.27593],[-123.08255,49.23098],[-123.08255,49.2742],[-123.08254,49.28192],[-123.08254,49.28202],[-123.08253,49.22789],[-123.08253,49.23177],[-123.08253,49.2743],[-123.08252,49.2402],[-123.08251,49.23293],[-123.08251,49.23637],[-123.08251,49.27696],[-123.08251,49.28089],[-123.0825,49.23983],[-123.0825,49.28001],[-123.08249,49.23387],[-123.08249,49.28124],[-123.08248,49.21861],[-123.08248,49.23811],[-123.08247,49.22903],[-123.08247,49.23093],[-123.08247,49.28185],[-123.08246,49.22696],[-123.08246,49.23085],[-123.08246,49.23475],[-123.08246,49.23893],[-123.08245,49.28208],[-123.08244,49.21857],[-123.08244,49.23234],[-123.08243,49.21811],[-123.08243,49.2327],[-123.08243,49.24014],[-123.08243,49.27576],[-123.08243,49.27585],[-123.08243,49.27688],[-123.08243,49.28255],[-123.08242,49.23238],[-123.08242,49.23287],[-123.08241,49.22706],[-123.08241,49.23637],[-123.08241,49.2773],[-123.0824,49.21821],[-123.0824,49.23323],[-123.08239,49.2332],[-123.08239,49.28012],[-123.08238,49.23812],[-123.08236,49.23893],[-123.08235,49.21872],[-123.08235,49.2347],[-123.08234,49.26332],[-123.08234,49.26341],[-123.08233,49.26291],[-123.08233,49.28049],[-123.08232,49.21891],[-123.08232,49.24014],[-123.08231,49.23643],[-123.08231,49.23648],[-123.08231,49.28054],[-123.0823,49.21872],[-123.0823,49.22693],[-123.0823,49.28185],[-123.08229,49.22197],[-123.08229,49.23817],[-123.08229,49.28207],[-123.08229,49.28241],[-123.08228,49.23463],[-123.08228,49.23824],[-123.08228,49.28247],[-123.08226,49.21104],[-123.08225,49.2826],[-123.08224,49.22615],[-123.08224,49.22664],[-123.08223,49.22197],[-123.08223,49.22358],[-123.08223,49.22659],[-123.08223,49.26973],[-123.08222,49.22698],[-123.08222,49.28152],[-123.08221,49.20963],[-123.08221,49.22624],[-123.08221,49.27783],[-123.08221,49.28191],[-123.08221,49.28201],[-123.0822,49.20863],[-123.0822,49.27779],[-123.08219,49.21022],[-123.08219,49.28276],[-123.08218,49.24121],[-123.08218,49.26985],[-123.08218,49.2709],[-123.08218,49.27963],[-123.08217,49.22357],[-123.08216,49.27099],[-123.08215,49.28263],[-123.08214,49.24207],[-123.08213,49.24861],[-123.08212,49.24119],[-123.08208,49.24208],[-123.08207,49.24451],[-123.08205,49.20963],[-123.08205,49.22746],[-123.08204,49.24607],[-123.08204,49.24769],[-123.08204,49.24775],[-123.08203,49.21022],[-123.08203,49.22762],[-123.08201,49.27926],[-123.082,49.2274],[-123.082,49.22897],[-123.082,49.24451],[-123.082,49.24849],[-123.082,49.24898],[-123.08198,49.2112],[-123.08198,49.23098],[-123.08197,49.24607],[-123.08197,49.27786],[-123.08196,49.22762],[-123.08196,49.24762],[-123.08196,49.24987],[-123.08196,49.25003],[-123.08196,49.27821],[-123.08195,49.20957],[-123.08194,49.22746],[-123.08194,49.24843],[-123.08193,49.22898],[-123.08193,49.25189],[-123.08193,49.27905],[-123.08193,49.27957],[-123.08191,49.23098],[-123.08191,49.25097],[-123.0819,49.24698],[-123.0819,49.27786],[-123.08189,49.23179],[-123.08189,49.24898],[-123.08189,49.25318],[-123.08189,49.27739],[-123.08188,49.23326],[-123.08188,49.24761],[-123.08188,49.28266],[-123.08187,49.23812],[-123.08187,49.25259],[-123.08187,49.27818],[-123.08186,49.23975],[-123.08186,49.24844],[-123.08186,49.24988],[-123.08186,49.27906],[-123.08185,49.25007],[-123.08183,49.23325],[-123.08183,49.27729],[-123.08182,49.25097],[-123.0818,49.23639],[-123.0818,49.23975],[-123.0818,49.25441],[-123.08179,49.21967],[-123.08179,49.24904],[-123.08179,49.24911],[-123.08179,49.25681],[-123.08178,49.24848],[-123.08178,49.24861],[-123.08177,49.2495],[-123.08177,49.24954],[-123.08176,49.21637],[-123.08176,49.21647],[-123.08176,49.25228],[-123.08176,49.25531],[-123.08175,49.24994],[-123.08175,49.25001],[-123.08175,49.25188],[-123.08175,49.2652],[-123.08174,49.23639],[-123.08174,49.25092],[-123.08173,49.25084],[-123.08173,49.25621],[-123.08172,49.21956],[-123.08172,49.22189],[-123.08172,49.25313],[-123.08172,49.26966],[-123.08171,49.20901],[-123.08171,49.25674],[-123.08171,49.26955],[-123.08171,49.26978],[-123.08171,49.26995],[-123.0817,49.20895],[-123.0817,49.25174],[-123.0817,49.25183],[-123.08169,49.20901],[-123.08169,49.2403],[-123.08169,49.2544],[-123.08168,49.20895],[-123.08168,49.21651],[-123.08168,49.24062],[-123.08167,49.21245],[-123.08167,49.21707],[-123.08167,49.22343],[-123.08167,49.2235],[-123.08167,49.24066],[-123.08167,49.25301],[-123.08166,49.2124],[-123.08166,49.2553],[-123.08165,49.25232],[-123.08164,49.21826],[-123.08164,49.21864],[-123.08164,49.22491],[-123.08164,49.26949],[-123.08164,49.27316],[-123.08163,49.22195],[-123.08163,49.22496],[-123.08163,49.24208],[-123.08163,49.24212],[-123.08163,49.25621],[-123.08163,49.25737],[-123.08163,49.25918],[-123.08163,49.25922],[-123.08162,49.25362],[-123.08162,49.25687],[-123.08162,49.25741],[-123.08162,49.25781],[-123.08162,49.27305],[-123.08161,49.21153],[-123.08161,49.21157],[-123.08161,49.24246],[-123.08161,49.25275],[-123.08161,49.25356],[-123.08161,49.25674],[-123.0816,49.22263],[-123.0816,49.25446],[-123.0816,49.25453],[-123.0816,49.25788],[-123.0816,49.25827],[-123.0816,49.26341],[-123.08159,49.216],[-123.08159,49.25348],[-123.08159,49.25402],[-123.08159,49.25406],[-123.08159,49.25831],[-123.08159,49.25878],[-123.08159,49.2596],[-123.08159,49.27424],[-123.08158,49.25872],[-123.08158,49.27422],[-123.08157,49.25971],[-123.08157,49.26009],[-123.08157,49.26013],[-123.08157,49.26099],[-123.08157,49.26103],[-123.08157,49.26987],[-123.08157,49.27687],[-123.08156,49.22355],[-123.08155,49.21384],[-123.08155,49.21551],[-123.08155,49.21651],[-123.08155,49.24143],[-123.08155,49.24253],[-123.08155,49.26052],[-123.08155,49.26059],[-123.08155,49.2724],[-123.08154,49.21377],[-123.08154,49.21707],[-123.08154,49.21825],[-123.08154,49.26143],[-123.08154,49.2615],[-123.08154,49.26233],[-123.08154,49.2625],[-123.08154,49.26292],[-123.08154,49.27339],[-123.08153,49.21779],[-123.08153,49.21863],[-123.08153,49.22437],[-123.08153,49.24548],[-123.08153,49.26383],[-123.08153,49.26424],[-123.08153,49.26517],[-123.08153,49.27323],[-123.08153,49.27334],[-123.08153,49.27676],[-123.08152,49.22195],[-123.08152,49.25774],[-123.08152,49.25794],[-123.08152,49.26193],[-123.08151,49.24609],[-123.08151,49.26332],[-123.08151,49.26966],[-123.08151,49.27007],[-123.08151,49.27025],[-123.08151,49.27412],[-123.0815,49.22263],[-123.0815,49.24464],[-123.0815,49.24612],[-123.0815,49.26432],[-123.0815,49.26533],[-123.0815,49.27451],[-123.08149,49.24457],[-123.08149,49.24541],[-123.08149,49.24649],[-123.08149,49.26935],[-123.08148,49.22577],[-123.08148,49.25955],[-123.08148,49.26432],[-123.08147,49.22581],[-123.08146,49.21512],[-123.08146,49.22355],[-123.08146,49.26047],[-123.08145,49.21856],[-123.08145,49.2186],[-123.08145,49.22054],[-123.08145,49.22182],[-123.08145,49.22789],[-123.08145,49.24142],[-123.08145,49.24239],[-123.08145,49.26137],[-123.08145,49.26227],[-123.08145,49.27693],[-123.08144,49.21771],[-123.08144,49.21775],[-123.08144,49.21811],[-123.08144,49.21821],[-123.08144,49.21956],[-123.08144,49.21965],[-123.08144,49.24726],[-123.08144,49.24731],[-123.08144,49.27744],[-123.08143,49.21335],[-123.08143,49.28148],[-123.08142,49.22189],[-123.08142,49.22437],[-123.08142,49.24369],[-123.08142,49.27833],[-123.08142,49.28091],[-123.08141,49.22182],[-123.08141,49.25775],[-123.08141,49.28108],[-123.0814,49.23731],[-123.0814,49.24019],[-123.0814,49.2445],[-123.0814,49.25795],[-123.0814,49.26326],[-123.08139,49.22046],[-123.08139,49.22226],[-123.08139,49.2223],[-123.08139,49.22306],[-123.08139,49.22777],[-123.08139,49.23978],[-123.08139,49.24644],[-123.08139,49.26545],[-123.08139,49.27992],[-123.08139,49.28018],[-123.08138,49.22302],[-123.08138,49.23812],[-123.08138,49.24534],[-123.08138,49.26415],[-123.08138,49.26507],[-123.08137,49.23982],[-123.08137,49.25955],[-123.08136,49.2702],[-123.08136,49.27307],[-123.08136,49.28273],[-123.08135,49.2302],[-123.08135,49.26047],[-123.08135,49.27451],[-123.08135,49.28184],[-123.08134,49.22978],[-123.08134,49.22982],[-123.08134,49.23923],[-123.08134,49.24657],[-123.08134,49.26137],[-123.08134,49.26966],[-123.08134,49.2746],[-123.08134,49.28229],[-123.08134,49.28235],[-123.08133,49.22385],[-123.08133,49.24241],[-123.08133,49.26935],[-123.08133,49.26941],[-123.08133,49.27238],[-123.08133,49.28265],[-123.08132,49.26905],[-123.08131,49.24013],[-123.08131,49.24369],[-123.0813,49.21425],[-123.0813,49.2249],[-123.0813,49.22494],[-123.0813,49.23096],[-123.0813,49.26976],[-123.0813,49.2741],[-123.0813,49.27415],[-123.08129,49.22529],[-123.08129,49.22793],[-123.08129,49.23731],[-123.08129,49.24451],[-123.08129,49.24642],[-123.08129,49.25006],[-123.08129,49.26227],[-123.08129,49.27692],[-123.08128,49.22541],[-123.08128,49.26326],[-123.08128,49.27745],[-123.08127,49.22389],[-123.08127,49.23195],[-123.08127,49.24534],[-123.08127,49.25061],[-123.08127,49.26415],[-123.08126,49.22002],[-123.08126,49.23811],[-123.08126,49.24708],[-123.08126,49.24726],[-123.08126,49.27837],[-123.08125,49.21421],[-123.08125,49.22006],[-123.08125,49.22302],[-123.08124,49.22978],[-123.08124,49.26502],[-123.08123,49.23292],[-123.08123,49.23647],[-123.08123,49.23924],[-123.08123,49.2504],[-123.08123,49.26189],[-123.08123,49.26542],[-123.08123,49.27992],[-123.08122,49.21559],[-123.08122,49.28017],[-123.08121,49.22117],[-123.08121,49.22119],[-123.08121,49.23007],[-123.08121,49.23367],[-123.08121,49.24013],[-123.08121,49.24811],[-123.08121,49.24815],[-123.08121,49.27675],[-123.08121,49.27687],[-123.0812,49.2124],[-123.0812,49.21244],[-123.0812,49.23096],[-123.0812,49.26233],[-123.08119,49.24699],[-123.08119,49.24726],[-123.08119,49.24775],[-123.08119,49.25044],[-123.08119,49.26249],[-123.08119,49.28176],[-123.08118,49.22784],[-123.08118,49.22902],[-123.08118,49.26422],[-123.08118,49.2822],[-123.08117,49.22911],[-123.08117,49.24775],[-123.08117,49.26432],[-123.08117,49.27957],[-123.08117,49.27962],[-123.08117,49.2827],[-123.08116,49.23194],[-123.08115,49.22226],[-123.08115,49.23565],[-123.08115,49.2653],[-123.08114,49.22229],[-123.08114,49.27829],[-123.08113,49.21283],[-123.08113,49.2129],[-123.08113,49.23293],[-123.08113,49.23628],[-123.08113,49.26514],[-123.08113,49.27919],[-123.08112,49.28049],[-123.08111,49.23083],[-123.08111,49.2309],[-123.08111,49.28],[-123.08111,49.28009],[-123.0811,49.23366],[-123.08109,49.27819],[-123.08109,49.27909],[-123.08109,49.28237],[-123.08108,49.28191],[-123.08108,49.28226],[-123.08107,49.27404],[-123.08107,49.27415],[-123.08106,49.22385],[-123.08106,49.22389],[-123.08104,49.23232],[-123.08104,49.23236],[-123.08104,49.23285],[-123.08104,49.23565],[-123.08103,49.23268],[-123.08103,49.23318],[-123.08103,49.23628],[-123.08102,49.23321],[-123.08101,49.21193],[-123.08101,49.21202],[-123.08101,49.22341],[-123.08099,49.22341],[-123.08099,49.22348],[-123.08098,49.20908],[-123.08097,49.20904],[-123.08097,49.23488],[-123.08096,49.21638],[-123.08096,49.21647],[-123.08095,49.23483],[-123.08094,49.20908],[-123.08094,49.2206],[-123.08093,49.20904],[-123.08093,49.20946],[-123.08093,49.20957],[-123.08092,49.22007],[-123.08092,49.23641],[-123.0809,49.20796],[-123.0809,49.21119],[-123.0809,49.22235],[-123.0809,49.24123],[-123.08088,49.21103],[-123.08088,49.21651],[-123.08088,49.2206],[-123.08087,49.24199],[-123.08086,49.24648],[-123.08085,49.21949],[-123.08084,49.26963],[-123.08084,49.26975],[-123.08083,49.20913],[-123.08083,49.22236],[-123.08082,49.20959],[-123.08082,49.21651],[-123.08082,49.25238],[-123.08081,49.22229],[-123.08081,49.24198],[-123.08081,49.28265],[-123.0808,49.23811],[-123.0808,49.23977],[-123.0808,49.24259],[-123.0808,49.24657],[-123.08079,49.20789],[-123.08078,49.21949],[-123.08077,49.26513],[-123.08077,49.26529],[-123.08075,49.24642],[-123.08074,49.2381],[-123.08073,49.21956],[-123.08071,49.20914],[-123.08071,49.23973],[-123.0807,49.20959],[-123.0807,49.28143],[-123.08069,49.24642],[-123.08068,49.21022],[-123.08067,49.25189],[-123.08066,49.25254],[-123.08066,49.28283],[-123.0806,49.23076],[-123.08059,49.22224],[-123.08059,49.23101],[-123.08053,49.23076],[-123.08052,49.23096],[-123.0805,49.20913],[-123.08049,49.20905],[-123.08049,49.245],[-123.08049,49.24504],[-123.08043,49.23472],[-123.08043,49.23474],[-123.08041,49.23637],[-123.08041,49.24029],[-123.0804,49.24066],[-123.08039,49.24061],[-123.08039,49.28271],[-123.08038,49.27687],[-123.08037,49.25829],[-123.08036,49.23587],[-123.08036,49.23636],[-123.08036,49.24207],[-123.08036,49.24211],[-123.08035,49.23816],[-123.08035,49.23822],[-123.08035,49.24245],[-123.08035,49.24547],[-123.08034,49.24252],[-123.08032,49.22224],[-123.08031,49.2181],[-123.08031,49.2578],[-123.0803,49.2182],[-123.0803,49.223],[-123.0803,49.22304],[-123.0803,49.24457],[-123.0803,49.24463],[-123.0803,49.2454],[-123.08029,49.21376],[-123.08029,49.22057],[-123.08028,49.21383],[-123.08028,49.2142],[-123.08028,49.21424],[-123.08028,49.23729],[-123.08028,49.23976],[-123.08028,49.23979],[-123.08028,49.24018],[-123.08028,49.24136],[-123.08027,49.21469],[-123.08027,49.25778],[-123.08026,49.21599],[-123.08026,49.23809],[-123.08026,49.2424],[-123.08026,49.25738],[-123.08026,49.2574],[-123.08025,49.21462],[-123.08025,49.21508],[-123.08025,49.21512],[-123.08025,49.2155],[-123.08025,49.2197],[-123.08024,49.21557],[-123.08024,49.22202],[-123.08024,49.28226],[-123.08023,49.21595],[-123.08023,49.21636],[-123.08023,49.21644],[-123.08023,49.2177],[-123.08023,49.21775],[-123.08023,49.23082],[-123.08023,49.23908],[-123.08023,49.24354],[-123.08022,49.21855],[-123.08022,49.21859],[-123.08022,49.28236],[-123.08021,49.23089],[-123.08021,49.24451],[-123.0802,49.24005],[-123.0802,49.24012],[-123.08019,49.21389],[-123.08019,49.24534],[-123.08018,49.22057],[-123.08018,49.22353],[-123.08018,49.24137],[-123.08018,49.25788],[-123.08018,49.27594],[-123.08017,49.21475],[-123.08017,49.23728],[-123.08016,49.21335],[-123.08016,49.24643],[-123.08016,49.283],[-123.08015,49.21563],[-123.08015,49.23809],[-123.08015,49.24242],[-123.08015,49.27585],[-123.08015,49.28285],[-123.08014,49.21651],[-123.08014,49.21713],[-123.08014,49.21971],[-123.08014,49.22195],[-123.08014,49.2244],[-123.08014,49.25787],[-123.08012,49.21827],[-123.08012,49.23646],[-123.08012,49.23908],[-123.08012,49.24354],[-123.08012,49.2476],[-123.08011,49.2133],[-123.0801,49.22547],[-123.0801,49.24006],[-123.0801,49.2445],[-123.08009,49.22044],[-123.08009,49.22051],[-123.08009,49.22585],[-123.08009,49.24012],[-123.08009,49.2484],[-123.08008,49.21119],[-123.08008,49.21389],[-123.08008,49.24534],[-123.08008,49.27602],[-123.08007,49.22353],[-123.08007,49.22634],[-123.08007,49.24895],[-123.08007,49.25584],[-123.08007,49.2829],[-123.08006,49.21335],[-123.08006,49.21475],[-123.08005,49.21151],[-123.08005,49.21155],[-123.08005,49.21192],[-123.08005,49.21563],[-123.08005,49.22708],[-123.08005,49.24921],[-123.08004,49.21651],[-123.08004,49.2244],[-123.08004,49.24636],[-123.08003,49.21201],[-123.08003,49.21239],[-123.08003,49.21243],[-123.08003,49.21282],[-123.08003,49.21713],[-123.08003,49.28276],[-123.08002,49.21289],[-123.08002,49.24408],[-123.08002,49.25274],[-123.08001,49.21828],[-123.08001,49.24413],[-123.08001,49.24743],[-123.08001,49.25076],[-123.08001,49.25581],[-123.08001,49.25584],[-123.08001,49.28107],[-123.08,49.22551],[-123.08,49.22895],[-123.08,49.24463],[-123.08,49.2484],[-123.08,49.26189],[-123.08,49.26192],[-123.07999,49.22339],[-123.07999,49.22346],[-123.07999,49.24456],[-123.07999,49.24499],[-123.07999,49.24504],[-123.07998,49.22586],[-123.07998,49.2454],[-123.07998,49.24547],[-123.07998,49.25165],[-123.07998,49.25353],[-123.07998,49.2536],[-123.07997,49.21128],[-123.07997,49.22634],[-123.07996,49.2218],[-123.07996,49.22187],[-123.07996,49.2323],[-123.07996,49.24592],[-123.07996,49.24597],[-123.07996,49.24642],[-123.07996,49.24895],[-123.07996,49.25443],[-123.07996,49.2545],[-123.07995,49.2116],[-123.07995,49.21638],[-123.07995,49.21644],[-123.07995,49.23002],[-123.07995,49.23234],[-123.07995,49.23316],[-123.07995,49.23319],[-123.07995,49.2465],[-123.07995,49.24694],[-123.07995,49.24922],[-123.07995,49.25266],[-123.07994,49.21207],[-123.07994,49.21599],[-123.07993,49.21246],[-123.07993,49.22728],[-123.07993,49.25534],[-123.07993,49.25581],[-123.07993,49.27602],[-123.07992,49.21297],[-123.07992,49.2177],[-123.07992,49.21774],[-123.07992,49.23073],[-123.07992,49.23094],[-123.07992,49.24756],[-123.07992,49.25541],[-123.07991,49.21595],[-123.07991,49.22488],[-123.07991,49.22491],[-123.07991,49.22539],[-123.07991,49.24749],[-123.0799,49.25347],[-123.0799,49.26051],[-123.07989,49.22527],[-123.07989,49.2317],[-123.07989,49.24846],[-123.07989,49.2504],[-123.07989,49.25076],[-123.07989,49.25624],[-123.07989,49.25631],[-123.07989,49.26058],[-123.07988,49.21956],[-123.07988,49.21963],[-123.07988,49.22896],[-123.07987,49.2258],[-123.07987,49.24858],[-123.07987,49.24908],[-123.07987,49.25438],[-123.07987,49.25673],[-123.07986,49.249],[-123.07986,49.2568],[-123.07986,49.27584],[-123.07986,49.27594],[-123.07985,49.25528],[-123.07985,49.27686],[-123.07984,49.21809],[-123.07984,49.2182],[-123.07984,49.23002],[-123.07984,49.23291],[-123.07984,49.24947],[-123.07984,49.24951],[-123.07983,49.21127],[-123.07983,49.21207],[-123.07983,49.22001],[-123.07983,49.22006],[-123.07983,49.24998],[-123.07983,49.25183],[-123.07983,49.27672],[-123.07982,49.21159],[-123.07982,49.23075],[-123.07982,49.24991],[-123.07981,49.21296],[-123.07981,49.23094],[-123.07981,49.25251],[-123.0798,49.23424],[-123.0798,49.25214],[-123.0798,49.25618],[-123.0798,49.27502],[-123.07979,49.2317],[-123.07979,49.25081],[-123.07979,49.25346],[-123.07978,49.23494],[-123.07978,49.25087],[-123.07978,49.25667],[-123.07977,49.23566],[-123.07976,49.229],[-123.07976,49.25437],[-123.07976,49.2809],[-123.07975,49.22909],[-123.07974,49.2329],[-123.07974,49.23633],[-123.07973,49.2828],[-123.07972,49.25528],[-123.07971,49.25186],[-123.0797,49.23423],[-123.0797,49.25776],[-123.0797,49.25789],[-123.0797,49.26962],[-123.07969,49.25618],[-123.07969,49.26975],[-123.07968,49.2345],[-123.07968,49.23493],[-123.07968,49.25443],[-123.07967,49.23809],[-123.07967,49.2545],[-123.07967,49.25667],[-123.07966,49.28296],[-123.07964,49.2597],[-123.07963,49.23636],[-123.07963,49.25958],[-123.07961,49.23808],[-123.07961,49.26148],[-123.0796,49.21093],[-123.0796,49.23479],[-123.0796,49.24244],[-123.0796,49.25631],[-123.0796,49.26098],[-123.07959,49.26102],[-123.07958,49.22058],[-123.07958,49.25256],[-123.07958,49.26141],[-123.07957,49.23485],[-123.07955,49.27522],[-123.07953,49.2587],[-123.07953,49.25877],[-123.07952,49.24244],[-123.07951,49.22058],[-123.07951,49.22193],[-123.07951,49.26136],[-123.07949,49.26011],[-123.07949,49.26051],[-123.07949,49.26058],[-123.07949,49.26326],[-123.07948,49.22353],[-123.07948,49.26008],[-123.07947,49.26415],[-123.07947,49.27726],[-123.07947,49.27737],[-123.07946,49.27817],[-123.07945,49.22195],[-123.07945,49.26152],[-123.07945,49.26505],[-123.07944,49.22416],[-123.07942,49.27774],[-123.07941,49.22353],[-123.07941,49.27779],[-123.07941,49.27908],[-123.07941,49.27917],[-123.0794,49.25489],[-123.0794,49.26136],[-123.0794,49.27522],[-123.07939,49.24742],[-123.07939,49.25493],[-123.07939,49.27827],[-123.07938,49.22422],[-123.07937,49.2177],[-123.07937,49.27691],[-123.07937,49.27741],[-123.07936,49.21651],[-123.07936,49.27492],[-123.07936,49.27504],[-123.07935,49.26325],[-123.07934,49.21826],[-123.07933,49.26415],[-123.07933,49.27833],[-123.07933,49.28285],[-123.07931,49.26505],[-123.07931,49.27503],[-123.07931,49.28099],[-123.0793,49.27923],[-123.0793,49.28118],[-123.07929,49.21651],[-123.07929,49.26141],[-123.07929,49.2623],[-123.07929,49.26249],[-123.07929,49.27963],[-123.07928,49.21284],[-123.07927,49.21826],[-123.07927,49.23077],[-123.07927,49.23084],[-123.07927,49.2829],[-123.07927,49.28301],[-123.07926,49.26288],[-123.07926,49.26291],[-123.07926,49.26382],[-123.07926,49.28083],[-123.07925,49.26339],[-123.07925,49.26378],[-123.07925,49.28097],[-123.07924,49.28283],[-123.07923,49.21208],[-123.07923,49.2633],[-123.07923,49.2643],[-123.07922,49.23821],[-123.07922,49.2554],[-123.07922,49.27691],[-123.07921,49.2182],[-123.07921,49.2307],[-123.07921,49.25533],[-123.07921,49.2642],[-123.0792,49.2309],[-123.0792,49.23814],[-123.0792,49.26512],[-123.0792,49.26528],[-123.0792,49.2822],[-123.07919,49.23975],[-123.07919,49.23979],[-123.07918,49.23156],[-123.07918,49.27781],[-123.07917,49.21208],[-123.07917,49.23229],[-123.07917,49.23234],[-123.07916,49.2368],[-123.07916,49.24017],[-123.07915,49.2307],[-123.07915,49.27868],[-123.07914,49.2309],[-123.07914,49.23764],[-123.07913,49.21511],[-123.07913,49.23808],[-123.07913,49.2406],[-123.07913,49.27685],[-123.07912,49.21599],[-123.07912,49.23847],[-123.07912,49.24028],[-123.07912,49.24065],[-123.07912,49.27962],[-123.07911,49.21247],[-123.07911,49.23157],[-123.0791,49.2339],[-123.0791,49.27811],[-123.07909,49.23929],[-123.07909,49.27763],[-123.07909,49.27774],[-123.07909,49.27815],[-123.07909,49.2808],[-123.07908,49.28101],[-123.07907,49.23492],[-123.07907,49.24012],[-123.07907,49.24249],[-123.07906,49.23322],[-123.07906,49.24257],[-123.07905,49.23679],[-123.07904,49.23572],[-123.07904,49.28218],[-123.07903,49.21058],[-123.07903,49.23636],[-123.07903,49.23763],[-123.07903,49.25154],[-123.07903,49.28197],[-123.07902,49.2526],[-123.07902,49.25269],[-123.07902,49.26383],[-123.079,49.23492],[-123.079,49.23848],[-123.079,49.24141],[-123.079,49.2526],[-123.079,49.25269],[-123.07898,49.23931],[-123.07898,49.25916],[-123.07898,49.2592],[-123.07898,49.28304],[-123.07897,49.24243],[-123.07897,49.26831],[-123.07896,49.24012],[-123.07896,49.26962],[-123.07895,49.26974],[-123.07893,49.2197],[-123.07893,49.24449],[-123.07893,49.2695],[-123.07892,49.2373],[-123.07892,49.23812],[-123.07892,49.23817],[-123.07891,49.22056],[-123.07891,49.2386],[-123.07891,49.23896],[-123.07891,49.239],[-123.0789,49.2829],[-123.07889,49.24141],[-123.07888,49.22116],[-123.07888,49.23937],[-123.07888,49.23944],[-123.07888,49.23978],[-123.07888,49.23981],[-123.07888,49.27321],[-123.07887,49.24017],[-123.07886,49.22191],[-123.07886,49.24242],[-123.07886,49.2517],[-123.07886,49.27311],[-123.07885,49.2614],[-123.07884,49.22261],[-123.07884,49.22773],[-123.07884,49.24028],[-123.07884,49.26135],[-123.07884,49.26148],[-123.07883,49.22764],[-123.07883,49.27402],[-123.07883,49.27412],[-123.07882,49.21969],[-123.07882,49.23233],[-123.07882,49.24062],[-123.07882,49.24066],[-123.07882,49.27052],[-123.07881,49.23853],[-123.07881,49.27238],[-123.07881,49.28135],[-123.0788,49.21149],[-123.0788,49.22055],[-123.0788,49.24448],[-123.0788,49.26853],[-123.07879,49.22356],[-123.07879,49.26135],[-123.07878,49.21096],[-123.07878,49.23896],[-123.07878,49.239],[-123.07878,49.2695],[-123.07878,49.27206],[-123.07876,49.22424],[-123.07876,49.26504],[-123.07876,49.273],[-123.07876,49.27329],[-123.07875,49.21962],[-123.07874,49.2219],[-123.07874,49.27394],[-123.07874,49.27417],[-123.07873,49.22544],[-123.07873,49.23691],[-123.07872,49.21637],[-123.07872,49.24455],[-123.07872,49.27507],[-123.07871,49.21643],[-123.07871,49.22042],[-123.07871,49.22049],[-123.07871,49.22261],[-123.0787,49.23685],[-123.0787,49.27592],[-123.0787,49.27597],[-123.07869,49.28135],[-123.07868,49.21063],[-123.07868,49.22349],[-123.07868,49.26871],[-123.07868,49.26882],[-123.07867,49.27051],[-123.07866,49.2647],[-123.07865,49.22178],[-123.07865,49.22184],[-123.07865,49.22425],[-123.07864,49.21134],[-123.07864,49.23073],[-123.07863,49.23079],[-123.07862,49.21111],[-123.07862,49.21651],[-123.07862,49.22543],[-123.07862,49.27207],[-123.07862,49.27238],[-123.07861,49.21777],[-123.07861,49.273],[-123.0786,49.21129],[-123.0786,49.21825],[-123.0786,49.22913],[-123.0786,49.23229],[-123.0786,49.23233],[-123.0786,49.27327],[-123.07859,49.21877],[-123.07859,49.22336],[-123.07859,49.22346],[-123.07859,49.23775],[-123.07859,49.27395],[-123.07858,49.25307],[-123.07858,49.27417],[-123.07857,49.21461],[-123.07857,49.23284],[-123.07857,49.23478],[-123.07856,49.23263],[-123.07856,49.23314],[-123.07856,49.23318],[-123.07856,49.26132],[-123.07856,49.27508],[-123.07855,49.2731],[-123.07855,49.27597],[-123.07854,49.23064],[-123.07854,49.25311],[-123.07854,49.2732],[-123.07853,49.22523],[-123.07853,49.23102],[-123.07852,49.21203],[-123.07852,49.27156],[-123.07852,49.27401],[-123.07851,49.21651],[-123.07851,49.22912],[-123.07851,49.23156],[-123.0785,49.21777],[-123.0785,49.26691],[-123.0785,49.27146],[-123.0785,49.27156],[-123.07849,49.23768],[-123.07849,49.27411],[-123.07848,49.21018],[-123.07848,49.21824],[-123.07848,49.21878],[-123.07848,49.2329],[-123.07848,49.27491],[-123.07848,49.27502],[-123.07848,49.27678],[-123.07847,49.23321],[-123.07847,49.23485],[-123.07846,49.27582],[-123.07846,49.27591],[-123.07845,49.21328],[-123.07845,49.23644],[-123.07844,49.21155],[-123.07844,49.21245],[-123.07844,49.21333],[-123.07844,49.23063],[-123.07843,49.2125],[-123.07843,49.23392],[-123.07843,49.23648],[-123.07843,49.27671],[-123.07842,49.21814],[-123.07842,49.2182],[-123.07842,49.23102],[-123.07842,49.26701],[-123.07841,49.22489],[-123.0784,49.21025],[-123.0784,49.21769],[-123.0784,49.21773],[-123.0784,49.21806],[-123.0784,49.22898],[-123.0784,49.22907],[-123.0784,49.23157],[-123.07839,49.23491],[-123.07839,49.28142],[-123.07838,49.25528],[-123.07837,49.25541],[-123.07836,49.21955],[-123.07835,49.23077],[-123.07834,49.2329],[-123.07834,49.28309],[-123.07833,49.2307],[-123.07833,49.23321],[-123.07833,49.23393],[-123.07833,49.23677],[-123.07833,49.26961],[-123.07833,49.26974],[-123.07832,49.2421],[-123.07832,49.24214],[-123.07831,49.24242],[-123.07829,49.23491],[-123.07828,49.24469],[-123.07827,49.28294],[-123.07826,49.21373],[-123.07826,49.24189],[-123.07825,49.21373],[-123.07825,49.21381],[-123.07825,49.24242],[-123.07825,49.2731],[-123.07824,49.28122],[-123.07823,49.2146],[-123.07823,49.24898],[-123.07823,49.27321],[-123.07822,49.21086],[-123.07822,49.21418],[-123.07822,49.21467],[-123.07822,49.21546],[-123.07822,49.21553],[-123.07822,49.23677],[-123.07822,49.24905],[-123.07821,49.21159],[-123.07821,49.2146],[-123.07821,49.21546],[-123.07821,49.24945],[-123.07821,49.24949],[-123.0782,49.21423],[-123.0782,49.21553],[-123.0782,49.26147],[-123.0782,49.26161],[-123.07819,49.22057],[-123.07819,49.23729],[-123.07819,49.24995],[-123.07818,49.21593],[-123.07818,49.21597],[-123.07818,49.24989],[-123.07817,49.25035],[-123.07817,49.25039],[-123.07817,49.27946],[-123.07815,49.21504],[-123.07815,49.21508],[-123.07815,49.23729],[-123.07815,49.24469],[-123.07815,49.2616],[-123.07814,49.22191],[-123.07814,49.23643],[-123.07814,49.23646],[-123.07814,49.26502],[-123.07814,49.27954],[-123.07813,49.21196],[-123.07813,49.22056],[-123.07813,49.24892],[-123.07812,49.23683],[-123.07812,49.26413],[-123.07811,49.28223],[-123.07811,49.28234],[-123.0781,49.21196],[-123.0781,49.24982],[-123.07809,49.22351],[-123.07809,49.25069],[-123.07808,49.23852],[-123.07808,49.24462],[-123.07808,49.25306],[-123.07808,49.2531],[-123.07807,49.22191],[-123.07807,49.23859],[-123.07807,49.2535],[-123.07807,49.26495],[-123.07806,49.21643],[-123.07806,49.25357],[-123.07806,49.25491],[-123.07805,49.25098],[-123.07805,49.25397],[-123.07804,49.21636],[-123.07804,49.22352],[-123.07804,49.25401],[-123.07803,49.24892],[-123.07803,49.2544],[-123.07802,49.25254],[-123.07802,49.25447],[-123.07802,49.25487],[-123.078,49.22586],[-123.078,49.24982],[-123.07799,49.25628],[-123.07798,49.25344],[-123.07797,49.23223],[-123.07797,49.25622],[-123.07796,49.23219],[-123.07795,49.25675],[-123.07794,49.22757],[-123.07794,49.25084],[-123.07794,49.25434],[-123.07794,49.25665],[-123.07793,49.22586],[-123.07791,49.21204],[-123.07791,49.25919],[-123.0779,49.21188],[-123.0779,49.21241],[-123.0779,49.21246],[-123.0779,49.21284],[-123.0779,49.25526],[-123.0779,49.25916],[-123.07789,49.21293],[-123.07788,49.2605],[-123.07788,49.26056],[-123.07787,49.22757],[-123.07787,49.25254],[-123.07787,49.25612],[-123.07786,49.21651],[-123.07786,49.25343],[-123.07785,49.25658],[-123.07784,49.24747],[-123.07783,49.23935],[-123.07783,49.24754],[-123.07783,49.25433],[-123.07783,49.25672],[-123.07782,49.21825],[-123.07782,49.23057],[-123.07782,49.23125],[-123.07782,49.23942],[-123.07782,49.26961],[-123.07782,49.26973],[-123.07781,49.2121],[-123.07781,49.21299],[-123.07781,49.23171],[-123.07781,49.23262],[-123.07781,49.25735],[-123.0778,49.23224],[-123.0778,49.25524],[-123.07779,49.2165],[-123.07779,49.23315],[-123.07779,49.25825],[-123.07779,49.2597],[-123.07777,49.24249],[-123.07777,49.25612],[-123.07777,49.25737],[-123.07777,49.25785],[-123.07777,49.25828],[-123.07777,49.25956],[-123.07777,49.26287],[-123.07776,49.23283],[-123.07776,49.24256],[-123.07776,49.26006],[-123.07776,49.2601],[-123.07775,49.21825],[-123.07775,49.2332],[-123.07775,49.25657],[-123.07775,49.26961],[-123.07775,49.26973],[-123.07774,49.23171],[-123.07774,49.23346],[-123.07774,49.25778],[-123.07774,49.25917],[-123.07774,49.2629],[-123.07773,49.23313],[-123.07772,49.23217],[-123.07772,49.25759],[-123.07772,49.26103],[-123.07772,49.26153],[-123.07771,49.24139],[-123.07771,49.2622],[-123.07771,49.26256],[-123.0777,49.25863],[-123.0777,49.26044],[-123.07769,49.2332],[-123.07769,49.24262],[-123.07769,49.24798],[-123.07768,49.23491],[-123.07768,49.24242],[-123.07768,49.25952],[-123.07767,49.22489],[-123.07765,49.25771],[-123.07764,49.25812],[-123.07763,49.22485],[-123.07763,49.26413],[-123.07762,49.23491],[-123.07761,49.24139],[-123.07761,49.265],[-123.0776,49.22054],[-123.07758,49.2211],[-123.07758,49.24242],[-123.07757,49.2581],[-123.07756,49.24262],[-123.07755,49.2219],[-123.07755,49.22538],[-123.07755,49.26612],[-123.07754,49.22522],[-123.07754,49.25771],[-123.07754,49.26887],[-123.07753,49.26684],[-123.07753,49.26865],[-123.07752,49.20974],[-123.07752,49.2226],[-123.07752,49.24062],[-123.07752,49.24066],[-123.07752,49.26844],[-123.07752,49.27902],[-123.07751,49.24016],[-123.07751,49.26775],[-123.0775,49.24027],[-123.07749,49.22352],[-123.07749,49.22577],[-123.07748,49.27051],[-123.07747,49.22427],[-123.07747,49.22493],[-123.07745,49.22545],[-123.07745,49.25759],[-123.07745,49.27138],[-123.07744,49.27199],[-123.07743,49.21032],[-123.07742,49.22622],[-123.07742,49.27303],[-123.07741,49.2734],[-123.07741,49.28299],[-123.0774,49.26092],[-123.0774,49.26103],[-123.0774,49.26152],[-123.0774,49.27416],[-123.0774,49.28222],[-123.07739,49.21968],[-123.07739,49.22897],[-123.07739,49.2622],[-123.07739,49.2812],[-123.07739,49.28122],[-123.07738,49.22906],[-123.07738,49.25864],[-123.07738,49.26254],[-123.07738,49.27851],[-123.07738,49.27862],[-123.07737,49.26042],[-123.07737,49.27506],[-123.07737,49.28314],[-123.07736,49.20983],[-123.07736,49.21293],[-123.07736,49.22691],[-123.07736,49.26207],[-123.07736,49.27596],[-123.07736,49.27942],[-123.07736,49.27953],[-123.07736,49.28314],[-123.07735,49.21132],[-123.07735,49.22054],[-123.07735,49.2327],[-123.07735,49.25785],[-123.07735,49.27665],[-123.07735,49.27993],[-123.07735,49.28233],[-123.07734,49.26413],[-123.07734,49.27688],[-123.07734,49.28033],[-123.07733,49.21075],[-123.07733,49.21105],[-123.07733,49.21122],[-123.07733,49.27414],[-123.07733,49.28143],[-123.07732,49.21283],[-123.07732,49.2211],[-123.07732,49.23279],[-123.07732,49.25789],[-123.07732,49.2595],[-123.07732,49.2614],[-123.07732,49.26502],[-123.07731,49.26146],[-123.07731,49.28218],[-123.0773,49.21137],[-123.0773,49.22189],[-123.0773,49.22872],[-123.0773,49.22873],[-123.0773,49.26288],[-123.0773,49.28085],[-123.0773,49.28183],[-123.07729,49.21805],[-123.07729,49.22911],[-123.07729,49.24798],[-123.07729,49.24802],[-123.07729,49.26684],[-123.07729,49.27845],[-123.07729,49.28043],[-123.07728,49.21418],[-123.07728,49.26227],[-123.07728,49.26248],[-123.07728,49.26774],[-123.07727,49.21821],[-123.07727,49.22261],[-123.07727,49.25915],[-123.07727,49.26338],[-123.07727,49.26604],[-123.07727,49.27935],[-123.07726,49.21769],[-123.07726,49.21772],[-123.07726,49.2204],[-123.07726,49.22047],[-123.07726,49.26328],[-123.07726,49.26418],[-123.07726,49.26865],[-123.07726,49.26887],[-123.07725,49.22176],[-123.07725,49.26429],[-123.07725,49.28176],[-123.07725,49.28285],[-123.07724,49.20939],[-123.07724,49.21209],[-123.07724,49.22184],[-123.07724,49.23056],[-123.07724,49.28026],[-123.07723,49.20939],[-123.07723,49.22349],[-123.07723,49.25778],[-123.07723,49.26519],[-123.07722,49.20939],[-123.07722,49.21299],[-123.07722,49.23982],[-123.07722,49.27047],[-123.07722,49.27502],[-123.07722,49.28112],[-123.07721,49.21387],[-123.07721,49.21472],[-123.07721,49.23178],[-123.07721,49.23237],[-123.07721,49.23238],[-123.07721,49.23977],[-123.07721,49.2714],[-123.07721,49.28312],[-123.0772,49.20932],[-123.0772,49.20941],[-123.0772,49.21557],[-123.0772,49.26626],[-123.0772,49.27199],[-123.07719,49.21736],[-123.07719,49.23293],[-123.07719,49.23294],[-123.07719,49.23476],[-123.07719,49.23483],[-123.07718,49.20941],[-123.07718,49.21126],[-123.07718,49.21648],[-123.07718,49.22425],[-123.07718,49.2332],[-123.07718,49.26509],[-123.07718,49.26614],[-123.07718,49.267],[-123.07718,49.2678],[-123.07718,49.27302],[-123.07718,49.28294],[-123.07717,49.21829],[-123.07717,49.2189],[-123.07717,49.22001],[-123.07717,49.2669],[-123.07717,49.2679],[-123.07717,49.27347],[-123.07716,49.26871],[-123.07716,49.26961],[-123.07716,49.26972],[-123.07716,49.27012],[-123.07716,49.27415],[-123.07715,49.20933],[-123.07715,49.26881],[-123.07714,49.22492],[-123.07714,49.23385],[-123.07714,49.2701],[-123.07714,49.27052],[-123.07714,49.27104],[-123.07714,49.27506],[-123.07713,49.27052],[-123.07713,49.27061],[-123.07712,49.22543],[-123.07712,49.27596],[-123.07711,49.2262],[-123.07711,49.22688],[-123.07711,49.23682],[-123.07711,49.23689],[-123.07711,49.27102],[-123.07711,49.275],[-123.07711,49.28325],[-123.0771,49.27145],[-123.0771,49.27156],[-123.07709,49.21965],[-123.07709,49.27319],[-123.07709,49.2745],[-123.07709,49.27692],[-123.07708,49.20983],[-123.07708,49.23489],[-123.07708,49.23641],[-123.07708,49.23645],[-123.07708,49.27308],[-123.07707,49.25052],[-123.07707,49.25782],[-123.07707,49.27399],[-123.07707,49.27409],[-123.07707,49.27449],[-123.07706,49.23562],[-123.07706,49.27845],[-123.07705,49.21091],[-123.07705,49.22521],[-123.07705,49.22871],[-123.07705,49.22873],[-123.07704,49.22336],[-123.07704,49.22911],[-123.07704,49.23766],[-123.07704,49.27498],[-123.07704,49.27935],[-123.07703,49.22343],[-123.07703,49.22537],[-123.07703,49.23773],[-123.07703,49.27489],[-123.07702,49.23676],[-123.07702,49.24246],[-123.07702,49.24697],[-123.07702,49.2759],[-123.07702,49.2763],[-123.07701,49.27581],[-123.07701,49.28025],[-123.077,49.21961],[-123.077,49.25127],[-123.07699,49.27721],[-123.07699,49.27761],[-123.07698,49.21075],[-123.07698,49.23054],[-123.07698,49.23759],[-123.07698,49.23809],[-123.07698,49.25762],[-123.07698,49.28116],[-123.07697,49.21209],[-123.07697,49.21299],[-123.07697,49.25072],[-123.07697,49.27771],[-123.07696,49.24231],[-123.07696,49.24447],[-123.07696,49.24693],[-123.07696,49.25788],[-123.07696,49.27851],[-123.07696,49.28216],[-123.07695,49.21136],[-123.07695,49.21472],[-123.07695,49.2426],[-123.07695,49.27861],[-123.07694,49.21557],[-123.07694,49.28326],[-123.07693,49.21035],[-123.07693,49.21388],[-123.07693,49.24589],[-123.07693,49.24595],[-123.07693,49.27953],[-123.07693,49.28295],[-123.07692,49.25759],[-123.07692,49.27941],[-123.07692,49.28032],[-123.07691,49.23177],[-123.07691,49.24633],[-123.07691,49.28042],[-123.0769,49.21422],[-123.0769,49.2165],[-123.0769,49.24447],[-123.0769,49.27682],[-123.07689,49.21121],[-123.07688,49.21132],[-123.07688,49.21588],[-123.07688,49.21593],[-123.07688,49.21735],[-123.07688,49.23244],[-123.07688,49.23246],[-123.07688,49.28314],[-123.07687,49.21828],[-123.07687,49.21891],[-123.07687,49.24739],[-123.07687,49.2512],[-123.07687,49.27669],[-123.07686,49.21544],[-123.07686,49.21551],[-123.07686,49.21647],[-123.07686,49.2329],[-123.07686,49.23386],[-123.07685,49.21685],[-123.07685,49.2332],[-123.07685,49.24839],[-123.07684,49.21418],[-123.07684,49.21459],[-123.07684,49.21635],[-123.07684,49.21681],[-123.07684,49.21954],[-123.07684,49.23843],[-123.07684,49.24633],[-123.07684,49.26433],[-123.07683,49.23489],[-123.07683,49.26343],[-123.07682,49.22053],[-123.07682,49.24739],[-123.07682,49.26413],[-123.07681,49.23559],[-123.07681,49.26093],[-123.07681,49.27053],[-123.0768,49.21723],[-123.0768,49.21729],[-123.0768,49.21767],[-123.0768,49.26503],[-123.07678,49.26433],[-123.07677,49.23676],[-123.07676,49.21805],[-123.07676,49.22189],[-123.07676,49.26706],[-123.07676,49.28303],[-123.07675,49.22053],[-123.07674,49.21734],[-123.07674,49.26797],[-123.07673,49.21771],[-123.07673,49.22122],[-123.07673,49.23764],[-123.07673,49.26866],[-123.07672,49.21466],[-123.07672,49.26948],[-123.07671,49.22349],[-123.07671,49.22484],[-123.07671,49.26095],[-123.07671,49.26099],[-123.07669,49.22189],[-123.07669,49.27289],[-123.07664,49.22488],[-123.07663,49.22349],[-123.07663,49.23926],[-123.07663,49.24248],[-123.07662,49.24016],[-123.07662,49.26087],[-123.07661,49.22407],[-123.0766,49.24027],[-123.07658,49.2182],[-123.07658,49.22335],[-123.07658,49.22342],[-123.07658,49.23845],[-123.07657,49.22484],[-123.07656,49.22897],[-123.07656,49.22904],[-123.07656,49.24064],[-123.07656,49.25748],[-123.07656,49.27778],[-123.07655,49.24254],[-123.07654,49.2401],[-123.07652,49.24069],[-123.0765,49.23059],[-123.0765,49.23067],[-123.07649,49.24158],[-123.07649,49.24454],[-123.07649,49.2446],[-123.07649,49.24537],[-123.07649,49.24545],[-123.07648,49.21284],[-123.07648,49.21293],[-123.07647,49.24241],[-123.07646,49.22889],[-123.07646,49.26601],[-123.07645,49.24299],[-123.07645,49.2464],[-123.07645,49.27503],[-123.07644,49.22996],[-123.07644,49.24647],[-123.07643,49.21209],[-123.07643,49.24373],[-123.07642,49.23482],[-123.07641,49.24447],[-123.07641,49.24745],[-123.0764,49.23198],[-123.07639,49.23219],[-123.07639,49.23223],[-123.07639,49.24752],[-123.07638,49.213],[-123.07638,49.24531],[-123.07638,49.24844],[-123.07638,49.2486],[-123.07638,49.25761],[-123.07637,49.2121],[-123.07637,49.25038],[-123.07636,49.21249],[-123.07636,49.23142],[-123.07636,49.23322],[-123.07636,49.23475],[-123.07636,49.24628],[-123.07636,49.24903],[-123.07636,49.24994],[-123.07635,49.23351],[-123.07635,49.24894],[-123.07634,49.23181],[-123.07634,49.23197],[-123.07634,49.23374],[-123.07634,49.23398],[-123.07633,49.23201],[-123.07633,49.23934],[-123.07632,49.23221],[-123.07632,49.24739],[-123.07632,49.24986],[-123.07632,49.25763],[-123.0763,49.20992],[-123.0763,49.21422],[-123.0763,49.23352],[-123.0763,49.23487],[-123.0763,49.25955],[-123.07629,49.2133],[-123.07629,49.21824],[-123.07629,49.23321],[-123.07629,49.25967],[-123.07628,49.21335],[-123.07628,49.24838],[-123.07627,49.21999],[-123.07627,49.22003],[-123.07627,49.23398],[-123.07627,49.2355],[-123.07626,49.24889],[-123.07626,49.25166],[-123.07626,49.25173],[-123.07626,49.25758],[-123.07625,49.25122],[-123.07625,49.25127],[-123.07624,49.22039],[-123.07624,49.22046],[-123.07624,49.23488],[-123.07624,49.24158],[-123.07623,49.24979],[-123.07623,49.25004],[-123.07623,49.25257],[-123.07623,49.25264],[-123.07622,49.21824],[-123.07622,49.24009],[-123.07622,49.25],[-123.07622,49.25213],[-123.07621,49.2355],[-123.07621,49.24059],[-123.07621,49.24242],[-123.07621,49.25217],[-123.0762,49.22175],[-123.0762,49.24298],[-123.0762,49.25077],[-123.0762,49.25347],[-123.07619,49.22181],[-123.07619,49.25354],[-123.07618,49.21966],[-123.07618,49.24358],[-123.07618,49.25303],[-123.07618,49.25307],[-123.07618,49.2812],[-123.07617,49.2516],[-123.07617,49.28142],[-123.07616,49.24448],[-123.07616,49.25437],[-123.07616,49.25444],[-123.07615,49.21381],[-123.07615,49.22052],[-123.07615,49.25393],[-123.07614,49.21373],[-123.07614,49.25251],[-123.07614,49.25398],[-123.07613,49.21373],[-123.07613,49.21381],[-123.07613,49.22112],[-123.07613,49.24015],[-123.07613,49.24026],[-123.07613,49.24531],[-123.07613,49.25528],[-123.07613,49.25535],[-123.07613,49.25704],[-123.07612,49.25484],[-123.07612,49.25488],[-123.0761,49.22188],[-123.0761,49.24628],[-123.0761,49.25341],[-123.0761,49.25618],[-123.0761,49.25625],[-123.0761,49.25658],[-123.0761,49.257],[-123.0761,49.25707],[-123.07608,49.25574],[-123.07608,49.25579],[-123.07608,49.25665],[-123.07607,49.21966],[-123.07607,49.22255],[-123.07607,49.25432],[-123.07606,49.28221],[-123.07606,49.28231],[-123.07604,49.22052],[-123.07604,49.25522],[-123.07603,49.22348],[-123.07603,49.24738],[-123.07602,49.22112],[-123.07601,49.23066],[-123.07601,49.26055],[-123.076,49.22414],[-123.076,49.25613],[-123.076,49.25652],[-123.076,49.26048],[-123.076,49.26055],[-123.07599,49.22188],[-123.07599,49.27322],[-123.07598,49.26048],[-123.07597,49.20951],[-123.07597,49.21997],[-123.07597,49.22541],[-123.07597,49.2276],[-123.07597,49.2277],[-123.07597,49.27299],[-123.07597,49.27392],[-123.07596,49.22001],[-123.07596,49.22255],[-123.07596,49.22896],[-123.07596,49.24837],[-123.07596,49.25709],[-123.07596,49.27415],[-123.07595,49.2262],[-123.07595,49.22903],[-123.07595,49.25708],[-123.07593,49.22348],[-123.07593,49.2492],[-123.07593,49.27505],[-123.07593,49.27987],[-123.07592,49.21106],[-123.07592,49.23059],[-123.07592,49.27594],[-123.07591,49.24979],[-123.07591,49.2516],[-123.0759,49.22175],[-123.0759,49.22354],[-123.0759,49.22414],[-123.0759,49.22755],[-123.0759,49.2525],[-123.07589,49.22181],[-123.07589,49.25032],[-123.07588,49.25097],[-123.07587,49.22813],[-123.07587,49.23227],[-123.07586,49.2326],[-123.07586,49.2486],[-123.07586,49.25341],[-123.07585,49.21014],[-123.07585,49.23281],[-123.07584,49.2107],[-123.07584,49.21096],[-123.07584,49.22541],[-123.07584,49.22887],[-123.07584,49.23228],[-123.07584,49.23313],[-123.07584,49.23475],[-123.07584,49.273],[-123.07584,49.28081],[-123.07583,49.22334],[-123.07583,49.23314],[-123.07583,49.25431],[-123.07583,49.25708],[-123.07583,49.27228],[-123.07583,49.27323],[-123.07583,49.27987],[-123.07583,49.28081],[-123.07582,49.2262],[-123.07582,49.22974],[-123.07582,49.25011],[-123.07582,49.27412],[-123.07581,49.22341],[-123.07581,49.27145],[-123.07581,49.27154],[-123.07581,49.27392],[-123.0758,49.25256],[-123.0758,49.27503],[-123.07579,49.2368],[-123.07579,49.25039],[-123.07579,49.25263],[-123.07579,49.25522],[-123.07579,49.27992],[-123.07578,49.25047],[-123.07578,49.27217],[-123.07577,49.22485],[-123.07577,49.23147],[-123.07577,49.25346],[-123.07577,49.25353],[-123.07577,49.25707],[-123.07576,49.22521],[-123.07576,49.22812],[-123.07576,49.25611],[-123.07576,49.27594],[-123.07575,49.2565],[-123.07575,49.25703],[-123.07574,49.22887],[-123.07574,49.23211],[-123.07574,49.24984],[-123.07574,49.27316],[-123.07574,49.27406],[-123.07573,49.22535],[-123.07573,49.23233],[-123.07573,49.23482],[-123.07573,49.27306],[-123.07572,49.21085],[-123.07572,49.21086],[-123.07572,49.22568],[-123.07572,49.22572],[-123.07572,49.23308],[-123.07571,49.22975],[-123.07571,49.26286],[-123.07571,49.26328],[-123.07571,49.26466],[-123.07571,49.27397],[-123.07571,49.27951],[-123.0757,49.21635],[-123.0757,49.24307],[-123.0757,49.25165],[-123.0757,49.26417],[-123.0757,49.27987],[-123.07569,49.23641],[-123.07569,49.2417],[-123.07569,49.24453],[-123.07569,49.26335],[-123.07569,49.26377],[-123.07569,49.26427],[-123.07569,49.27939],[-123.07568,49.2446],[-123.07568,49.27668],[-123.07567,49.21642],[-123.07567,49.22714],[-123.07567,49.22722],[-123.07567,49.23388],[-123.07567,49.23644],[-123.07567,49.24095],[-123.07567,49.24844],[-123.07567,49.27579],[-123.07567,49.27588],[-123.07567,49.27719],[-123.07566,49.23687],[-123.07566,49.24357],[-123.07566,49.26475],[-123.07566,49.27488],[-123.07566,49.27496],[-123.07565,49.21035],[-123.07565,49.24157],[-123.07565,49.25255],[-123.07565,49.25262],[-123.07564,49.21953],[-123.07564,49.24206],[-123.07564,49.24301],[-123.07564,49.24432],[-123.07564,49.25212],[-123.07564,49.27679],[-123.07563,49.21069],[-123.07563,49.23147],[-123.07563,49.23488],[-123.07563,49.25217],[-123.07562,49.20954],[-123.07562,49.22896],[-123.07562,49.22903],[-123.07562,49.26322],[-123.07561,49.23211],[-123.07561,49.23567],[-123.07561,49.2453],[-123.07561,49.24808],[-123.07561,49.25173],[-123.0756,49.20946],[-123.0756,49.23233],[-123.0756,49.24298],[-123.0756,49.24357],[-123.0756,49.24639],[-123.07559,49.21647],[-123.07559,49.24157],[-123.07559,49.26138],[-123.07559,49.26463],[-123.07558,49.22038],[-123.07558,49.22045],[-123.07558,49.23308],[-123.07558,49.24405],[-123.07558,49.24591],[-123.07558,49.26413],[-123.07558,49.26613],[-123.07557,49.21734],[-123.07557,49.23066],[-123.07557,49.2419],[-123.07557,49.25865],[-123.07557,49.25874],[-123.07557,49.26611],[-123.07556,49.21117],[-123.07556,49.23058],[-123.07556,49.23387],[-123.07556,49.24307],[-123.07556,49.24432],[-123.07556,49.24687],[-123.07556,49.24813],[-123.07556,49.26145],[-123.07556,49.26703],[-123.07555,49.21825],[-123.07555,49.24496],[-123.07555,49.245],[-123.07555,49.24808],[-123.07554,49.21117],[-123.07554,49.2453],[-123.07554,49.26794],[-123.07553,49.24298],[-123.07553,49.26883],[-123.07552,49.23225],[-123.07552,49.2323],[-123.07552,49.23488],[-123.07552,49.24363],[-123.07551,49.23259],[-123.07551,49.23281],[-123.07551,49.2437],[-123.0755,49.23566],[-123.0755,49.24844],[-123.07549,49.28321],[-123.07548,49.2165],[-123.07548,49.2196],[-123.07548,49.2331],[-123.07548,49.24537],[-123.07548,49.24544],[-123.07548,49.26004],[-123.07548,49.26322],[-123.07548,49.2812],[-123.07548,49.2831],[-123.07547,49.21093],[-123.07547,49.23315],[-123.07546,49.21154],[-123.07546,49.21734],[-123.07546,49.24544],[-123.07546,49.24924],[-123.07546,49.26008],[-123.07546,49.26411],[-123.07546,49.26468],[-123.07546,49.27045],[-123.07545,49.21106],[-123.07545,49.24537],[-123.07544,49.21158],[-123.07544,49.21826],[-123.07544,49.22059],[-123.07544,49.24646],[-123.07544,49.26327],[-123.07544,49.27137],[-123.07543,49.21106],[-123.07543,49.21284],[-123.07543,49.24639],[-123.07543,49.26012],[-123.07542,49.24589],[-123.07542,49.26702],[-123.07541,49.21195],[-123.07541,49.21202],[-123.07541,49.21292],[-123.07541,49.24496],[-123.07541,49.24593],[-123.07541,49.26005],[-123.07541,49.26228],[-123.07541,49.26245],[-123.07541,49.26558],[-123.07541,49.26614],[-123.07539,49.22187],[-123.07539,49.26336],[-123.07539,49.26557],[-123.07539,49.26795],[-123.07539,49.26884],[-123.07539,49.2814],[-123.07538,49.21195],[-123.07538,49.26287],[-123.07537,49.22059],[-123.07537,49.25155],[-123.07537,49.2534],[-123.07536,49.24452],[-123.07535,49.24459],[-123.07534,49.21241],[-123.07534,49.24682],[-123.07534,49.24686],[-123.07534,49.25427],[-123.07534,49.26565],[-123.07534,49.27044],[-123.07533,49.21245],[-123.07532,49.22187],[-123.07532,49.22347],[-123.07532,49.25156],[-123.07532,49.26564],[-123.07531,49.2492],[-123.07531,49.2534],[-123.07531,49.2687],[-123.07531,49.27135],[-123.07531,49.27156],[-123.0753,49.26788],[-123.0753,49.26878],[-123.07529,49.2106],[-123.07529,49.26739],[-123.07528,49.26779],[-123.07527,49.25427],[-123.07527,49.26187],[-123.07527,49.2692],[-123.07527,49.26959],[-123.07527,49.2697],[-123.07526,49.26187],[-123.07526,49.27012],[-123.07525,49.22348],[-123.07525,49.26689],[-123.07525,49.27051],[-123.07525,49.2706],[-123.07524,49.26698],[-123.07524,49.27143],[-123.07523,49.22578],[-123.07523,49.25662],[-123.07521,49.28179],[-123.0752,49.20949],[-123.0752,49.20957],[-123.07518,49.25913],[-123.07518,49.25955],[-123.07518,49.25966],[-123.07517,49.22575],[-123.07517,49.28178],[-123.07516,49.20949],[-123.07516,49.22821],[-123.07516,49.25775],[-123.07516,49.25917],[-123.07514,49.25653],[-123.07513,49.22888],[-123.07512,49.22913],[-123.0751,49.21064],[-123.0751,49.21065],[-123.0751,49.2293],[-123.0751,49.2491],[-123.07509,49.2301],[-123.07508,49.22822],[-123.07508,49.24014],[-123.07508,49.25769],[-123.07508,49.26376],[-123.07507,49.24061],[-123.07507,49.25528],[-123.07506,49.24066],[-123.07505,49.22889],[-123.07505,49.22913],[-123.07505,49.25582],[-123.07504,49.23151],[-123.07503,49.2133],[-123.07502,49.21334],[-123.07502,49.2301],[-123.07502,49.24169],[-123.07502,49.25528],[-123.07501,49.23219],[-123.07501,49.24162],[-123.075,49.22895],[-123.075,49.22902],[-123.075,49.23474],[-123.075,49.23481],[-123.075,49.27713],[-123.07499,49.23112],[-123.07499,49.23184],[-123.07498,49.23152],[-123.07498,49.23474],[-123.07498,49.23481],[-123.07498,49.25576],[-123.07497,49.23184],[-123.07497,49.25533],[-123.07496,49.25302],[-123.07496,49.25306],[-123.07496,49.2554],[-123.07495,49.23221],[-123.07495,49.23396],[-123.07495,49.25533],[-123.07495,49.2554],[-123.07493,49.23468],[-123.07493,49.24156],[-123.07493,49.2577],[-123.07492,49.23488],[-123.07492,49.25784],[-123.07492,49.2592],[-123.07491,49.21996],[-123.07491,49.22001],[-123.07491,49.24885],[-123.0749,49.2823],[-123.07489,49.2196],[-123.07489,49.24292],[-123.07489,49.25031],[-123.07489,49.28219],[-123.07488,49.23396],[-123.07487,49.25661],[-123.07485,49.23467],[-123.07485,49.24887],[-123.07485,49.25491],[-123.07485,49.25774],[-123.07484,49.23488],[-123.07484,49.245],[-123.07484,49.25495],[-123.07482,49.24155],[-123.07481,49.24843],[-123.0748,49.21965],[-123.0748,49.25822],[-123.0748,49.25827],[-123.0748,49.25866],[-123.0748,49.25873],[-123.0748,49.2592],[-123.07479,49.24292],[-123.07479,49.24858],[-123.07478,49.25866],[-123.07478,49.25873],[-123.07477,49.2205],[-123.07477,49.24024],[-123.07476,49.21817],[-123.07475,49.21805],[-123.07475,49.2212],[-123.07475,49.28314],[-123.07474,49.21952],[-123.07473,49.24162],[-123.07472,49.21858],[-123.07472,49.22186],[-123.07472,49.25158],[-123.07472,49.26417],[-123.07472,49.26426],[-123.07471,49.21092],[-123.0747,49.24169],[-123.0747,49.24942],[-123.0747,49.25435],[-123.0747,49.25442],[-123.07469,49.21965],[-123.07469,49.22255],[-123.07468,49.24299],[-123.07468,49.24305],[-123.07468,49.28119],[-123.07468,49.28138],[-123.07467,49.22051],[-123.07466,49.28325],[-123.07465,49.21854],[-123.07465,49.22351],[-123.07464,49.22116],[-123.07463,49.22413],[-123.07463,49.25003],[-123.07461,49.22186],[-123.07461,49.25158],[-123.07461,49.25435],[-123.0746,49.20925],[-123.0746,49.20931],[-123.0746,49.24961],[-123.0746,49.25442],[-123.07459,49.21858],[-123.07459,49.21959],[-123.07459,49.22255],[-123.07458,49.22044],[-123.07457,49.21952],[-123.07457,49.22037],[-123.07457,49.22561],[-123.07456,49.27207],[-123.07455,49.22346],[-123.07455,49.24445],[-123.07455,49.24492],[-123.07455,49.25036],[-123.07455,49.25045],[-123.07455,49.27299],[-123.07455,49.27896],[-123.07455,49.279],[-123.07454,49.22622],[-123.07454,49.25913],[-123.07453,49.27389],[-123.07452,49.22173],[-123.07452,49.22179],[-123.07452,49.22413],[-123.07451,49.21766],[-123.07451,49.25164],[-123.07451,49.27479],[-123.0745,49.26779],[-123.0745,49.275],[-123.0745,49.27662],[-123.07449,49.25171],[-123.07449,49.26787],[-123.07448,49.24445],[-123.07448,49.26594],[-123.07447,49.22558],[-123.07447,49.22822],[-123.07447,49.24887],[-123.07446,49.22577],[-123.07446,49.24499],[-123.07444,49.22333],[-123.07444,49.22339],[-123.07444,49.22622],[-123.07444,49.22888],[-123.07442,49.22966],[-123.07442,49.22967],[-123.07442,49.27207],[-123.07441,49.27298],[-123.0744,49.23473],[-123.0744,49.23481],[-123.0744,49.27388],[-123.07439,49.22481],[-123.07439,49.22485],[-123.07438,49.21994],[-123.07438,49.2307],[-123.07438,49.27476],[-123.07438,49.27505],[-123.07438,49.2818],[-123.07437,49.21999],[-123.07437,49.23678],[-123.07437,49.25355],[-123.07437,49.25882],[-123.07436,49.23687],[-123.07436,49.24995],[-123.07436,49.27659],[-123.07436,49.27858],[-123.07435,49.25355],[-123.07435,49.2715],[-123.07434,49.22888],[-123.07434,49.27807],[-123.07433,49.23222],[-123.07433,49.2323],[-123.07433,49.2735],[-123.07433,49.27354],[-123.07432,49.2563],[-123.07431,49.21766],[-123.07431,49.25971],[-123.07431,49.27213],[-123.07431,49.27264],[-123.07431,49.27304],[-123.07431,49.27403],[-123.0743,49.23639],[-123.0743,49.23643],[-123.0743,49.27222],[-123.07429,49.22965],[-123.07429,49.27311],[-123.07429,49.27462],[-123.07429,49.27575],[-123.07429,49.27583],[-123.07428,49.23394],[-123.07428,49.27517],[-123.07428,49.27626],[-123.07427,49.2307],[-123.07427,49.24153],[-123.07427,49.24307],[-123.07427,49.27395],[-123.07427,49.27665],[-123.07426,49.23467],[-123.07426,49.24201],[-123.07426,49.27623],[-123.07425,49.21106],[-123.07425,49.2563],[-123.07425,49.2597],[-123.07424,49.22894],[-123.07424,49.22901],[-123.07424,49.2354],[-123.07424,49.23541],[-123.07424,49.24354],[-123.07424,49.27752],[-123.07424,49.27843],[-123.07424,49.28229],[-123.07423,49.21292],[-123.07423,49.23222],[-123.07423,49.23231],[-123.07423,49.28218],[-123.07422,49.21457],[-123.07422,49.24084],[-123.07421,49.27932],[-123.07421,49.28316],[-123.0742,49.21416],[-123.0742,49.2142],[-123.0742,49.24153],[-123.0742,49.24307],[-123.0742,49.25576],[-123.0742,49.25579],[-123.07419,49.21501],[-123.07419,49.21505],[-123.07419,49.23057],[-123.07419,49.23757],[-123.07419,49.24201],[-123.07419,49.24354],[-123.07418,49.21464],[-123.07418,49.21587],[-123.07418,49.2159],[-123.07418,49.2163],[-123.07418,49.23063],[-123.07418,49.23394],[-123.07418,49.23673],[-123.07417,49.21542],[-123.07417,49.21721],[-123.07417,49.21728],[-123.07417,49.28174],[-123.07416,49.21549],[-123.07416,49.21637],[-123.07416,49.21857],[-123.07416,49.23841],[-123.07416,49.28212],[-123.07415,49.23467],[-123.07415,49.28022],[-123.07414,49.21122],[-123.07414,49.27678],[-123.07413,49.21298],[-123.07413,49.23224],[-123.07413,49.23228],[-123.07413,49.2326],[-123.07413,49.23277],[-123.07413,49.2354],[-123.07413,49.23541],[-123.07413,49.23925],[-123.07413,49.25649],[-123.07413,49.27752],[-123.07413,49.28114],[-123.07413,49.28296],[-123.07412,49.21209],[-123.07411,49.2147],[-123.07411,49.27843],[-123.07411,49.28214],[-123.0741,49.21336],[-123.0741,49.21384],[-123.0741,49.24006],[-123.0741,49.27718],[-123.07409,49.23666],[-123.07409,49.26594],[-123.07408,49.21641],[-123.07408,49.23687],[-123.07408,49.27767],[-123.07408,49.27932],[-123.07407,49.21555],[-123.07407,49.21734],[-123.07406,49.20962],[-123.07406,49.22052],[-123.07406,49.27756],[-123.07406,49.28333],[-123.07406,49.28384],[-123.07405,49.21122],[-123.07405,49.23473],[-123.07404,49.21823],[-123.07404,49.23756],[-123.07404,49.28023],[-123.07404,49.28173],[-123.07403,49.21911],[-123.07403,49.23785],[-123.07403,49.28111],[-123.07402,49.21209],[-123.07402,49.2384],[-123.07402,49.27949],[-123.07402,49.28213],[-123.07401,49.21642],[-123.07401,49.22186],[-123.074,49.21683],[-123.074,49.21734],[-123.074,49.21767],[-123.074,49.25155],[-123.074,49.27988],[-123.074,49.28268],[-123.074,49.28296],[-123.07399,49.21384],[-123.07399,49.22052],[-123.07399,49.27938],[-123.07399,49.28078],[-123.07398,49.23925],[-123.07398,49.28335],[-123.07397,49.21555],[-123.07397,49.28136],[-123.07396,49.2147],[-123.07396,49.21636],[-123.07396,49.21727],[-123.07396,49.23763],[-123.07396,49.24006],[-123.07396,49.28384],[-123.07395,49.2348],[-123.07395,49.23769],[-123.07395,49.28029],[-123.07394,49.21116],[-123.07394,49.21202],[-123.07394,49.22186],[-123.07394,49.22345],[-123.07394,49.25155],[-123.07394,49.2812],[-123.07393,49.2172],[-123.07393,49.21827],[-123.07393,49.23806],[-123.07393,49.23811],[-123.07393,49.23854],[-123.07393,49.23891],[-123.07393,49.28037],[-123.07393,49.2832],[-123.07392,49.23846],[-123.07391,49.21194],[-123.07391,49.23894],[-123.07391,49.23931],[-123.07391,49.23938],[-123.07391,49.28331],[-123.0739,49.20929],[-123.0739,49.20963],[-123.0739,49.21371],[-123.0739,49.21464],[-123.0739,49.2539],[-123.0739,49.25395],[-123.07389,49.2102],[-123.07389,49.21378],[-123.07389,49.21457],[-123.07389,49.24012],[-123.07388,49.21156],[-123.07388,49.21415],[-123.07388,49.2142],[-123.07388,49.21548],[-123.07388,49.22345],[-123.07388,49.23975],[-123.07388,49.23978],[-123.07387,49.21152],[-123.07387,49.2154],[-123.07386,49.21629],[-123.07386,49.22576],[-123.07385,49.21587],[-123.07385,49.21591],[-123.07384,49.20948],[-123.07384,49.21805],[-123.07384,49.21816],[-123.07383,49.20956],[-123.07383,49.21854],[-123.07383,49.21898],[-123.07383,49.21905],[-123.07381,49.21859],[-123.07381,49.28279],[-123.0738,49.22726],[-123.07379,49.22576],[-123.07379,49.25768],[-123.07378,49.25788],[-123.07377,49.25879],[-123.07376,49.21094],[-123.07376,49.2592],[-123.07374,49.25973],[-123.07373,49.22726],[-123.07372,49.2606],[-123.0737,49.26221],[-123.07369,49.21104],[-123.07369,49.22909],[-123.07369,49.2291],[-123.07369,49.26315],[-123.07367,49.2307],[-123.07367,49.26409],[-123.07367,49.28273],[-123.07366,49.25768],[-123.07365,49.24153],[-123.07365,49.24178],[-123.07365,49.25859],[-123.07365,49.26536],[-123.07363,49.2588],[-123.07363,49.25973],[-123.07363,49.26491],[-123.07362,49.2307],[-123.07362,49.2592],[-123.07362,49.26611],[-123.07361,49.24309],[-123.07361,49.2606],[-123.07359,49.25656],[-123.07359,49.26702],[-123.07357,49.25774],[-123.07357,49.26794],[-123.07357,49.26924],[-123.07356,49.23309],[-123.07356,49.25783],[-123.07356,49.25823],[-123.07356,49.25865],[-123.07356,49.25872],[-123.07356,49.25911],[-123.07356,49.26221],[-123.07356,49.26881],[-123.07356,49.26882],[-123.07355,49.24153],[-123.07355,49.24178],[-123.07355,49.24841],[-123.07355,49.25647],[-123.07355,49.26315],[-123.07354,49.23465],[-123.07354,49.25917],[-123.07354,49.25953],[-123.07354,49.25965],[-123.07354,49.26425],[-123.07354,49.26975],[-123.07353,49.2453],[-123.07353,49.24549],[-123.07353,49.26046],[-123.07353,49.26053],[-123.07352,49.25782],[-123.07352,49.26488],[-123.07352,49.27132],[-123.07351,49.23313],[-123.07351,49.23391],[-123.07351,49.23585],[-123.07351,49.26137],[-123.07351,49.27207],[-123.0735,49.24309],[-123.0735,49.26143],[-123.0735,49.26521],[-123.0735,49.267],[-123.07349,49.23465],[-123.07349,49.26094],[-123.07349,49.26612],[-123.07348,49.2465],[-123.07348,49.24852],[-123.07348,49.26186],[-123.07348,49.26794],[-123.07348,49.27297],[-123.07347,49.26227],[-123.07347,49.26243],[-123.07347,49.27388],[-123.07346,49.23539],[-123.07345,49.2416],[-123.07345,49.26326],[-123.07345,49.26375],[-123.07345,49.26884],[-123.07344,49.23585],[-123.07344,49.24168],[-123.07344,49.26334],[-123.07343,49.23479],[-123.07343,49.2649],[-123.07343,49.27661],[-123.07342,49.24835],[-123.07342,49.25162],[-123.07342,49.2649],[-123.07342,49.26975],[-123.07341,49.24548],[-123.07341,49.26554],[-123.0734,49.24022],[-123.0734,49.26558],[-123.0734,49.26598],[-123.0734,49.26604],[-123.0734,49.26644],[-123.0734,49.26649],[-123.07339,49.22049],[-123.07339,49.24602],[-123.07339,49.2488],[-123.07339,49.26695],[-123.07339,49.27132],[-123.07338,49.25029],[-123.07338,49.26687],[-123.07338,49.27208],[-123.07336,49.26785],[-123.07336,49.27297],[-123.07335,49.22566],[-123.07335,49.23472],[-123.07335,49.26737],[-123.07334,49.22186],[-123.07334,49.25155],[-123.07334,49.26958],[-123.07334,49.27008],[-123.07334,49.27388],[-123.07333,49.21912],[-123.07333,49.24768],[-123.07333,49.26918],[-123.07333,49.26968],[-123.07332,49.2248],[-123.07332,49.22484],[-123.07331,49.22255],[-123.07331,49.24834],[-123.07331,49.24877],[-123.07331,49.26778],[-123.07331,49.26869],[-123.07331,49.26877],[-123.0733,49.22006],[-123.0733,49.22571],[-123.0733,49.27141],[-123.0733,49.27148],[-123.07329,49.22045],[-123.07329,49.2252],[-123.07329,49.2253],[-123.07329,49.26509],[-123.07329,49.27213],[-123.07329,49.2722],[-123.07329,49.2766],[-123.07328,49.27393],[-123.07327,49.22345],[-123.07327,49.27262],[-123.07327,49.27304],[-123.07327,49.27352],[-123.07326,49.21911],[-123.07326,49.2731],[-123.07325,49.27352],[-123.07324,49.22413],[-123.07324,49.25209],[-123.07324,49.25213],[-123.07323,49.22185],[-123.07323,49.22712],[-123.07323,49.25029],[-123.07323,49.25154],[-123.07323,49.27049],[-123.07323,49.27058],[-123.07322,49.22488],[-123.07322,49.22719],[-123.07322,49.23721],[-123.07322,49.27664],[-123.07321,49.22001],[-123.07321,49.26496],[-123.07321,49.26504],[-123.0732,49.22036],[-123.0732,49.22255],[-123.0732,49.22561],[-123.0732,49.26495],[-123.0732,49.26829],[-123.07317,49.22042],[-123.07317,49.23676],[-123.07317,49.23686],[-123.07317,49.23726],[-123.07316,49.22345],[-123.07316,49.22633],[-123.07316,49.22893],[-123.07316,49.229],[-123.07316,49.25043],[-123.07314,49.22179],[-123.07314,49.22413],[-123.07313,49.22172],[-123.07313,49.22725],[-123.07313,49.2615],[-123.07312,49.25035],[-123.07312,49.28344],[-123.07311,49.22488],[-123.0731,49.20938],[-123.0731,49.20947],[-123.0731,49.22801],[-123.0731,49.25252],[-123.07308,49.28334],[-123.07307,49.22338],[-123.07307,49.22559],[-123.07306,49.22906],[-123.07306,49.27401],[-123.07305,49.22633],[-123.07304,49.22966],[-123.07303,49.22331],[-123.07302,49.22725],[-123.073,49.23069],[-123.07299,49.22801],[-123.07299,49.25351],[-123.07299,49.25383],[-123.07298,49.23129],[-123.07297,49.25414],[-123.07297,49.25425],[-123.07296,49.24853],[-123.07296,49.25446],[-123.07295,49.22905],[-123.07295,49.23251],[-123.07294,49.23282],[-123.07293,49.22711],[-123.07293,49.22718],[-123.07293,49.22967],[-123.07292,49.24153],[-123.07292,49.25874],[-123.07292,49.28077],[-123.07291,49.28271],[-123.0729,49.23069],[-123.07289,49.25335],[-123.07288,49.21093],[-123.07288,49.21106],[-123.07288,49.23129],[-123.07288,49.23465],[-123.07288,49.24292],[-123.07288,49.25638],[-123.07287,49.25385],[-123.07286,49.24153],[-123.07286,49.25415],[-123.07284,49.23251],[-123.07284,49.23281],[-123.07284,49.23612],[-123.07284,49.25482],[-123.07283,49.24428],[-123.07283,49.25258],[-123.07282,49.24292],[-123.07282,49.24476],[-123.07282,49.25299],[-123.07282,49.25303],[-123.07281,49.21119],[-123.07281,49.21384],[-123.0728,49.25342],[-123.0728,49.2775],[-123.07279,49.25349],[-123.07279,49.26006],[-123.07278,49.23465],[-123.07278,49.24577],[-123.07278,49.24857],[-123.07278,49.25388],[-123.07278,49.28216],[-123.07277,49.25393],[-123.07277,49.2544],[-123.07277,49.25638],[-123.07277,49.27839],[-123.07277,49.28227],[-123.07276,49.24468],[-123.07276,49.2464],[-123.07276,49.25431],[-123.07275,49.21119],[-123.07275,49.27931],[-123.07274,49.21388],[-123.07274,49.25555],[-123.07273,49.23612],[-123.07273,49.26002],[-123.07272,49.24744],[-123.07272,49.25168],[-123.07271,49.20931],[-123.07271,49.28022],[-123.0727,49.2464],[-123.0727,49.28111],[-123.07269,49.20938],[-123.07269,49.2821],[-123.07268,49.22045],[-123.07268,49.25161],[-123.07268,49.2775],[-123.07268,49.28232],[-123.07267,49.25643],[-123.07266,49.2784],[-123.07266,49.28304],[-123.07265,49.2212],[-123.07265,49.25864],[-123.07264,49.25652],[-123.07264,49.28332],[-123.07263,49.22185],[-123.07263,49.23677],[-123.07263,49.25154],[-123.07263,49.2836],[-123.07263,49.28386],[-123.07262,49.22045],[-123.07262,49.27931],[-123.07261,49.23636],[-123.07261,49.2364],[-123.07261,49.25168],[-123.07261,49.27807],[-123.0726,49.27715],[-123.0726,49.27756],[-123.07259,49.2212],[-123.07259,49.22254],[-123.07259,49.27764],[-123.07259,49.28019],[-123.07257,49.23478],[-123.07256,49.22344],[-123.07256,49.25034],[-123.07256,49.25153],[-123.07256,49.28111],[-123.07255,49.22184],[-123.07255,49.23471],[-123.07254,49.25043],[-123.07254,49.27896],[-123.07254,49.27947],[-123.07253,49.22257],[-123.07253,49.27675],[-123.07253,49.27936],[-123.07253,49.27987],[-123.07253,49.2821],[-123.07252,49.22443],[-123.07252,49.2484],[-123.07252,49.28232],[-123.07251,49.28272],[-123.0725,49.22528],[-123.0725,49.28026],[-123.0725,49.28036],[-123.0725,49.28361],[-123.07249,49.22344],[-123.07249,49.28076],[-123.07249,49.28322],[-123.07249,49.28335],[-123.07249,49.28386],[-123.07248,49.2499],[-123.07248,49.27854],[-123.07247,49.21528],[-123.07247,49.22571],[-123.07247,49.28117],[-123.07246,49.22436],[-123.07246,49.27846],[-123.07246,49.28135],[-123.07244,49.28176],[-123.07244,49.28216],[-123.07243,49.21528],[-123.07243,49.28226],[-123.07241,49.2499],[-123.07241,49.28306],[-123.07241,49.28316],[-123.0724,49.22571],[-123.07239,49.21528],[-123.07239,49.25952],[-123.07239,49.25964],[-123.07239,49.28357],[-123.07238,49.22797],[-123.07237,49.22851],[-123.07235,49.24863],[-123.07232,49.22798],[-123.07232,49.22905],[-123.07231,49.22822],[-123.0723,49.25034],[-123.07229,49.23069],[-123.07228,49.22529],[-123.07228,49.24296],[-123.07228,49.24301],[-123.07228,49.24346],[-123.07228,49.24351],[-123.07227,49.22519],[-123.07224,49.23069],[-123.07224,49.24153],[-123.07224,49.24476],[-123.07224,49.2448],[-123.07224,49.24574],[-123.07224,49.25636],[-123.07223,49.2457],[-123.07222,49.21119],[-123.07222,49.22899],[-123.07222,49.26136],[-123.07222,49.26143],[-123.07221,49.24394],[-123.0722,49.2429],[-123.07219,49.21093],[-123.07219,49.24473],[-123.07217,49.23463],[-123.07216,49.24566],[-123.07216,49.24744],[-123.07215,49.21207],[-123.07215,49.21384],[-123.07215,49.24786],[-123.07214,49.21278],[-123.07214,49.24626],[-123.07214,49.24748],[-123.07214,49.25354],[-123.07213,49.21468],[-123.07213,49.24153],[-123.07212,49.21552],[-123.07212,49.23463],[-123.07211,49.24697],[-123.07211,49.26794],[-123.0721,49.2429],[-123.0721,49.24393],[-123.0721,49.24752],[-123.07209,49.23518],[-123.07208,49.21723],[-123.07208,49.24351],[-123.07208,49.24473],[-123.07207,49.24355],[-123.07206,49.21744],[-123.07206,49.23633],[-123.07205,49.21768],[-123.07205,49.24555],[-123.07204,49.21824],[-123.07204,49.24158],[-123.07203,49.21912],[-123.07203,49.22008],[-123.07203,49.22564],[-123.07203,49.24398],[-123.07203,49.24628],[-123.07202,49.24404],[-123.07202,49.25154],[-123.07201,49.22047],[-123.07201,49.24698],[-123.07201,49.24788],[-123.072,49.22331],[-123.072,49.22338],[-123.072,49.24165],[-123.07199,49.24305],[-123.07199,49.24751],[-123.07199,49.26325],[-123.07199,49.26333],[-123.07198,49.2112],[-123.07198,49.24698],[-123.07198,49.25244],[-123.07197,49.21207],[-123.07196,49.22184],[-123.07195,49.21297],[-123.07195,49.21822],[-123.07195,49.24298],[-123.07195,49.24895],[-123.07194,49.21383],[-123.07194,49.21911],[-123.07193,49.21468],[-123.07193,49.22255],[-123.07193,49.22479],[-123.07193,49.22483],[-123.07192,49.21552],[-123.07192,49.22005],[-123.07192,49.25154],[-123.07191,49.22568],[-123.07191,49.25083],[-123.07191,49.25087],[-123.0719,49.21105],[-123.0719,49.25116],[-123.0719,49.2512],[-123.0719,49.25244],[-123.0719,49.25911],[-123.0719,49.25915],[-123.07189,49.22344],[-123.07189,49.22564],[-123.07189,49.24872],[-123.07188,49.24927],[-123.07188,49.25042],[-123.07188,49.25167],[-123.07187,49.21114],[-123.07187,49.21194],[-123.07187,49.2521],[-123.07187,49.28266],[-123.07186,49.212],[-123.07186,49.21284],[-123.07186,49.22427],[-123.07185,49.2129],[-123.07185,49.21649],[-123.07185,49.21802],[-123.07185,49.22185],[-123.07184,49.2172],[-123.07184,49.21853],[-123.07184,49.21898],[-123.07184,49.21904],[-123.07184,49.22487],[-123.07183,49.21455],[-123.07183,49.21461],[-123.07183,49.21816],[-123.07183,49.21857],[-123.07183,49.21993],[-123.07183,49.21999],[-123.07183,49.22717],[-123.07183,49.27057],[-123.07182,49.21372],[-123.07182,49.21539],[-123.07182,49.21946],[-123.07182,49.22255],[-123.07182,49.2525],[-123.07181,49.21545],[-123.07181,49.22534],[-123.07181,49.25159],[-123.0718,49.21951],[-123.0718,49.25871],[-123.0718,49.27048],[-123.07178,49.21587],[-123.07178,49.21632],[-123.07178,49.22344],[-123.07178,49.22632],[-123.07178,49.22891],[-123.07178,49.22899],[-123.07178,49.25864],[-123.07178,49.26044],[-123.07176,49.21626],[-123.07176,49.26052],[-123.07176,49.26225],[-123.07175,49.26242],[-123.07174,49.22426],[-123.07174,49.22723],[-123.07174,49.24866],[-123.07173,49.23061],[-123.07172,49.23054],[-123.07171,49.24869],[-123.0717,49.22534],[-123.0717,49.26595],[-123.0717,49.26604],[-123.07169,49.21583],[-123.07169,49.2322],[-123.07169,49.23225],[-123.07169,49.27095],[-123.07169,49.271],[-123.07168,49.22887],[-123.07168,49.2347],[-123.07167,49.22632],[-123.07167,49.22906],[-123.07167,49.23258],[-123.07166,49.23274],[-123.07166,49.23306],[-123.07166,49.2331],[-123.07165,49.22994],[-123.07165,49.2679],[-123.07164,49.2688],[-123.07164,49.28215],[-123.07162,49.22518],[-123.07162,49.22529],[-123.07162,49.23067],[-123.07162,49.26974],[-123.07161,49.22518],[-123.0716,49.22566],[-123.0716,49.2257],[-123.07159,49.22841],[-123.07159,49.23253],[-123.07159,49.23477],[-123.07159,49.27061],[-123.07157,49.2289],[-123.07157,49.25262],[-123.07157,49.27206],[-123.07156,49.23302],[-123.07156,49.27945],[-123.07156,49.28225],[-123.07155,49.2291],[-123.07155,49.25334],[-123.07155,49.27296],[-123.07155,49.27386],[-123.07155,49.27935],[-123.07154,49.21502],[-123.07154,49.22994],[-123.07153,49.22766],[-123.07153,49.22773],[-123.07153,49.23385],[-123.07153,49.24151],[-123.07153,49.2679],[-123.07152,49.21498],[-123.07152,49.21853],[-123.07152,49.23067],[-123.07151,49.26882],[-123.0715,49.23483],[-123.0715,49.23759],[-123.0715,49.23766],[-123.0715,49.23806],[-123.0715,49.27656],[-123.0715,49.28372],[-123.07149,49.23802],[-123.07149,49.23886],[-123.07149,49.24286],[-123.07149,49.27061],[-123.07148,49.24823],[-123.07148,49.26975],[-123.07148,49.27134],[-123.07148,49.28135],[-123.07147,49.23562],[-123.07147,49.23842],[-123.07147,49.25262],[-123.07147,49.27892],[-123.07146,49.21678],[-123.07146,49.23848],[-123.07146,49.24151],[-123.07146,49.2476],[-123.07146,49.25333],[-123.07146,49.26778],[-123.07146,49.28114],[-123.07146,49.28361],[-123.07145,49.2325],[-123.07145,49.23302],[-123.07145,49.2389],[-123.07145,49.24754],[-123.07145,49.26784],[-123.07145,49.27206],[-123.07145,49.27296],[-123.07144,49.23668],[-123.07144,49.23928],[-123.07144,49.24489],[-123.07144,49.24795],[-123.07144,49.26826],[-123.07143,49.2285],[-123.07143,49.22857],[-123.07143,49.23935],[-123.07143,49.24533],[-123.07143,49.28305],[-123.07143,49.28315],[-123.07142,49.23386],[-123.07142,49.23971],[-123.07142,49.23974],[-123.07142,49.24284],[-123.07141,49.23751],[-123.07141,49.24008],[-123.07141,49.26956],[-123.0714,49.20912],[-123.0714,49.21413],[-123.0714,49.21684],[-123.0714,49.21749],[-123.0714,49.26968],[-123.0714,49.27386],[-123.07139,49.21016],[-123.07139,49.21587],[-123.07139,49.23483],[-123.07139,49.24663],[-123.07138,49.23836],[-123.07138,49.24746],[-123.07138,49.24767],[-123.07137,49.23562],[-123.07137,49.27049],[-123.07137,49.27055],[-123.07137,49.27098],[-123.07137,49.27139],[-123.07137,49.27146],[-123.07136,49.21206],[-123.07136,49.27211],[-123.07136,49.27656],[-123.07135,49.21298],[-123.07135,49.23922],[-123.07135,49.27302],[-123.07134,49.24865],[-123.07134,49.24866],[-123.07134,49.27392],[-123.07133,49.23668],[-123.07133,49.24489],[-123.07133,49.26093],[-123.07133,49.27008],[-123.07133,49.27262],[-123.07132,49.21746],[-123.07132,49.24003],[-123.07132,49.24532],[-123.07132,49.27259],[-123.07132,49.27399],[-123.07131,49.21145],[-123.07131,49.21369],[-123.07131,49.21375],[-123.07131,49.21418],[-123.07131,49.26866],[-123.07131,49.26876],[-123.07131,49.27441],[-123.0713,49.21206],[-123.0713,49.2375],[-123.0713,49.27349],[-123.07129,49.23835],[-123.07128,49.21298],[-123.07128,49.24663],[-123.07127,49.24397],[-123.07127,49.24402],[-123.07127,49.2591],[-123.07127,49.25914],[-123.07127,49.27219],[-123.07127,49.27622],[-123.07126,49.23922],[-123.07126,49.27311],[-123.07126,49.27622],[-123.07126,49.27662],[-123.07125,49.20906],[-123.07124,49.20861],[-123.07124,49.21014],[-123.07124,49.24743],[-123.07123,49.21239],[-123.07123,49.21243],[-123.07123,49.21744],[-123.07123,49.24003],[-123.07123,49.27311],[-123.07122,49.21153],[-123.07122,49.21729],[-123.07121,49.24865],[-123.07121,49.24866],[-123.07119,49.2595],[-123.07119,49.25963],[-123.07118,49.20867],[-123.07118,49.21735],[-123.07117,49.2494],[-123.07116,49.21006],[-123.07115,49.21624],[-123.07115,49.21631],[-123.07115,49.24808],[-123.07113,49.20997],[-123.07113,49.21807],[-123.0711,49.24019],[-123.07109,49.2109],[-123.07109,49.2478],[-123.07106,49.21101],[-123.07106,49.24832],[-123.07106,49.24939],[-123.07105,49.24833],[-123.07101,49.24837],[-123.07099,49.20856],[-123.07099,49.24157],[-123.07099,49.25547],[-123.07098,49.24164],[-123.07097,49.22902],[-123.07096,49.21798],[-123.07095,49.25631],[-123.07094,49.22912],[-123.07092,49.22897],[-123.07092,49.23006],[-123.0709,49.21771],[-123.0709,49.23077],[-123.07087,49.2291],[-123.07087,49.24149],[-123.07086,49.21502],[-123.07086,49.22575],[-123.07086,49.25546],[-123.07085,49.20852],[-123.07085,49.21775],[-123.07085,49.23006],[-123.07085,49.23145],[-123.07085,49.23469],[-123.07084,49.21551],[-123.07084,49.23476],[-123.07083,49.23077],[-123.07083,49.24247],[-123.07083,49.25631],[-123.07081,49.2429],[-123.0708,49.22689],[-123.07079,49.22575],[-123.07079,49.23482],[-123.07078,49.26093],[-123.07077,49.21552],[-123.07077,49.21586],[-123.07076,49.24151],[-123.07076,49.26324],[-123.07075,49.26331],[-123.07075,49.27405],[-123.07074,49.2363],[-123.07074,49.27424],[-123.07073,49.21467],[-123.07073,49.24248],[-123.07072,49.23482],[-123.07071,49.2846],[-123.07071,49.2847],[-123.0707,49.24293],[-123.0707,49.24552],[-123.07069,49.20847],[-123.07069,49.26004],[-123.07068,49.23631],[-123.07068,49.24332],[-123.07067,49.23469],[-123.07067,49.23476],[-123.07067,49.24662],[-123.07066,49.21467],[-123.07066,49.23715],[-123.07066,49.24714],[-123.07066,49.28386],[-123.07065,49.21847],[-123.07065,49.23718],[-123.07064,49.20853],[-123.07064,49.24823],[-123.07063,49.28376],[-123.07061,49.24662],[-123.07061,49.24817],[-123.07061,49.28074],[-123.0706,49.24714],[-123.07059,49.23972],[-123.07057,49.238],[-123.07056,49.21638],[-123.07055,49.23888],[-123.07055,49.2472],[-123.07054,49.2142],[-123.07054,49.27746],[-123.07054,49.27835],[-123.07053,49.2389],[-123.07053,49.23927],[-123.07053,49.27927],[-123.07052,49.23934],[-123.07052,49.28016],[-123.07052,49.28106],[-123.07052,49.28315],[-123.07051,49.20849],[-123.07051,49.21822],[-123.07051,49.26282],[-123.0705,49.21636],[-123.0705,49.21835],[-123.07049,49.28207],[-123.07048,49.24007],[-123.07047,49.23838],[-123.07047,49.23845],[-123.07047,49.24007],[-123.07047,49.24018],[-123.07046,49.24018],[-123.07045,49.23845],[-123.07045,49.25375],[-123.07044,49.28298],[-123.07043,49.21819],[-123.07043,49.25374],[-123.07043,49.26148],[-123.07043,49.28369],[-123.07042,49.26858],[-123.07041,49.21191],[-123.07041,49.21198],[-123.07041,49.21764],[-123.0704,49.27748],[-123.07038,49.21238],[-123.07038,49.21242],[-123.07038,49.23754],[-123.07038,49.23761],[-123.07038,49.25209],[-123.07037,49.26433],[-123.07036,49.27838],[-123.07035,49.21382],[-123.07034,49.23052],[-123.07034,49.23061],[-123.07034,49.25039],[-123.07034,49.27928],[-123.07033,49.20837],[-123.07033,49.23304],[-123.07033,49.23308],[-123.07032,49.21282],[-123.07032,49.21288],[-123.07032,49.21761],[-123.07032,49.27713],[-123.07032,49.27752],[-123.07031,49.23052],[-123.07031,49.23061],[-123.07031,49.26503],[-123.07031,49.26518],[-123.07031,49.27811],[-123.0703,49.23219],[-123.0703,49.2508],[-123.0703,49.28018],[-123.07029,49.23222],[-123.07029,49.25084],[-123.07029,49.25203],[-123.07028,49.21897],[-123.07028,49.21903],[-123.07028,49.27673],[-123.07027,49.21382],[-123.07027,49.21998],[-123.07027,49.25247],[-123.07027,49.27469],[-123.07027,49.28108],[-123.07026,49.23256],[-123.07026,49.23273],[-123.07026,49.27802],[-123.07026,49.27842],[-123.07026,49.27852],[-123.07026,49.28208],[-123.07026,49.28298],[-123.07025,49.27295],[-123.07025,49.27893],[-123.07025,49.27933],[-123.07025,49.27944],[-123.07025,49.28114],[-123.07024,49.21992],[-123.07024,49.28375],[-123.07023,49.21151],[-123.07022,49.21717],[-123.07022,49.24344],[-123.07022,49.2515],[-123.07022,49.2748],[-123.07022,49.27984],[-123.07022,49.28071],[-123.07022,49.28075],[-123.07021,49.2155],[-123.07021,49.27295],[-123.0702,49.24337],[-123.07019,49.24395],[-123.07019,49.24401],[-123.07019,49.25242],[-123.07019,49.28024],[-123.07019,49.28033],[-123.07019,49.28264],[-123.07018,49.24149],[-123.07018,49.28112],[-123.07018,49.28134],[-123.07018,49.28173],[-123.07018,49.28383],[-123.07017,49.21468],[-123.07017,49.23317],[-123.07017,49.23635],[-123.07017,49.23637],[-123.07017,49.27391],[-123.07017,49.28213],[-123.07017,49.28224],[-123.07017,49.28303],[-123.07017,49.28314],[-123.07016,49.25585],[-123.07016,49.2835],[-123.07016,49.28395],[-123.07015,49.21951],[-123.07015,49.23355],[-123.07015,49.2367],[-123.07015,49.23677],[-123.07014,49.21715],[-123.07014,49.23218],[-123.07014,49.27399],[-123.07014,49.27567],[-123.07014,49.27585],[-123.07013,49.21079],[-123.07013,49.21947],[-123.07013,49.23677],[-123.07013,49.24088],[-123.07013,49.2515],[-123.07012,49.21699],[-123.07012,49.23218],[-123.07012,49.28396],[-123.07012,49.28467],[-123.07012,49.28475],[-123.07011,49.2083],[-123.07011,49.24149],[-123.07011,49.2578],[-123.07011,49.27749],[-123.0701,49.20829],[-123.0701,49.21098],[-123.0701,49.23539],[-123.0701,49.25242],[-123.0701,49.25585],[-123.07009,49.2358],[-123.07009,49.24389],[-123.07009,49.24998],[-123.07009,49.25638],[-123.07008,49.21704],[-123.07008,49.27613],[-123.07006,49.20837],[-123.07006,49.23051],[-123.07006,49.23665],[-123.07006,49.24501],[-123.07005,49.20836],[-123.07005,49.2155],[-123.07005,49.23317],[-123.07005,49.23355],[-123.07005,49.24295],[-123.07005,49.2526],[-123.07005,49.2541],[-123.07005,49.25822],[-123.07004,49.24565],[-123.07004,49.25819],[-123.07003,49.2133],[-123.07003,49.25031],[-123.07003,49.25772],[-123.07002,49.25261],[-123.07002,49.25428],[-123.07001,49.24692],[-123.07001,49.25426],[-123.07,49.21466],[-123.07,49.25435],[-123.06999,49.23539],[-123.06999,49.2439],[-123.06999,49.25676],[-123.06999,49.26091],[-123.06998,49.23221],[-123.06998,49.23256],[-123.06998,49.23272],[-123.06998,49.24764],[-123.06998,49.27571],[-123.06998,49.2758],[-123.06997,49.22534],[-123.06997,49.23217],[-123.06997,49.23581],[-123.06996,49.2579],[-123.06996,49.26134],[-123.06996,49.2614],[-123.06995,49.23663],[-123.06995,49.24499],[-123.06995,49.25856],[-123.06994,49.22848],[-123.06994,49.22855],[-123.06994,49.25765],[-123.06994,49.26308],[-123.06993,49.22643],[-123.06993,49.24566],[-123.06993,49.25942],[-123.06992,49.25025],[-123.06992,49.26008],[-123.06991,49.26063],[-123.0699,49.21332],[-123.0699,49.21459],[-123.06988,49.22777],[-123.06988,49.26216],[-123.06988,49.26367],[-123.06987,49.22534],[-123.06987,49.24692],[-123.06987,49.26286],[-123.06986,49.21621],[-123.06986,49.22841],[-123.06985,49.24083],[-123.06985,49.24087],[-123.06984,49.23669],[-123.06984,49.24758],[-123.06984,49.26427],[-123.06983,49.21453],[-123.06983,49.23304],[-123.06983,49.23308],[-123.06982,49.22642],[-123.06982,49.22891],[-123.06982,49.26522],[-123.06981,49.24744],[-123.06981,49.25025],[-123.0698,49.26608],[-123.06979,49.26699],[-123.06978,49.22562],[-123.06978,49.27743],[-123.06977,49.22777],[-123.06977,49.26789],[-123.06976,49.2568],[-123.06976,49.27754],[-123.06975,49.22566],[-123.06975,49.25672],[-123.06975,49.26879],[-123.06974,49.2139],[-123.06974,49.24718],[-123.06974,49.25761],[-123.06974,49.2579],[-123.06974,49.26975],[-123.06973,49.22527],[-123.06972,49.25855],[-123.06971,49.21616],[-123.0697,49.22722],[-123.0697,49.22726],[-123.0697,49.25944],[-123.0697,49.26008],[-123.0697,49.27761],[-123.06969,49.2289],[-123.06969,49.26062],[-123.06969,49.2706],[-123.06968,49.22763],[-123.06968,49.25596],[-123.06967,49.27203],[-123.06966,49.26175],[-123.06966,49.26188],[-123.06965,49.26217],[-123.06965,49.27294],[-123.06964,49.26292],[-123.06963,49.25622],[-123.06963,49.27384],[-123.06962,49.22895],[-123.06962,49.22904],[-123.06962,49.26407],[-123.06962,49.2652],[-123.06961,49.24155],[-123.06961,49.25964],[-123.06961,49.26133],[-123.06961,49.26372],[-123.06961,49.26427],[-123.06961,49.27475],[-123.0696,49.21395],[-123.0696,49.25038],[-123.0696,49.26051],[-123.0696,49.26141],[-123.0696,49.26351],[-123.0696,49.27566],[-123.06959,49.26181],[-123.06958,49.24674],[-123.06958,49.26589],[-123.06958,49.27653],[-123.06957,49.21904],[-123.06957,49.26651],[-123.06956,49.25156],[-123.06956,49.25164],[-123.06955,49.25949],[-123.06955,49.26091],[-123.06955,49.26718],[-123.06954,49.24295],[-123.06954,49.24299],[-123.06954,49.25254],[-123.06954,49.26042],[-123.06954,49.26789],[-123.06953,49.25246],[-123.06953,49.26243],[-123.06953,49.26413],[-123.06952,49.22862],[-123.06952,49.22866],[-123.06952,49.26421],[-123.06952,49.26511],[-123.06952,49.2664],[-123.06952,49.26879],[-123.06952,49.26973],[-123.06951,49.2307],[-123.06951,49.23136],[-123.06951,49.26504],[-123.06951,49.27061],[-123.06951,49.27111],[-123.0695,49.21067],[-123.0695,49.23212],[-123.0695,49.24336],[-123.0695,49.25561],[-123.0695,49.26222],[-123.06949,49.27203],[-123.06948,49.26775],[-123.06947,49.26],[-123.06947,49.26706],[-123.06947,49.26712],[-123.06947,49.27294],[-123.06946,49.2307],[-123.06946,49.24343],[-123.06946,49.24391],[-123.06946,49.2515],[-123.06946,49.25427],[-123.06946,49.26782],[-123.06945,49.21007],[-123.06945,49.21859],[-123.06945,49.27384],[-123.06944,49.26866],[-123.06944,49.26873],[-123.06943,49.21892],[-123.06943,49.23136],[-123.06943,49.23371],[-123.06943,49.24291],[-123.06943,49.25241],[-123.06943,49.27047],[-123.06943,49.27054],[-123.06943,49.27134],[-123.06943,49.2721],[-123.06943,49.27475],[-123.06942,49.2433],[-123.06942,49.26954],[-123.06942,49.26968],[-123.06942,49.27125],[-123.06942,49.27218],[-123.06942,49.27565],[-123.06941,49.23213],[-123.06941,49.24391],[-123.06941,49.273],[-123.0694,49.20839],[-123.0694,49.24762],[-123.0694,49.26353],[-123.0694,49.27399],[-123.0694,49.27655],[-123.06939,49.20892],[-123.06939,49.21501],[-123.06939,49.27943],[-123.06938,49.20846],[-123.06938,49.25421],[-123.06938,49.27307],[-123.06938,49.27391],[-123.06938,49.27481],[-123.06938,49.27489],[-123.06937,49.21562],[-123.06937,49.21861],[-123.06937,49.2337],[-123.06936,49.20896],[-123.06936,49.21876],[-123.06936,49.25144],[-123.06936,49.27571],[-123.06936,49.27579],[-123.06936,49.27931],[-123.06935,49.21009],[-123.06934,49.21004],[-123.06934,49.21913],[-123.06933,49.21498],[-123.06933,49.21506],[-123.06933,49.2429],[-123.06933,49.25234],[-123.06933,49.27659],[-123.06932,49.2187],[-123.06931,49.24337],[-123.0693,49.21562],[-123.0693,49.26001],[-123.06929,49.24162],[-123.06929,49.27671],[-123.06928,49.21007],[-123.06928,49.21715],[-123.06928,49.25534],[-123.06927,49.2542],[-123.06927,49.27708],[-123.06926,49.24155],[-123.06926,49.24767],[-123.06926,49.25674],[-123.06925,49.24863],[-123.06924,49.24905],[-123.06924,49.27711],[-123.06923,49.21672],[-123.06923,49.22039],[-123.06922,49.219],[-123.06922,49.22045],[-123.06921,49.21204],[-123.06921,49.21724],[-123.06921,49.25852],[-123.06921,49.25856],[-123.0692,49.25571],[-123.0692,49.28487],[-123.06919,49.21652],[-123.06919,49.222],[-123.06918,49.25874],[-123.06917,49.2172],[-123.06917,49.25946],[-123.06917,49.28032],[-123.06916,49.25765],[-123.06916,49.28022],[-123.06915,49.24562],[-123.06915,49.25788],[-123.06915,49.25853],[-123.06914,49.2129],[-123.06914,49.22275],[-123.06913,49.24558],[-123.06913,49.2665],[-123.06912,49.21203],[-123.06912,49.21656],[-123.06912,49.22356],[-123.06911,49.22045],[-123.0691,49.21665],[-123.06908,49.25533],[-123.06907,49.22196],[-123.06907,49.22438],[-123.06907,49.24643],[-123.06906,49.25502],[-123.06906,49.2643],[-123.06904,49.21135],[-123.06904,49.22031],[-123.06904,49.22275],[-123.06904,49.22568],[-123.06903,49.21834],[-123.06903,49.22037],[-123.06902,49.20937],[-123.06902,49.2637],[-123.06901,49.21189],[-123.06901,49.21281],[-123.06901,49.22356],[-123.06901,49.22647],[-123.06901,49.27384],[-123.069,49.20936],[-123.069,49.21153],[-123.069,49.21196],[-123.069,49.21236],[-123.069,49.21241],[-123.069,49.21831],[-123.069,49.22957],[-123.069,49.26789],[-123.06899,49.22439],[-123.06898,49.20944],[-123.06897,49.21798],[-123.06897,49.26881],[-123.06896,49.21149],[-123.06896,49.21324],[-123.06895,49.22179],[-123.06895,49.22188],[-123.06895,49.2265],[-123.06895,49.2464],[-123.06895,49.25245],[-123.06895,49.26946],[-123.06895,49.27341],[-123.06894,49.22223],[-123.06894,49.22227],[-123.06894,49.22262],[-123.06894,49.22269],[-123.06894,49.22344],[-123.06894,49.22566],[-123.06893,49.21138],[-123.06893,49.22891],[-123.06893,49.22957],[-123.06892,49.22304],[-123.06892,49.22725],[-123.06891,49.22309],[-123.0689,49.22387],[-123.0689,49.2239],[-123.0689,49.22762],[-123.0689,49.22769],[-123.0689,49.24501],[-123.06889,49.21335],[-123.06889,49.21801],[-123.06889,49.22426],[-123.06889,49.22433],[-123.06889,49.26953],[-123.06889,49.27293],[-123.06889,49.27475],[-123.06887,49.22478],[-123.06887,49.22891],[-123.06887,49.24508],[-123.06887,49.27341],[-123.06887,49.27654],[-123.06886,49.2105],[-123.06886,49.21287],[-123.06886,49.22473],[-123.06886,49.22515],[-123.06886,49.23065],[-123.06886,49.23797],[-123.06886,49.24643],[-123.06886,49.25433],[-123.06886,49.27202],[-123.06886,49.27474],[-123.06886,49.27564],[-123.06885,49.2305],[-123.06883,49.23474],[-123.06883,49.24676],[-123.06882,49.22351],[-123.06882,49.23467],[-123.06882,49.24447],[-123.06882,49.27124],[-123.06882,49.27655],[-123.06881,49.24452],[-123.06881,49.27133],[-123.06881,49.27256],[-123.06881,49.2726],[-123.0688,49.21059],[-123.0688,49.27349],[-123.06879,49.25498],[-123.06877,49.24749],[-123.06877,49.27348],[-123.06876,49.23351],[-123.06876,49.23667],[-123.06876,49.23712],[-123.06876,49.23716],[-123.06876,49.24745],[-123.06874,49.21067],[-123.06874,49.23751],[-123.06874,49.25121],[-123.06874,49.25253],[-123.06874,49.25434],[-123.06873,49.23065],[-123.06873,49.2346],[-123.06873,49.23674],[-123.06873,49.23758],[-123.06873,49.24293],[-123.06873,49.24343],[-123.06872,49.23479],[-123.06872,49.23835],[-123.06871,49.21797],[-123.06871,49.23842],[-123.06871,49.25425],[-123.0687,49.24351],[-123.0687,49.2721],[-123.0687,49.2841],[-123.0687,49.2842],[-123.06869,49.24411],[-123.06869,49.27216],[-123.06868,49.21791],[-123.06868,49.23885],[-123.06868,49.23923],[-123.06868,49.25387],[-123.06867,49.23661],[-123.06867,49.25238],[-123.06866,49.21309],[-123.06866,49.23351],[-123.06866,49.24762],[-123.06866,49.27047],[-123.06866,49.27054],[-123.06865,49.2107],[-123.06865,49.23744],[-123.06865,49.24832],[-123.06865,49.24899],[-123.06863,49.21681],[-123.06863,49.23441],[-123.06863,49.24293],[-123.06862,49.23461],[-123.06862,49.23829],[-123.06862,49.24358],[-123.06862,49.24411],[-123.06862,49.25387],[-123.06861,49.24389],[-123.06859,49.2136],[-123.06859,49.23254],[-123.06859,49.23918],[-123.06858,49.21684],[-123.06858,49.23271],[-123.06858,49.24402],[-123.06857,49.21465],[-123.06857,49.23658],[-123.06856,49.23999],[-123.06855,49.21539],[-123.06855,49.24388],[-123.06855,49.24761],[-123.06855,49.24832],[-123.06855,49.249],[-123.06854,49.23744],[-123.06853,49.21362],[-123.06852,49.21967],[-123.06852,49.285],[-123.06851,49.2382],[-123.06851,49.24684],[-123.0685,49.22044],[-123.0685,49.25961],[-123.06849,49.24395],[-123.06849,49.25949],[-123.06848,49.22109],[-123.06848,49.23909],[-123.06847,49.21465],[-123.06847,49.22532],[-123.06847,49.25861],[-123.06847,49.27256],[-123.06846,49.21539],[-123.06846,49.25868],[-123.06846,49.2773],[-123.06845,49.22611],[-123.06845,49.23998],[-123.06843,49.22677],[-123.06842,49.21967],[-123.0684,49.2633],[-123.0684,49.27835],[-123.06839,49.22044],[-123.06838,49.21452],[-123.06838,49.22109],[-123.06838,49.22889],[-123.06837,49.21458],[-123.06837,49.22532],[-123.06837,49.27745],[-123.06836,49.22958],[-123.06836,49.28016],[-123.06835,49.21497],[-123.06835,49.21502],[-123.06835,49.22611],[-123.06835,49.22992],[-123.06835,49.28104],[-123.06834,49.20863],[-123.06834,49.28202],[-123.06833,49.21576],[-123.06833,49.2158],[-123.06832,49.20867],[-123.06832,49.21619],[-123.06832,49.22677],[-123.06831,49.21994],[-123.06831,49.21998],[-123.06831,49.28295],[-123.0683,49.2203],[-123.0683,49.22037],[-123.0683,49.25035],[-123.06829,49.28408],[-123.06827,49.22073],[-123.06827,49.22076],[-123.06827,49.22526],[-123.06827,49.22861],[-123.06827,49.26242],[-123.06826,49.22179],[-123.06826,49.27834],[-123.06826,49.27926],[-123.06825,49.22957],[-123.06824,49.22992],[-123.06822,49.2766],[-123.06822,49.27669],[-123.06822,49.28015],[-123.06821,49.21955],[-123.06821,49.22761],[-123.06821,49.26323],[-123.06821,49.27711],[-123.0682,49.22768],[-123.0682,49.2775],[-123.0682,49.28105],[-123.06819,49.25817],[-123.06819,49.25821],[-123.06818,49.21408],[-123.06818,49.21412],[-123.06818,49.25244],[-123.06818,49.25252],[-123.06818,49.2784],[-123.06818,49.28205],[-123.06817,49.24015],[-123.06817,49.27799],[-123.06817,49.27849],[-123.06817,49.27889],[-123.06817,49.2793],[-123.06817,49.27941],[-123.06816,49.24293],[-123.06816,49.24297],[-123.06816,49.26316],[-123.06815,49.27981],[-123.06815,49.28295],[-123.06814,49.25859],[-123.06814,49.2587],[-123.06814,49.28031],[-123.06814,49.28338],[-123.06813,49.28413],[-123.06812,49.2802],[-123.06812,49.28072],[-123.06811,49.25236],[-123.06811,49.28112],[-123.06811,49.2817],[-123.0681,49.27759],[-123.0681,49.28263],[-123.06809,49.26299],[-123.06809,49.28129],[-123.06809,49.2817],[-123.06809,49.28259],[-123.06808,49.25679],[-123.06808,49.28212],[-123.06808,49.28221],[-123.06807,49.2138],[-123.06807,49.27709],[-123.06806,49.25633],[-123.06806,49.25688],[-123.06806,49.28301],[-123.06805,49.23058],[-123.06805,49.24286],[-123.06805,49.25626],[-123.06805,49.28311],[-123.06804,49.22076],[-123.06804,49.23048],[-123.06804,49.24334],[-123.06804,49.25399],[-123.06804,49.2842],[-123.06803,49.208],[-123.06803,49.2176],[-123.06803,49.24147],[-123.06803,49.28432],[-123.06802,49.21851],[-123.06802,49.2335],[-123.06802,49.24389],[-123.06802,49.24699],[-123.06802,49.24703],[-123.06802,49.26139],[-123.06801,49.21756],[-123.06801,49.21856],[-123.06801,49.25452],[-123.06801,49.2632],[-123.06801,49.28356],[-123.068,49.20806],[-123.068,49.21384],[-123.068,49.25029],[-123.06798,49.2449],[-123.06798,49.27133],[-123.06797,49.24223],[-123.06797,49.24777],[-123.06797,49.27123],[-123.06796,49.2335],[-123.06795,49.25219],[-123.06793,49.24334],[-123.06793,49.2567],[-123.06792,49.24146],[-123.06791,49.24388],[-123.06791,49.24608],[-123.06791,49.2577],[-123.06791,49.25777],[-123.0679,49.2256],[-123.0679,49.25237],[-123.06789,49.22564],[-123.06789,49.2469],[-123.06788,49.20922],[-123.06788,49.24593],[-123.06788,49.25394],[-123.06787,49.20809],[-123.06786,49.20857],[-123.06785,49.28349],[-123.06784,49.25224],[-123.06783,49.24491],[-123.06783,49.26503],[-123.06783,49.2651],[-123.06782,49.24795],[-123.06782,49.25022],[-123.06781,49.24294],[-123.06779,49.21952],[-123.06778,49.24606],[-123.06778,49.26573],[-123.06777,49.20804],[-123.06777,49.21275],[-123.06777,49.25672],[-123.06776,49.20882],[-123.06776,49.21624],[-123.06776,49.2622],[-123.06775,49.22574],[-123.06775,49.24728],[-123.06775,49.24805],[-123.06775,49.25419],[-123.06775,49.2604],[-123.06775,49.2605],[-123.06774,49.20792],[-123.06774,49.20928],[-123.06774,49.21896],[-123.06774,49.2459],[-123.06774,49.24801],[-123.06774,49.25021],[-123.06774,49.26412],[-123.06773,49.21902],[-123.06773,49.24648],[-123.06773,49.25397],[-123.06773,49.26579],[-123.06773,49.27041],[-123.06772,49.22567],[-123.06772,49.22658],[-123.06772,49.2642],[-123.06772,49.27117],[-123.06771,49.25623],[-123.0677,49.2172],[-123.0677,49.27203],[-123.06769,49.20797],[-123.06769,49.21284],[-123.06768,49.21324],[-123.06768,49.21709],[-123.06768,49.22672],[-123.06768,49.24733],[-123.06768,49.27292],[-123.06767,49.22817],[-123.06767,49.24622],[-123.06766,49.2087],[-123.06766,49.27383],[-123.06766,49.28518],[-123.06765,49.20875],[-123.06765,49.22904],[-123.06765,49.27475],[-123.06764,49.22971],[-123.06763,49.22992],[-123.06763,49.23028],[-123.06763,49.23454],[-123.06763,49.27564],[-123.06763,49.27653],[-123.06762,49.21008],[-123.06762,49.23447],[-123.06761,49.20967],[-123.06761,49.23245],[-123.06761,49.27041],[-123.06761,49.28507],[-123.0676,49.27118],[-123.06758,49.27203],[-123.06757,49.27294],[-123.06755,49.24159],[-123.06755,49.27383],[-123.06753,49.24152],[-123.06753,49.27474],[-123.06752,49.27209],[-123.06752,49.27216],[-123.06751,49.27564],[-123.0675,49.2198],[-123.0675,49.26585],[-123.0675,49.27299],[-123.0675,49.27306],[-123.06749,49.21018],[-123.06749,49.27653],[-123.06748,49.27255],[-123.06748,49.2726],[-123.06748,49.27389],[-123.06748,49.27397],[-123.06747,49.21027],[-123.06747,49.22425],[-123.06747,49.22432],[-123.06746,49.2744],[-123.06746,49.2748],[-123.06745,49.22342],[-123.06745,49.2235],[-123.06745,49.27436],[-123.06745,49.27487],[-123.06744,49.2793],[-123.06744,49.27938],[-123.06743,49.2757],[-123.06743,49.27616],[-123.06743,49.27621],[-123.06742,49.23922],[-123.06742,49.23929],[-123.06742,49.27526],[-123.06742,49.27531],[-123.06742,49.27577],[-123.06741,49.2226],[-123.06741,49.22267],[-123.06741,49.23929],[-123.0674,49.21811],[-123.0674,49.26583],[-123.0674,49.27659],[-123.06739,49.24082],[-123.06738,49.21804],[-123.06737,49.21171],[-123.06737,49.24191],[-123.06737,49.24293],[-123.06737,49.25186],[-123.06737,49.25188],[-123.06735,49.20751],[-123.06734,49.20751],[-123.06734,49.23883],[-123.06734,49.24082],[-123.06734,49.24288],[-123.06733,49.21075],[-123.06733,49.21177],[-123.06733,49.23833],[-123.06732,49.2384],[-123.06732,49.28448],[-123.06731,49.20758],[-123.06731,49.23833],[-123.06731,49.23965],[-123.06731,49.23969],[-123.06731,49.24191],[-123.06731,49.25949],[-123.0673,49.2384],[-123.0673,49.2596],[-123.06729,49.20758],[-123.06728,49.21081],[-123.06728,49.2135],[-123.06728,49.24283],[-123.06728,49.24319],[-123.06728,49.24401],[-123.06727,49.25219],[-123.06726,49.25279],[-123.06726,49.26639],[-123.06725,49.21989],[-123.06725,49.25027],[-123.06724,49.21355],[-123.06724,49.21617],[-123.06724,49.23486],[-123.06724,49.24402],[-123.06724,49.25272],[-123.06723,49.21451],[-123.06723,49.21457],[-123.06723,49.22044],[-123.06723,49.2663],[-123.06723,49.26644],[-123.06722,49.2349],[-123.06722,49.24014],[-123.06722,49.24484],[-123.06721,49.22029],[-123.0672,49.24014],[-123.0672,49.2802],[-123.06719,49.2803],[-123.06718,49.24002],[-123.06718,49.25274],[-123.06717,49.23522],[-123.06717,49.24818],[-123.06717,49.24866],[-123.06716,49.23529],[-123.06716,49.24002],[-123.06716,49.24728],[-123.06715,49.27838],[-123.06715,49.27849],[-123.06714,49.21976],[-123.06713,49.22041],[-123.06713,49.25021],[-123.06711,49.22623],[-123.06711,49.22624],[-123.06711,49.25035],[-123.06709,49.22684],[-123.06708,49.2534],[-123.06707,49.26969],[-123.06706,49.20861],[-123.06706,49.22774],[-123.06706,49.23215],[-123.06706,49.23219],[-123.06706,49.2325],[-123.06705,49.25331],[-123.06705,49.25907],[-123.06705,49.2591],[-123.06705,49.27667],[-123.06704,49.22035],[-123.06704,49.23271],[-123.06703,49.24938],[-123.06703,49.25018],[-123.06702,49.2294],[-123.06702,49.24868],[-123.06702,49.26715],[-123.06701,49.20848],[-123.06701,49.22071],[-123.06701,49.22075],[-123.06701,49.23041],[-123.06701,49.23308],[-123.06701,49.26278],[-123.06701,49.26968],[-123.067,49.2086],[-123.067,49.22177],[-123.067,49.22626],[-123.067,49.23067],[-123.067,49.23312],[-123.06699,49.22185],[-123.06699,49.22624],[-123.06698,49.22684],[-123.06698,49.2315],[-123.06698,49.26271],[-123.06697,49.23243],[-123.06697,49.27928],[-123.06696,49.22774],[-123.06696,49.27939],[-123.06695,49.23345],[-123.06694,49.24808],[-123.06693,49.22514],[-123.06692,49.22525],[-123.06692,49.2256],[-123.06692,49.22564],[-123.06692,49.22941],[-123.06692,49.2838],[-123.06691,49.20948],[-123.06691,49.25026],[-123.0669,49.2811],[-123.0669,49.2854],[-123.06688,49.20951],[-123.06688,49.23358],[-123.06688,49.23359],[-123.06688,49.28321],[-123.06687,49.22759],[-123.06687,49.2304],[-123.06687,49.28129],[-123.06687,49.28459],[-123.06686,49.23063],[-123.06685,49.2102],[-123.06684,49.23793],[-123.06683,49.21074],[-123.06683,49.23156],[-123.06683,49.23796],[-123.06682,49.21168],[-123.06682,49.28322],[-123.06681,49.23243],[-123.0668,49.2126],[-123.0668,49.26256],[-123.0668,49.28446],[-123.06679,49.21009],[-123.06679,49.25819],[-123.06679,49.27796],[-123.06678,49.21348],[-123.06678,49.21578],[-123.06678,49.22766],[-123.06678,49.25816],[-123.06678,49.28447],[-123.06677,49.21073],[-123.06677,49.215],[-123.06677,49.23048],[-123.06676,49.21463],[-123.06675,49.21165],[-123.06675,49.23056],[-123.06675,49.25186],[-123.06674,49.21256],[-123.06673,49.2163],[-123.06672,49.21346],[-123.06669,49.21463],[-123.06669,49.21769],[-123.06669,49.25411],[-123.06668,49.20976],[-123.06668,49.21818],[-123.06668,49.25409],[-123.06668,49.26711],[-123.06668,49.26713],[-123.06667,49.24282],[-123.06666,49.2163],[-123.06665,49.25172],[-123.06664,49.24451],[-123.06663,49.2439],[-123.06663,49.24391],[-123.06662,49.2177],[-123.06662,49.24142],[-123.06661,49.21818],[-123.06661,49.28377],[-123.06659,49.22042],[-123.06659,49.2456],[-123.06659,49.25075],[-123.06659,49.25891],[-123.06658,49.25034],[-123.06657,49.24278],[-123.06657,49.24727],[-123.06657,49.26241],[-123.06654,49.22216],[-123.06654,49.24371],[-123.06654,49.25183],[-123.06653,49.22227],[-123.06652,49.21909],[-123.06652,49.22042],[-123.06652,49.22273],[-123.06652,49.23272],[-123.06652,49.24144],[-123.06652,49.24159],[-123.0665,49.22334],[-123.0665,49.23251],[-123.0665,49.25415],[-123.06649,49.26713],[-123.06649,49.26819],[-123.06648,49.21992],[-123.06648,49.24859],[-123.06648,49.26334],[-123.06647,49.2222],[-123.06647,49.24015],[-123.06647,49.24284],[-123.06647,49.25319],[-123.06647,49.26952],[-123.06647,49.26963],[-123.06647,49.28531],[-123.06646,49.22273],[-123.06646,49.22355],[-123.06646,49.24941],[-123.06646,49.26825],[-123.06645,49.22504],[-123.06645,49.24554],[-123.06645,49.26054],[-123.06644,49.22333],[-123.06644,49.2244],[-123.06644,49.24006],[-123.06644,49.2429],[-123.06644,49.26877],[-123.06644,49.27005],[-123.06643,49.26985],[-123.06642,49.24149],[-123.06642,49.24861],[-123.06642,49.26633],[-123.0664,49.22022],[-123.0664,49.24586],[-123.0664,49.24729],[-123.0664,49.24941],[-123.0664,49.2502],[-123.06639,49.26877],[-123.06638,49.25294],[-123.06637,49.22616],[-123.06637,49.22689],[-123.06637,49.25293],[-123.06637,49.26049],[-123.06636,49.26986],[-123.06635,49.24523],[-123.06634,49.20759],[-123.06634,49.22782],[-123.06633,49.20731],[-123.06633,49.28471],[-123.06632,49.24558],[-123.0663,49.22952],[-123.0663,49.23214],[-123.0663,49.23218],[-123.06628,49.22021],[-123.06628,49.2304],[-123.06627,49.25449],[-123.06627,49.28454],[-123.06626,49.23061],[-123.06626,49.23402],[-123.06626,49.26368],[-123.06625,49.20873],[-123.06625,49.2541],[-123.06625,49.26713],[-123.06624,49.22009],[-123.06624,49.23407],[-123.06623,49.20761],[-123.06623,49.23232],[-123.06623,49.25579],[-123.06623,49.25583],[-123.06622,49.23231],[-123.06622,49.23632],[-123.06622,49.25618],[-123.06622,49.2811],[-123.06622,49.28126],[-123.06621,49.20834],[-123.06621,49.28455],[-123.0662,49.23569],[-123.06619,49.20996],[-123.06619,49.23217],[-123.06619,49.23629],[-123.06619,49.2371],[-123.06618,49.23432],[-123.06618,49.25405],[-123.06618,49.25627],[-123.06617,49.21072],[-123.06617,49.23301],[-123.06617,49.23714],[-123.06617,49.23747],[-123.06617,49.23757],[-123.06617,49.25448],[-123.06616,49.21156],[-123.06615,49.25678],[-123.06614,49.21242],[-123.06614,49.2356],[-123.06614,49.25574],[-123.06614,49.25686],[-123.06614,49.25769],[-123.06614,49.25776],[-123.06612,49.21339],[-123.06612,49.25859],[-123.06612,49.25866],[-123.06611,49.23711],[-123.06611,49.23712],[-123.06611,49.25614],[-123.06611,49.25999],[-123.0661,49.21462],[-123.0661,49.25123],[-123.0661,49.2609],[-123.06609,49.25164],[-123.06608,49.21537],[-123.06608,49.21971],[-123.06608,49.23825],[-123.06608,49.25672],[-123.06607,49.20756],[-123.06607,49.26279],[-123.06606,49.20827],[-123.06606,49.21627],[-123.06606,49.25757],[-123.06605,49.23912],[-123.06605,49.25161],[-123.06605,49.25448],[-123.06604,49.21728],[-123.06604,49.23445],[-123.06604,49.23454],[-123.06604,49.25355],[-123.06604,49.25399],[-123.06604,49.25853],[-123.06604,49.25962],[-123.06603,49.20983],[-123.06603,49.21016],[-123.06603,49.2197],[-123.06603,49.25762],[-123.06603,49.25874],[-123.06602,49.23747],[-123.06602,49.23756],[-123.06602,49.25266],[-123.06602,49.25483],[-123.06602,49.26143],[-123.06602,49.2687],[-123.06601,49.21074],[-123.06601,49.21817],[-123.06601,49.23995],[-123.06601,49.26054],[-123.06601,49.26246],[-123.066,49.20721],[-123.066,49.20864],[-123.066,49.21136],[-123.066,49.26713],[-123.06599,49.21908],[-123.06599,49.22067],[-123.06599,49.25576],[-123.06598,49.21231],[-123.06597,49.20748],[-123.06597,49.21302],[-123.06597,49.21959],[-123.06597,49.25612],[-123.06596,49.20741],[-123.06596,49.22128],[-123.06596,49.26335],[-123.06596,49.26773],[-123.06594,49.20975],[-123.06594,49.21463],[-123.06594,49.22191],[-123.06594,49.24278],[-123.06594,49.2678],[-123.06593,49.22273],[-123.06593,49.25672],[-123.06593,49.26495],[-123.06593,49.26863],[-123.06593,49.26952],[-123.06593,49.26963],[-123.06592,49.21057],[-123.06592,49.21067],[-123.06592,49.21542],[-123.06592,49.2411],[-123.06592,49.24111],[-123.06592,49.25278],[-123.06591,49.21601],[-123.06591,49.24422],[-123.06591,49.25757],[-123.06591,49.26574],[-123.0659,49.22354],[-123.0659,49.26634],[-123.06589,49.21223],[-123.06589,49.21672],[-123.06589,49.25848],[-123.06589,49.25872],[-123.06589,49.267],[-123.06589,49.27044],[-123.06589,49.27051],[-123.06589,49.27123],[-123.06589,49.2713],[-123.06588,49.22437],[-123.06588,49.26713],[-123.06587,49.20949],[-123.06587,49.21737],[-123.06587,49.24569],[-123.06587,49.26786],[-123.06586,49.2096],[-123.06586,49.25964],[-123.06586,49.26874],[-123.06585,49.21252],[-123.06585,49.21257],[-123.06585,49.21818],[-123.06585,49.22529],[-123.06585,49.24421],[-123.06585,49.2492],[-123.06585,49.26051],[-123.06584,49.21449],[-123.06584,49.21455],[-123.06584,49.22577],[-123.06584,49.26969],[-123.06583,49.21358],[-123.06583,49.21364],[-123.06583,49.21908],[-123.06583,49.22601],[-123.06583,49.25019],[-123.06583,49.28468],[-123.06582,49.2265],[-123.06582,49.27055],[-123.06581,49.24716],[-123.06581,49.24722],[-123.06581,49.26247],[-123.0658,49.21529],[-123.0658,49.21535],[-123.0658,49.21659],[-123.0658,49.227],[-123.0658,49.2326],[-123.0658,49.25866],[-123.0658,49.26135],[-123.0658,49.27141],[-123.06579,49.21665],[-123.06579,49.25947],[-123.06579,49.26333],[-123.06579,49.2722],[-123.06578,49.28538],[-123.06577,49.21961],[-123.06577,49.27309],[-123.06576,49.21762],[-123.06576,49.21802],[-123.06576,49.21811],[-123.06576,49.22851],[-123.06576,49.2604],[-123.06576,49.26046],[-123.06576,49.26496],[-123.06575,49.21766],[-123.06575,49.22046],[-123.06575,49.24722],[-123.06575,49.27402],[-123.06574,49.23283],[-123.06574,49.2492],[-123.06574,49.26587],[-123.06573,49.22137],[-123.06573,49.27497],[-123.06572,49.2502],[-123.06572,49.25959],[-123.06572,49.26367],[-123.06572,49.26371],[-123.06572,49.26677],[-123.06572,49.26694],[-123.06572,49.27652],[-123.06571,49.21206],[-123.06571,49.2304],[-123.06571,49.26411],[-123.06571,49.26418],[-123.06571,49.26734],[-123.06571,49.28298],[-123.06571,49.28308],[-123.06571,49.28486],[-123.0657,49.22234],[-123.0657,49.26457],[-123.0657,49.26461],[-123.0657,49.26784],[-123.0657,49.27741],[-123.0657,49.27832],[-123.06569,49.23124],[-123.06569,49.23528],[-123.06569,49.26501],[-123.06569,49.26508],[-123.06569,49.26875],[-123.06569,49.27746],[-123.06568,49.23207],[-123.06568,49.23519],[-123.06568,49.25959],[-123.06568,49.26548],[-123.06568,49.26552],[-123.06568,49.28014],[-123.06567,49.22324],[-123.06567,49.26639],[-123.06567,49.26643],[-123.06567,49.26968],[-123.06567,49.27921],[-123.06566,49.23251],[-123.06566,49.25116],[-123.06566,49.26591],[-123.06566,49.26598],[-123.06566,49.28101],[-123.06565,49.22415],[-123.06565,49.2624],[-123.06565,49.26682],[-123.06565,49.26689],[-123.06565,49.26729],[-123.06565,49.27055],[-123.06565,49.28202],[-123.06564,49.22035],[-123.06564,49.22122],[-123.06564,49.22131],[-123.06564,49.23348],[-123.06564,49.25116],[-123.06564,49.26733],[-123.06564,49.26773],[-123.06564,49.26779],[-123.06564,49.26819],[-123.06564,49.2714],[-123.06563,49.26824],[-123.06562,49.22529],[-123.06562,49.26218],[-123.06562,49.2687],[-123.06562,49.26909],[-123.06562,49.26914],[-123.06562,49.28294],[-123.06561,49.23439],[-123.06561,49.2384],[-123.06561,49.26862],[-123.06561,49.2722],[-123.06561,49.28383],[-123.0656,49.22022],[-123.0656,49.22601],[-123.0656,49.27004],[-123.0656,49.27311],[-123.06559,49.2264],[-123.06559,49.23513],[-123.06559,49.25153],[-123.06559,49.25224],[-123.06559,49.27],[-123.06559,49.27044],[-123.06559,49.27386],[-123.06559,49.28463],[-123.06558,49.26951],[-123.06558,49.26962],[-123.06558,49.27051],[-123.06558,49.27083],[-123.06558,49.27086],[-123.06557,49.23579],[-123.06557,49.23831],[-123.06557,49.27497],[-123.06556,49.22727],[-123.06556,49.2713],[-123.06556,49.27167],[-123.06556,49.2717],[-123.06556,49.27214],[-123.06555,49.23659],[-123.06555,49.27123],[-123.06555,49.27207],[-123.06554,49.27651],[-123.06553,49.22846],[-123.06553,49.27298],[-123.06553,49.27744],[-123.06553,49.27825],[-123.06553,49.27904],[-123.06552,49.23741],[-123.06552,49.25144],[-123.06552,49.27959],[-123.06551,49.22937],[-123.06551,49.27304],[-123.0655,49.22973],[-123.0655,49.23825],[-123.0655,49.27376],[-123.0655,49.27382],[-123.06549,49.27479],[-123.06549,49.27485],[-123.06549,49.28101],[-123.06548,49.23025],[-123.06548,49.23913],[-123.06548,49.25149],[-123.06548,49.27576],[-123.06548,49.28202],[-123.06547,49.21067],[-123.06547,49.27569],[-123.06546,49.23113],[-123.06546,49.28294],[-123.06545,49.22627],[-123.06545,49.22634],[-123.06545,49.23992],[-123.06545,49.25142],[-123.06545,49.27616],[-123.06545,49.2762],[-123.06544,49.23197],[-123.06544,49.28382],[-123.06543,49.21149],[-123.06543,49.24063],[-123.06542,49.22943],[-123.06542,49.22951],[-123.06542,49.23261],[-123.06542,49.2847],[-123.06542,49.28503],[-123.06541,49.21065],[-123.06541,49.2126],[-123.06541,49.28108],[-123.06541,49.28109],[-123.0654,49.24143],[-123.0654,49.28128],[-123.06539,49.2137],[-123.06539,49.23031],[-123.06539,49.2304],[-123.06539,49.23119],[-123.06539,49.23128],[-123.06539,49.23382],[-123.06539,49.25156],[-123.06539,49.25686],[-123.06538,49.21059],[-123.06538,49.25768],[-123.06537,49.20731],[-123.06537,49.21462],[-123.06537,49.25775],[-123.06536,49.23482],[-123.06536,49.24276],[-123.06536,49.25144],[-123.06535,49.23267],[-123.06535,49.2519],[-123.06535,49.28399],[-123.06534,49.21257],[-123.06534,49.25695],[-123.06533,49.21148],[-123.06533,49.23583],[-123.06533,49.24359],[-123.06533,49.25725],[-123.06532,49.21371],[-123.06531,49.23387],[-123.06531,49.24416],[-123.06531,49.25816],[-123.06531,49.25872],[-123.0653,49.21462],[-123.0653,49.21816],[-123.0653,49.23396],[-123.0653,49.23683],[-123.0653,49.25965],[-123.06529,49.21855],[-123.06529,49.2329],[-123.06529,49.23442],[-123.06529,49.23488],[-123.06529,49.23497],[-123.06529,49.25594],[-123.06529,49.25615],[-123.06529,49.25634],[-123.06529,49.25648],[-123.06528,49.2171],[-123.06528,49.23736],[-123.06528,49.24503],[-123.06528,49.28388],[-123.06527,49.21496],[-123.06527,49.25686],[-123.06526,49.21449],[-123.06526,49.23804],[-123.06526,49.25695],[-123.06525,49.21109],[-123.06525,49.21403],[-123.06525,49.21408],[-123.06525,49.21455],[-123.06525,49.23885],[-123.06525,49.24589],[-123.06524,49.21713],[-123.06524,49.21816],[-123.06524,49.21988],[-123.06524,49.25239],[-123.06524,49.28489],[-123.06523,49.25872],[-123.06522,49.20736],[-123.06522,49.21855],[-123.06522,49.23597],[-123.06522,49.28489],[-123.06521,49.22218],[-123.06521,49.23589],[-123.06521,49.23689],[-123.06521,49.23698],[-123.06521,49.23979],[-123.06521,49.24665],[-123.06521,49.26876],[-123.0652,49.22228],[-123.0652,49.22714],[-123.0652,49.28477],[-123.06519,49.21111],[-123.06519,49.22721],[-123.06519,49.23742],[-123.06519,49.24058],[-123.06519,49.28477],[-123.06518,49.24758],[-123.06517,49.21986],[-123.06517,49.23749],[-123.06517,49.24143],[-123.06516,49.21993],[-123.06516,49.22175],[-123.06516,49.22426],[-123.06515,49.22042],[-123.06515,49.23212],[-123.06515,49.24846],[-123.06515,49.26876],[-123.06514,49.22233],[-123.06514,49.25132],[-123.06514,49.25133],[-123.06514,49.25344],[-123.06514,49.27222],[-123.06513,49.20729],[-123.06513,49.20764],[-123.06513,49.2492],[-123.06513,49.24929],[-123.06513,49.27257],[-123.06512,49.21253],[-123.06512,49.21987],[-123.06512,49.21992],[-123.06512,49.22331],[-123.06512,49.22511],[-123.06512,49.22523],[-123.06512,49.24274],[-123.06512,49.27395],[-123.06512,49.28165],[-123.06512,49.28169],[-123.06511,49.25019],[-123.0651,49.23212],[-123.0651,49.27222],[-123.06508,49.24063],[-123.06508,49.24073],[-123.06508,49.24386],[-123.06508,49.24465],[-123.06508,49.26276],[-123.06508,49.27437],[-123.06507,49.2125],[-123.06507,49.22233],[-123.06507,49.22266],[-123.06507,49.26245],[-123.06507,49.26281],[-123.06507,49.27397],[-123.06506,49.22172],[-123.06506,49.22271],[-123.06506,49.22416],[-123.06506,49.24155],[-123.06505,49.22177],[-123.06505,49.22331],[-123.06505,49.22853],[-123.06505,49.22859],[-123.06505,49.24147],[-123.06505,49.24278],[-123.06505,49.24283],[-123.06505,49.24487],[-123.06504,49.22362],[-123.06504,49.22505],[-123.06503,49.22528],[-123.06503,49.2264],[-123.06503,49.27491],[-123.06502,49.22678],[-123.06502,49.2538],[-123.06502,49.27562],[-123.06501,49.22738],[-123.06501,49.24402],[-123.06501,49.24571],[-123.06501,49.24667],[-123.065,49.22618],[-123.065,49.23202],[-123.06499,49.24453],[-123.06499,49.24754],[-123.06499,49.28438],[-123.06498,49.27491],[-123.06497,49.22641],[-123.06497,49.22901],[-123.06497,49.23202],[-123.06497,49.24842],[-123.06495,49.22738],[-123.06495,49.24391],[-123.06495,49.24672],[-123.06495,49.27475],[-123.06495,49.27489],[-123.06495,49.27562],[-123.06494,49.21006],[-123.06494,49.2468],[-123.06494,49.24929],[-123.06494,49.27525],[-123.06494,49.27529],[-123.06493,49.25119],[-123.06492,49.22673],[-123.06492,49.22677],[-123.06492,49.23197],[-123.06492,49.25019],[-123.06492,49.25142],[-123.06492,49.2632],[-123.06492,49.26327],[-123.06491,49.22813],[-123.06491,49.24578],[-123.06491,49.24587],[-123.0649,49.22808],[-123.0649,49.22991],[-123.0649,49.24518],[-123.06489,49.24767],[-123.06488,49.23251],[-123.06488,49.2476],[-123.06488,49.24846],[-123.06488,49.24855],[-123.06487,49.2101],[-123.06487,49.22859],[-123.06487,49.24491],[-123.06486,49.22852],[-123.06486,49.22899],[-123.06485,49.21009],[-123.06485,49.21234],[-123.06485,49.22903],[-123.06485,49.22942],[-123.06485,49.23197],[-123.06485,49.24934],[-123.06483,49.24943],[-123.06482,49.23247],[-123.06482,49.23251],[-123.06481,49.21237],[-123.0648,49.22951],[-123.0648,49.22988],[-123.0648,49.22992],[-123.0648,49.23927],[-123.0648,49.26275],[-123.0648,49.2628],[-123.06479,49.2303],[-123.06479,49.23039],[-123.06479,49.23333],[-123.06478,49.22356],[-123.06478,49.2236],[-123.06478,49.23379],[-123.06477,49.23481],[-123.06477,49.23582],[-123.06476,49.25024],[-123.06476,49.25033],[-123.06476,49.25204],[-123.06475,49.23804],[-123.06474,49.23278],[-123.06474,49.23339],[-123.06474,49.23681],[-123.06473,49.23344],[-123.06473,49.24056],[-123.06472,49.2167],[-123.06472,49.23444],[-123.06472,49.2397],[-123.06471,49.23297],[-123.06471,49.2354],[-123.06471,49.23545],[-123.06471,49.25126],[-123.0647,49.23826],[-123.0647,49.24141],[-123.06469,49.22867],[-123.06469,49.24162],[-123.06468,49.20675],[-123.06468,49.23439],[-123.06468,49.25813],[-123.06467,49.21817],[-123.06467,49.22785],[-123.06467,49.25202],[-123.06467,49.25818],[-123.06466,49.20675],[-123.06466,49.24056],[-123.06465,49.21884],[-123.06464,49.24022],[-123.06464,49.24026],[-123.06464,49.24366],[-123.06463,49.2167],[-123.06463,49.24141],[-123.06463,49.24162],[-123.06463,49.25207],[-123.06463,49.27387],[-123.06462,49.21953],[-123.0646,49.24107],[-123.0646,49.24112],[-123.06459,49.20681],[-123.06459,49.24275],[-123.06459,49.2811],[-123.06458,49.21069],[-123.06458,49.21817],[-123.06458,49.22867],[-123.06457,49.2068],[-123.06457,49.21279],[-123.06457,49.22787],[-123.06457,49.24365],[-123.06456,49.21357],[-123.06456,49.21363],[-123.06456,49.25364],[-123.06456,49.28128],[-123.06455,49.21316],[-123.06455,49.21885],[-123.06455,49.23076],[-123.06455,49.2308],[-123.06455,49.23977],[-123.06454,49.20763],[-123.06454,49.21073],[-123.06454,49.21528],[-123.06454,49.21534],[-123.06453,49.2132],[-123.06453,49.21663],[-123.06453,49.21953],[-123.06453,49.23162],[-123.06453,49.23167],[-123.06453,49.23977],[-123.06453,49.25355],[-123.06453,49.27386],[-123.06451,49.21284],[-123.06451,49.217],[-123.0645,49.21704],[-123.06449,49.21764],[-123.06449,49.23936],[-123.06449,49.2394],[-123.06449,49.24385],[-123.06449,49.28478],[-123.06448,49.20741],[-123.06448,49.2176],[-123.06448,49.218],[-123.06448,49.21809],[-123.06448,49.25352],[-123.06448,49.28354],[-123.06447,49.24573],[-123.06447,49.27381],[-123.06446,49.20742],[-123.06446,49.20777],[-123.06446,49.2399],[-123.06446,49.27478],[-123.06445,49.21845],[-123.06445,49.21849],[-123.06445,49.23989],[-123.06445,49.24666],[-123.06445,49.24753],[-123.06445,49.24773],[-123.06445,49.27375],[-123.06445,49.28018],[-123.06443,49.2194],[-123.06443,49.21947],[-123.06442,49.22509],[-123.06442,49.25176],[-123.06441,49.21656],[-123.0644,49.24572],[-123.0644,49.24753],[-123.06439,49.2438],[-123.06439,49.24773],[-123.06439,49.24863],[-123.06438,49.24666],[-123.06438,49.24928],[-123.06437,49.24864],[-123.06437,49.26366],[-123.06436,49.22226],[-123.06436,49.2287],[-123.06436,49.22875],[-123.06436,49.25018],[-123.06436,49.25108],[-123.06436,49.25246],[-123.06436,49.2637],[-123.06435,49.2116],[-123.06435,49.22218],[-123.06434,49.22226],[-123.06433,49.20776],[-123.06433,49.22218],[-123.06432,49.25253],[-123.06431,49.20858],[-123.0643,49.25108],[-123.0643,49.25256],[-123.06429,49.20999],[-123.06428,49.21014],[-123.06428,49.21129],[-123.06427,49.25255],[-123.06427,49.25278],[-123.06426,49.21006],[-123.06426,49.23119],[-123.06425,49.23126],[-123.06424,49.23119],[-123.06423,49.20693],[-123.06423,49.21167],[-123.06423,49.23126],[-123.06422,49.26155],[-123.06421,49.25957],[-123.06421,49.28167],[-123.0642,49.25997],[-123.06419,49.20699],[-123.06419,49.2084],[-123.06419,49.28167],[-123.06418,49.25905],[-123.06417,49.25276],[-123.06417,49.25858],[-123.06417,49.25865],[-123.06417,49.25909],[-123.06416,49.25946],[-123.06416,49.25995],[-123.06415,49.26039],[-123.06412,49.25819],[-123.06411,49.20848],[-123.06411,49.20891],[-123.0641,49.22581],[-123.0641,49.26045],[-123.06409,49.21102],[-123.06409,49.24161],[-123.06409,49.25544],[-123.06408,49.25871],[-123.06408,49.25962],[-123.06407,49.24107],[-123.06407,49.25911],[-123.06406,49.24271],[-123.06405,49.23285],[-123.06403,49.26157],[-123.06403,49.27296],[-123.06403,49.27303],[-123.06402,49.26243],[-123.06402,49.28478],[-123.06401,49.2185],[-123.06401,49.23202],[-123.06401,49.2321],[-123.064,49.26332],[-123.06399,49.21541],[-123.06399,49.24161],[-123.06398,49.25871],[-123.06398,49.26422],[-123.06397,49.21102],[-123.06397,49.22399],[-123.06397,49.22625],[-123.06397,49.22632],[-123.06397,49.22807],[-123.06397,49.25911],[-123.06396,49.22406],[-123.06396,49.22811],[-123.06396,49.25819],[-123.06396,49.26513],[-123.06395,49.22399],[-123.06395,49.24271],[-123.06395,49.26584],[-123.06394,49.22308],[-123.06394,49.22316],[-123.06394,49.22406],[-123.06393,49.21041],[-123.06393,49.25962],[-123.06393,49.26675],[-123.06393,49.28297],[-123.06392,49.21541],[-123.06392,49.25349],[-123.06392,49.25956],[-123.06392,49.26154],[-123.06391,49.25947],[-123.0639,49.24147],[-123.0639,49.26243],[-123.0639,49.26765],[-123.0639,49.27568],[-123.0639,49.27574],[-123.06389,49.21448],[-123.06389,49.24155],[-123.06389,49.24439],[-123.06389,49.25858],[-123.06389,49.25865],[-123.06389,49.26855],[-123.06389,49.26881],[-123.06389,49.27707],[-123.06389,49.28489],[-123.06388,49.22581],[-123.06388,49.24854],[-123.06388,49.26332],[-123.06388,49.26967],[-123.06387,49.21848],[-123.06387,49.26422],[-123.06387,49.27704],[-123.06387,49.28217],[-123.06386,49.25356],[-123.06385,49.25341],[-123.06385,49.26176],[-123.06385,49.26513],[-123.06385,49.27056],[-123.06385,49.27524],[-123.06385,49.27615],[-123.06385,49.27618],[-123.06384,49.22585],[-123.06384,49.24277],[-123.06384,49.26582],[-123.06384,49.27133],[-123.06384,49.27528],[-123.06384,49.27665],[-123.06383,49.21571],[-123.06383,49.25181],[-123.06383,49.27658],[-123.06383,49.27749],[-123.06383,49.27756],[-123.06382,49.25032],[-123.06382,49.26219],[-123.06382,49.26674],[-123.06382,49.2783],[-123.06382,49.27837],[-123.06382,49.27918],[-123.06382,49.27963],[-123.06382,49.28035],[-123.06382,49.28207],[-123.06381,49.20901],[-123.06381,49.21576],[-123.06381,49.2518],[-123.06381,49.25818],[-123.06381,49.27909],[-123.06381,49.27972],[-123.0638,49.26236],[-123.0638,49.26279],[-123.0638,49.26326],[-123.0638,49.26765],[-123.06379,49.21028],[-123.06379,49.21034],[-123.06379,49.26319],[-123.06379,49.26856],[-123.06379,49.28018],[-123.06379,49.28307],[-123.06378,49.24433],[-123.06378,49.26275],[-123.06378,49.26365],[-123.06378,49.2637],[-123.06378,49.26409],[-123.06378,49.2641],[-123.06378,49.26416],[-123.06378,49.26875],[-123.06377,49.21488],[-123.06377,49.2618],[-123.06376,49.21493],[-123.06376,49.25338],[-123.06376,49.2655],[-123.06376,49.26967],[-123.06376,49.2756],[-123.06375,49.26547],[-123.06375,49.26597],[-123.06375,49.27056],[-123.06375,49.27824],[-123.06374,49.21985],[-123.06374,49.21989],[-123.06374,49.25812],[-123.06374,49.2659],[-123.06374,49.26637],[-123.06374,49.27652],[-123.06374,49.27742],[-123.06373,49.26641],[-123.06373,49.26681],[-123.06373,49.27134],[-123.06373,49.27903],[-123.06372,49.2389],[-123.06372,49.25093],[-123.06372,49.26688],[-123.06372,49.26771],[-123.06372,49.27957],[-123.06371,49.25904],[-123.06371,49.25909],[-123.06371,49.26727],[-123.06371,49.26731],[-123.06371,49.26778],[-123.06371,49.26817],[-123.06371,49.28013],[-123.06371,49.28104],[-123.0637,49.26822],[-123.0637,49.26862],[-123.0637,49.26868],[-123.06368,49.2695],[-123.06368,49.2829],[-123.06367,49.24894],[-123.06367,49.26908],[-123.06367,49.26912],[-123.06367,49.26961],[-123.06367,49.28381],[-123.06366,49.24434],[-123.06366,49.27002],[-123.06365,49.26999],[-123.06365,49.27042],[-123.06365,49.27559],[-123.06365,49.28202],[-123.06364,49.27121],[-123.06364,49.2847],[-123.06363,49.21454],[-123.06363,49.24328],[-123.06363,49.27049],[-123.06363,49.27081],[-123.06363,49.27164],[-123.06363,49.27169],[-123.06363,49.27206],[-123.06363,49.27652],[-123.06362,49.21402],[-123.06362,49.27128],[-123.06362,49.27212],[-123.06362,49.27742],[-123.06362,49.27904],[-123.06362,49.27958],[-123.06361,49.21407],[-123.06361,49.24895],[-123.06361,49.25087],[-123.06361,49.27824],[-123.06361,49.28499],[-123.0636,49.23815],[-123.0636,49.28012],[-123.06359,49.25731],[-123.06359,49.26133],[-123.06359,49.28301],[-123.06358,49.23809],[-123.06358,49.25714],[-123.06357,49.20644],[-123.06357,49.21112],[-123.06357,49.27484],[-123.06357,49.28105],[-123.06355,49.24332],[-123.06355,49.28192],[-123.06354,49.28202],[-123.06353,49.27574],[-123.06353,49.28289],[-123.06352,49.20651],[-123.06352,49.27568],[-123.06352,49.28018],[-123.06351,49.25093],[-123.06351,49.28382],[-123.0635,49.2246],[-123.0635,49.28035],[-123.0635,49.28471],[-123.06349,49.21808],[-123.06349,49.22464],[-123.06349,49.24449],[-123.06348,49.21798],[-123.06348,49.28208],[-123.06347,49.22585],[-123.06347,49.22949],[-123.06347,49.25818],[-123.06347,49.28168],[-123.06346,49.22121],[-123.06346,49.22128],[-123.06346,49.22581],[-123.06346,49.25101],[-123.06346,49.28076],[-123.06346,49.2811],[-123.06346,49.28127],[-123.06346,49.28495],[-123.06345,49.22074],[-123.06345,49.22078],[-123.06345,49.28349],[-123.06344,49.21065],[-123.06344,49.21189],[-123.06344,49.21194],[-123.06344,49.22941],[-123.06344,49.28257],[-123.06343,49.21668],[-123.06343,49.24273],[-123.06343,49.28216],[-123.06343,49.28441],[-123.06343,49.28488],[-123.06342,49.2108],[-123.06342,49.27374],[-123.06342,49.2839],[-123.06342,49.28477],[-123.06341,49.2738],[-123.06341,49.27477],[-123.06341,49.28397],[-123.0634,49.22264],[-123.0634,49.25559],[-123.0634,49.26125],[-123.0634,49.28297],[-123.0634,49.28306],[-123.0634,49.28437],[-123.06339,49.2124],[-123.06339,49.21792],[-123.06339,49.24374],[-123.06339,49.24377],[-123.06338,49.21246],[-123.06338,49.22268],[-123.06338,49.24273],[-123.06338,49.28388],[-123.06337,49.26129],[-123.06337,49.26136],[-123.06337,49.28207],[-123.06336,49.21078],[-123.06336,49.21139],[-123.06335,49.21149],[-123.06334,49.21668],[-123.06334,49.2182],[-123.06333,49.22175],[-123.06332,49.22043],[-123.06331,49.2394],[-123.0633,49.23935],[-123.06329,49.20811],[-123.06329,49.21792],[-123.06329,49.22135],[-123.06329,49.28388],[-123.06326,49.2182],[-123.06326,49.2223],[-123.06325,49.21527],[-123.06325,49.21533],[-123.06325,49.2204],[-123.06325,49.22276],[-123.06325,49.2448],[-123.06324,49.21355],[-123.06324,49.21655],[-123.06324,49.21661],[-123.06323,49.2082],[-123.06323,49.21361],[-123.06323,49.22064],[-123.06323,49.22135],[-123.06323,49.22323],[-123.06321,49.21698],[-123.06321,49.21702],[-123.0632,49.21984],[-123.0632,49.21988],[-123.0632,49.2202],[-123.0632,49.2223],[-123.0632,49.22338],[-123.0632,49.25242],[-123.0632,49.25817],[-123.0632,49.27614],[-123.06319,49.21758],[-123.06319,49.21762],[-123.06319,49.21798],[-123.06319,49.21807],[-123.06319,49.22257],[-123.06319,49.22276],[-123.06318,49.22033],[-123.06318,49.22323],[-123.06318,49.22359],[-123.06318,49.2285],[-123.06318,49.22857],[-123.06314,49.22338],[-123.06313,49.21944],[-123.06312,49.21938],[-123.06312,49.22507],[-123.06311,49.22518],[-123.0631,49.21294],[-123.0631,49.24585],[-123.0631,49.26456],[-123.0631,49.2646],[-123.06309,49.22412],[-123.06308,49.21299],[-123.06308,49.25857],[-123.06307,49.24479],[-123.06307,49.25864],[-123.06306,49.225],[-123.06306,49.22524],[-123.06306,49.23898],[-123.06306,49.25811],[-123.06306,49.25857],[-123.06305,49.22811],[-123.06305,49.25817],[-123.06305,49.25864],[-123.06305,49.27614],[-123.06304,49.27565],[-123.06304,49.28349],[-123.06303,49.20998],[-123.06302,49.2202],[-123.06302,49.22413],[-123.06301,49.225],[-123.063,49.21002],[-123.063,49.22524],[-123.063,49.27618],[-123.06299,49.25279],[-123.06299,49.2668],[-123.06299,49.26687],[-123.06298,49.22711],[-123.06298,49.22718],[-123.06297,49.21897],[-123.06296,49.21901],[-123.06296,49.22398],[-123.06296,49.22405],[-123.06296,49.23911],[-123.06296,49.24276],[-123.06296,49.24534],[-123.06296,49.24578],[-123.06295,49.24539],[-123.06294,49.2106],[-123.06294,49.24495],[-123.06294,49.24719],[-123.06294,49.24721],[-123.06294,49.25284],[-123.06293,49.24626],[-123.06293,49.2463],[-123.06292,49.24002],[-123.06292,49.25277],[-123.06291,49.24053],[-123.0629,49.24671],[-123.0629,49.24679],[-123.0629,49.27484],[-123.06289,49.24281],[-123.06288,49.24141],[-123.06286,49.23741],[-123.06285,49.23911],[-123.06285,49.24395],[-123.06285,49.27523],[-123.06285,49.27527],[-123.06285,49.27704],[-123.06285,49.27909],[-123.06284,49.23815],[-123.06284,49.2427],[-123.06284,49.24573],[-123.06284,49.27916],[-123.06283,49.27708],[-123.06282,49.24001],[-123.06282,49.24665],[-123.06281,49.21096],[-123.06281,49.24713],[-123.06281,49.25817],[-123.0628,49.2364],[-123.0628,49.23668],[-123.0628,49.24057],[-123.06279,49.2382],[-123.06279,49.24296],[-123.06278,49.23883],[-123.06277,49.21842],[-123.06277,49.21847],[-123.06277,49.24141],[-123.06277,49.24839],[-123.06277,49.25208],[-123.06276,49.2738],[-123.06275,49.21047],[-123.06275,49.27476],[-123.06274,49.21894],[-123.06274,49.23668],[-123.06274,49.24932],[-123.06274,49.24941],[-123.06274,49.27963],[-123.06273,49.21053],[-123.06273,49.219],[-123.06273,49.23737],[-123.06273,49.23821],[-123.06273,49.24271],[-123.06273,49.24572],[-123.06273,49.24885],[-123.06272,49.27963],[-123.06272,49.2797],[-123.06271,49.23883],[-123.06271,49.24262],[-123.06271,49.24983],[-123.06271,49.25022],[-123.06271,49.25031],[-123.06271,49.26279],[-123.06271,49.27829],[-123.06271,49.27836],[-123.0627,49.24665],[-123.0627,49.2498],[-123.0627,49.2797],[-123.06269,49.27829],[-123.06269,49.27836],[-123.06269,49.28126],[-123.06268,49.2441],[-123.06268,49.25206],[-123.06268,49.2811],[-123.06267,49.24718],[-123.06267,49.25817],[-123.06266,49.24927],[-123.06265,49.2204],[-123.06264,49.25812],[-123.06264,49.28494],[-123.06263,49.22133],[-123.06263,49.24839],[-123.06263,49.25015],[-123.06261,49.25061],[-123.0626,49.22229],[-123.0626,49.24294],[-123.06258,49.21406],[-123.06258,49.21846],[-123.06258,49.22321],[-123.06258,49.25312],[-123.06257,49.21401],[-123.06256,49.2532],[-123.06255,49.21447],[-123.06255,49.22041],[-123.06255,49.25015],[-123.06254,49.25059],[-123.06254,49.25211],[-123.06253,49.22133],[-123.06251,49.25817],[-123.0625,49.22229],[-123.0625,49.22505],[-123.0625,49.22579],[-123.0625,49.22584],[-123.0625,49.24287],[-123.06249,49.22517],[-123.06249,49.25074],[-123.06249,49.25217],[-123.06249,49.25751],[-123.06247,49.22321],[-123.06247,49.2263],[-123.06246,49.21096],[-123.06246,49.211],[-123.06246,49.22032],[-123.06246,49.22623],[-123.06245,49.2267],[-123.06245,49.22673],[-123.06244,49.2212],[-123.06243,49.22418],[-123.06241,49.22127],[-123.06241,49.22494],[-123.0624,49.22522],[-123.0624,49.25266],[-123.06239,49.22223],[-123.06238,49.20833],[-123.06238,49.22216],[-123.06238,49.22307],[-123.06237,49.22314],[-123.06237,49.22618],[-123.06237,49.22637],[-123.06236,49.28586],[-123.06235,49.22724],[-123.06235,49.25255],[-123.06234,49.20823],[-123.06234,49.22985],[-123.06234,49.22989],[-123.06233,49.23078],[-123.06232,49.22419],[-123.0623,49.22494],[-123.06229,49.20795],[-123.06229,49.22521],[-123.06229,49.23495],[-123.06229,49.25856],[-123.06229,49.25864],[-123.06228,49.23488],[-123.06227,49.23295],[-123.06227,49.23338],[-123.06227,49.23387],[-123.06227,49.25303],[-123.06227,49.25314],[-123.06226,49.20861],[-123.06226,49.22617],[-123.06226,49.23283],[-123.06226,49.23342],[-123.06226,49.23394],[-123.06226,49.23438],[-123.06226,49.23443],[-123.06226,49.28075],[-123.06225,49.20638],[-123.06225,49.22636],[-123.06225,49.23539],[-123.06225,49.23543],[-123.06225,49.23588],[-123.06225,49.23688],[-123.06224,49.22404],[-123.06224,49.22724],[-123.06224,49.23595],[-123.06224,49.23695],[-123.06224,49.25903],[-123.06223,49.23201],[-123.06223,49.23208],[-123.06223,49.23744],[-123.06223,49.25908],[-123.06223,49.25957],[-123.06223,49.26078],[-123.06222,49.22397],[-123.06222,49.23749],[-123.06222,49.25944],[-123.06222,49.26072],[-123.06221,49.23808],[-123.06221,49.23815],[-123.06221,49.25295],[-123.0622,49.22516],[-123.0622,49.23889],[-123.06219,49.21459],[-123.06219,49.28598],[-123.06218,49.20835],[-123.06217,49.21539],[-123.06217,49.22504],[-123.06217,49.22583],[-123.06217,49.23277],[-123.06217,49.23381],[-123.06217,49.23482],[-123.06217,49.23582],[-123.06216,49.20791],[-123.06216,49.20903],[-123.06216,49.21577],[-123.06216,49.22579],[-123.06216,49.25911],[-123.06216,49.25971],[-123.06215,49.21603],[-123.06215,49.23682],[-123.06215,49.24237],[-123.06215,49.25811],[-123.06214,49.2271],[-123.06214,49.22805],[-123.06214,49.22809],[-123.06214,49.24191],[-123.06214,49.25963],[-123.06214,49.28109],[-123.06214,49.28126],[-123.06213,49.20843],[-123.06213,49.21666],[-123.06213,49.22953],[-123.06213,49.23194],[-123.06213,49.23741],[-123.06213,49.25253],[-123.06213,49.2587],[-123.06212,49.2267],[-123.06212,49.22673],[-123.06212,49.23802],[-123.06212,49.23821],[-123.06212,49.26093],[-123.06212,49.26498],[-123.06212,49.26506],[-123.06212,49.26545],[-123.06212,49.26549],[-123.06211,49.20861],[-123.06211,49.20908],[-123.06211,49.22623],[-123.06211,49.24337],[-123.06211,49.25292],[-123.06211,49.26146],[-123.0621,49.21459],[-123.0621,49.21982],[-123.0621,49.2263],[-123.0621,49.25256],[-123.0621,49.25813],[-123.0621,49.26589],[-123.0621,49.26596],[-123.06209,49.20819],[-123.06209,49.21789],[-123.06209,49.21987],[-123.06209,49.24191],[-123.06209,49.2624],[-123.06208,49.21236],[-123.06208,49.21242],[-123.06208,49.21813],[-123.06208,49.2338],[-123.06208,49.24234],[-123.06207,49.21539],[-123.06207,49.26558],[-123.06206,49.21577],[-123.06206,49.21603],[-123.06206,49.21876],[-123.06206,49.23276],[-123.06206,49.23476],[-123.06206,49.2587],[-123.06206,49.2633],[-123.06206,49.28591],[-123.06205,49.20634],[-123.06204,49.2084],[-123.06204,49.20914],[-123.06204,49.22717],[-123.06204,49.26421],[-123.06204,49.28164],[-123.06203,49.21672],[-123.06203,49.23582],[-123.06202,49.23682],[-123.06202,49.23791],[-123.06202,49.2382],[-123.06202,49.25911],[-123.06202,49.26511],[-123.06201,49.21022],[-123.06201,49.22953],[-123.06201,49.23187],[-123.06201,49.25962],[-123.06201,49.26602],[-123.062,49.21453],[-123.062,49.21789],[-123.062,49.22896],[-123.062,49.24347],[-123.06199,49.21813],[-123.06199,49.229],[-123.06199,49.25971],[-123.06199,49.26076],[-123.06198,49.21488],[-123.06198,49.21492],[-123.06198,49.21526],[-123.06198,49.21532],[-123.06198,49.25792],[-123.06198,49.26764],[-123.06197,49.21876],[-123.06197,49.25295],[-123.06197,49.26145],[-123.06197,49.27916],[-123.06196,49.23588],[-123.06196,49.23595],[-123.06196,49.25856],[-123.06196,49.25863],[-123.06196,49.2624],[-123.06196,49.26853],[-123.06196,49.26943],[-123.06196,49.27909],[-123.06195,49.21337],[-123.06195,49.2204],[-123.06195,49.25816],[-123.06195,49.2633],[-123.06195,49.27373],[-123.06195,49.27379],[-123.06194,49.21188],[-123.06194,49.21193],[-123.06194,49.21343],[-123.06194,49.26421],[-123.06193,49.23688],[-123.06193,49.24341],[-123.06193,49.25956],[-123.06193,49.26994],[-123.06193,49.27029],[-123.06193,49.2706],[-123.06192,49.22134],[-123.06192,49.23695],[-123.06192,49.25189],[-123.06192,49.26511],[-123.06191,49.22985],[-123.06191,49.22989],[-123.06191,49.23799],[-123.06191,49.27134],[-123.0619,49.2091],[-123.0619,49.21796],[-123.0619,49.22209],[-123.0619,49.26601],[-123.0619,49.27664],[-123.06189,49.21805],[-123.06189,49.2204],[-123.06189,49.26218],[-123.06189,49.27218],[-123.06189,49.27657],[-123.06189,49.27747],[-123.06189,49.27754],[-123.06189,49.27836],[-123.06188,49.21138],[-123.06188,49.21147],[-123.06188,49.223],[-123.06187,49.21841],[-123.06187,49.22134],[-123.06187,49.25187],[-123.06187,49.26764],[-123.06186,49.21845],[-123.06186,49.25943],[-123.06186,49.26234],[-123.06186,49.26853],[-123.06186,49.27369],[-123.06185,49.22203],[-123.06185,49.25854],[-123.06184,49.21053],[-123.06184,49.22209],[-123.06184,49.27468],[-123.06183,49.21936],[-123.06183,49.21942],[-123.06183,49.26498],[-123.06183,49.26942],[-123.06183,49.26993],[-123.06182,49.22299],[-123.06182,49.26234],[-123.06182,49.26505],[-123.06182,49.27028],[-123.06182,49.27054],[-123.06182,49.2756],[-123.06181,49.26545],[-123.06181,49.27903],[-123.0618,49.27134],[-123.0618,49.27651],[-123.0618,49.27741],[-123.06179,49.27218],[-123.06179,49.27957],[-123.06178,49.26738],[-123.06178,49.2677],[-123.06178,49.26777],[-123.06178,49.2801],[-123.06178,49.28103],[-123.06177,49.26733],[-123.06177,49.28199],[-123.06176,49.22306],[-123.06176,49.22313],[-123.06176,49.22373],[-123.06176,49.2682],[-123.06176,49.2686],[-123.06176,49.26867],[-123.06175,49.21059],[-123.06175,49.2235],[-123.06175,49.26816],[-123.06175,49.2691],[-123.06174,49.22387],[-123.06174,49.22412],[-123.06174,49.26948],[-123.06174,49.26997],[-123.06174,49.28291],[-123.06173,49.27048],[-123.06173,49.27379],[-123.06173,49.27467],[-123.06173,49.28379],[-123.06172,49.22895],[-123.06172,49.229],[-123.06172,49.24341],[-123.06172,49.26959],[-123.06172,49.27041],[-123.06172,49.2756],[-123.06171,49.22445],[-123.06171,49.22478],[-123.0617,49.22498],[-123.0617,49.28467],[-123.0617,49.28549],[-123.06169,49.22372],[-123.06169,49.22521],[-123.06169,49.27651],[-123.06169,49.27741],[-123.06168,49.22538],[-123.06168,49.27957],[-123.06168,49.28571],[-123.06167,49.20946],[-123.06167,49.22353],[-123.06167,49.24193],[-123.06167,49.27903],[-123.06166,49.22387],[-123.06166,49.22582],[-123.06166,49.28011],[-123.06165,49.20809],[-123.06165,49.22412],[-123.06165,49.22445],[-123.06164,49.22473],[-123.06164,49.22497],[-123.06164,49.26088],[-123.06163,49.2252],[-123.06163,49.22538],[-123.06163,49.26083],[-123.06163,49.2708],[-123.06163,49.27084],[-123.06163,49.28103],[-123.06163,49.2813],[-123.06162,49.2095],[-123.06162,49.21017],[-123.06162,49.28159],[-123.06162,49.282],[-123.0616,49.22403],[-123.0616,49.24359],[-123.0616,49.27963],[-123.0616,49.28291],[-123.06159,49.25238],[-123.06159,49.27613],[-123.06159,49.27617],[-123.06159,49.27703],[-123.06159,49.27707],[-123.06159,49.27916],[-123.06159,49.28106],[-123.06159,49.2847],[-123.06158,49.22396],[-123.06158,49.22503],[-123.06158,49.22515],[-123.06158,49.2797],[-123.06158,49.2838],[-123.06157,49.21286],[-123.06157,49.2129],[-123.06157,49.22031],[-123.06157,49.27911],[-123.06156,49.20637],[-123.06156,49.28033],[-123.06156,49.28561],[-123.06155,49.22019],[-123.06155,49.28078],[-123.06154,49.28017],[-123.06154,49.2811],[-123.06154,49.28552],[-123.06153,49.20948],[-123.06153,49.28164],[-123.06153,49.28257],[-123.06152,49.21014],[-123.06152,49.28125],[-123.06152,49.28206],[-123.06152,49.28215],[-123.06151,49.24223],[-123.06151,49.28296],[-123.06151,49.28306],[-123.06151,49.28344],[-123.06151,49.28347],[-123.0615,49.25185],[-123.0615,49.28387],[-123.0615,49.28487],[-123.06149,49.20662],[-123.06149,49.25033],[-123.06149,49.28396],[-123.06149,49.28476],[-123.06149,49.28674],[-123.06148,49.2072],[-123.06148,49.28437],[-123.06147,49.24154],[-123.06147,49.28569],[-123.06146,49.24146],[-123.06146,49.24487],[-123.06146,49.28527],[-123.06145,49.23889],[-123.06145,49.24495],[-123.06145,49.28437],[-123.06144,49.2422],[-123.06144,49.25043],[-123.06143,49.23664],[-123.06143,49.25193],[-123.06142,49.20634],[-123.06142,49.21982],[-123.06142,49.21985],[-123.06142,49.23737],[-123.06142,49.23792],[-123.06141,49.21577],[-123.06141,49.21848],[-123.06141,49.23883],[-123.06139,49.28583],[-123.06138,49.20943],[-123.06137,49.23662],[-123.06137,49.24062],[-123.06136,49.23792],[-123.06136,49.2407],[-123.06136,49.25174],[-123.06135,49.21577],[-123.06135,49.26043],[-123.06134,49.21848],[-123.06134,49.28672],[-123.06133,49.20721],[-123.06133,49.28576],[-123.06132,49.2448],[-123.06131,49.23688],[-123.06131,49.23799],[-123.06131,49.23805],[-123.0613,49.21095],[-123.0613,49.21099],[-123.0613,49.22804],[-123.0613,49.23737],[-123.06129,49.23741],[-123.06128,49.21665],[-123.06128,49.21669],[-123.06127,49.24196],[-123.06126,49.23846],[-123.06126,49.24202],[-123.06126,49.24533],[-123.06125,49.2385],[-123.06125,49.25902],[-123.06124,49.21755],[-123.06124,49.21759],[-123.06124,49.22808],[-123.06124,49.24193],[-123.06124,49.2517],[-123.06123,49.2439],[-123.06122,49.2448],[-123.06121,49.22764],[-123.0612,49.22757],[-123.0612,49.25905],[-123.06119,49.24626],[-123.06119,49.2463],[-123.06118,49.20793],[-123.06118,49.20987],[-123.06116,49.23639],[-123.06116,49.23643],[-123.06114,49.20993],[-123.06114,49.24571],[-123.06113,49.24664],[-123.06113,49.25816],[-123.06112,49.28659],[-123.06111,49.20801],[-123.06111,49.20811],[-123.06111,49.22578],[-123.06111,49.22582],[-123.0611,49.23938],[-123.06109,49.23741],[-123.06109,49.23933],[-123.06109,49.23974],[-123.06109,49.25932],[-123.06108,49.26043],[-123.06107,49.23985],[-123.06107,49.24571],[-123.06107,49.24664],[-123.06107,49.25792],[-123.06107,49.25945],[-123.06106,49.20614],[-123.06106,49.22947],[-123.06105,49.2573],[-123.06105,49.2708],[-123.06104,49.27083],[-123.06103,49.20621],[-123.06103,49.25224],[-123.06102,49.21714],[-123.06102,49.24253],[-123.06102,49.27083],[-123.06101,49.21708],[-123.06101,49.26126],[-123.06101,49.26135],[-123.061,49.24421],[-123.06099,49.23244],[-123.06099,49.23248],[-123.06099,49.24255],[-123.06099,49.26037],[-123.06098,49.23034],[-123.06097,49.23027],[-123.06097,49.23897],[-123.06096,49.20995],[-123.06096,49.23888],[-123.06095,49.23487],[-123.06095,49.23494],[-123.06095,49.23897],[-123.06095,49.24249],[-123.06094,49.23888],[-123.06092,49.20869],[-123.06092,49.23115],[-123.06092,49.23123],[-123.06091,49.23337],[-123.06091,49.23487],[-123.06091,49.23494],[-123.06091,49.25904],[-123.0609,49.23342],[-123.0609,49.2512],[-123.0609,49.25904],[-123.06088,49.23438],[-123.06088,49.23442],[-123.06088,49.24422],[-123.06088,49.25123],[-123.06087,49.23386],[-123.06087,49.23393],[-123.06087,49.23543],[-123.06086,49.21525],[-123.06086,49.21531],[-123.06086,49.21569],[-123.06086,49.21573],[-123.06086,49.2402],[-123.06086,49.25217],[-123.06085,49.24024],[-123.06084,49.25221],[-123.06083,49.2086],[-123.06082,49.2099],[-123.06082,49.23539],[-123.06081,49.25257],[-123.06081,49.28215],[-123.0608,49.24427],[-123.0608,49.28756],[-123.06079,49.22513],[-123.06078,49.2181],[-123.06078,49.25999],[-123.06077,49.21235],[-123.06077,49.21241],[-123.06076,49.21538],[-123.06075,49.21594],[-123.06075,49.21879],[-123.06073,49.21702],[-123.06073,49.21947],[-123.0607,49.23282],[-123.0607,49.23294],[-123.0607,49.24679],[-123.0607,49.25253],[-123.06069,49.2181],[-123.06069,49.23294],[-123.06069,49.28672],[-123.06067,49.25058],[-123.06066,49.21538],[-123.06066,49.21879],[-123.06066,49.28776],[-123.06065,49.21595],[-123.06065,49.22628],[-123.06064,49.21701],[-123.06064,49.21948],[-123.06064,49.22621],[-123.06064,49.24286],[-123.06064,49.26906],[-123.06063,49.24577],[-123.06062,49.23207],[-123.06062,49.25003],[-123.06062,49.26016],[-123.06061,49.25258],[-123.0606,49.27254],[-123.0606,49.28765],[-123.06059,49.20913],[-123.06059,49.21794],[-123.06059,49.21803],[-123.06059,49.23199],[-123.06058,49.20917],[-123.06058,49.24584],[-123.06058,49.28753],[-123.06057,49.24476],[-123.06057,49.24804],[-123.06056,49.21839],[-123.06056,49.21843],[-123.06056,49.25011],[-123.06055,49.24669],[-123.06055,49.24876],[-123.06054,49.21708],[-123.06054,49.24462],[-123.06054,49.28758],[-123.06053,49.21664],[-123.06053,49.21669],[-123.06053,49.2198],[-123.06052,49.21754],[-123.06052,49.21758],[-123.06052,49.22018],[-123.06052,49.23192],[-123.06052,49.24287],[-123.06052,49.28771],[-123.06051,49.21975],[-123.06051,49.24993],[-123.06051,49.27249],[-123.06051,49.27287],[-123.0605,49.23239],[-123.06049,49.23273],[-123.06049,49.25664],[-123.06047,49.2101],[-123.06047,49.24285],[-123.06047,49.24571],[-123.06047,49.24664],[-123.06046,49.2102],[-123.06046,49.24153],[-123.06046,49.26457],[-123.06045,49.23193],[-123.06045,49.26454],[-123.06044,49.23587],[-123.06044,49.23594],[-123.06044,49.24163],[-123.06043,49.21015],[-123.06043,49.24465],[-123.06042,49.24805],[-123.06041,49.22803],[-123.06041,49.24876],[-123.0604,49.22807],[-123.06039,49.22715],[-123.06039,49.23274],[-123.06038,49.22708],[-123.06038,49.23694],[-123.06038,49.24303],[-123.06037,49.2457],[-123.06037,49.24984],[-123.06036,49.24664],[-123.06033,49.24469],[-123.06029,49.23281],[-123.06028,49.25855],[-123.06027,49.21486],[-123.06026,49.21491],[-123.06026,49.2515],[-123.06022,49.25156],[-123.06021,49.25867],[-123.0602,49.21459],[-123.0602,49.25139],[-123.06019,49.24161],[-123.06019,49.26504],[-123.06018,49.26007],[-123.06018,49.26048],[-123.06017,49.21051],[-123.06017,49.26587],[-123.06016,49.21064],[-123.06016,49.211],[-123.06016,49.21387],[-123.06016,49.26594],[-123.06016,49.26633],[-123.06016,49.2667],[-123.06016,49.26726],[-123.06016,49.2673],[-123.06016,49.27292],[-123.06015,49.24213],[-123.06015,49.25138],[-123.06015,49.25988],[-123.06015,49.26677],[-123.06015,49.27082],[-123.06014,49.26414],[-123.06014,49.26768],[-123.06014,49.26775],[-123.06013,49.21248],[-123.06013,49.21459],[-123.06013,49.24146],[-123.06013,49.26407],[-123.06013,49.26414],[-123.06012,49.21446],[-123.06012,49.25999],[-123.06012,49.26407],[-123.06011,49.21846],[-123.06011,49.25849],[-123.06011,49.28742],[-123.0601,49.21057],[-123.0601,49.21346],[-123.0601,49.26996],[-123.0601,49.27],[-123.06009,49.25486],[-123.06009,49.2651],[-123.06008,49.21574],[-123.06008,49.266],[-123.06007,49.27125],[-123.06007,49.28094],[-123.06007,49.28097],[-123.06006,49.21248],[-123.06006,49.26048],[-123.06006,49.26684],[-123.06006,49.27118],[-123.06006,49.27202],[-123.06005,49.22111],[-123.06005,49.24062],[-123.06005,49.24069],[-123.06005,49.26497],[-123.06005,49.2721],[-123.06004,49.21347],[-123.06004,49.21846],[-123.06004,49.26233],[-123.06004,49.27344],[-123.06004,49.28741],[-123.06004,49.28852],[-123.06003,49.22946],[-123.06003,49.24062],[-123.06003,49.24069],[-123.06003,49.26497],[-123.06003,49.26852],[-123.06003,49.27293],[-123.06003,49.27301],[-123.06003,49.2734],[-123.06003,49.27384],[-123.06002,49.21191],[-123.06002,49.22206],[-123.06002,49.23026],[-123.06002,49.27662],[-123.06002,49.27754],[-123.06001,49.21187],[-123.06001,49.23034],[-123.06001,49.23114],[-123.06001,49.23122],[-123.06001,49.2694],[-123.06001,49.27076],[-123.06001,49.27391],[-123.06001,49.27434],[-123.06,49.22984],[-123.06,49.22988],[-123.06,49.24141],[-123.06,49.27431],[-123.06,49.27481],[-123.06,49.27521],[-123.05999,49.21568],[-123.05999,49.22111],[-123.05999,49.22671],[-123.05999,49.26134],[-123.05999,49.27033],[-123.05999,49.27525],[-123.05998,49.22667],[-123.05998,49.26125],[-123.05998,49.2651],[-123.05998,49.27474],[-123.05998,49.27565],[-123.05997,49.23072],[-123.05997,49.23076],[-123.05997,49.266],[-123.05997,49.27111],[-123.05997,49.27572],[-123.05996,49.22206],[-123.05996,49.22452],[-123.05996,49.26036],[-123.05996,49.26043],[-123.05996,49.26216],[-123.05996,49.27186],[-123.05996,49.27655],[-123.05996,49.27702],[-123.05996,49.27706],[-123.05996,49.27908],[-123.05996,49.27915],[-123.05995,49.22952],[-123.05995,49.23163],[-123.05995,49.26683],[-123.05995,49.27745],[-123.05994,49.23018],[-123.05994,49.23158],[-123.05994,49.25181],[-123.05994,49.26272],[-123.05994,49.26275],[-123.05993,49.2589],[-123.05993,49.26125],[-123.05993,49.26134],[-123.05992,49.26503],[-123.05992,49.26852],[-123.05992,49.27376],[-123.05991,49.211],[-123.05991,49.26939],[-123.0599,49.23107],[-123.0599,49.24148],[-123.0599,49.25903],[-123.0599,49.27468],[-123.05989,49.26457],[-123.05989,49.28841],[-123.05988,49.25179],[-123.05988,49.27033],[-123.05988,49.2756],[-123.05987,49.22384],[-123.05987,49.25503],[-123.05987,49.25983],[-123.05987,49.27649],[-123.05987,49.27739],[-123.05987,49.27954],[-123.05987,49.28855],[-123.05986,49.2246],[-123.05986,49.22763],[-123.05986,49.22952],[-123.05986,49.25519],[-123.05986,49.2718],[-123.05986,49.2792],[-123.05985,49.22493],[-123.05985,49.22517],[-123.05985,49.22756],[-123.05985,49.23019],[-123.05985,49.28771],[-123.05984,49.22523],[-123.05984,49.2402],[-123.05984,49.2801],[-123.05984,49.28101],[-123.05984,49.28772],[-123.05983,49.20596],[-123.05983,49.20603],[-123.05983,49.22613],[-123.05983,49.22846],[-123.05983,49.22853],[-123.05983,49.22893],[-123.05983,49.24024],[-123.05982,49.22634],[-123.05982,49.22802],[-123.05982,49.22808],[-123.05982,49.22898],[-123.05982,49.22937],[-123.05982,49.25992],[-123.05982,49.27377],[-123.05982,49.28198],[-123.05982,49.28289],[-123.05981,49.22385],[-123.05981,49.28859],[-123.0598,49.28846],[-123.05979,49.22493],[-123.05979,49.2273],[-123.05979,49.22827],[-123.05979,49.23107],[-123.05979,49.24105],[-123.05979,49.24109],[-123.05979,49.24197],[-123.05979,49.27468],[-123.05979,49.2847],[-123.05978,49.20954],[-123.05978,49.22517],[-123.05978,49.22523],[-123.05978,49.22912],[-123.05978,49.22927],[-123.05978,49.24202],[-123.05978,49.26453],[-123.05978,49.2756],[-123.05978,49.28374],[-123.05978,49.28493],[-123.05977,49.2096],[-123.05977,49.21451],[-123.05977,49.26543],[-123.05977,49.26547],[-123.05977,49.28582],[-123.05976,49.22613],[-123.05976,49.27649],[-123.05975,49.22634],[-123.05975,49.2457],[-123.05975,49.24663],[-123.05975,49.27738],[-123.05974,49.21524],[-123.05974,49.28742],[-123.05973,49.2273],[-123.05973,49.28011],[-123.05972,49.22827],[-123.05972,49.2792],[-123.05971,49.20903],[-123.05971,49.2262],[-123.05971,49.22627],[-123.05971,49.22913],[-123.0597,49.20699],[-123.0597,49.20907],[-123.0597,49.22927],[-123.0597,49.28103],[-123.0597,49.28198],[-123.05969,49.2457],[-123.05969,49.27954],[-123.05968,49.24663],[-123.05968,49.28289],[-123.05967,49.21458],[-123.05965,49.23973],[-123.05965,49.23984],[-123.05965,49.25133],[-123.05965,49.27908],[-123.05965,49.27915],[-123.05965,49.27962],[-123.05965,49.28018],[-123.05965,49.28374],[-123.05964,49.26367],[-123.05964,49.27969],[-123.05963,49.20741],[-123.05963,49.23973],[-123.05963,49.23984],[-123.05963,49.26362],[-123.05963,49.2803],[-123.05962,49.20608],[-123.05962,49.20842],[-123.05962,49.24123],[-123.05962,49.24201],[-123.05962,49.24768],[-123.05962,49.24971],[-123.05962,49.26139],[-123.05962,49.28469],[-123.05961,49.2076],[-123.05961,49.28165],[-123.05961,49.28166],[-123.05961,49.28493],[-123.0596,49.20706],[-123.0596,49.28071],[-123.0596,49.28075],[-123.0596,49.28204],[-123.05959,49.26316],[-123.05959,49.28213],[-123.05959,49.28343],[-123.05959,49.2858],[-123.05958,49.26316],[-123.05958,49.28108],[-123.05958,49.28125],[-123.05958,49.28297],[-123.05957,49.21333],[-123.05957,49.21339],[-123.05957,49.23937],[-123.05957,49.28742],[-123.05956,49.23933],[-123.05956,49.2513],[-123.05956,49.26139],[-123.05956,49.26323],[-123.05956,49.28345],[-123.05955,49.21445],[-123.05955,49.21451],[-123.05955,49.24767],[-123.05955,49.28385],[-123.05955,49.28395],[-123.05955,49.28436],[-123.05954,49.24131],[-123.05954,49.26323],[-123.05954,49.28526],[-123.05953,49.21524],[-123.05953,49.2153],[-123.05953,49.22213],[-123.05953,49.24197],[-123.05953,49.28475],[-123.05953,49.28568],[-123.05953,49.28575],[-123.05952,49.21974],[-123.05952,49.21978],[-123.05952,49.28486],[-123.05952,49.28616],[-123.05952,49.28658],[-123.05952,49.28665],[-123.05951,49.21458],[-123.05951,49.2222],[-123.0595,49.22029],[-123.0595,49.22117],[-123.0595,49.22124],[-123.0595,49.28304],[-123.05949,49.21247],[-123.05949,49.22017],[-123.05949,49.23681],[-123.05949,49.28707],[-123.05948,49.28705],[-123.05947,49.20604],[-123.05947,49.21345],[-123.05947,49.23881],[-123.05947,49.2893],[-123.05946,49.21707],[-123.05946,49.21713],[-123.05946,49.23791],[-123.05945,49.2065],[-123.05945,49.21458],[-123.05945,49.28747],[-123.05943,49.21537],[-123.05942,49.23681],[-123.05941,49.22011],[-123.05941,49.22083],[-123.05941,49.23791],[-123.05941,49.23881],[-123.0594,49.21902],[-123.0594,49.22133],[-123.05939,49.21809],[-123.05938,49.20851],[-123.05938,49.21595],[-123.05937,49.26635],[-123.05937,49.28832],[-123.05936,49.2172],[-123.05936,49.26547],[-123.05935,49.26632],[-123.05933,49.21246],[-123.05933,49.2231],[-123.05932,49.21305],[-123.05932,49.22011],[-123.05932,49.22303],[-123.05932,49.22394],[-123.05932,49.22401],[-123.05931,49.21162],[-123.05931,49.21902],[-123.0593,49.21808],[-123.0593,49.22084],[-123.0593,49.22085],[-123.0593,49.22151],[-123.05929,49.21595],[-123.05929,49.24345],[-123.05928,49.2117],[-123.05927,49.21537],[-123.05927,49.21719],[-123.05927,49.24353],[-123.05926,49.21212],[-123.05926,49.21218],[-123.05926,49.24994],[-123.05926,49.25427],[-123.05924,49.20589],[-123.05924,49.21152],[-123.05924,49.22296],[-123.05923,49.22382],[-123.05923,49.28757],[-123.05923,49.28839],[-123.05922,49.22406],[-123.05922,49.22852],[-123.05922,49.24351],[-123.05921,49.22846],[-123.05921,49.25457],[-123.0592,49.22491],[-123.0592,49.24533],[-123.0592,49.24537],[-123.0592,49.25103],[-123.0592,49.25859],[-123.05919,49.20596],[-123.05919,49.21588],[-123.05919,49.22515],[-123.05919,49.22937],[-123.05919,49.22945],[-123.05919,49.27703],[-123.05919,49.28854],[-123.05918,49.2517],[-123.05918,49.28929],[-123.05917,49.22636],[-123.05917,49.28951],[-123.05916,49.22612],[-123.05916,49.2521],[-123.05915,49.25103],[-123.05915,49.25175],[-123.05914,49.21176],[-123.05914,49.22749],[-123.05914,49.24287],[-123.05913,49.2284],[-123.05913,49.24221],[-123.05912,49.22295],[-123.05912,49.2587],[-123.05912,49.28847],[-123.05912,49.28946],[-123.05911,49.24288],[-123.05911,49.24623],[-123.05911,49.24628],[-123.0591,49.22382],[-123.0591,49.22926],[-123.0591,49.25342],[-123.0591,49.25351],[-123.0591,49.25499],[-123.0591,49.25507],[-123.0591,49.25508],[-123.0591,49.25514],[-123.05909,49.22473],[-123.05909,49.25453],[-123.05908,49.22516],[-123.05908,49.24584],[-123.05908,49.24799],[-123.05908,49.25667],[-123.05908,49.28936],[-123.05907,49.22618],[-123.05907,49.24577],[-123.05907,49.25673],[-123.05906,49.24772],[-123.05906,49.25207],[-123.05905,49.24326],[-123.05904,49.24399],[-123.05904,49.24669],[-123.05904,49.24676],[-123.05903,49.22254],[-123.05903,49.22624],[-123.05903,49.22636],[-123.05903,49.25336],[-123.05902,49.20798],[-123.05902,49.22261],[-123.05902,49.22746],[-123.05902,49.24676],[-123.05901,49.22299],[-123.05901,49.22303],[-123.05901,49.24325],[-123.05901,49.25438],[-123.059,49.22839],[-123.059,49.25463],[-123.059,49.25518],[-123.05899,49.25664],[-123.05898,49.20804],[-123.05898,49.21594],[-123.05898,49.22926],[-123.05897,49.25507],[-123.05897,49.25514],[-123.05897,49.27078],[-123.05896,49.233],[-123.05896,49.24239],[-123.05896,49.25344],[-123.05895,49.24405],[-123.05895,49.25351],[-123.05894,49.23479],[-123.05894,49.24405],[-123.05893,49.23076],[-123.05893,49.25211],[-123.05891,49.21593],[-123.05891,49.23086],[-123.05891,49.25044],[-123.05891,49.25151],[-123.0589,49.23173],[-123.0589,49.23933],[-123.0589,49.23937],[-123.05889,49.20808],[-123.05889,49.23379],[-123.05889,49.24019],[-123.05889,49.24933],[-123.05889,49.25951],[-123.05888,49.22197],[-123.05888,49.22201],[-123.05888,49.27284],[-123.05888,49.2752],[-123.05888,49.27524],[-123.05887,49.24024],[-123.05887,49.24932],[-123.05887,49.25942],[-123.05886,49.23599],[-123.05885,49.22137],[-123.05885,49.22144],[-123.05885,49.23573],[-123.05884,49.2368],[-123.05884,49.2379],[-123.05884,49.24938],[-123.05884,49.27701],[-123.05883,49.20793],[-123.05883,49.20807],[-123.05883,49.23076],[-123.05883,49.24938],[-123.05883,49.25151],[-123.05882,49.23086],[-123.05882,49.2388],[-123.05882,49.23966],[-123.05882,49.2504],[-123.05882,49.25672],[-123.05882,49.2568],[-123.0588,49.22082],[-123.0588,49.23173],[-123.0588,49.24056],[-123.05879,49.233],[-123.05878,49.24321],[-123.05877,49.21248],[-123.05876,49.26946],[-123.05876,49.26957],[-123.05874,49.24127],[-123.05873,49.23379],[-123.05873,49.23478],[-123.05873,49.2358],[-123.05872,49.22087],[-123.05872,49.23605],[-123.05872,49.23731],[-123.05872,49.25908],[-123.05871,49.24327],[-123.05871,49.24974],[-123.05869,49.21254],[-123.05869,49.2328],[-123.05869,49.23292],[-123.05868,49.23095],[-123.05867,49.23392],[-123.05867,49.2388],[-123.05866,49.21192],[-123.05866,49.23176],[-123.05866,49.23336],[-123.05866,49.23341],[-123.05866,49.24808],[-123.05866,49.24815],[-123.05866,49.24964],[-123.05865,49.20715],[-123.05865,49.21846],[-123.05865,49.23385],[-123.05865,49.23436],[-123.05865,49.23441],[-123.05865,49.24097],[-123.05864,49.22081],[-123.05864,49.22086],[-123.05864,49.25944],[-123.05864,49.28921],[-123.05863,49.23486],[-123.05863,49.23493],[-123.05863,49.23538],[-123.05863,49.23586],[-123.05863,49.23959],[-123.05863,49.24776],[-123.05862,49.24221],[-123.05861,49.23095],[-123.0586,49.23932],[-123.0586,49.24055],[-123.05859,49.23176],[-123.05859,49.23542],[-123.05859,49.23937],[-123.05858,49.21846],[-123.05858,49.23887],[-123.05857,49.23895],[-123.05857,49.28923],[-123.05855,49.21185],[-123.05855,49.23593],[-123.05855,49.24019],[-123.05855,49.24024],[-123.05855,49.24123],[-123.05854,49.20735],[-123.05854,49.23972],[-123.05854,49.23983],[-123.05854,49.24389],[-123.05853,49.26908],[-123.05852,49.24067],[-123.05851,49.24061],[-123.05851,49.24077],[-123.0585,49.28929],[-123.05848,49.21287],[-123.05847,49.21298],[-123.05847,49.22563],[-123.05847,49.24389],[-123.05846,49.26904],[-123.05845,49.24118],[-123.05845,49.26908],[-123.05844,49.22478],[-123.05844,49.24061],[-123.05844,49.26904],[-123.05844,49.277],[-123.05843,49.21588],[-123.05842,49.24077],[-123.05842,49.25205],[-123.0584,49.22563],[-123.0584,49.24321],[-123.05838,49.20727],[-123.05837,49.22478],[-123.05837,49.24881],[-123.05837,49.24888],[-123.05836,49.24881],[-123.05836,49.24888],[-123.05834,49.24139],[-123.05834,49.26994],[-123.05833,49.21594],[-123.05833,49.25337],[-123.05833,49.2544],[-123.05833,49.25501],[-123.05833,49.2552],[-123.05832,49.20872],[-123.05832,49.24316],[-123.05832,49.25135],[-123.05832,49.25568],[-123.05832,49.25762],[-123.05832,49.25764],[-123.05831,49.2413],[-123.05831,49.2499],[-123.0583,49.20704],[-123.0583,49.24308],[-123.05829,49.24994],[-123.05829,49.26999],[-123.05827,49.20866],[-123.05827,49.25124],[-123.05827,49.25957],[-123.05826,49.25922],[-123.05825,49.23878],[-123.05825,49.26047],[-123.05825,49.26542],[-123.05825,49.26546],[-123.05824,49.26593],[-123.05824,49.2708],[-123.05823,49.21594],[-123.05823,49.22028],[-123.05823,49.26137],[-123.05823,49.26586],[-123.05822,49.25338],[-123.05822,49.2544],[-123.05822,49.25499],[-123.05822,49.25519],[-123.05822,49.25911],[-123.05822,49.26179],[-123.05822,49.26675],[-123.05822,49.26735],[-123.05821,49.22016],[-123.05821,49.25569],[-123.05821,49.2624],[-123.05821,49.26669],[-123.05821,49.2673],[-123.05821,49.28942],[-123.0582,49.26767],[-123.0582,49.26774],[-123.05819,49.26328],[-123.05818,49.25243],[-123.05818,49.26418],[-123.05818,49.26857],[-123.05818,49.26864],[-123.05817,49.23878],[-123.05817,49.2576],[-123.05817,49.25778],[-123.05816,49.25038],[-123.05816,49.27343],[-123.05815,49.25957],[-123.05815,49.26539],[-123.05815,49.27045],[-123.05815,49.27077],[-123.05814,49.25913],[-123.05814,49.26599],[-123.05814,49.27038],[-123.05813,49.25247],[-123.05813,49.25514],[-123.05813,49.26047],[-123.05813,49.27117],[-123.05813,49.27124],[-123.05813,49.27164],[-123.05812,49.25344],[-123.05812,49.25351],[-123.05812,49.26137],[-123.05812,49.26681],[-123.05812,49.27161],[-123.05812,49.27201],[-123.05812,49.277],[-123.05811,49.24208],[-123.05811,49.25506],[-123.05811,49.25672],[-123.05811,49.26179],[-123.05811,49.2678],[-123.05811,49.27208],[-123.05811,49.27338],[-123.0581,49.2364],[-123.0581,49.2568],[-123.0581,49.27298],[-123.05809,49.25766],[-123.05809,49.2624],[-123.05809,49.26327],[-123.05809,49.269],[-123.05809,49.27291],[-123.05808,49.22936],[-123.05808,49.22944],[-123.05808,49.25035],[-123.05808,49.25772],[-123.05808,49.27382],[-123.05807,49.25139],[-123.05807,49.27389],[-123.05807,49.27429],[-123.05807,49.27433],[-123.05807,49.2752],[-123.05807,49.27564],[-123.05807,49.2761],[-123.05806,49.21246],[-123.05806,49.24797],[-123.05806,49.26041],[-123.05806,49.26418],[-123.05806,49.27031],[-123.05806,49.27473],[-123.05806,49.2748],[-123.05806,49.27524],[-123.05805,49.21979],[-123.05805,49.21984],[-123.05805,49.25143],[-123.05805,49.25951],[-123.05805,49.26034],[-123.05805,49.26539],[-123.05805,49.27111],[-123.05805,49.2894],[-123.05804,49.21838],[-123.05804,49.21842],[-123.05804,49.24874],[-123.05804,49.26599],[-123.05804,49.2757],[-123.05803,49.25944],[-123.05803,49.26124],[-123.05803,49.26131],[-123.05803,49.26132],[-123.05803,49.27195],[-123.05803,49.27286],[-123.05803,49.27654],[-123.05803,49.27661],[-123.05802,49.21792],[-123.05802,49.27752],[-123.05801,49.21802],[-123.05801,49.277],[-123.05801,49.27705],[-123.05801,49.27744],[-123.058,49.2125],[-123.058,49.2417],[-123.058,49.25808],[-123.058,49.26315],[-123.058,49.26322],[-123.058,49.26779],[-123.058,49.27335],[-123.058,49.27346],[-123.05799,49.22978],[-123.05799,49.26689],[-123.05797,49.2304],[-123.05797,49.26405],[-123.05797,49.26412],[-123.05797,49.269],[-123.05797,49.27467],[-123.05796,49.23087],[-123.05796,49.26495],[-123.05796,49.26503],[-123.05796,49.27793],[-123.05795,49.21587],[-123.05795,49.2439],[-123.05795,49.24799],[-123.05795,49.26586],[-123.05795,49.26593],[-123.05795,49.26633],[-123.05795,49.27556],[-123.05794,49.21577],[-123.05794,49.26542],[-123.05794,49.26546],[-123.05794,49.27031],[-123.05794,49.2711],[-123.05794,49.27758],[-123.05794,49.27844],[-123.05793,49.21706],[-123.05793,49.21886],[-123.05793,49.2195],[-123.05793,49.23172],[-123.05793,49.26636],[-123.05793,49.26683],[-123.05793,49.27647],[-123.05793,49.27736],[-123.05793,49.279],[-123.05792,49.21712],[-123.05792,49.2175],[-123.05792,49.21808],[-123.05792,49.24203],[-123.05792,49.26676],[-123.05792,49.27195],[-123.05792,49.27955],[-123.05791,49.21018],[-123.05791,49.21754],[-123.05791,49.23272],[-123.05791,49.24295],[-123.05791,49.24675],[-123.05791,49.24884],[-123.05791,49.26722],[-123.05791,49.26727],[-123.05791,49.26766],[-123.05791,49.26774],[-123.05791,49.2801],[-123.05791,49.28065],[-123.05791,49.28077],[-123.05791,49.29017],[-123.0579,49.21251],[-123.0579,49.24235],[-123.0579,49.26857],[-123.0579,49.26864],[-123.05789,49.2058],[-123.05789,49.20586],[-123.05789,49.2582],[-123.05789,49.28199],[-123.05788,49.20776],[-123.05788,49.20784],[-123.05788,49.24577],[-123.05788,49.24584],[-123.05788,49.26903],[-123.05788,49.27286],[-123.05788,49.27337],[-123.05788,49.27338],[-123.05787,49.26908],[-123.05787,49.26944],[-123.05787,49.26957],[-123.05787,49.26998],[-123.05787,49.27043],[-123.05786,49.21662],[-123.05786,49.21667],[-123.05786,49.22977],[-123.05786,49.26994],[-123.05786,49.27037],[-123.05786,49.27467],[-123.05785,49.21594],[-123.05785,49.2304],[-123.05785,49.24293],[-123.05785,49.27075],[-123.05785,49.2708],[-123.05785,49.27557],[-123.05785,49.28378],[-123.05784,49.2195],[-123.05784,49.22439],[-123.05784,49.22443],[-123.05784,49.23086],[-123.05784,49.24188],[-123.05784,49.24389],[-123.05784,49.27117],[-123.05784,49.28467],[-123.05783,49.21808],[-123.05783,49.21888],[-123.05783,49.27124],[-123.05783,49.27161],[-123.05783,49.27201],[-123.05783,49.27208],[-123.05783,49.27646],[-123.05783,49.28492],[-123.05782,49.23172],[-123.05782,49.23745],[-123.05782,49.24354],[-123.05782,49.27164],[-123.05782,49.27738],[-123.05782,49.27794],[-123.05781,49.22484],[-123.05781,49.23272],[-123.05781,49.2518],[-123.05781,49.279],[-123.0578,49.22539],[-123.0578,49.24105],[-123.0578,49.27757],[-123.0578,49.27954],[-123.05779,49.22535],[-123.05779,49.27845],[-123.05779,49.28009],[-123.05779,49.2858],[-123.05778,49.22496],[-123.05777,49.24358],[-123.05777,49.28038],[-123.05777,49.28831],[-123.05776,49.21088],[-123.05776,49.21594],[-123.05776,49.28739],[-123.05775,49.21163],[-123.05775,49.21169],[-123.05775,49.22016],[-123.05775,49.22375],[-123.05775,49.24204],[-123.05775,49.24396],[-123.05774,49.22028],[-123.05774,49.28199],[-123.05774,49.28923],[-123.05773,49.21979],[-123.05773,49.21984],[-123.05773,49.22477],[-123.05773,49.27907],[-123.05773,49.27914],[-123.05772,49.20831],[-123.05772,49.20836],[-123.05772,49.2125],[-123.05772,49.23239],[-123.05772,49.23243],[-123.05772,49.24884],[-123.05772,49.25104],[-123.05772,49.27961],[-123.05772,49.29014],[-123.05771,49.21082],[-123.05771,49.21839],[-123.05771,49.23279],[-123.05771,49.23291],[-123.05771,49.2388],[-123.05771,49.28379],[-123.0577,49.2116],[-123.0577,49.24891],[-123.0577,49.27968],[-123.0577,49.2858],[-123.05769,49.21283],[-123.05769,49.28018],[-123.05769,49.28028],[-123.05769,49.28467],[-123.05769,49.28492],[-123.05768,49.28124],[-123.05768,49.2874],[-123.05767,49.23736],[-123.05767,49.2807],[-123.05767,49.28107],[-123.05767,49.28936],[-123.05766,49.21027],[-123.05766,49.28164],[-123.05766,49.28203],[-123.05766,49.28212],[-123.05765,49.20916],[-123.05765,49.21836],[-123.05765,49.22375],[-123.05765,49.25102],[-123.05765,49.28345],[-123.05764,49.21293],[-123.05764,49.28295],[-123.05764,49.28342],[-123.05763,49.2512],[-123.05763,49.28832],[-123.05763,49.28923],[-123.05762,49.20919],[-123.05762,49.22475],[-123.05762,49.22573],[-123.05762,49.22581],[-123.05762,49.23638],[-123.05762,49.23642],[-123.05762,49.26132],[-123.05762,49.28385],[-123.05762,49.28394],[-123.05762,49.28435],[-123.05761,49.28473],[-123.05761,49.28567],[-123.0576,49.20708],[-123.0576,49.2388],[-123.0576,49.28487],[-123.0576,49.28574],[-123.05759,49.27786],[-123.05759,49.2779],[-123.05759,49.28615],[-123.05759,49.28658],[-123.05759,49.28663],[-123.05758,49.20708],[-123.05757,49.28304],[-123.05757,49.28747],[-123.05757,49.28757],[-123.05755,49.25606],[-123.05755,49.28707],[-123.05754,49.21165],[-123.05754,49.25118],[-123.05754,49.25336],[-123.05754,49.25543],[-123.05754,49.28705],[-123.05754,49.28837],[-123.05754,49.28846],[-123.05753,49.21029],[-123.05753,49.22439],[-123.05753,49.25501],[-123.05753,49.25686],[-123.05753,49.28929],[-123.05752,49.20917],[-123.05752,49.22443],[-123.05752,49.23745],[-123.05752,49.23895],[-123.0575,49.23886],[-123.05749,49.25235],[-123.05749,49.25882],[-123.05748,49.25337],[-123.05747,49.20976],[-123.05747,49.23586],[-123.05747,49.23593],[-123.05747,49.25501],[-123.05747,49.25543],[-123.05747,49.25686],[-123.05747,49.25957],[-123.05746,49.21295],[-123.05746,49.25613],[-123.05746,49.26048],[-123.05746,49.26117],[-123.05746,49.26238],[-123.05745,49.20913],[-123.05745,49.2097],[-123.05745,49.21159],[-123.05745,49.22693],[-123.05745,49.24479],[-123.05745,49.26328],[-123.05744,49.22693],[-123.05744,49.227],[-123.05744,49.23644],[-123.05744,49.2457],[-123.05743,49.21237],[-123.05743,49.23537],[-123.05743,49.23541],[-123.05743,49.24017],[-123.05743,49.2466],[-123.05743,49.24867],[-123.05743,49.27247],[-123.05743,49.27252],[-123.05742,49.25124],[-123.05741,49.25957],[-123.05741,49.26048],[-123.05741,49.26421],[-123.05741,49.28664],[-123.0574,49.26117],[-123.0574,49.28657],[-123.05739,49.26238],[-123.05739,49.26328],[-123.05738,49.21234],[-123.05738,49.2448],[-123.05737,49.24274],[-123.05737,49.2457],[-123.05737,49.2466],[-123.05737,49.2516],[-123.05736,49.2439],[-123.05736,49.24861],[-123.05736,49.25037],[-123.05736,49.2512],[-123.05735,49.24173],[-123.05734,49.24023],[-123.05733,49.24032],[-123.05733,49.24403],[-123.05733,49.26313],[-123.05732,49.22984],[-123.05732,49.27339],[-123.0573,49.24389],[-123.0573,49.27737],[-123.05728,49.25158],[-123.05727,49.22853],[-123.05726,49.20718],[-123.05726,49.22845],[-123.05726,49.22892],[-123.05726,49.22896],[-123.05726,49.2695],[-123.05726,49.27413],[-123.05725,49.27346],[-123.05723,49.21881],[-123.05723,49.23038],[-123.05723,49.27737],[-123.05721,49.21304],[-123.05721,49.27751],[-123.0572,49.23485],[-123.0572,49.23492],[-123.05719,49.2298],[-123.05719,49.24268],[-123.05718,49.21592],[-123.05718,49.21888],[-123.05718,49.27743],[-123.05717,49.23039],[-123.05715,49.2425],[-123.05714,49.2388],[-123.05712,49.20984],[-123.05711,49.21591],[-123.05711,49.21888],[-123.0571,49.21111],[-123.05709,49.2113],[-123.05709,49.24263],[-123.05708,49.24152],[-123.05707,49.20697],[-123.05707,49.2388],[-123.05707,49.24255],[-123.05705,49.20719],[-123.05704,49.21123],[-123.05704,49.21133],[-123.05704,49.21836],[-123.05704,49.2184],[-123.05703,49.20881],[-123.05703,49.21031],[-123.05703,49.25225],[-123.05702,49.21027],[-123.05697,49.20884],[-123.05697,49.21359],[-123.05697,49.21705],[-123.05697,49.25217],[-123.05695,49.20726],[-123.05695,49.20788],[-123.05695,49.2106],[-123.05694,49.21008],[-123.05694,49.21065],[-123.05694,49.21712],[-123.05692,49.20647],[-123.05692,49.2113],[-123.05691,49.20589],[-123.05691,49.20591],[-123.05691,49.27297],[-123.0569,49.20886],[-123.05689,49.20797],[-123.05689,49.26216],[-123.05688,49.21875],[-123.05688,49.21881],[-123.05688,49.26131],[-123.05688,49.26233],[-123.05687,49.2579],[-123.05687,49.26221],[-123.05686,49.22143],[-123.05686,49.26123],[-123.05685,49.21008],[-123.05685,49.25943],[-123.05685,49.26041],[-123.05684,49.20884],[-123.05684,49.21716],[-123.05684,49.22136],[-123.05684,49.24118],[-123.05684,49.2567],[-123.05684,49.26033],[-123.05684,49.26208],[-123.05683,49.21354],[-123.05683,49.2568],[-123.05683,49.2595],[-123.05683,49.26541],[-123.05683,49.27823],[-123.05682,49.2526],[-123.05682,49.26546],[-123.05682,49.27472],[-123.05682,49.27786],[-123.05682,49.27789],[-123.05681,49.27479],[-123.05681,49.27569],[-123.05681,49.27653],[-123.05681,49.2766],[-123.05681,49.27743],[-123.05681,49.2775],[-123.05681,49.27833],[-123.05681,49.27906],[-123.0568,49.24841],[-123.0568,49.27291],[-123.0568,49.2738],[-123.0568,49.27519],[-123.0568,49.27523],[-123.0568,49.27563],[-123.0568,49.27609],[-123.0568,49.27613],[-123.05679,49.21087],[-123.05679,49.27389],[-123.05678,49.20647],[-123.05678,49.24389],[-123.05678,49.2448],[-123.05678,49.24568],[-123.05677,49.2059],[-123.05677,49.20591],[-123.05677,49.20729],[-123.05677,49.2466],[-123.05677,49.24959],[-123.05676,49.21713],[-123.05676,49.25049],[-123.05676,49.25078],[-123.05676,49.25143],[-123.05676,49.25212],[-123.05676,49.26137],[-123.05676,49.26241],[-123.05675,49.21746],[-123.05675,49.25251],[-123.05675,49.25338],[-123.05675,49.25421],[-123.05675,49.255],[-123.05675,49.2552],[-123.05674,49.25567],[-123.05674,49.25686],[-123.05673,49.20765],[-123.05673,49.21749],[-123.05673,49.2587],[-123.05673,49.25955],[-123.05673,49.26046],[-123.05673,49.26327],[-123.05672,49.26419],[-123.05672,49.26508],[-123.05672,49.26599],[-123.05672,49.26689],[-123.05672,49.2678],[-123.05671,49.20639],[-123.05671,49.20644],[-123.05671,49.26934],[-123.05671,49.27029],[-123.05671,49.27109],[-123.05671,49.27193],[-123.05671,49.27284],[-123.05671,49.27374],[-123.05671,49.27844],[-123.05671,49.28075],[-123.05671,49.281],[-123.05671,49.28197],[-123.0567,49.27466],[-123.0567,49.27556],[-123.0567,49.27646],[-123.0567,49.27736],[-123.0567,49.27757],[-123.0567,49.27766],[-123.0567,49.27838],[-123.0567,49.27973],[-123.05669,49.21086],[-123.05669,49.2792],[-123.05668,49.24228],[-123.05667,49.22184],[-123.05667,49.22188],[-123.05667,49.24134],[-123.05667,49.28288],[-123.05667,49.28378],[-123.05666,49.21202],[-123.05666,49.22944],[-123.05666,49.28466],[-123.05666,49.2885],[-123.05665,49.20812],[-123.05665,49.21153],[-123.05665,49.28494],[-123.05665,49.2858],[-123.05665,49.28824],[-123.05665,49.28825],[-123.05664,49.20721],[-123.05664,49.21208],[-123.05664,49.23272],[-123.05664,49.24244],[-123.05664,49.2886],[-123.05663,49.20761],[-123.05663,49.23982],[-123.05663,49.28739],[-123.05662,49.20757],[-123.05662,49.24234],[-123.05661,49.20585],[-123.05661,49.20715],[-123.05661,49.23128],[-123.05661,49.2388],[-123.0566,49.2141],[-123.0566,49.22253],[-123.0566,49.22935],[-123.0566,49.24242],[-123.0566,49.28946],[-123.05659,49.20578],[-123.05659,49.20585],[-123.05659,49.21301],[-123.05659,49.22301],[-123.05659,49.23039],[-123.05658,49.22935],[-123.05658,49.24326],[-123.05657,49.20578],[-123.05657,49.22297],[-123.05657,49.28865],[-123.05656,49.21152],[-123.05656,49.21575],[-123.05656,49.21586],[-123.05656,49.22033],[-123.05656,49.29048],[-123.05655,49.207],[-123.05655,49.2215],[-123.05655,49.28921],[-123.05653,49.20806],[-123.05653,49.23272],[-123.05653,49.24362],[-123.05653,49.24452],[-123.05653,49.28288],[-123.05652,49.21298],[-123.05652,49.2388],[-123.05652,49.24535],[-123.05652,49.24618],[-123.05652,49.24701],[-123.05651,49.2496],[-123.05651,49.2505],[-123.05651,49.28198],[-123.0565,49.23128],[-123.0565,49.24803],[-123.0565,49.25142],[-123.0565,49.25214],[-123.0565,49.25336],[-123.0565,49.25964],[-123.0565,49.2886],[-123.05649,49.22033],[-123.05649,49.24868],[-123.05649,49.25421],[-123.05649,49.25512],[-123.05649,49.25513],[-123.05649,49.25567],[-123.05649,49.25651],[-123.05649,49.28861],[-123.05648,49.21783],[-123.05648,49.2215],[-123.05648,49.23039],[-123.05648,49.25856],[-123.05648,49.25924],[-123.05648,49.26018],[-123.05647,49.26399],[-123.05647,49.26489],[-123.05647,49.26583],[-123.05647,49.2668],[-123.05647,49.26772],[-123.05647,49.28875],[-123.05646,49.21592],[-123.05646,49.21658],[-123.05646,49.21936],[-123.05646,49.26933],[-123.05646,49.27031],[-123.05646,49.27119],[-123.05646,49.27219],[-123.05645,49.24548],[-123.05645,49.25783],[-123.05645,49.26311],[-123.05645,49.27404],[-123.05645,49.27476],[-123.05645,49.27571],[-123.05645,49.27654],[-123.05645,49.27736],[-123.05645,49.27757],[-123.05644,49.23278],[-123.05644,49.24337],[-123.05644,49.24467],[-123.05644,49.24541],[-123.05644,49.26113],[-123.05644,49.26227],[-123.05644,49.27838],[-123.05644,49.27843],[-123.05644,49.27919],[-123.05643,49.22259],[-123.05643,49.24457],[-123.05643,49.24829],[-123.05643,49.25055],[-123.05643,49.28959],[-123.05642,49.2329],[-123.05642,49.23735],[-123.05642,49.23744],[-123.05642,49.24368],[-123.05642,49.24375],[-123.05642,49.24624],[-123.05642,49.24631],[-123.05642,49.24713],[-123.05642,49.24966],[-123.05642,49.24973],[-123.05642,49.29057],[-123.05642,49.29063],[-123.05641,49.24706],[-123.05641,49.25148],[-123.05641,49.25156],[-123.05641,49.25231],[-123.05641,49.2524],[-123.05641,49.25276],[-123.05641,49.2528],[-123.05641,49.28288],[-123.05641,49.28378],[-123.05641,49.28464],[-123.05641,49.28469],[-123.0564,49.22297],[-123.0564,49.22301],[-123.0564,49.22477],[-123.0564,49.25351],[-123.0564,49.2849],[-123.05639,49.23886],[-123.05639,49.25343],[-123.05639,49.25635],[-123.05639,49.25918],[-123.05639,49.26858],[-123.05639,49.28068],[-123.05639,49.28101],[-123.05639,49.2858],[-123.05639,49.28625],[-123.05638,49.21661],[-123.05638,49.21936],[-123.05638,49.22943],[-123.05638,49.24887],[-123.05638,49.25062],[-123.05638,49.25072],[-123.05638,49.25912],[-123.05638,49.28196],[-123.05638,49.2876],[-123.05638,49.28816],[-123.05637,49.22438],[-123.05637,49.22489],[-123.05637,49.25644],[-123.05637,49.26754],[-123.05637,49.26762],[-123.05637,49.26939],[-123.05637,49.26947],[-123.05637,49.26961],[-123.05636,49.21592],[-123.05636,49.22442],[-123.05636,49.25066],[-123.05636,49.26845],[-123.05636,49.26951],[-123.05636,49.27234],[-123.05636,49.27501],[-123.05636,49.28851],[-123.05635,49.21444],[-123.05635,49.24875],[-123.05635,49.27133],[-123.05635,49.2714],[-123.05635,49.27226],[-123.05635,49.27494],[-123.05635,49.27823],[-123.05635,49.28852],[-123.05634,49.20957],[-123.05634,49.24323],[-123.05634,49.27742],[-123.05634,49.27751],[-123.05632,49.28072],[-123.05632,49.28255],[-123.05632,49.28294],[-123.05632,49.28303],[-123.05632,49.28346],[-123.05632,49.28384],[-123.05632,49.28393],[-123.05631,49.22294],[-123.05631,49.28018],[-123.05631,49.28123],[-123.05631,49.28163],[-123.05631,49.28212],[-123.05631,49.28251],[-123.05631,49.28341],[-123.05631,49.28485],[-123.05631,49.28574],[-123.05631,49.28859],[-123.0563,49.28027],[-123.0563,49.28106],[-123.0563,49.28203],[-123.0563,49.28565],[-123.0563,49.28668],[-123.0563,49.28678],[-123.05629,49.22015],[-123.05629,49.22027],[-123.05629,49.22382],[-123.05629,49.25964],[-123.05629,49.2704],[-123.05629,49.27047],[-123.05629,49.28768],[-123.05628,49.20956],[-123.05628,49.22529],[-123.05628,49.2596],[-123.05628,49.27132],[-123.05628,49.28473],[-123.05628,49.28777],[-123.05628,49.2882],[-123.05628,49.2908],[-123.05627,49.22435],[-123.05627,49.22533],[-123.05627,49.28825],[-123.05627,49.28924],[-123.05627,49.28976],[-123.05626,49.2198],[-123.05626,49.21984],[-123.05626,49.2247],[-123.05626,49.22684],[-123.05626,49.28721],[-123.05626,49.28724],[-123.05626,49.28968],[-123.05625,49.2892],[-123.05624,49.28882],[-123.05624,49.29066],[-123.05623,49.21245],[-123.05623,49.27787],[-123.05622,49.2125],[-123.05622,49.22572],[-123.05622,49.22581],[-123.05622,49.22693],[-123.0562,49.22294],[-123.05618,49.2198],[-123.05618,49.21984],[-123.05618,49.22383],[-123.05617,49.20863],[-123.05616,49.22435],[-123.05615,49.22471],[-123.05614,49.27742],[-123.05613,49.22565],[-123.05613,49.22843],[-123.05611,49.22616],[-123.05611,49.23335],[-123.05611,49.23339],[-123.0561,49.21454],[-123.05609,49.22297],[-123.05609,49.22301],[-123.05609,49.22666],[-123.05609,49.28863],[-123.05607,49.24329],[-123.05606,49.21843],[-123.05606,49.24453],[-123.05606,49.25336],[-123.05605,49.21364],[-123.05604,49.20859],[-123.05604,49.23804],[-123.05603,49.21359],[-123.05603,49.2388],[-123.05602,49.2184],[-123.05602,49.22566],[-123.05601,49.21219],[-123.05601,49.24453],[-123.05601,49.25345],[-123.05601,49.25841],[-123.056,49.22616],[-123.056,49.22896],[-123.056,49.2433],[-123.05599,49.24875],[-123.05598,49.22666],[-123.05598,49.22891],[-123.05598,49.24324],[-123.05597,49.21366],[-123.05597,49.2388],[-123.05597,49.24534],[-123.05596,49.24618],[-123.05595,49.25839],[-123.05595,49.27323],[-123.05594,49.2122],[-123.05594,49.215],[-123.05594,49.247],[-123.05594,49.26214],[-123.05592,49.23164],[-123.05592,49.24534],[-123.05592,49.24961],[-123.05592,49.25047],[-123.05592,49.26216],[-123.05591,49.21364],[-123.05591,49.23066],[-123.05591,49.24618],[-123.05591,49.25143],[-123.05591,49.2722],[-123.0559,49.21774],[-123.0559,49.22852],[-123.0559,49.24673],[-123.0559,49.25226],[-123.0559,49.26005],[-123.0559,49.26932],[-123.0559,49.27126],[-123.05589,49.27335],[-123.05588,49.20726],[-123.05588,49.20758],[-123.05588,49.20764],[-123.05588,49.22844],[-123.05588,49.26307],[-123.05588,49.26398],[-123.05588,49.26488],[-123.05588,49.26587],[-123.05588,49.26969],[-123.05588,49.27033],[-123.05587,49.22949],[-123.05587,49.24666],[-123.05587,49.26768],[-123.05587,49.26824],[-123.05587,49.27127],[-123.05586,49.20704],[-123.05586,49.23164],[-123.05586,49.2496],[-123.05586,49.25046],[-123.05586,49.25403],[-123.05586,49.27304],[-123.05586,49.27305],[-123.05586,49.29076],[-123.05585,49.22852],[-123.05585,49.25143],[-123.05585,49.25719],[-123.05585,49.26233],[-123.05584,49.23066],[-123.05584,49.24548],[-123.05584,49.25108],[-123.05584,49.25113],[-123.05584,49.25227],[-123.05584,49.27126],[-123.05584,49.2722],[-123.05584,49.27424],[-123.05584,49.28399],[-123.05583,49.2073],[-123.05583,49.21591],[-123.05583,49.23002],[-123.05583,49.25276],[-123.05583,49.27486],[-123.05583,49.27571],[-123.05583,49.27654],[-123.05583,49.27734],[-123.05583,49.28469],[-123.05582,49.21302],[-123.05582,49.22949],[-123.05582,49.25444],[-123.05582,49.26307],[-123.05582,49.26347],[-123.05581,49.21659],[-123.05581,49.25572],[-123.05581,49.26398],[-123.05581,49.26488],[-123.05581,49.26588],[-123.05581,49.26767],[-123.05581,49.26825],[-123.05581,49.27402],[-123.05581,49.2792],[-123.05581,49.28768],[-123.05581,49.28777],[-123.0558,49.21495],[-123.0558,49.24887],[-123.0558,49.25156],[-123.0558,49.25317],[-123.0558,49.25714],[-123.0558,49.25715],[-123.0558,49.27702],[-123.0558,49.28489],[-123.05579,49.2076],[-123.05579,49.21296],[-123.05579,49.25056],[-123.05578,49.25398],[-123.05578,49.28399],[-123.05577,49.20731],[-123.05577,49.27424],[-123.05577,49.27487],[-123.05577,49.27571],[-123.05577,49.28469],[-123.05576,49.21303],[-123.05576,49.21591],[-123.05576,49.21775],[-123.05576,49.2268],[-123.05576,49.27654],[-123.05576,49.27701],[-123.05576,49.27708],[-123.05576,49.2792],[-123.05575,49.20926],[-123.05575,49.21639],[-123.05575,49.28526],[-123.05574,49.22689],[-123.05574,49.25575],[-123.05574,49.26929],[-123.05574,49.2762],[-123.05574,49.27624],[-123.05573,49.23884],[-123.05573,49.26012],[-123.05573,49.28473],[-123.05573,49.28485],[-123.05572,49.21905],[-123.05572,49.23894],[-123.05572,49.28432],[-123.05571,49.2766],[-123.05571,49.27667],[-123.05571,49.28436],[-123.0557,49.23383],[-123.05569,49.24875],[-123.05568,49.23335],[-123.05568,49.2339],[-123.05566,49.21574],[-123.05565,49.21905],[-123.05565,49.23339],[-123.05565,49.2787],[-123.05564,49.27867],[-123.05563,49.21768],[-123.05563,49.27833],[-123.05562,49.23931],[-123.05562,49.23934],[-123.05561,49.20923],[-123.0556,49.23378],[-123.05558,49.23476],[-123.05558,49.27823],[-123.05557,49.21019],[-123.05557,49.23577],[-123.05556,49.21024],[-123.05556,49.23722],[-123.05556,49.23906],[-123.05556,49.27906],[-123.05556,49.27913],[-123.05553,49.20647],[-123.05553,49.23873],[-123.05552,49.21801],[-123.05549,49.21222],[-123.05547,49.20804],[-123.05547,49.21804],[-123.05547,49.23269],[-123.05545,49.21585],[-123.05543,49.21028],[-123.05543,49.22578],[-123.05541,49.23478],[-123.05541,49.23915],[-123.05541,49.23916],[-123.0554,49.23577],[-123.0554,49.23876],[-123.0554,49.2536],[-123.05539,49.23377],[-123.05539,49.25364],[-123.05538,49.23723],[-123.05538,49.28864],[-123.05538,49.2888],[-123.05537,49.25756],[-123.05535,49.22576],[-123.05535,49.25482],[-123.05534,49.21094],[-123.05533,49.21231],[-123.05533,49.21589],[-123.05533,49.26967],[-123.05532,49.21456],[-123.05532,49.27034],[-123.05532,49.27126],[-123.05532,49.2718],[-123.05532,49.2722],[-123.05531,49.27313],[-123.05529,49.26054],[-123.05529,49.26057],[-123.05528,49.21026],[-123.05528,49.23036],[-123.05528,49.25109],[-123.05527,49.21452],[-123.05527,49.24871],[-123.05527,49.25113],[-123.05526,49.21332],[-123.05526,49.26967],[-123.05526,49.27034],[-123.05525,49.21246],[-123.05525,49.22993],[-123.05525,49.25479],[-123.05525,49.27126],[-123.05525,49.2722],[-123.05524,49.21161],[-123.05524,49.28924],[-123.05523,49.23267],[-123.05522,49.21459],[-123.05522,49.24871],[-123.05522,49.27373],[-123.05522,49.28341],[-123.05521,49.22535],[-123.05521,49.22539],[-123.0552,49.21338],[-123.05519,49.21093],[-123.05519,49.2126],[-123.05518,49.21587],[-123.05518,49.21668],[-123.05517,49.25602],[-123.05516,49.20838],[-123.05516,49.2133],[-123.05516,49.25609],[-123.05516,49.2571],[-123.05514,49.22676],[-123.05514,49.23188],[-123.05514,49.25748],[-123.05513,49.21706],[-123.05513,49.22014],[-123.05513,49.23096],[-123.05512,49.2198],[-123.05511,49.21608],[-123.05511,49.21835],[-123.05511,49.21985],[-123.05511,49.2295],[-123.05511,49.23289],[-123.05511,49.27412],[-123.05511,49.27418],[-123.0551,49.23276],[-123.0551,49.25762],[-123.05509,49.21159],[-123.05509,49.22998],[-123.05509,49.26293],[-123.05509,49.26301],[-123.05507,49.23991],[-123.05507,49.25578],[-123.05507,49.25615],[-123.05507,49.27961],[-123.05506,49.21282],[-123.05506,49.21299],[-123.05506,49.21337],[-123.05506,49.25742],[-123.05506,49.2762],[-123.05506,49.27966],[-123.05505,49.22026],[-123.05504,49.23176],[-123.05504,49.23182],[-123.05503,49.21242],[-123.05503,49.21633],[-123.05503,49.21905],[-123.05501,49.20856],[-123.055,49.22258],[-123.05499,49.2183],[-123.05499,49.22251],[-123.05499,49.223],[-123.05499,49.22442],[-123.05499,49.22684],[-123.05498,49.22296],[-123.05498,49.22488],[-123.05498,49.23083],[-123.05498,49.2309],[-123.05497,49.22037],[-123.05496,49.25562],[-123.05496,49.2558],[-123.05496,49.2567],[-123.05496,49.2634],[-123.05496,49.26345],[-123.05495,49.22437],[-123.05495,49.22953],[-123.05495,49.25739],[-123.05494,49.20852],[-123.05494,49.21433],[-123.05494,49.22476],[-123.05493,49.27332],[-123.05492,49.22183],[-123.05491,49.23508],[-123.05491,49.25819],[-123.05491,49.25824],[-123.0549,49.22245],[-123.0549,49.23577],[-123.0549,49.25912],[-123.0549,49.26006],[-123.0549,49.26806],[-123.0549,49.27823],[-123.0549,49.27833],[-123.05489,49.2144],[-123.05489,49.21835],[-123.05489,49.24028],[-123.05489,49.25918],[-123.05489,49.26013],[-123.05489,49.26189],[-123.05488,49.21906],[-123.05488,49.22322],[-123.05488,49.22395],[-123.05488,49.22996],[-123.05488,49.23727],[-123.05488,49.25568],[-123.05488,49.25575],[-123.05488,49.2596],[-123.05488,49.25964],[-123.05488,49.26211],[-123.05487,49.2247],[-123.05487,49.22992],[-123.05487,49.23857],[-123.05487,49.23867],[-123.05487,49.26098],[-123.05487,49.27322],[-123.05486,49.23879],[-123.05486,49.26801],[-123.05485,49.22516],[-123.05485,49.25194],[-123.05485,49.25614],[-123.05485,49.25618],[-123.05485,49.26384],[-123.05485,49.26431],[-123.05485,49.26435],[-123.05485,49.2662],[-123.05485,49.26625],[-123.05485,49.26664],[-123.05485,49.26671],[-123.05485,49.26845],[-123.05485,49.26852],[-123.05485,49.26896],[-123.05484,49.23575],[-123.05484,49.26391],[-123.05484,49.26475],[-123.05484,49.26481],[-123.05484,49.26521],[-123.05484,49.26525],[-123.05484,49.26569],[-123.05484,49.26576],[-123.05484,49.26893],[-123.05484,49.26954],[-123.05484,49.2704],[-123.05484,49.27047],[-123.05483,49.26711],[-123.05483,49.26715],[-123.05483,49.26754],[-123.05483,49.26762],[-123.05483,49.26939],[-123.05483,49.26946],[-123.05483,49.26961],[-123.05483,49.27133],[-123.05483,49.2714],[-123.05483,49.27226],[-123.05482,49.2397],[-123.05482,49.27233],[-123.05481,49.22037],[-123.05481,49.22601],[-123.05481,49.22604],[-123.05481,49.23727],[-123.05481,49.23982],[-123.05481,49.2583],[-123.05481,49.25925],[-123.05481,49.27494],[-123.05481,49.27501],[-123.05481,49.27539],[-123.05481,49.27788],[-123.05481,49.28018],[-123.0548,49.20891],[-123.0548,49.23867],[-123.0548,49.23879],[-123.0548,49.2397],[-123.0548,49.26018],[-123.0548,49.26092],[-123.0548,49.27584],[-123.0548,49.27668],[-123.05479,49.23982],[-123.05479,49.27577],[-123.05479,49.27659],[-123.05478,49.26218],[-123.05478,49.27784],[-123.05477,49.21899],[-123.05477,49.22186],[-123.05477,49.26107],[-123.05476,49.22739],[-123.05476,49.22744],[-123.05476,49.24791],[-123.05476,49.25227],[-123.05476,49.26307],[-123.05476,49.29089],[-123.05475,49.22244],[-123.05475,49.26107],[-123.05475,49.26487],[-123.05475,49.26584],[-123.05475,49.26749],[-123.05475,49.26834],[-123.05474,49.21443],[-123.05474,49.22859],[-123.05474,49.25441],[-123.05474,49.25445],[-123.05474,49.27034],[-123.05474,49.27127],[-123.05474,49.28027],[-123.05473,49.2393],[-123.05473,49.23934],[-123.05473,49.25014],[-123.05473,49.25018],[-123.05473,49.26398],[-123.05473,49.2686],[-123.05473,49.2722],[-123.05473,49.27313],[-123.05472,49.22322],[-123.05472,49.24046],[-123.05471,49.27404],[-123.05471,49.2757],[-123.05471,49.27757],[-123.05471,49.28006],[-123.0547,49.213],[-123.0547,49.21937],[-123.0547,49.21941],[-123.0547,49.22942],[-123.0547,49.24147],[-123.0547,49.25227],[-123.0547,49.25409],[-123.0547,49.25829],[-123.0547,49.25925],[-123.0547,49.27487],[-123.0547,49.27655],[-123.05469,49.22934],[-123.05469,49.25402],[-123.05469,49.26022],[-123.05469,49.26092],[-123.05467,49.21892],[-123.05467,49.22394],[-123.05467,49.2393],[-123.05467,49.23934],[-123.05467,49.24086],[-123.05467,49.27733],[-123.05466,49.24256],[-123.05466,49.28036],[-123.05465,49.2247],[-123.05465,49.24193],[-123.05465,49.26307],[-123.05465,49.26397],[-123.05465,49.27919],[-123.05465,49.28198],[-123.05464,49.20652],[-123.05464,49.26487],[-123.05464,49.26584],[-123.05464,49.26832],[-123.05464,49.26861],[-123.05464,49.27034],[-123.05464,49.27125],[-123.05464,49.27782],[-123.05464,49.2781],[-123.05464,49.27837],[-123.05464,49.28289],[-123.05464,49.28377],[-123.05464,49.28466],[-123.05464,49.28559],[-123.05464,49.28588],[-123.05464,49.28655],[-123.05463,49.20648],[-123.05463,49.22518],[-123.05463,49.23168],[-123.05463,49.24197],[-123.05463,49.24962],[-123.05463,49.2505],[-123.05463,49.26216],[-123.05463,49.2722],[-123.05463,49.27313],[-123.05463,49.28763],[-123.05462,49.22583],[-123.05462,49.22605],[-123.05462,49.24245],[-123.05462,49.2531],[-123.05462,49.25912],[-123.05462,49.28857],[-123.05462,49.28958],[-123.05462,49.2906],[-123.05461,49.21851],[-123.05461,49.23952],[-123.05461,49.24134],[-123.05461,49.25919],[-123.0546,49.26098],[-123.0546,49.27404],[-123.0546,49.27487],[-123.0546,49.2757],[-123.0546,49.27654],[-123.05459,49.22737],[-123.05459,49.2319],[-123.05459,49.24078],[-123.05458,49.21295],[-123.05458,49.22767],[-123.05458,49.24382],[-123.05458,49.2596],[-123.05458,49.25965],[-123.05458,49.27755],[-123.05457,49.20732],[-123.05457,49.20934],[-123.05457,49.22808],[-123.05457,49.22998],[-123.05457,49.23883],[-123.05457,49.24122],[-123.05457,49.2415],[-123.05457,49.24236],[-123.05456,49.22859],[-123.05456,49.23168],[-123.05456,49.26341],[-123.05456,49.26344],[-123.05456,49.26431],[-123.05456,49.27733],[-123.05455,49.21717],[-123.05455,49.24796],[-123.05455,49.2621],[-123.05455,49.26384],[-123.05455,49.26391],[-123.05454,49.21451],[-123.05454,49.21806],[-123.05454,49.25823],[-123.05454,49.26189],[-123.05454,49.26294],[-123.05454,49.26301],[-123.05454,49.27226],[-123.05454,49.27233],[-123.05454,49.2856],[-123.05453,49.20714],[-123.05453,49.2319],[-123.05453,49.24382],[-123.05453,49.24872],[-123.05453,49.24962],[-123.05453,49.27412],[-123.05453,49.27781],[-123.05453,49.2781],[-123.05453,49.27838],[-123.05453,49.28289],[-123.05453,49.28377],[-123.05452,49.25051],[-123.05452,49.27418],[-123.05452,49.27919],[-123.05452,49.28005],[-123.05452,49.28037],[-123.05452,49.28467],[-123.05452,49.28664],[-123.05451,49.20933],[-123.05451,49.22672],[-123.05451,49.22679],[-123.05451,49.22896],[-123.05451,49.25818],[-123.05451,49.25823],[-123.05451,49.27322],[-123.05451,49.27667],[-123.05451,49.28198],[-123.05451,49.28763],[-123.05451,49.28958],[-123.0545,49.22714],[-123.0545,49.27332],[-123.0545,49.2762],[-123.0545,49.27624],[-123.0545,49.2766],[-123.0545,49.27702],[-123.0545,49.28857],[-123.0545,49.2898],[-123.0545,49.29059],[-123.05449,49.22719],[-123.05449,49.22754],[-123.05449,49.24279],[-123.05449,49.27537],[-123.05449,49.27541],[-123.05449,49.27834],[-123.05448,49.21718],[-123.05448,49.22761],[-123.05448,49.25396],[-123.05448,49.27706],[-123.05448,49.27819],[-123.05447,49.22998],[-123.05447,49.248],[-123.05447,49.27742],[-123.05446,49.23083],[-123.05446,49.24237],[-123.05445,49.22844],[-123.05445,49.22851],[-123.05445,49.23951],[-123.05445,49.24081],[-123.05445,49.29097],[-123.05444,49.2309],[-123.05444,49.24878],[-123.05444,49.24886],[-123.05444,49.24968],[-123.05444,49.27751],[-123.05444,49.28295],[-123.05444,49.28302],[-123.05443,49.23439],[-123.05443,49.24291],[-123.05443,49.27913],[-123.05443,49.2816],[-123.05443,49.28345],[-123.05443,49.2867],[-123.05443,49.28769],[-123.05443,49.28975],[-123.05442,49.215],[-123.05442,49.22891],[-123.05442,49.23435],[-123.05442,49.24033],[-123.05442,49.24975],[-123.05442,49.25014],[-123.05442,49.25018],[-123.05442,49.25241],[-123.05442,49.25492],[-123.05442,49.28341],[-123.05442,49.28436],[-123.05442,49.28677],[-123.05442,49.28776],[-123.05442,49.28968],[-123.05441,49.20955],[-123.05441,49.21632],[-123.05441,49.24548],[-123.05441,49.24588],[-123.05441,49.24925],[-123.05441,49.24929],[-123.05441,49.25234],[-123.0544,49.23742],[-123.0544,49.24541],[-123.0544,49.24585],[-123.0544,49.24666],[-123.0544,49.2467],[-123.0544,49.25318],[-123.0544,49.25325],[-123.0544,49.25402],[-123.0544,49.25485],[-123.0544,49.28106],[-123.05439,49.23591],[-123.05439,49.23931],[-123.05439,49.24624],[-123.05439,49.24631],[-123.05439,49.24707],[-123.05439,49.25362],[-123.05439,49.27823],[-123.05439,49.28123],[-123.05438,49.21011],[-123.05438,49.23584],[-123.05438,49.23935],[-123.05438,49.25366],[-123.05438,49.25409],[-123.05438,49.27832],[-123.05438,49.27961],[-123.05438,49.28018],[-123.05438,49.28027],[-123.05438,49.28566],[-123.05437,49.21016],[-123.05437,49.23736],[-123.05437,49.27905],[-123.05437,49.28204],[-123.05437,49.28212],[-123.05437,49.28384],[-123.05437,49.28393],[-123.05437,49.28522],[-123.05437,49.28526],[-123.05437,49.28573],[-123.05436,49.27785],[-123.05436,49.27789],[-123.05436,49.27866],[-123.05436,49.2787],[-123.05436,49.27965],[-123.05436,49.28018],[-123.05436,49.28027],[-123.05436,49.28255],[-123.05436,49.28474],[-123.05436,49.28617],[-123.05436,49.28621],[-123.05436,49.28864],[-123.05436,49.28919],[-123.05435,49.21632],[-123.05435,49.21811],[-123.05435,49.23971],[-123.05435,49.28163],[-123.05435,49.2825],[-123.05435,49.28721],[-123.05435,49.28725],[-123.05435,49.28821],[-123.05435,49.28824],[-123.05435,49.2888],[-123.05435,49.2902],[-123.05434,49.2059],[-123.05434,49.21019],[-123.05434,49.22895],[-123.05434,49.24002],[-123.05434,49.2515],[-123.05434,49.28923],[-123.05434,49.29024],[-123.05434,49.29076],[-123.05433,49.20597],[-123.05433,49.25157],[-123.05433,49.29068],[-123.05432,49.2059],[-123.05432,49.25664],[-123.05431,49.23507],[-123.05431,49.24536],[-123.05431,49.25657],[-123.0543,49.23578],[-123.0543,49.23672],[-123.0543,49.24137],[-123.0543,49.24617],[-123.0543,49.29121],[-123.05429,49.23958],[-123.05429,49.24701],[-123.05428,49.21497],[-123.05428,49.23728],[-123.05428,49.23748],[-123.05428,49.23809],[-123.05428,49.25741],[-123.05427,49.21018],[-123.05427,49.2133],[-123.05427,49.23855],[-123.05427,49.24789],[-123.05426,49.24066],[-123.05425,49.28431],[-123.05424,49.21348],[-123.05424,49.22193],[-123.05424,49.222],[-123.05424,49.24713],[-123.05423,49.24132],[-123.05421,49.23506],[-123.05421,49.25755],[-123.05421,49.27371],[-123.05421,49.27375],[-123.0542,49.23578],[-123.0542,49.24535],[-123.0542,49.24617],[-123.0542,49.25057],[-123.0542,49.25063],[-123.0542,49.25067],[-123.0542,49.25073],[-123.05419,49.21351],[-123.05419,49.23672],[-123.05419,49.27027],[-123.05418,49.21326],[-123.05418,49.21758],[-123.05418,49.22186],[-123.05418,49.23727],[-123.05418,49.23748],[-123.05418,49.26005],[-123.05418,49.26014],[-123.05418,49.26059],[-123.05417,49.22248],[-123.05417,49.23854],[-123.05417,49.27126],[-123.05416,49.22633],[-123.05416,49.22637],[-123.05416,49.23809],[-123.05416,49.26054],[-123.05416,49.27209],[-123.05416,49.28484],[-123.05415,49.21149],[-123.05414,49.21754],[-123.05414,49.2339],[-123.05414,49.27299],[-123.05413,49.23383],[-123.05413,49.2703],[-123.05413,49.27033],[-123.05412,49.22186],[-123.05412,49.26189],[-123.05412,49.28378],[-123.05411,49.22599],[-123.05411,49.27126],[-123.05411,49.28377],[-123.0541,49.21555],[-123.0541,49.22589],[-123.0541,49.27208],[-123.05409,49.22589],[-123.05409,49.25821],[-123.05409,49.27293],[-123.05409,49.27577],[-123.05409,49.27584],[-123.05408,49.21149],[-123.05408,49.27302],[-123.05406,49.21348],[-123.05406,49.2408],[-123.05406,49.24667],[-123.05405,49.24317],[-123.05404,49.24318],[-123.05404,49.27226],[-123.05403,49.24306],[-123.05403,49.25528],[-123.05403,49.25532],[-123.05403,49.27233],[-123.05401,49.24671],[-123.05401,49.26435],[-123.054,49.24079],[-123.054,49.26431],[-123.054,49.27274],[-123.054,49.27277],[-123.05398,49.21273],[-123.05398,49.21343],[-123.05397,49.21552],[-123.05396,49.26475],[-123.05396,49.26481],[-123.05395,49.24019],[-123.05394,49.21614],[-123.05391,49.21271],[-123.05391,49.27277],[-123.0539,49.21717],[-123.05389,49.21263],[-123.05389,49.25704],[-123.05389,49.25708],[-123.05389,49.2718],[-123.05388,49.2171],[-123.05388,49.21766],[-123.05387,49.2511],[-123.05387,49.25114],[-123.05387,49.27185],[-123.05383,49.21725],[-123.05383,49.24012],[-123.05382,49.24375],[-123.05381,49.24105],[-123.05381,49.24368],[-123.0538,49.28027],[-123.05379,49.28018],[-123.05374,49.21631],[-123.05374,49.26521],[-123.05374,49.28198],[-123.05372,49.24108],[-123.05372,49.24327],[-123.05372,49.26525],[-123.05371,49.22475],[-123.0537,49.25481],[-123.0537,49.2558],[-123.05369,49.24341],[-123.05369,49.2555],[-123.05369,49.25672],[-123.05368,49.21727],[-123.05367,49.22487],[-123.05367,49.23577],[-123.05366,49.24333],[-123.05366,49.28072],[-123.05365,49.21611],[-123.05365,49.23727],[-123.05365,49.23748],[-123.05365,49.25444],[-123.05364,49.21397],[-123.05364,49.23815],[-123.05364,49.26569],[-123.05363,49.25481],[-123.05363,49.2555],[-123.05363,49.2558],[-123.05362,49.23507],[-123.05362,49.25672],[-123.05362,49.26569],[-123.05362,49.27371],[-123.05362,49.27375],[-123.05361,49.24414],[-123.05361,49.24419],[-123.0536,49.21401],[-123.0536,49.23577],[-123.05359,49.21516],[-123.05359,49.23727],[-123.05358,49.23748],[-123.05358,49.2379],[-123.05358,49.25821],[-123.05355,49.21514],[-123.05355,49.22753],[-123.05355,49.26576],[-123.05354,49.2276],[-123.05354,49.24031],[-123.05354,49.26576],[-123.05354,49.2762],[-123.05354,49.27623],[-123.05354,49.28163],[-123.05353,49.20608],[-123.05352,49.27226],[-123.05352,49.27233],[-123.05351,49.2704],[-123.0535,49.24035],[-123.0535,49.27047],[-123.05349,49.29139],[-123.05346,49.214],[-123.05345,49.22246],[-123.05344,49.24382],[-123.05344,49.27493],[-123.05344,49.27502],[-123.05344,49.29124],[-123.05342,49.22252],[-123.05342,49.22672],[-123.05342,49.22679],[-123.05341,49.26947],[-123.05341,49.27371],[-123.05341,49.27375],[-123.0534,49.22308],[-123.0534,49.24748],[-123.0534,49.26939],[-123.05339,49.22245],[-123.05339,49.26961],[-123.05339,49.27322],[-123.05338,49.21395],[-123.05338,49.26953],[-123.05337,49.20742],[-123.05336,49.27332],[-123.05335,49.20739],[-123.05335,49.22373],[-123.05334,49.25402],[-123.05334,49.27412],[-123.05333,49.25409],[-123.05333,49.27418],[-123.05333,49.28563],[-123.05332,49.20722],[-123.05332,49.27669],[-123.05332,49.28484],[-123.05331,49.24624],[-123.05331,49.28576],[-123.0533,49.2621],[-123.0533,49.27742],[-123.05329,49.28474],[-123.05328,49.24631],[-123.05328,49.27751],[-123.05328,49.2888],[-123.05327,49.28029],[-123.05327,49.28195],[-123.05327,49.28864],[-123.05326,49.20606],[-123.05326,49.24631],[-123.05326,49.2802],[-123.05326,49.28975],[-123.05325,49.21429],[-123.05325,49.27139],[-123.05325,49.28107],[-123.05325,49.28123],[-123.05325,49.28968],[-123.05324,49.23952],[-123.05324,49.27133],[-123.05324,49.28431],[-123.05323,49.20599],[-123.05323,49.27577],[-123.05323,49.27584],[-123.05323,49.29024],[-123.05322,49.24322],[-123.05321,49.29069],[-123.05321,49.29076],[-123.05318,49.21435],[-123.05317,49.21595],[-123.05317,49.22632],[-123.05317,49.22636],[-123.05317,49.23275],[-123.05317,49.2359],[-123.05317,49.2432],[-123.05316,49.23287],[-123.05316,49.23438],[-123.05316,49.23583],[-123.05315,49.23434],[-123.05315,49.23734],[-123.05315,49.25568],[-123.05315,49.26625],[-123.05314,49.23741],[-123.05314,49.24502],[-123.05314,49.24506],[-123.05314,49.26621],[-123.05314,49.27823],[-123.05313,49.22991],[-123.05313,49.23883],[-123.05313,49.25575],[-123.05313,49.25755],[-123.05313,49.27375],[-123.05312,49.25741],[-123.05312,49.27371],[-123.05311,49.24457],[-123.05311,49.24467],[-123.0531,49.23182],[-123.0531,49.2339],[-123.05309,49.21595],[-123.05309,49.23175],[-123.05309,49.23383],[-123.05309,49.23809],[-123.05309,49.24467],[-123.05308,49.22844],[-123.05308,49.23578],[-123.05308,49.24588],[-123.05308,49.26113],[-123.05308,49.29149],[-123.05307,49.22851],[-123.05307,49.23641],[-123.05307,49.23892],[-123.05307,49.23901],[-123.05307,49.25831],[-123.05307,49.25925],[-123.05307,49.26019],[-123.05306,49.23534],[-123.05306,49.23712],[-123.05306,49.23747],[-123.05304,49.21436],[-123.05304,49.25562],[-123.05303,49.21805],[-123.05303,49.25581],[-123.05303,49.25734],[-123.05301,49.21798],[-123.05301,49.24549],[-123.05301,49.25278],[-123.05301,49.25362],[-123.05301,49.29134],[-123.053,49.25283],[-123.05299,49.24542],[-123.05299,49.24549],[-123.05299,49.28617],[-123.05297,49.23578],[-123.05297,49.2364],[-123.05296,49.21892],[-123.05296,49.21899],[-123.05296,49.23534],[-123.05296,49.23713],[-123.05296,49.24585],[-123.05295,49.23747],[-123.05295,49.28071],[-123.05294,49.22015],[-123.05294,49.2671],[-123.05294,49.26715],[-123.05293,49.22027],[-123.05293,49.25458],[-123.05293,49.25561],[-123.05293,49.25562],[-123.05293,49.2583],[-123.05293,49.25925],[-123.05293,49.2602],[-123.05293,49.26113],[-123.05292,49.21936],[-123.05292,49.2194],[-123.05292,49.21978],[-123.05292,49.21981],[-123.05292,49.23808],[-123.05292,49.25736],[-123.0529,49.239],[-123.0529,49.24126],[-123.0529,49.24748],[-123.0529,49.24752],[-123.0529,49.25015],[-123.0529,49.25019],[-123.0529,49.26891],[-123.0529,49.26895],[-123.0529,49.27458],[-123.05289,49.24127],[-123.05289,49.2479],[-123.05289,49.24797],[-123.05288,49.2171],[-123.05288,49.26664],[-123.05288,49.27454],[-123.05287,49.26671],[-123.05286,49.21717],[-123.05286,49.26664],[-123.05286,49.26671],[-123.05284,49.26193],[-123.05283,49.21468],[-123.05282,49.2207],[-123.05281,49.20753],[-123.05281,49.21904],[-123.05281,49.21944],[-123.05281,49.21985],[-123.05281,49.22035],[-123.05281,49.22066],[-123.0528,49.26711],[-123.0528,49.26715],[-123.05279,49.20753],[-123.05279,49.21472],[-123.05277,49.24121],[-123.05277,49.2445],[-123.05276,49.24122],[-123.05275,49.25452],[-123.05272,49.22109],[-123.05272,49.22115],[-123.05272,49.22155],[-123.05271,49.2215],[-123.05271,49.26253],[-123.0527,49.21904],[-123.0527,49.21944],[-123.0527,49.21985],[-123.0527,49.22035],[-123.0527,49.243],[-123.05268,49.2219],[-123.05268,49.22197],[-123.05267,49.26249],[-123.05266,49.21469],[-123.05265,49.23949],[-123.05264,49.21459],[-123.05264,49.22099],[-123.05263,49.22161],[-123.05262,49.22143],[-123.05262,49.22314],[-123.05261,49.2232],[-123.05261,49.24296],[-123.05261,49.26755],[-123.05261,49.26762],[-123.0526,49.22474],[-123.0526,49.24453],[-123.0526,49.29159],[-123.05259,49.22486],[-123.05259,49.26805],[-123.05258,49.22204],[-123.05258,49.26801],[-123.05257,49.22433],[-123.05257,49.29154],[-123.05256,49.22437],[-123.05255,49.22264],[-123.05253,49.22098],[-123.05253,49.22307],[-123.05253,49.29161],[-123.05252,49.29145],[-123.05251,49.22345],[-123.0525,49.20612],[-123.0525,49.22144],[-123.0525,49.23218],[-123.05249,49.22162],[-123.05249,49.22392],[-123.05248,49.20606],[-123.05248,49.24457],[-123.05247,49.22204],[-123.05246,49.2244],[-123.05245,49.23576],[-123.05245,49.24142],[-123.05244,49.22265],[-123.05244,49.25816],[-123.05244,49.25823],[-123.05243,49.21503],[-123.05243,49.23496],[-123.05243,49.23679],[-123.05243,49.237],[-123.05243,49.23727],[-123.05243,49.24059],[-123.05243,49.24155],[-123.05242,49.20577],[-123.05242,49.21636],[-123.05242,49.23747],[-123.05241,49.2379],[-123.05241,49.24147],[-123.05241,49.24879],[-123.0524,49.22346],[-123.0524,49.23856],[-123.0524,49.24886],[-123.05239,49.24926],[-123.05239,49.2493],[-123.05239,49.24976],[-123.05238,49.22391],[-123.05237,49.23577],[-123.05237,49.23678],[-123.05237,49.24969],[-123.05236,49.21508],[-123.05236,49.23699],[-123.05236,49.23728],[-123.05235,49.23747],[-123.05235,49.2379],[-123.05235,49.24057],[-123.05235,49.26294],[-123.05234,49.23856],[-123.05233,49.23161],[-123.05233,49.263],[-123.05232,49.21634],[-123.05232,49.23893],[-123.05231,49.21616],[-123.0523,49.24874],[-123.05229,49.22385],[-123.05229,49.23908],[-123.05229,49.2397],[-123.05229,49.23982],[-123.05229,49.24188],[-123.05229,49.24922],[-123.05229,49.24963],[-123.05229,49.25053],[-123.05228,49.22379],[-123.05228,49.23131],[-123.05228,49.23971],[-123.05228,49.25145],[-123.05228,49.26843],[-123.05228,49.26853],[-123.05228,49.26892],[-123.05227,49.23161],[-123.05227,49.26216],[-123.05226,49.22432],[-123.05226,49.23883],[-123.05226,49.25229],[-123.05226,49.26998],[-123.05225,49.22436],[-123.05225,49.22474],[-123.05225,49.25312],[-123.05224,49.26308],[-123.05224,49.26896],[-123.05224,49.26946],[-123.05224,49.27003],[-123.05223,49.20747],[-123.05223,49.23583],[-123.05223,49.2359],[-123.05223,49.25442],[-123.05223,49.26938],[-123.05223,49.26953],[-123.05222,49.21807],[-123.05222,49.25397],[-123.05222,49.26397],[-123.05222,49.26961],[-123.05222,49.2704],[-123.05222,49.27046],[-123.05222,49.27087],[-123.05222,49.27092],[-123.05221,49.21508],[-123.05221,49.21801],[-123.05221,49.26468],[-123.05221,49.27139],[-123.0522,49.26563],[-123.05219,49.24873],[-123.05219,49.24922],[-123.05219,49.24963],[-123.05219,49.25053],[-123.05219,49.26658],[-123.05219,49.27133],[-123.05219,49.29168],[-123.05218,49.20729],[-123.05218,49.26747],[-123.05218,49.26798],[-123.05218,49.26839],[-123.05217,49.25145],[-123.05217,49.27454],[-123.05217,49.27458],[-123.05216,49.21708],[-123.05216,49.23968],[-123.05216,49.25229],[-123.05216,49.26888],[-123.05215,49.2227],[-123.05215,49.22277],[-123.05215,49.24275],[-123.05215,49.25312],[-123.05215,49.27034],[-123.05214,49.22326],[-123.05214,49.26216],[-123.05214,49.27537],[-123.05214,49.27541],[-123.05213,49.2233],[-123.05213,49.25396],[-123.05213,49.26308],[-123.05213,49.27127],[-123.05212,49.25442],[-123.05212,49.26397],[-123.05211,49.21713],[-123.05211,49.21942],[-123.05211,49.24797],[-123.05211,49.2488],[-123.05211,49.24886],[-123.0521,49.24259],[-123.0521,49.24617],[-123.0521,49.24969],[-123.0521,49.24976],[-123.0521,49.26193],[-123.0521,49.26468],[-123.0521,49.27147],[-123.0521,49.2722],[-123.0521,49.29154],[-123.05209,49.24258],[-123.05209,49.24274],[-123.05209,49.24535],[-123.05209,49.25151],[-123.05209,49.25158],[-123.05209,49.26563],[-123.05208,49.25015],[-123.05208,49.25019],[-123.05208,49.26658],[-123.05207,49.24926],[-123.05207,49.24931],[-123.05207,49.25064],[-123.05207,49.25068],[-123.05207,49.25115],[-123.05207,49.27316],[-123.05207,49.27405],[-123.05206,49.25074],[-123.05206,49.25111],[-123.05206,49.25326],[-123.05206,49.25446],[-123.05206,49.26749],[-123.05206,49.27489],[-123.05205,49.24005],[-123.05205,49.25058],[-123.05205,49.25195],[-123.05205,49.25242],[-123.05205,49.2621],[-123.05205,49.26799],[-123.05205,49.26835],[-123.05205,49.26889],[-123.05205,49.27571],[-123.05205,49.27591],[-123.05205,49.27674],[-123.05204,49.21943],[-123.05204,49.24264],[-123.05204,49.25198],[-123.05204,49.25235],[-123.05204,49.28288],[-123.05204,49.29162],[-123.05203,49.25319],[-123.05203,49.26252],[-123.05203,49.281],[-123.05202,49.25403],[-123.05202,49.25411],[-123.05202,49.27919],[-123.05202,49.28128],[-123.05202,49.28218],[-123.05202,49.28288],[-123.05202,49.28399],[-123.05201,49.26431],[-123.05201,49.27028],[-123.05201,49.27219],[-123.05201,49.27758],[-123.05201,49.27839],[-123.05201,49.27968],[-123.05201,49.28377],[-123.05201,49.2856],[-123.05201,49.28663],[-123.05201,49.28762],[-123.05201,49.28857],[-123.052,49.24535],[-123.052,49.25824],[-123.052,49.26474],[-123.052,49.26569],[-123.052,49.26576],[-123.052,49.27147],[-123.05199,49.26435],[-123.05199,49.26481],[-123.05199,49.26521],[-123.05199,49.26525],[-123.05199,49.26665],[-123.05199,49.26671],[-123.05199,49.2671],[-123.05199,49.27126],[-123.05199,49.28957],[-123.05199,49.29058],[-123.05199,49.29149],[-123.05198,49.24784],[-123.05198,49.26715],[-123.05198,49.27316],[-123.05197,49.24616],[-123.05197,49.26671],[-123.05196,49.24747],[-123.05196,49.2662],[-123.05196,49.26625],[-123.05196,49.26852],[-123.05196,49.26952],[-123.05196,49.27405],[-123.05195,49.26844],[-123.05195,49.26896],[-123.05195,49.26946],[-123.05195,49.26961],[-123.05195,49.27488],[-123.05194,49.26892],[-123.05194,49.26938],[-123.05194,49.27571],[-123.05194,49.27591],[-123.05193,49.21545],[-123.05193,49.23883],[-123.05193,49.27041],[-123.05193,49.27045],[-123.05193,49.27181],[-123.05193,49.27185],[-123.05193,49.27673],[-123.05192,49.20617],[-123.05192,49.23222],[-123.05192,49.23226],[-123.05192,49.27141],[-123.05191,49.24549],[-123.05191,49.24624],[-123.05191,49.27132],[-123.05191,49.2784],[-123.05191,49.2792],[-123.05191,49.28377],[-123.05191,49.28399],[-123.05191,49.2856],[-123.0519,49.24503],[-123.0519,49.27756],[-123.0519,49.28663],[-123.05189,49.2061],[-123.05189,49.21549],[-123.05189,49.23731],[-123.05189,49.23741],[-123.05189,49.24012],[-123.05189,49.24505],[-123.05189,49.24542],[-123.05189,49.27322],[-123.05189,49.27332],[-123.05189,49.28218],[-123.05189,49.28763],[-123.05189,49.28958],[-123.05188,49.23338],[-123.05188,49.27411],[-123.05188,49.27418],[-123.05188,49.281],[-123.05188,49.28129],[-123.05188,49.28288],[-123.05188,49.28857],[-123.05188,49.29159],[-123.05187,49.23383],[-123.05187,49.24589],[-123.05187,49.24631],[-123.05187,49.27375],[-123.05187,49.28289],[-123.05186,49.22752],[-123.05186,49.23437],[-123.05186,49.23945],[-123.05186,49.27371],[-123.05186,49.27454],[-123.05186,49.27458],[-123.05186,49.29059],[-123.05185,49.22759],[-123.05185,49.23433],[-123.05185,49.24745],[-123.05185,49.24784],[-123.05185,49.27584],[-123.05184,49.22603],[-123.05184,49.23181],[-123.05184,49.23389],[-123.05184,49.27537],[-123.05184,49.27541],[-123.05184,49.27577],[-123.05183,49.23222],[-123.05183,49.23226],[-123.05183,49.23727],[-123.05183,49.25767],[-123.05182,49.23174],[-123.05182,49.23274],[-123.05182,49.23286],[-123.05182,49.23334],[-123.05182,49.23746],[-123.05182,49.23948],[-123.05181,49.23989],[-123.05181,49.27832],[-123.05181,49.28018],[-123.05181,49.28302],[-123.05181,49.28384],[-123.05181,49.28392],[-123.05181,49.28676],[-123.05181,49.28768],[-123.0518,49.23667],[-123.0518,49.23668],[-123.0518,49.28203],[-123.0518,49.28212],[-123.0518,49.28294],[-123.0518,49.28304],[-123.0518,49.28669],[-123.0518,49.28776],[-123.0518,49.28968],[-123.0518,49.28975],[-123.05179,49.22889],[-123.05179,49.22894],[-123.05178,49.22737],[-123.05178,49.22738],[-123.05178,49.23575],[-123.05178,49.2479],[-123.05178,49.27788],[-123.05178,49.28292],[-123.05178,49.29175],[-123.05177,49.25753],[-123.05177,49.28123],[-123.05177,49.28431],[-123.05177,49.28436],[-123.05176,49.21547],[-123.05176,49.22765],[-123.05176,49.27785],[-123.05176,49.28106],[-123.05175,49.23375],[-123.05175,49.23994],[-123.05175,49.2401],[-123.05175,49.2888],[-123.05174,49.22603],[-123.05174,49.2775],[-123.05174,49.27905],[-123.05174,49.27913],[-123.05174,49.28473],[-123.05174,49.28526],[-123.05174,49.28566],[-123.05174,49.28616],[-123.05174,49.28621],[-123.05174,49.28863],[-123.05173,49.23268],[-123.05173,49.27823],[-123.05173,49.28341],[-123.05173,49.28345],[-123.05173,49.28522],[-123.05173,49.28573],[-123.05173,49.28721],[-123.05173,49.28724],[-123.05173,49.2892],[-123.05172,49.23133],[-123.05172,49.23167],[-123.05172,49.28072],[-123.05172,49.28824],[-123.05172,49.28923],[-123.05172,49.2902],[-123.05172,49.29163],[-123.05171,49.22856],[-123.05171,49.2307],[-123.05171,49.28162],[-123.05171,49.28203],[-123.05171,49.29024],[-123.05169,49.21542],[-123.05169,49.23126],[-123.05169,49.23733],[-123.05169,49.24623],[-123.05169,49.28212],[-123.05168,49.22148],[-123.05168,49.22152],[-123.05168,49.23667],[-123.05168,49.23668],[-123.05167,49.22737],[-123.05167,49.22738],[-123.05167,49.22927],[-123.05167,49.23575],[-123.05166,49.2194],[-123.05166,49.28026],[-123.05165,49.22765],[-123.05164,49.21935],[-123.05164,49.24255],[-123.05163,49.23376],[-123.05161,49.22855],[-123.05161,49.23268],[-123.0516,49.22106],[-123.0516,49.23168],[-123.05159,49.2762],[-123.05159,49.27624],[-123.05158,49.21899],[-123.05157,49.22927],[-123.05157,49.23098],[-123.05156,49.23021],[-123.05155,49.23383],[-123.05154,49.22113],[-123.05154,49.2339],[-123.05154,49.28484],[-123.05151,49.23117],[-123.0515,49.21906],[-123.05149,49.2311],[-123.05149,49.24024],[-123.05148,49.22227],[-123.05148,49.22232],[-123.05147,49.24253],[-123.05146,49.24027],[-123.05145,49.23026],[-123.05141,49.21937],[-123.0514,49.2389],[-123.05139,49.22752],[-123.05139,49.22759],[-123.05138,49.21905],[-123.05138,49.21978],[-123.05138,49.22752],[-123.05138,49.22759],[-123.05137,49.2475],[-123.05136,49.21712],[-123.05136,49.21809],[-123.05136,49.21981],[-123.05136,49.22024],[-123.05136,49.27233],[-123.05135,49.21802],[-123.05135,49.21892],[-123.05135,49.27226],[-123.05134,49.22485],[-123.05133,49.22631],[-123.05133,49.22635],[-123.05133,49.24746],[-123.05132,49.22473],[-123.05131,49.21719],[-123.05131,49.24458],[-123.0513,49.21816],[-123.0513,49.21838],[-123.0513,49.21953],[-123.0513,49.22037],[-123.0513,49.22187],[-123.0513,49.22193],[-123.05129,49.22117],[-123.05129,49.24688],[-123.05127,49.24705],[-123.05127,49.24746],[-123.05125,49.222],[-123.05125,49.2267],[-123.05125,49.22712],[-123.05125,49.22717],[-123.05125,49.24755],[-123.05124,49.20622],[-123.05124,49.21719],[-123.05124,49.22037],[-123.05124,49.22588],[-123.05124,49.22596],[-123.05124,49.22677],[-123.05124,49.2445],[-123.05123,49.21817],[-123.05123,49.22118],[-123.05122,49.20615],[-123.05122,49.21714],[-123.05122,49.21953],[-123.05122,49.22114],[-123.05122,49.24086],[-123.05122,49.2475],[-123.05121,49.22236],[-123.05121,49.22282],[-123.0512,49.2243],[-123.0512,49.27839],[-123.05119,49.2662],[-123.05118,49.222],[-123.05118,49.24705],[-123.05118,49.24709],[-123.05118,49.26625],[-123.05116,49.22234],[-123.05116,49.22369],[-123.05115,49.29172],[-123.05114,49.22282],[-123.05113,49.24054],[-123.05112,49.22231],[-123.05111,49.20736],[-123.05111,49.24069],[-123.0511,49.22268],[-123.05109,49.22275],[-123.05109,49.263],[-123.05108,49.22414],[-123.05108,49.22429],[-123.05108,49.2406],[-123.05108,49.26294],[-123.05107,49.21616],[-123.05107,49.24969],[-123.05107,49.24976],[-123.05105,49.20754],[-123.05105,49.24455],[-123.05103,49.22382],[-123.05103,49.22798],[-123.05103,49.22803],[-123.05103,49.23576],[-123.05103,49.24089],[-123.05103,49.25452],[-123.05103,49.25817],[-123.05103,49.25822],[-123.05103,49.2634],[-123.05102,49.26344],[-123.05101,49.26216],[-123.051,49.2059],[-123.051,49.2766],[-123.051,49.27666],[-123.05099,49.23376],[-123.05098,49.2059],[-123.05098,49.21613],[-123.05098,49.26844],[-123.05098,49.26852],[-123.05096,49.23103],[-123.05096,49.23268],[-123.05096,49.23576],[-123.05095,49.25827],[-123.05094,49.23023],[-123.05093,49.24089],[-123.05092,49.23376],[-123.05092,49.26193],[-123.05092,49.2621],[-123.0509,49.23103],[-123.05088,49.23268],[-123.05087,49.23024],[-123.05086,49.22842],[-123.05085,49.20599],[-123.05085,49.22849],[-123.05085,49.24316],[-123.05084,49.22842],[-123.05084,49.22849],[-123.05083,49.20599],[-123.05083,49.27577],[-123.05083,49.27584],[-123.0508,49.27041],[-123.0508,49.27045],[-123.0508,49.27278],[-123.05079,49.21704],[-123.05079,49.27273],[-123.05079,49.28384],[-123.05079,49.28392],[-123.05077,49.21804],[-123.05077,49.25782],[-123.05076,49.21811],[-123.05076,49.26938],[-123.05076,49.26946],[-123.05075,49.25767],[-123.05075,49.26952],[-123.05075,49.26961],[-123.05074,49.22015],[-123.05074,49.27322],[-123.05074,49.27331],[-123.05073,49.21892],[-123.05072,49.22026],[-123.05071,49.21899],[-123.0507,49.22104],[-123.0507,49.22111],[-123.05069,49.2171],[-123.05066,49.22186],[-123.05066,49.22192],[-123.05065,49.28294],[-123.05065,49.28302],[-123.05064,49.28106],[-123.05063,49.21717],[-123.05063,49.28968],[-123.05063,49.28975],[-123.05061,49.21817],[-123.05061,49.21905],[-123.05061,49.22033],[-123.05061,49.22231],[-123.05061,49.28123],[-123.0506,49.2757],[-123.0506,49.28203],[-123.05059,49.22946],[-123.05059,49.28211],[-123.05056,49.22117],[-123.05056,49.26384],[-123.05056,49.26391],[-123.05055,49.28484],[-123.05054,49.26384],[-123.05054,49.2639],[-123.05054,49.2757],[-123.05054,49.28473],[-123.05053,49.20628],[-123.05053,49.22198],[-123.05053,49.22888],[-123.05053,49.22951],[-123.05052,49.21717],[-123.05052,49.22893],[-123.05052,49.22946],[-123.05051,49.24584],[-123.0505,49.20622],[-123.0505,49.21818],[-123.0505,49.21905],[-123.05049,49.22033],[-123.05049,49.22279],[-123.05047,49.23824],[-123.05046,49.24641],[-123.05046,49.24784],[-123.05045,49.22117],[-123.05045,49.23725],[-123.05045,49.24542],[-123.05043,49.23589],[-123.05043,49.24542],[-123.05043,49.27702],[-123.05043,49.27706],[-123.05042,49.22197],[-123.05042,49.22424],[-123.05042,49.24452],[-123.05041,49.22026],[-123.05041,49.24502],[-123.05041,49.24505],[-123.05041,49.24874],[-123.0504,49.23582],[-123.0504,49.24641],[-123.0504,49.24784],[-123.05039,49.22279],[-123.05039,49.22491],[-123.05039,49.23637],[-123.05039,49.24583],[-123.05039,49.24748],[-123.05038,49.22015],[-123.05038,49.22466],[-123.05037,49.20622],[-123.05037,49.20629],[-123.05037,49.21974],[-123.05037,49.21979],[-123.05037,49.22066],[-123.05037,49.2207],[-123.05037,49.24297],[-123.05037,49.27375],[-123.05036,49.24962],[-123.05036,49.2737],[-123.05034,49.23725],[-123.05034,49.24874],[-123.05033,49.22602],[-123.05032,49.23384],[-123.05032,49.24112],[-123.05032,49.24295],[-123.05032,49.2439],[-123.05032,49.24452],[-123.05032,49.2479],[-123.05032,49.25282],[-123.05031,49.22426],[-123.05031,49.23273],[-123.05031,49.23285],[-123.05031,49.23391],[-123.05031,49.24797],[-123.05031,49.25278],[-123.0503,49.20759],[-123.0503,49.24104],[-123.05029,49.23638],[-123.05028,49.22467],[-123.05027,49.20741],[-123.05027,49.22683],[-123.05027,49.25319],[-123.05026,49.23576],[-123.05026,49.25326],[-123.05025,49.23482],[-123.05024,49.22266],[-123.05024,49.22273],[-123.05024,49.22496],[-123.05024,49.22765],[-123.05024,49.23238],[-123.05024,49.25144],[-123.05023,49.23378],[-123.05023,49.23836],[-123.05023,49.25228],[-123.05022,49.22931],[-123.05022,49.23266],[-123.05021,49.23772],[-123.05021,49.23872],[-123.05021,49.25312],[-123.0502,49.22835],[-123.0502,49.23766],[-123.0502,49.25395],[-123.0502,49.27623],[-123.05019,49.22602],[-123.05019,49.23876],[-123.05018,49.24458],[-123.05018,49.24467],[-123.05018,49.25145],[-123.05017,49.22428],[-123.05016,49.22433],[-123.05016,49.22484],[-123.05016,49.24467],[-123.05016,49.25228],[-123.05015,49.22472],[-123.05015,49.22922],[-123.05015,49.23576],[-123.05015,49.25312],[-123.05014,49.2272],[-123.05014,49.23484],[-123.05014,49.23809],[-123.05014,49.25394],[-123.05013,49.25451],[-123.05012,49.22538],[-123.05012,49.22764],[-123.05012,49.23379],[-123.05012,49.27838],[-123.05011,49.22543],[-123.05011,49.2643],[-123.0501,49.22587],[-123.0501,49.22594],[-123.05009,49.23265],[-123.05009,49.26435],[-123.05008,49.22835],[-123.05007,49.27494],[-123.05007,49.27501],[-123.05006,49.27838],[-123.05004,49.22926],[-123.05004,49.23913],[-123.05003,49.23582],[-123.05003,49.23588],[-123.05002,49.22938],[-123.04997,49.20633],[-123.04996,49.20626],[-123.04996,49.24407],[-123.04995,49.20626],[-123.04995,49.2185],[-123.04991,49.27742],[-123.04989,49.2775],[-123.04983,49.2185],[-123.04983,49.24449],[-123.04979,49.22075],[-123.04978,49.25798],[-123.04977,49.21844],[-123.04977,49.23747],[-123.04977,49.2375],[-123.04976,49.25151],[-123.04976,49.25158],[-123.04976,49.25452],[-123.04973,49.24612],[-123.04973,49.25235],[-123.04973,49.25242],[-123.04973,49.25403],[-123.04973,49.25445],[-123.04973,49.25831],[-123.04972,49.21805],[-123.04972,49.21812],[-123.04972,49.22075],[-123.04972,49.24536],[-123.04972,49.24635],[-123.04972,49.24781],[-123.04972,49.25319],[-123.04972,49.2578],[-123.04972,49.25838],[-123.04971,49.24873],[-123.04971,49.25326],[-123.04971,49.25411],[-123.0497,49.24961],[-123.0497,49.25049],[-123.0497,49.26521],[-123.0497,49.26525],[-123.04969,49.22278],[-123.04969,49.26474],[-123.04968,49.22071],[-123.04967,49.25144],[-123.04967,49.26481],[-123.04965,49.24451],[-123.04965,49.2523],[-123.04965,49.25706],[-123.04965,49.2581],[-123.04965,49.26008],[-123.04965,49.26056],[-123.04965,49.26101],[-123.04965,49.26217],[-123.04965,49.2737],[-123.04965,49.27375],[-123.04964,49.25313],[-123.04964,49.25939],[-123.04963,49.25397],[-123.04963,49.25438],[-123.04963,49.25534],[-123.04963,49.25536],[-123.04963,49.25625],[-123.04963,49.25844],[-123.04963,49.28341],[-123.04962,49.22278],[-123.04962,49.25737],[-123.04962,49.25741],[-123.04962,49.26307],[-123.04961,49.226],[-123.04961,49.24338],[-123.04961,49.26376],[-123.0496,49.21845],[-123.0496,49.26427],[-123.04959,49.26438],[-123.04959,49.26487],[-123.04957,49.23593],[-123.04956,49.23575],[-123.04956,49.24537],[-123.04956,49.26658],[-123.04956,49.2888],[-123.04955,49.24617],[-123.04955,49.24701],[-123.04955,49.24784],[-123.04955,49.25144],[-123.04955,49.26748],[-123.04955,49.27823],[-123.04955,49.28724],[-123.04955,49.28824],[-123.04955,49.28863],[-123.04955,49.29219],[-123.04954,49.22601],[-123.04954,49.24872],[-123.04954,49.26834],[-123.04954,49.27417],[-123.04954,49.28721],[-123.04954,49.2882],[-123.04953,49.23985],[-123.04953,49.24961],[-123.04953,49.2505],[-123.04953,49.26973],[-123.04953,49.27411],[-123.04953,49.27454],[-123.04953,49.27457],[-123.04953,49.27784],[-123.04953,49.27788],[-123.04953,49.28923],[-123.04953,49.29211],[-123.04952,49.26928],[-123.04952,49.27029],[-123.04951,49.23429],[-123.04951,49.23985],[-123.04951,49.2523],[-123.04951,49.25307],[-123.04951,49.26307],[-123.04951,49.27121],[-123.04951,49.28919],[-123.0495,49.24391],[-123.0495,49.26216],[-123.0495,49.26376],[-123.0495,49.27619],[-123.0495,49.27623],[-123.04949,49.23575],[-123.04949,49.23593],[-123.04949,49.24457],[-123.04949,49.25396],[-123.04949,49.261],[-123.04949,49.26427],[-123.04948,49.25534],[-123.04948,49.25625],[-123.04948,49.25747],[-123.04948,49.25749],[-123.04948,49.25883],[-123.04948,49.25939],[-123.04948,49.26008],[-123.04948,49.26438],[-123.04948,49.26487],[-123.04948,49.2722],[-123.04948,49.27832],[-123.04947,49.23991],[-123.04947,49.24208],[-123.04947,49.2479],[-123.04947,49.24797],[-123.04947,49.25844],[-123.04947,49.28768],[-123.04947,49.28776],[-123.04946,49.23991],[-123.04946,49.27312],[-123.04945,49.24212],[-123.04945,49.25158],[-123.04945,49.26658],[-123.04945,49.26751],[-123.04945,49.27406],[-123.04944,49.2343],[-123.04944,49.24392],[-123.04944,49.25457],[-123.04944,49.27487],[-123.04944,49.27571],[-123.04943,49.23378],[-123.04943,49.24622],[-123.04943,49.24632],[-123.04943,49.24715],[-123.04943,49.26828],[-123.04942,49.24707],[-123.04942,49.263],[-123.04941,49.23379],[-123.04941,49.24886],[-123.04941,49.26293],[-123.04941,49.2634],[-123.04941,49.26344],[-123.04941,49.26933],[-123.04941,49.27625],[-123.0494,49.24457],[-123.0494,49.24879],[-123.0494,49.25401],[-123.0494,49.2541],[-123.0494,49.25492],[-123.0494,49.25497],[-123.0494,49.25541],[-123.0494,49.25588],[-123.0494,49.25592],[-123.0494,49.25678],[-123.0494,49.25682],[-123.0494,49.26384],[-123.0494,49.26973],[-123.0494,49.27673],[-123.0494,49.27756],[-123.0494,49.27837],[-123.0494,49.27919],[-123.0494,49.281],[-123.0494,49.28197],[-123.04939,49.24469],[-123.04939,49.25058],[-123.04939,49.25548],[-123.04939,49.25638],[-123.04939,49.25868],[-123.04939,49.2639],[-123.04939,49.28284],[-123.04939,49.28559],[-123.04939,49.28614],[-123.04939,49.28658],[-123.04938,49.25631],[-123.04938,49.25877],[-123.04938,49.26474],[-123.04938,49.26481],[-123.04938,49.27033],[-123.04938,49.28308],[-123.04938,49.28398],[-123.04938,49.28466],[-123.04938,49.28757],[-123.04937,49.27121],[-123.04937,49.2722],[-123.04937,49.28857],[-123.04937,49.29045],[-123.04937,49.29145],[-123.04936,49.25064],[-123.04936,49.25068],[-123.04936,49.2643],[-123.04936,49.26434],[-123.04936,49.2896],[-123.04936,49.29058],[-123.04936,49.29203],[-123.04935,49.25074],[-123.04935,49.26757],[-123.04935,49.26764],[-123.04935,49.26847],[-123.04935,49.26884],[-123.04935,49.27311],[-123.04935,49.2908],[-123.04934,49.26804],[-123.04934,49.27405],[-123.04934,49.29237],[-123.04933,49.25446],[-123.04933,49.25449],[-123.04933,49.26808],[-123.04933,49.26854],[-123.04933,49.26961],[-123.04933,49.27487],[-123.04932,49.26938],[-123.04931,49.26895],[-123.04931,49.269],[-123.04931,49.27039],[-123.0493,49.26946],[-123.0493,49.26952],[-123.0493,49.27046],[-123.0493,49.27625],[-123.0493,49.27673],[-123.04929,49.27571],[-123.04927,49.27226],[-123.04927,49.27232],[-123.04927,49.27756],[-123.04927,49.27837],[-123.04927,49.27919],[-123.04927,49.28285],[-123.04927,49.28307],[-123.04927,49.28399],[-123.04927,49.28464],[-123.04927,49.28557],[-123.04927,49.29058],[-123.04926,49.281],[-123.04926,49.28197],[-123.04926,49.28658],[-123.04925,49.26883],[-123.04925,49.27273],[-123.04925,49.27278],[-123.04925,49.27418],[-123.04925,49.28758],[-123.04925,49.28857],[-123.04925,49.28926],[-123.04925,49.28959],[-123.04924,49.27371],[-123.04924,49.27374],[-123.04924,49.27411],[-123.04924,49.27501],[-123.04924,49.29144],[-123.04923,49.27455],[-123.04923,49.27494],[-123.04922,49.27536],[-123.04922,49.2754],[-123.04922,49.29202],[-123.0492,49.27139],[-123.04919,49.24019],[-123.04919,49.25785],[-123.04919,49.27133],[-123.04918,49.21979],[-123.04918,49.27331],[-123.04918,49.27742],[-123.04918,49.2775],[-123.04917,49.24226],[-123.04917,49.27322],[-123.04916,49.21974],[-123.04916,49.28162],[-123.04915,49.21939],[-123.04915,49.24024],[-123.04915,49.27702],[-123.04915,49.27706],[-123.04915,49.2825],[-123.0491,49.21932],[-123.0491,49.23715],[-123.04909,49.24223],[-123.04907,49.2425],[-123.04905,49.22032],[-123.04904,49.26895],[-123.04903,49.22073],[-123.04903,49.25144],[-123.04902,49.22269],[-123.04902,49.25492],[-123.049,49.22276],[-123.049,49.23717],[-123.04899,49.21828],[-123.04899,49.23039],[-123.04899,49.24058],[-123.04899,49.25444],[-123.04898,49.22176],[-123.04898,49.24057],[-123.04898,49.25144],[-123.04897,49.22932],[-123.04897,49.22937],[-123.04897,49.22981],[-123.04897,49.23074],[-123.04897,49.23079],[-123.04897,49.25318],[-123.04896,49.22986],[-123.04896,49.23032],[-123.04896,49.23113],[-123.04896,49.29205],[-123.04895,49.22032],[-123.04895,49.2431],[-123.04895,49.24701],[-123.04895,49.24784],[-123.04895,49.24962],[-123.04895,49.25052],[-123.04894,49.2312],[-123.04894,49.23232],[-123.04894,49.23236],[-123.04894,49.24873],[-123.04894,49.25031],[-123.04894,49.25114],[-123.04893,49.22282],[-123.04893,49.23273],[-123.04893,49.23285],[-123.04893,49.24063],[-123.04892,49.22073],[-123.04892,49.24062],[-123.04891,49.23565],[-123.04891,49.23602],[-123.04891,49.23678],[-123.0489,49.24268],[-123.04889,49.21831],[-123.04889,49.24962],[-123.04889,49.25052],[-123.04889,49.2511],[-123.04889,49.25492],[-123.04888,49.22175],[-123.04888,49.23467],[-123.04888,49.24701],[-123.04888,49.24783],[-123.04888,49.24836],[-123.04888,49.24873],[-123.04888,49.25015],[-123.04887,49.22026],[-123.04887,49.24672],[-123.04887,49.25444],[-123.04886,49.23026],[-123.04886,49.23107],[-123.04886,49.24751],[-123.04885,49.22014],[-123.04885,49.22757],[-123.04885,49.23198],[-123.04884,49.2075],[-123.04884,49.22066],[-123.04884,49.2207],[-123.04884,49.23395],[-123.04884,49.24266],[-123.04883,49.21814],[-123.04883,49.22465],[-123.04883,49.2275],[-123.04883,49.23267],[-123.04882,49.22287],[-123.04882,49.23959],[-123.04882,49.24886],[-123.0488,49.20769],[-123.0488,49.25816],[-123.04879,49.27659],[-123.04878,49.23571],[-123.04877,49.2347],[-123.04877,49.23602],[-123.04877,49.23664],[-123.04877,49.24194],[-123.04876,49.23015],[-123.04875,49.23106],[-123.04875,49.24151],[-123.04875,49.27666],[-123.04874,49.23193],[-123.04874,49.23585],[-123.04873,49.22466],[-123.04873,49.23267],[-123.04871,49.23396],[-123.04871,49.24192],[-123.0487,49.2652],[-123.0487,49.26525],[-123.04868,49.23696],[-123.04867,49.22284],[-123.04867,49.23476],[-123.04867,49.29256],[-123.04866,49.23472],[-123.04866,49.25795],[-123.04866,49.27823],[-123.04866,49.27832],[-123.04865,49.22277],[-123.04865,49.22427],[-123.04865,49.22432],[-123.04865,49.22471],[-123.04864,49.23692],[-123.04862,49.24202],[-123.04862,49.24297],[-123.04861,49.23408],[-123.04861,49.24092],[-123.04861,49.27756],[-123.04861,49.27837],[-123.0486,49.23402],[-123.0486,49.23952],[-123.0486,49.2423],[-123.0486,49.27808],[-123.04858,49.23737],[-123.04858,49.24096],[-123.04858,49.25587],[-123.04858,49.26569],[-123.04858,49.26576],[-123.04857,49.24968],[-123.04857,49.24975],[-123.04857,49.26576],[-123.04856,49.26569],[-123.04855,49.24968],[-123.04855,49.24975],[-123.04854,49.24237],[-123.04854,49.27756],[-123.04854,49.27809],[-123.04854,49.27837],[-123.04853,49.23882],[-123.04853,49.25638],[-123.04852,49.25631],[-123.04852,49.27869],[-123.04851,49.23876],[-123.0485,49.2284],[-123.0485,49.22847],[-123.0485,49.26383],[-123.0485,49.27823],[-123.04849,49.23813],[-123.04849,49.2639],[-123.04849,49.27832],[-123.04848,49.27865],[-123.04845,49.25449],[-123.04844,49.24131],[-123.04843,49.23896],[-123.04842,49.24239],[-123.04839,49.26895],[-123.04839,49.26899],[-123.04838,49.239],[-123.04838,49.24137],[-123.04835,49.25443],[-123.04834,49.23805],[-123.04832,49.23285],[-123.04831,49.23843],[-123.0483,49.25496],[-123.04829,49.26192],[-123.04828,49.2358],[-123.04828,49.26209],[-123.04827,49.23273],[-123.04827,49.24239],[-123.04827,49.27322],[-123.04827,49.27331],[-123.04826,49.26621],[-123.04826,49.26625],[-123.04826,49.27002],[-123.04825,49.22074],[-123.04825,49.23573],[-123.04824,49.23849],[-123.04824,49.25063],[-123.04824,49.25074],[-123.04824,49.25461],[-123.04824,49.26474],[-123.04823,49.25057],[-123.04823,49.25461],[-123.04823,49.2648],[-123.04823,49.26997],[-123.04822,49.21834],[-123.04822,49.26952],[-123.04821,49.22586],[-123.04821,49.26938],[-123.0482,49.24456],[-123.0482,49.26961],[-123.04819,49.22074],[-123.04819,49.23573],[-123.04819,49.24468],[-123.04817,49.21837],[-123.04815,49.22168],[-123.04814,49.22066],[-123.04814,49.2207],[-123.04813,49.2625],[-123.04813,49.26672],[-123.04812,49.22306],[-123.04812,49.26665],[-123.04811,49.23851],[-123.04811,49.26672],[-123.04811,49.27576],[-123.04811,49.27584],[-123.04809,49.23157],[-123.04809,49.23161],[-123.04808,49.21944],[-123.04808,49.22306],[-123.04808,49.28122],[-123.04808,49.28123],[-123.04806,49.28863],[-123.04805,49.28105],[-123.04805,49.28106],[-123.04805,49.28473],[-123.04804,49.232],[-123.04804,49.23206],[-123.04804,49.28483],[-123.04804,49.2888],[-123.04803,49.23112],[-123.04803,49.23119],[-123.04803,49.28211],[-123.04802,49.22976],[-123.04802,49.232],[-123.04802,49.23206],[-123.04802,49.28203],[-123.04802,49.28391],[-123.04801,49.22981],[-123.04801,49.23119],[-123.04801,49.27039],[-123.04801,49.27046],[-123.04801,49.28565],[-123.04801,49.28572],[-123.048,49.23112],[-123.048,49.27904],[-123.048,49.28294],[-123.048,49.28301],[-123.04799,49.20649],[-123.04799,49.27913],[-123.04799,49.28384],[-123.04798,49.20642],[-123.04798,49.21944],[-123.04798,49.26822],[-123.04798,49.27904],[-123.04798,49.27913],[-123.04797,49.21772],[-123.04797,49.26865],[-123.04796,49.20615],[-123.04796,49.27619],[-123.04795,49.21874],[-123.04795,49.23068],[-123.04795,49.23071],[-123.04794,49.29064],[-123.04794,49.29079],[-123.04793,49.23027],[-123.04793,49.23242],[-123.04793,49.23247],[-123.04792,49.2302],[-123.04791,49.21778],[-123.04791,49.25805],[-123.04791,49.28018],[-123.04789,49.21882],[-123.04789,49.22014],[-123.04788,49.20623],[-123.04788,49.28025],[-123.04786,49.21974],[-123.04786,49.26822],[-123.04786,49.26865],[-123.04785,49.21978],[-123.04785,49.22593],[-123.04785,49.2289],[-123.04785,49.2385],[-123.04785,49.29198],[-123.04784,49.2188],[-123.04784,49.22886],[-123.04784,49.23859],[-123.04781,49.22635],[-123.04781,49.22639],[-123.04781,49.23854],[-123.04781,49.2416],[-123.0478,49.2267],[-123.0478,49.22677],[-123.04779,49.20582],[-123.04779,49.22026],[-123.04778,49.22976],[-123.04778,49.2298],[-123.04778,49.24164],[-123.04777,49.22749],[-123.04776,49.20543],[-123.04776,49.20656],[-123.04776,49.22705],[-123.04776,49.2271],[-123.04776,49.22756],[-123.04776,49.23963],[-123.04774,49.23701],[-123.04774,49.26712],[-123.04774,49.26716],[-123.04773,49.22664],[-123.04773,49.22795],[-123.04773,49.228],[-123.04773,49.23722],[-123.04773,49.23966],[-123.04772,49.22839],[-123.04772,49.24102],[-123.04772,49.25491],[-123.04771,49.20778],[-123.04771,49.22702],[-123.04768,49.22743],[-123.04768,49.2416],[-123.04766,49.22792],[-123.04766,49.24209],[-123.04765,49.24107],[-123.04764,49.22015],[-123.04764,49.23493],[-123.04764,49.23574],[-123.04764,49.23575],[-123.04764,49.2391],[-123.04763,49.20583],[-123.04762,49.27965],[-123.04761,49.20543],[-123.04761,49.26757],[-123.04761,49.26764],[-123.04761,49.27961],[-123.0476,49.20659],[-123.0476,49.22664],[-123.0476,49.22886],[-123.0476,49.23916],[-123.04759,49.26757],[-123.04759,49.26763],[-123.04758,49.22702],[-123.04756,49.22742],[-123.04754,49.23576],[-123.04754,49.23999],[-123.04753,49.20758],[-123.04753,49.22034],[-123.04753,49.22791],[-123.04752,49.22071],[-123.04752,49.23998],[-123.04751,49.24209],[-123.0475,49.24046],[-123.0475,49.27837],[-123.04749,49.24005],[-123.04749,49.27623],[-123.04748,49.23989],[-123.04748,49.24004],[-123.04747,49.20653],[-123.04747,49.22141],[-123.04747,49.27756],[-123.04746,49.20646],[-123.04746,49.23917],[-123.04746,49.2405],[-123.04745,49.24753],[-123.04744,49.2362],[-123.04743,49.2223],[-123.04743,49.23986],[-123.04743,49.27837],[-123.04742,49.22033],[-123.04741,49.22426],[-123.04741,49.22431],[-123.04741,49.2371],[-123.0474,49.22469],[-123.0474,49.23688],[-123.04739,49.22072],[-123.04738,49.2232],[-123.04738,49.22481],[-123.04738,49.27619],[-123.04737,49.22141],[-123.04736,49.22014],[-123.04735,49.28345],[-123.04734,49.27087],[-123.04734,49.27091],[-123.04733,49.22026],[-123.04733,49.24191],[-123.04732,49.2223],[-123.04732,49.24191],[-123.04731,49.25868],[-123.04729,49.23282],[-123.04729,49.281],[-123.04729,49.28824],[-123.04728,49.24623],[-123.04728,49.2463],[-123.04727,49.22325],[-123.04727,49.2583],[-123.04726,49.2207],[-123.04726,49.24707],[-123.04726,49.24714],[-123.04726,49.25399],[-123.04725,49.22065],[-123.04725,49.24237],[-123.04725,49.25109],[-123.04725,49.25409],[-123.04725,49.25808],[-123.04724,49.23295],[-123.04724,49.24666],[-123.04724,49.2467],[-123.04723,49.22928],[-123.04723,49.24751],[-123.04723,49.25149],[-123.04722,49.22434],[-123.04722,49.22937],[-123.04722,49.24197],[-123.04722,49.24241],[-123.04722,49.25156],[-123.04721,49.23402],[-123.04721,49.23408],[-123.0472,49.2231],[-123.04719,49.25876],[-123.04718,49.26191],[-123.04718,49.26208],[-123.04718,49.2634],[-123.04718,49.26344],[-123.04717,49.22318],[-123.04717,49.22839],[-123.04717,49.24523],[-123.04717,49.25867],[-123.04717,49.26293],[-123.04717,49.263],[-123.04716,49.22845],[-123.04716,49.24615],[-123.04716,49.26383],[-123.04715,49.24662],[-123.04715,49.24699],[-123.04715,49.24742],[-123.04715,49.26249],[-123.04715,49.26253],[-123.04715,49.2639],[-123.04714,49.25052],[-123.04713,49.24871],[-123.04713,49.25142],[-123.04711,49.25717],[-123.04711,49.26808],[-123.0471,49.21752],[-123.0471,49.25392],[-123.0471,49.25532],[-123.0471,49.25802],[-123.0471,49.25837],[-123.0471,49.25895],[-123.0471,49.25915],[-123.0471,49.25963],[-123.0471,49.26045],[-123.0471,49.26104],[-123.04709,49.25624],[-123.04709,49.26237],[-123.04709,49.26347],[-123.04708,49.26306],[-123.04708,49.28162],[-123.04707,49.26396],[-123.04707,49.27132],[-123.04707,49.2718],[-123.04707,49.27184],[-123.04707,49.28164],[-123.04707,49.28254],[-123.04706,49.24523],[-123.04706,49.26486],[-123.04706,49.27139],[-123.04705,49.25051],[-123.04705,49.26618],[-123.04704,49.24615],[-123.04704,49.26658],[-123.04704,49.27225],[-123.04704,49.27232],[-123.04704,49.2825],[-123.04703,49.24699],[-123.04703,49.25141],[-123.04703,49.2737],[-123.04703,49.27375],[-123.04702,49.24642],[-123.04702,49.24742],[-123.04702,49.24871],[-123.04702,49.2675],[-123.04702,49.2677],[-123.04702,49.26809],[-123.04702,49.26931],[-123.04702,49.27411],[-123.04702,49.27455],[-123.04701,49.25311],[-123.04701,49.27417],[-123.04701,49.2754],[-123.047,49.27494],[-123.047,49.27536],[-123.047,49.27576],[-123.04699,49.21748],[-123.04699,49.25394],[-123.04699,49.25532],[-123.04699,49.27033],[-123.04699,49.275],[-123.04699,49.2834],[-123.04699,49.28345],[-123.04698,49.25624],[-123.04698,49.25714],[-123.04698,49.26236],[-123.04698,49.27583],[-123.04698,49.27706],[-123.04697,49.23968],[-123.04697,49.26347],[-123.04697,49.27127],[-123.04697,49.27659],[-123.04697,49.27666],[-123.04697,49.27702],[-123.04696,49.26395],[-123.04696,49.26487],[-123.04696,49.2722],[-123.04696,49.27741],[-123.04695,49.25802],[-123.04695,49.25963],[-123.04695,49.26617],[-123.04695,49.2775],[-123.04694,49.24631],[-123.04694,49.25836],[-123.04694,49.25894],[-123.04694,49.25916],[-123.04694,49.26051],[-123.04694,49.26104],[-123.04694,49.2615],[-123.04694,49.26306],[-123.04694,49.27312],[-123.04693,49.24796],[-123.04693,49.24878],[-123.04693,49.24967],[-123.04693,49.26658],[-123.04693,49.27404],[-123.04693,49.28072],[-123.04693,49.28122],[-123.04693,49.28573],[-123.04693,49.2862],[-123.04693,49.28863],[-123.04693,49.2912],[-123.04693,49.29124],[-123.04692,49.20762],[-123.04692,49.24974],[-123.04692,49.26751],[-123.04692,49.2677],[-123.04692,49.27913],[-123.04692,49.28106],[-123.04692,49.28293],[-123.04692,49.28301],[-123.04692,49.28521],[-123.04692,49.28616],[-123.04692,49.29165],[-123.04691,49.24885],[-123.04691,49.25316],[-123.04691,49.25323],[-123.04691,49.27487],[-123.04691,49.28384],[-123.04691,49.28431],[-123.04691,49.28435],[-123.04691,49.28525],[-123.04691,49.2888],[-123.04691,49.28923],[-123.04691,49.28967],[-123.04691,49.28974],[-123.04691,49.2902],[-123.04691,49.29023],[-123.0469,49.2554],[-123.0469,49.25546],[-123.0469,49.2757],[-123.0469,49.27904],[-123.0469,49.28391],[-123.0469,49.28473],[-123.0469,49.28483],[-123.0469,49.28724],[-123.0469,49.28768],[-123.0469,49.29068],[-123.0469,49.29075],[-123.04689,49.25637],[-123.04689,49.2872],[-123.04689,49.28776],[-123.04689,49.28919],[-123.04688,49.26931],[-123.04688,49.27033],[-123.04688,49.2759],[-123.04688,49.27672],[-123.04688,49.29172],[-123.04687,49.26253],[-123.04687,49.27127],[-123.04687,49.28823],[-123.04687,49.28826],[-123.04686,49.25767],[-123.04686,49.25771],[-123.04686,49.26249],[-123.04686,49.27832],[-123.04686,49.28018],[-123.04686,49.28565],[-123.04685,49.26568],[-123.04685,49.26576],[-123.04685,49.27219],[-123.04685,49.27822],[-123.04685,49.28025],[-123.04685,49.28558],[-123.04685,49.2867],[-123.04685,49.28676],[-123.04684,49.23961],[-123.04684,49.2563],[-123.04684,49.26665],[-123.04684,49.26672],[-123.04684,49.26712],[-123.04684,49.27312],[-123.04684,49.28203],[-123.04684,49.2821],[-123.04683,49.26716],[-123.04682,49.2662],[-123.04682,49.26624],[-123.04682,49.27412],[-123.04681,49.23809],[-123.04681,49.26848],[-123.04681,49.26855],[-123.04681,49.26938],[-123.04681,49.26946],[-123.0468,49.259],[-123.0468,49.27529],[-123.04679,49.27039],[-123.04679,49.2759],[-123.04679,49.27756],[-123.04678,49.20632],[-123.04678,49.22014],[-123.04678,49.23813],[-123.04678,49.26961],[-123.04678,49.27046],[-123.04678,49.27087],[-123.04678,49.27091],[-123.04678,49.281],[-123.04677,49.27132],[-123.04677,49.27139],[-123.04677,49.27673],[-123.04677,49.28032],[-123.04677,49.28197],[-123.04677,49.28855],[-123.04676,49.20625],[-123.04676,49.27225],[-123.04676,49.27232],[-123.04676,49.27838],[-123.04676,49.27919],[-123.04676,49.28248],[-123.04676,49.28285],[-123.04676,49.28377],[-123.04675,49.23536],[-123.04675,49.2354],[-123.04675,49.2591],[-123.04675,49.2718],[-123.04675,49.27184],[-123.04675,49.27331],[-123.04675,49.28464],[-123.04675,49.28559],[-123.04675,49.28662],[-123.04675,49.28757],[-123.04675,49.28958],[-123.04673,49.29057],[-123.04673,49.29147],[-123.04671,49.22074],[-123.04671,49.27322],[-123.04671,49.27418],[-123.04671,49.27425],[-123.04669,49.23535],[-123.04669,49.27535],[-123.04669,49.27542],[-123.04668,49.27757],[-123.04667,49.23467],[-123.04667,49.23813],[-123.04666,49.24284],[-123.04665,49.2347],[-123.04665,49.23473],[-123.04665,49.24075],[-123.04665,49.27837],[-123.04665,49.27919],[-123.04665,49.28011],[-123.04665,49.28032],[-123.04665,49.28287],[-123.04665,49.28659],[-123.04664,49.22075],[-123.04664,49.281],[-123.04664,49.28197],[-123.04664,49.28377],[-123.04664,49.28467],[-123.04664,49.28559],[-123.04663,49.28757],[-123.04663,49.28856],[-123.04663,49.29057],[-123.04662,49.24004],[-123.04662,49.24301],[-123.04662,49.27184],[-123.04662,49.28958],[-123.04662,49.29148],[-123.04659,49.24073],[-123.04659,49.24216],[-123.04659,49.24467],[-123.04658,49.24685],[-123.04657,49.24305],[-123.04657,49.24623],[-123.04656,49.26756],[-123.04656,49.26763],[-123.04656,49.28018],[-123.04656,49.28025],[-123.04656,49.28203],[-123.04656,49.2821],[-123.04656,49.28863],[-123.04655,49.22592],[-123.04655,49.23808],[-123.04655,49.26756],[-123.04655,49.26763],[-123.04653,49.24485],[-123.04652,49.22585],[-123.04652,49.24219],[-123.04651,49.24618],[-123.04651,49.24683],[-123.0465,49.23997],[-123.0465,49.26292],[-123.04648,49.21817],[-123.04648,49.263],[-123.04647,49.28069],[-123.04647,49.28074],[-123.04646,49.23674],[-123.04646,49.23712],[-123.04646,49.24485],[-123.04645,49.23903],[-123.04645,49.28249],[-123.04644,49.22469],[-123.04644,49.24618],[-123.04644,49.25442],[-123.04644,49.25486],[-123.04644,49.28254],[-123.04643,49.2248],[-123.04643,49.25446],[-123.04642,49.22469],[-123.04641,49.2248],[-123.04641,49.23713],[-123.04641,49.24293],[-123.04641,49.24294],[-123.04641,49.24871],[-123.04641,49.24961],[-123.04641,49.28162],[-123.04641,49.28164],[-123.0464,49.24154],[-123.0464,49.25407],[-123.04639,49.21811],[-123.04639,49.23901],[-123.04639,49.25051],[-123.04637,49.23843],[-123.04637,49.25486],[-123.04637,49.25586],[-123.04637,49.25676],[-123.04636,49.2559],[-123.04636,49.25676],[-123.04635,49.24169],[-123.04635,49.24871],[-123.04635,49.2496],[-123.04635,49.25012],[-123.04635,49.254],[-123.04635,49.25681],[-123.04633,49.20655],[-123.04633,49.20663],[-123.04633,49.24928],[-123.04632,49.22638],[-123.04632,49.24161],[-123.0463,49.24924],[-123.04629,49.21848],[-123.04629,49.22536],[-123.04629,49.2254],[-123.04628,49.2269],[-123.04627,49.24455],[-123.04626,49.23838],[-123.04625,49.22638],[-123.04623,49.27411],[-123.04622,49.23897],[-123.04621,49.22689],[-123.04621,49.27529],[-123.0462,49.21695],[-123.04619,49.23702],[-123.04618,49.22022],[-123.04618,49.23901],[-123.04618,49.27411],[-123.04617,49.22017],[-123.04616,49.23706],[-123.04616,49.23942],[-123.04615,49.24053],[-123.04614,49.27529],[-123.04613,49.21701],[-123.04612,49.23025],[-123.04611,49.20787],[-123.04611,49.23018],[-123.04611,49.23967],[-123.0461,49.20778],[-123.04608,49.26318],[-123.04607,49.23108],[-123.04607,49.23115],[-123.04607,49.2395],[-123.04607,49.24134],[-123.04606,49.20767],[-123.04603,49.24132],[-123.04603,49.26339],[-123.04603,49.26343],[-123.04602,49.27918],[-123.04601,49.22941],[-123.04601,49.24467],[-123.04601,49.25807],[-123.04601,49.25829],[-123.046,49.23032],[-123.046,49.26803],[-123.046,49.26807],[-123.04599,49.23527],[-123.04598,49.22032],[-123.04598,49.23627],[-123.04598,49.2549],[-123.04598,49.25495],[-123.04598,49.27048],[-123.04597,49.23122],[-123.04597,49.23283],[-123.04597,49.2331],[-123.04597,49.23395],[-123.04597,49.24788],[-123.04597,49.27037],[-123.04596,49.22075],[-123.04596,49.27918],[-123.04595,49.25154],[-123.04593,49.24477],[-123.04592,49.2456],[-123.04592,49.25148],[-123.04592,49.25911],[-123.04591,49.259],[-123.0459,49.22945],[-123.0459,49.23756],[-123.0459,49.24151],[-123.0459,49.24698],[-123.04589,49.22186],[-123.04589,49.23032],[-123.04589,49.23121],[-123.04589,49.24781],[-123.04589,49.28381],[-123.04589,49.28394],[-123.04588,49.23281],[-123.04587,49.22031],[-123.04587,49.22238],[-123.04587,49.23311],[-123.04586,49.22927],[-123.04585,49.22075],[-123.04585,49.24795],[-123.04584,49.23408],[-123.04584,49.23526],[-123.04584,49.25539],[-123.04583,49.25232],[-123.04582,49.22329],[-123.04582,49.22933],[-123.04582,49.2448],[-123.04582,49.27184],[-123.04581,49.23752],[-123.04581,49.24561],[-123.04579,49.22186],[-123.04579,49.22837],[-123.04578,49.22014],[-123.04578,49.23291],[-123.04578,49.24698],[-123.04578,49.24781],[-123.04577,49.22238],[-123.04577,49.22844],[-123.04577,49.23069],[-123.04577,49.23304],[-123.04576,49.22485],[-123.04576,49.23879],[-123.04575,49.22025],[-123.04575,49.22067],[-123.04575,49.22072],[-123.04575,49.24309],[-123.04575,49.25533],[-123.04574,49.22462],[-123.04572,49.23882],[-123.04572,49.23941],[-123.04572,49.26854],[-123.04571,49.22329],[-123.04571,49.22578],[-123.0457,49.24307],[-123.0457,49.26847],[-123.04569,49.2217],[-123.04567,49.23625],[-123.04567,49.25546],[-123.04566,49.25359],[-123.04566,49.2872],[-123.04565,49.25533],[-123.04564,49.22462],[-123.04564,49.22888],[-123.04563,49.22316],[-123.04563,49.22663],[-123.04563,49.22883],[-123.04563,49.23938],[-123.04562,49.22323],[-123.04562,49.22486],[-123.04561,49.22177],[-123.0456,49.26716],[-123.0456,49.27412],[-123.04559,49.26711],[-123.04557,49.22578],[-123.04557,49.27528],[-123.04556,49.22832],[-123.04556,49.26624],[-123.04555,49.24112],[-123.04555,49.25539],[-123.04555,49.2662],[-123.04554,49.22424],[-123.04554,49.22428],[-123.04554,49.27232],[-123.04553,49.2248],[-123.04553,49.22851],[-123.04553,49.27225],[-123.04553,49.28881],[-123.04552,49.22892],[-123.04552,49.26953],[-123.0455,49.22468],[-123.0455,49.29129],[-123.04549,49.21896],[-123.04549,49.2559],[-123.04549,49.26383],[-123.04549,49.26997],[-123.04549,49.27409],[-123.04548,49.2445],[-123.04548,49.2639],[-123.04548,49.26938],[-123.04548,49.2696],[-123.04548,49.27001],[-123.04547,49.22582],[-123.04547,49.26946],[-123.04547,49.27822],[-123.04547,49.27831],[-123.04546,49.22598],[-123.04546,49.22608],[-123.04546,49.24104],[-123.04546,49.27528],[-123.04545,49.21758],[-123.04545,49.22565],[-123.04545,49.28677],[-123.04544,49.24276],[-123.04544,49.24441],[-123.04544,49.24454],[-123.04544,49.24466],[-123.04544,49.25915],[-123.04544,49.28103],[-123.04544,49.28668],[-123.04543,49.21888],[-123.04543,49.2285],[-123.04543,49.24277],[-123.04543,49.27132],[-123.04543,49.27139],[-123.04543,49.27322],[-123.04543,49.28122],[-123.04543,49.29145],[-123.04542,49.21877],[-123.04542,49.27038],[-123.04542,49.27046],[-123.04542,49.27087],[-123.04542,49.28861],[-123.04541,49.20643],[-123.04541,49.27331],[-123.0454,49.20636],[-123.0454,49.27038],[-123.0454,49.27046],[-123.0454,49.27091],[-123.0454,49.27667],[-123.0454,49.28881],[-123.04539,49.22574],[-123.04539,49.22917],[-123.04539,49.26658],[-123.04539,49.27425],[-123.04539,49.27658],[-123.04538,49.28293],[-123.04538,49.28384],[-123.04538,49.28824],[-123.04538,49.29068],[-123.04538,49.29075],[-123.04537,49.24877],[-123.04537,49.24884],[-123.04537,49.27418],[-123.04537,49.28294],[-123.04537,49.28301],[-123.04537,49.28767],[-123.04537,49.28777],[-123.04537,49.28819],[-123.04535,49.24272],[-123.04535,49.26146],[-123.04535,49.28073],[-123.04534,49.23637],[-123.04534,49.24273],[-123.04534,49.28391],[-123.04533,49.24249],[-123.04533,49.26141],[-123.0453,49.24253],[-123.0453,49.25807],[-123.0453,49.25828],[-123.04529,49.21784],[-123.04528,49.24432],[-123.04527,49.24432],[-123.04525,49.23501],[-123.04524,49.25406],[-123.04523,49.21643],[-123.04523,49.24222],[-123.04523,49.25359],[-123.04523,49.25399],[-123.04523,49.2568],[-123.04523,49.25719],[-123.04523,49.25726],[-123.04522,49.21708],[-123.04522,49.21807],[-123.04522,49.25111],[-123.0452,49.21781],[-123.0452,49.2392],[-123.0452,49.26047],[-123.04519,49.2375],[-123.04519,49.25195],[-123.04519,49.25719],[-123.04519,49.25726],[-123.04519,49.26044],[-123.04518,49.21811],[-123.04518,49.23503],[-123.04518,49.24219],[-123.04518,49.25192],[-123.04518,49.25239],[-123.04518,49.25322],[-123.04518,49.25441],[-123.04517,49.22074],[-123.04517,49.25275],[-123.04517,49.25447],[-123.04516,49.21649],[-123.04516,49.25107],[-123.04516,49.25279],[-123.04516,49.25315],[-123.04515,49.25636],[-123.04514,49.21703],[-123.04514,49.23748],[-123.04514,49.26209],[-123.04514,49.26473],[-123.04514,49.2648],[-123.04513,49.23919],[-123.04513,49.25308],[-123.04513,49.25365],[-123.04513,49.26188],[-123.04513,49.2648],[-123.04512,49.20791],[-123.04512,49.25226],[-123.04512,49.25439],[-123.04512,49.25532],[-123.04512,49.26209],[-123.04512,49.26473],[-123.04512,49.27702],[-123.04511,49.22184],[-123.04511,49.25622],[-123.04511,49.26047],[-123.0451,49.22075],[-123.0451,49.26429],[-123.0451,49.26664],[-123.0451,49.26671],[-123.04509,49.20774],[-123.04509,49.25141],[-123.04509,49.25712],[-123.04509,49.26433],[-123.04508,49.23851],[-123.04508,49.25391],[-123.04508,49.26102],[-123.04508,49.26664],[-123.04507,49.26213],[-123.04507,49.26255],[-123.04507,49.26306],[-123.04507,49.26396],[-123.04506,49.25226],[-123.04506,49.25308],[-123.04506,49.25439],[-123.04506,49.25798],[-123.04505,49.23855],[-123.04505,49.25532],[-123.04505,49.25622],[-123.04504,49.22184],[-123.04504,49.24796],[-123.04504,49.2571],[-123.04503,49.21651],[-123.04503,49.22329],[-123.04503,49.24795],[-123.04503,49.25913],[-123.04502,49.26139],[-123.04502,49.26519],[-123.04501,49.26037],[-123.04501,49.26102],[-123.04501,49.26213],[-123.04501,49.26306],[-123.04501,49.26396],[-123.045,49.26786],[-123.04497,49.26713],[-123.04496,49.22328],[-123.04496,49.26292],[-123.04496,49.26299],[-123.04496,49.27126],[-123.04495,49.21647],[-123.04495,49.21798],[-123.04495,49.26382],[-123.04495,49.2639],[-123.04495,49.27031],[-123.04495,49.27219],[-123.04494,49.24089],[-123.04494,49.26805],[-123.04494,49.27312],[-123.04493,49.21842],[-123.04493,49.24179],[-123.04493,49.26671],[-123.04493,49.2834],[-123.04492,49.21802],[-123.04492,49.28345],[-123.04492,49.29023],[-123.04491,49.27113],[-123.0449,49.24087],[-123.0449,49.27125],[-123.04489,49.26756],[-123.04489,49.27219],[-123.04489,49.27412],[-123.04489,49.27528],[-123.04489,49.28435],[-123.04488,49.27312],[-123.04488,49.2825],[-123.04488,49.28378],[-123.04488,49.2843],[-123.04488,49.28468],[-123.04487,49.28254],[-123.04486,49.21682],[-123.04486,49.28287],[-123.04486,49.28724],[-123.04485,49.21679],[-123.04485,49.2872],[-123.04484,49.27964],[-123.04483,49.27528],[-123.04483,49.27918],[-123.04481,49.2816],[-123.04481,49.28161],[-123.04481,49.28378],[-123.04481,49.28468],[-123.0448,49.24173],[-123.04479,49.28287],[-123.04478,49.27918],[-123.04477,49.27535],[-123.04474,49.23886],[-123.04474,49.26568],[-123.04471,49.23877],[-123.04469,49.23565],[-123.04467,49.23342],[-123.04467,49.23346],[-123.04467,49.23565],[-123.04467,49.26575],[-123.04466,49.23305],[-123.04465,49.21833],[-123.04465,49.26575],[-123.04464,49.23289],[-123.04463,49.23872],[-123.04463,49.26186],[-123.04462,49.27701],[-123.04461,49.2366],[-123.0446,49.21842],[-123.0446,49.25917],[-123.04459,49.21614],[-123.04458,49.24926],[-123.04458,49.24973],[-123.04457,49.24922],[-123.04457,49.25012],[-123.04456,49.23338],[-123.04456,49.23387],[-123.04456,49.23595],[-123.04456,49.24345],[-123.04456,49.25016],[-123.04456,49.25148],[-123.04456,49.25154],[-123.04456,49.25315],[-123.04456,49.25322],[-123.04455,49.22025],[-123.04455,49.23486],[-123.04455,49.2413],[-123.04455,49.24877],[-123.04455,49.24883],[-123.04455,49.24966],[-123.04455,49.25064],[-123.04455,49.25807],[-123.04454,49.2162],[-123.04454,49.25054],[-123.04454,49.25061],[-123.04454,49.25071],[-123.04454,49.2544],[-123.04454,49.25447],[-123.04454,49.25538],[-123.04454,49.25545],[-123.04454,49.25926],[-123.04453,49.22067],[-123.04453,49.23654],[-123.04453,49.25629],[-123.04453,49.25635],[-123.04452,49.22013],[-123.04452,49.22071],[-123.04452,49.25231],[-123.04452,49.25238],[-123.04452,49.25828],[-123.04451,49.22013],[-123.04451,49.24079],[-123.04451,49.24125],[-123.04451,49.26087],[-123.04451,49.261],[-123.04449,49.23658],[-123.04448,49.21661],[-123.04448,49.2407],[-123.04446,49.22169],[-123.04446,49.23025],[-123.04446,49.23339],[-123.04446,49.23752],[-123.04446,49.24961],[-123.04446,49.25801],[-123.04446,49.28857],[-123.04445,49.22176],[-123.04445,49.24086],[-123.04445,49.25711],[-123.04445,49.25834],[-123.04445,49.25896],[-123.04445,49.25933],[-123.04445,49.25967],[-123.04445,49.26037],[-123.04445,49.26102],[-123.04445,49.26212],[-123.04444,49.21665],[-123.04444,49.2203],[-123.04444,49.23486],[-123.04444,49.23754],[-123.04444,49.26305],[-123.04443,49.23388],[-123.04443,49.2501],[-123.04443,49.25142],[-123.04443,49.25225],[-123.04443,49.2531],[-123.04443,49.25623],[-123.04443,49.27535],[-123.04442,49.23017],[-123.04442,49.23584],[-123.04442,49.23881],[-123.04442,49.25391],[-123.04442,49.25435],[-123.04442,49.25532],[-123.04441,49.22002],[-123.04441,49.22075],[-123.0444,49.21717],[-123.0444,49.23205],[-123.0444,49.26397],[-123.0444,49.26487],[-123.0444,49.26584],[-123.0444,49.27319],[-123.04439,49.23831],[-123.04439,49.27335],[-123.04439,49.27706],[-123.04438,49.23107],[-123.04438,49.23113],[-123.04438,49.24068],[-123.04438,49.26839],[-123.04438,49.26931],[-123.04438,49.28483],[-123.04437,49.22315],[-123.04437,49.22322],[-123.04437,49.23199],[-123.04437,49.24238],[-123.04437,49.26749],[-123.04437,49.27032],[-123.04437,49.27418],[-123.04437,49.27425],[-123.04437,49.28472],[-123.04436,49.22184],[-123.04436,49.23748],[-123.04436,49.23749],[-123.04436,49.27542],[-123.04434,49.22421],[-123.04434,49.23548],[-123.04434,49.23553],[-123.04434,49.23829],[-123.04434,49.28861],[-123.04434,49.28882],[-123.04433,49.22031],[-123.04433,49.24451],[-123.04433,49.27701],[-123.04433,49.27868],[-123.04433,49.27913],[-123.04432,49.22243],[-123.04432,49.22425],[-123.04432,49.27822],[-123.04432,49.27832],[-123.04432,49.28103],[-123.04432,49.28778],[-123.04431,49.22075],[-123.04431,49.22468],[-123.04431,49.24087],[-123.04431,49.27126],[-123.04431,49.27658],[-123.04431,49.27668],[-123.04431,49.27904],[-123.04431,49.28071],[-123.0443,49.21714],[-123.0443,49.2248],[-123.0443,49.2775],[-123.0443,49.27785],[-123.0443,49.28017],[-123.0443,49.28025],[-123.0443,49.28122],[-123.0443,49.28724],[-123.04429,49.27219],[-123.04429,49.27312],[-123.04429,49.27741],[-123.04429,49.28202],[-123.04429,49.28211],[-123.04429,49.28293],[-123.04429,49.28301],[-123.04429,49.28384],[-123.04429,49.28391],[-123.04429,49.28564],[-123.04429,49.28573],[-123.04429,49.2872],[-123.04429,49.28766],[-123.04429,49.2882],[-123.04429,49.28823],[-123.04429,49.29107],[-123.04428,49.22327],[-123.04428,49.23588],[-123.04428,49.24499],[-123.04428,49.28667],[-123.04428,49.28677],[-123.04428,49.28923],[-123.04428,49.28967],[-123.04428,49.28974],[-123.04428,49.29075],[-123.04427,49.28919],[-123.04426,49.2741],[-123.04426,49.29021],[-123.04426,49.29068],[-123.04426,49.29114],[-123.04425,49.21696],[-123.04425,49.22184],[-123.04425,49.24069],[-123.04425,49.27526],[-123.04424,49.22024],[-123.04424,49.2514],[-123.04424,49.25225],[-123.04424,49.25323],[-123.04424,49.25429],[-123.04424,49.29021],[-123.04423,49.23597],[-123.04423,49.24083],[-123.04423,49.24232],[-123.04423,49.25531],[-123.04422,49.22243],[-123.04422,49.27652],[-123.04422,49.27673],[-123.04421,49.22067],[-123.04421,49.24496],[-123.04421,49.25622],[-123.04421,49.27756],[-123.04421,49.27837],[-123.04421,49.27919],[-123.0442,49.22071],[-123.0442,49.22463],[-123.0442,49.28032],[-123.0442,49.28138],[-123.0442,49.28287],[-123.0442,49.28377],[-123.0442,49.28465],[-123.0442,49.28558],[-123.0442,49.28662],[-123.0442,49.28761],[-123.0442,49.28856],[-123.04419,49.25052],[-123.04418,49.21701],[-123.04418,49.23601],[-123.04418,49.29129],[-123.04417,49.22328],[-123.04417,49.24074],[-123.04416,49.24026],[-123.04416,49.24543],[-123.04416,49.24544],[-123.04416,49.28954],[-123.04415,49.2571],[-123.04415,49.26397],[-123.04415,49.26487],[-123.04415,49.26581],[-123.04415,49.29058],[-123.04415,49.29098],[-123.04414,49.2217],[-123.04414,49.23861],[-123.04414,49.24463],[-123.04414,49.24502],[-123.04414,49.25538],[-123.04413,49.22177],[-123.04413,49.258],[-123.04413,49.26304],[-123.04412,49.24024],[-123.04412,49.25436],[-123.04412,49.25897],[-123.04412,49.25933],[-123.04412,49.25967],[-123.04412,49.26036],[-123.04412,49.26102],[-123.04412,49.26209],[-123.04412,49.26749],[-123.04411,49.25832],[-123.0441,49.22462],[-123.0441,49.25443],[-123.04408,49.25628],[-123.04408,49.25634],[-123.04408,49.26841],[-123.04407,49.23714],[-123.04407,49.25544],[-123.04407,49.26568],[-123.04406,49.26473],[-123.04406,49.2648],[-123.04406,49.26575],[-123.04406,49.26931],[-123.04406,49.27126],[-123.04405,49.20654],[-123.04405,49.26299],[-123.04405,49.26382],[-123.04405,49.26389],[-123.04405,49.27032],[-123.04404,49.20647],[-123.04404,49.26292],[-123.04404,49.27219],[-123.04403,49.27311],[-123.04402,49.23711],[-123.04402,49.26664],[-123.04402,49.2667],[-123.04402,49.26755],[-123.04402,49.26762],[-123.04402,49.27367],[-123.04401,49.23619],[-123.04401,49.25068],[-123.04401,49.27443],[-123.04401,49.29136],[-123.04399,49.26994],[-123.04399,49.26998],[-123.04399,49.27528],[-123.04398,49.24583],[-123.04398,49.26845],[-123.04398,49.26947],[-123.04397,49.22926],[-123.04397,49.23342],[-123.04397,49.23346],[-123.04397,49.25022],[-123.04397,49.25068],[-123.04397,49.26854],[-123.04397,49.26938],[-123.04397,49.27631],[-123.04397,49.27652],[-123.04397,49.28956],[-123.04397,49.29058],[-123.04396,49.23863],[-123.04396,49.26949],[-123.04396,49.2696],[-123.04396,49.27086],[-123.04396,49.27225],[-123.04396,49.27232],[-123.04396,49.27756],[-123.04396,49.27838],[-123.04395,49.27091],[-123.04395,49.27132],[-123.04395,49.27139],[-123.04395,49.2718],[-123.04395,49.27184],[-123.04395,49.27917],[-123.04395,49.27972],[-123.04395,49.28031],[-123.04395,49.28128],[-123.04395,49.28281],[-123.04395,49.28284],[-123.04395,49.29126],[-123.04394,49.27321],[-123.04394,49.28376],[-123.04394,49.28467],[-123.04394,49.28559],[-123.04394,49.28658],[-123.04394,49.28756],[-123.04394,49.28855],[-123.04393,49.27039],[-123.04393,49.27046],[-123.04393,49.27273],[-123.04393,49.27277],[-123.04393,49.27331],[-123.04392,49.27375],[-123.04391,49.27371],[-123.0439,49.25045],[-123.04388,49.20682],[-123.04388,49.24631],[-123.04387,49.20675],[-123.04387,49.25055],[-123.04386,49.21695],[-123.04386,49.24616],[-123.04384,49.28155],[-123.04381,49.24615],[-123.0438,49.21692],[-123.04376,49.23349],[-123.04375,49.23861],[-123.04373,49.23649],[-123.04369,49.20806],[-123.04369,49.20808],[-123.04369,49.23881],[-123.04368,49.23843],[-123.04366,49.22934],[-123.04366,49.23245],[-123.04366,49.23289],[-123.04366,49.23305],[-123.04365,49.2815],[-123.04364,49.20787],[-123.04364,49.2908],[-123.04362,49.2325],[-123.04362,49.27125],[-123.04362,49.27217],[-123.04362,49.2886],[-123.04361,49.27217],[-123.04361,49.28126],[-123.0436,49.23848],[-123.0436,49.23878],[-123.0436,49.25531],[-123.04358,49.25621],[-123.04357,49.27125],[-123.04357,49.28214],[-123.04356,49.26207],[-123.04355,49.22187],[-123.04355,49.23874],[-123.04355,49.26251],[-123.04355,49.26305],[-123.04355,49.26395],[-123.04355,49.26583],[-123.04355,49.27218],[-123.04354,49.22925],[-123.04354,49.25531],[-123.04354,49.26487],[-123.04354,49.26557],[-123.04354,49.26657],[-123.04354,49.26676],[-123.04353,49.22315],[-123.04353,49.22322],[-123.04353,49.29083],[-123.04352,49.25621],[-123.04352,49.26747],[-123.04352,49.28176],[-123.04351,49.24171],[-123.04351,49.27132],[-123.04351,49.27139],[-123.04351,49.29082],[-123.04349,49.22187],[-123.04349,49.26207],[-123.04349,49.26256],[-123.04349,49.26305],[-123.04349,49.26486],[-123.04349,49.26583],[-123.04348,49.22328],[-123.04348,49.26395],[-123.04348,49.26557],[-123.04348,49.26657],[-123.04348,49.26838],[-123.04348,49.28159],[-123.04348,49.28224],[-123.04347,49.243],[-123.04347,49.26181],[-123.04347,49.2638],[-123.04347,49.26676],[-123.04347,49.2671],[-123.04347,49.27534],[-123.04346,49.25806],[-123.04346,49.26716],[-123.04346,49.26748],[-123.04346,49.26931],[-123.04345,49.26342],[-123.04345,49.26393],[-123.04345,49.26481],[-123.04345,49.29069],[-123.04344,49.22419],[-123.04344,49.24307],[-123.04344,49.28281],[-123.04343,49.25628],[-123.04343,49.25634],[-123.04343,49.26472],[-123.04343,49.26567],[-123.04343,49.26574],[-123.04342,49.23833],[-123.04342,49.24168],[-123.04342,49.27467],[-123.04342,49.27528],[-123.04341,49.22329],[-123.04341,49.22425],[-123.04341,49.24338],[-123.04341,49.26338],[-123.0434,49.27755],[-123.0434,49.28243],[-123.04339,49.23016],[-123.04339,49.24415],[-123.04338,49.27649],[-123.04337,49.24412],[-123.04337,49.28279],[-123.04336,49.22419],[-123.04336,49.2405],[-123.04336,49.27467],[-123.04335,49.25827],[-123.04335,49.27528],[-123.04334,49.24781],[-123.04334,49.27694],[-123.04334,49.27755],[-123.04333,49.22177],[-123.04333,49.24414],[-123.04333,49.2779],[-123.04332,49.23023],[-123.04331,49.24326],[-123.04331,49.27673],[-123.0433,49.23016],[-123.04329,49.21569],[-123.04329,49.23106],[-123.04329,49.23206],[-123.04329,49.27587],[-123.04328,49.23199],[-123.04327,49.23062],[-123.04327,49.23112],[-123.04327,49.23345],[-123.04327,49.24047],[-123.04326,49.23067],[-123.04326,49.23155],[-123.04326,49.28127],[-123.04325,49.23159],[-123.04325,49.24037],[-123.04325,49.25007],[-123.04325,49.25015],[-123.04325,49.27697],[-123.04324,49.21575],[-123.04324,49.28165],[-123.04322,49.28882],[-123.04321,49.22914],[-123.04321,49.22944],[-123.04321,49.27691],[-123.0432,49.2303],[-123.0432,49.23122],[-123.0432,49.23163],[-123.04319,49.2328],[-123.04319,49.23314],[-123.04318,49.23349],[-123.04317,49.235],[-123.04317,49.25002],[-123.04316,49.23543],[-123.04315,49.2896],[-123.04312,49.23939],[-123.04309,49.25931],[-123.04308,49.22938],[-123.04308,49.2886],[-123.04307,49.28144],[-123.04306,49.2592],[-123.04305,49.23531],[-123.04304,49.23537],[-123.04304,49.23934],[-123.04303,49.22914],[-123.04303,49.22918],[-123.04303,49.29023],[-123.04302,49.21654],[-123.04302,49.22982],[-123.04302,49.22983],[-123.04302,49.2303],[-123.04301,49.23122],[-123.04301,49.29019],[-123.043,49.23279],[-123.043,49.23312],[-123.043,49.23377],[-123.04299,49.21661],[-123.04299,49.25442],[-123.04298,49.25435],[-123.04297,49.25544],[-123.04295,49.22974],[-123.04294,49.20677],[-123.04294,49.22924],[-123.04294,49.22933],[-123.04294,49.24973],[-123.04294,49.26201],[-123.04293,49.2297],[-123.04293,49.23757],[-123.04293,49.25537],[-123.04293,49.28762],[-123.04292,49.23758],[-123.04292,49.24356],[-123.0429,49.20684],[-123.0429,49.2437],[-123.0429,49.28812],[-123.0429,49.28841],[-123.04289,49.23289],[-123.04289,49.23305],[-123.04289,49.23829],[-123.04288,49.21776],[-123.04288,49.2178],[-123.04288,49.22031],[-123.04287,49.21815],[-123.04287,49.23523],[-123.04287,49.27533],[-123.04286,49.22074],[-123.04286,49.24362],[-123.04285,49.24028],[-123.04285,49.24035],[-123.04285,49.27179],[-123.04285,49.2718],[-123.04285,49.27543],[-123.04284,49.22315],[-123.04284,49.22322],[-123.04284,49.23753],[-123.04284,49.2497],[-123.04283,49.27184],[-123.04281,49.22364],[-123.04281,49.28755],[-123.0428,49.21768],[-123.0428,49.22185],[-123.0428,49.22359],[-123.0428,49.2248],[-123.0428,49.27528],[-123.04279,49.23824],[-123.04279,49.27232],[-123.04279,49.28104],[-123.04279,49.28122],[-123.04278,49.23815],[-123.04277,49.21741],[-123.04277,49.2203],[-123.04277,49.22249],[-123.04276,49.22421],[-123.04276,49.22425],[-123.04276,49.23112],[-123.04276,49.27831],[-123.04275,49.22074],[-123.04275,49.22468],[-123.04275,49.23105],[-123.04275,49.23526],[-123.04275,49.2354],[-123.04274,49.27822],[-123.04274,49.28981],[-123.04273,49.24975],[-123.04273,49.25924],[-123.04272,49.22327],[-123.04272,49.23532],[-123.04271,49.22013],[-123.04271,49.23753],[-123.0427,49.21768],[-123.04269,49.21748],[-123.04269,49.22185],[-123.04269,49.22821],[-123.04269,49.24987],[-123.04268,49.22024],[-123.04268,49.2282],[-123.04268,49.23757],[-123.04266,49.22462],[-123.04265,49.22066],[-123.04265,49.22071],[-123.04265,49.2225],[-123.04265,49.27528],[-123.04265,49.2886],[-123.04265,49.28882],[-123.04264,49.23579],[-123.04261,49.22327],[-123.04261,49.26182],[-123.0426,49.22177],[-123.04257,49.22168],[-123.04257,49.23553],[-123.04256,49.20657],[-123.04256,49.24144],[-123.04256,49.25938],[-123.04254,49.22839],[-123.04254,49.28125],[-123.04253,49.22463],[-123.04252,49.23556],[-123.04252,49.24147],[-123.04251,49.28027],[-123.0425,49.2082],[-123.04249,49.20682],[-123.04249,49.25929],[-123.04249,49.27904],[-123.04248,49.22834],[-123.04248,49.24449],[-123.04248,49.27912],[-123.04247,49.20677],[-123.04247,49.22982],[-123.04246,49.2065],[-123.04246,49.23119],[-123.04245,49.20657],[-123.04245,49.23098],[-123.04245,49.23572],[-123.04244,49.23312],[-123.04244,49.24438],[-123.04243,49.22907],[-123.04242,49.22322],[-123.04241,49.22315],[-123.04241,49.2297],[-123.04241,49.24011],[-123.0424,49.22978],[-123.04239,49.20677],[-123.04239,49.22992],[-123.04239,49.23095],[-123.04239,49.2898],[-123.04238,49.20594],[-123.04238,49.23119],[-123.04238,49.28163],[-123.04237,49.23312],[-123.04237,49.28967],[-123.04237,49.28974],[-123.04236,49.22907],[-123.04235,49.20638],[-123.04234,49.20828],[-123.04234,49.20829],[-123.04234,49.21829],[-123.04234,49.2183],[-123.04233,49.20618],[-123.04233,49.24007],[-123.04232,49.2067],[-123.04232,49.20697],[-123.04232,49.24461],[-123.04231,49.22924],[-123.0423,49.20696],[-123.0423,49.20725],[-123.0423,49.20894],[-123.0423,49.20895],[-123.0423,49.23788],[-123.0423,49.24087],[-123.04229,49.20766],[-123.04229,49.20865],[-123.04227,49.2282],[-123.04227,49.23893],[-123.04227,49.24165],[-123.04226,49.21814],[-123.04225,49.21823],[-123.04225,49.23583],[-123.04225,49.24438],[-123.04225,49.25942],[-123.04224,49.20639],[-123.04224,49.23732],[-123.04223,49.20594],[-123.04222,49.20617],[-123.04221,49.2067],[-123.04221,49.20719],[-123.04221,49.21564],[-123.04221,49.23884],[-123.0422,49.20739],[-123.0422,49.20766],[-123.0422,49.27592],[-123.04219,49.20698],[-123.04219,49.20702],[-123.04218,49.24159],[-123.04217,49.22816],[-123.04217,49.2759],[-123.04216,49.20606],[-123.04216,49.20614],[-123.04216,49.20829],[-123.04216,49.20849],[-123.04216,49.20851],[-123.04216,49.21661],[-123.04215,49.22803],[-123.04215,49.2373],[-123.04214,49.21564],[-123.04212,49.20893],[-123.04212,49.20894],[-123.04212,49.20972],[-123.04211,49.20973],[-123.0421,49.21661],[-123.04208,49.20812],[-123.04208,49.27865],[-123.04208,49.27869],[-123.04207,49.22073],[-123.04207,49.27528],[-123.04206,49.20802],[-123.04206,49.27788],[-123.04205,49.20824],[-123.04205,49.27784],[-123.04202,49.24786],[-123.04202,49.24793],[-123.04202,49.27528],[-123.042,49.22073],[-123.04199,49.20605],[-123.04199,49.22182],[-123.04198,49.20613],[-123.04198,49.23602],[-123.04197,49.22187],[-123.04197,49.24501],[-123.04196,49.21034],[-123.04195,49.21035],[-123.04194,49.20971],[-123.04194,49.20973],[-123.04194,49.23791],[-123.04191,49.22419],[-123.04191,49.24921],[-123.04189,49.22467],[-123.04187,49.22467],[-123.04187,49.22482],[-123.04186,49.24748],[-123.04186,49.25767],[-123.04185,49.22482],[-123.04185,49.23777],[-123.04185,49.23787],[-123.04185,49.24538],[-123.04185,49.25763],[-123.04184,49.2432],[-123.04183,49.24233],[-123.04182,49.21114],[-123.04182,49.21116],[-123.04182,49.24545],[-123.04182,49.24668],[-123.04181,49.24581],[-123.04181,49.24621],[-123.04181,49.24628],[-123.04181,49.24711],[-123.04181,49.24752],[-123.0418,49.24585],[-123.0418,49.24664],[-123.0418,49.24703],[-123.04179,49.22418],[-123.04179,49.22425],[-123.04179,49.22946],[-123.04179,49.22976],[-123.04179,49.26342],[-123.04178,49.21033],[-123.04178,49.21035],[-123.04178,49.21186],[-123.04178,49.21188],[-123.04178,49.23118],[-123.04178,49.24237],[-123.04178,49.25824],[-123.04177,49.23208],[-123.04177,49.23403],[-123.04177,49.23925],[-123.04176,49.23311],[-123.04176,49.23478],[-123.04174,49.21264],[-123.04174,49.28922],[-123.04172,49.20685],[-123.04172,49.21314],[-123.04172,49.24615],[-123.04172,49.26337],[-123.04172,49.26388],[-123.04172,49.26432],[-123.04171,49.24661],[-123.04171,49.24698],[-123.04171,49.2478],[-123.04171,49.24866],[-123.04171,49.262],[-123.04171,49.26247],[-123.04171,49.26298],[-123.04171,49.26382],[-123.0417,49.23965],[-123.0417,49.24396],[-123.0417,49.25805],[-123.0417,49.26251],[-123.0417,49.26291],[-123.0417,49.26428],[-123.0417,49.2893],[-123.04169,49.22946],[-123.04169,49.26472],[-123.04169,49.26479],[-123.04169,49.26574],[-123.04169,49.27904],[-123.04169,49.28105],[-123.04169,49.28122],[-123.04169,49.28882],[-123.04169,49.28919],[-123.04168,49.21392],[-123.04168,49.22976],[-123.04168,49.24363],[-123.04168,49.26567],[-123.04168,49.2667],[-123.04168,49.28026],[-123.04167,49.23118],[-123.04167,49.23207],[-123.04167,49.24968],[-123.04167,49.25046],[-123.04167,49.25139],[-123.04167,49.25306],[-123.04167,49.2539],[-123.04167,49.26663],[-123.04167,49.26853],[-123.04167,49.27822],[-123.04167,49.27831],[-123.04167,49.27865],[-123.04167,49.27912],[-123.04167,49.28016],[-123.04167,49.2886],[-123.04166,49.23311],[-123.04166,49.23402],[-123.04166,49.23474],[-123.04166,49.24305],[-123.04166,49.25223],[-123.04166,49.25428],[-123.04166,49.26755],[-123.04166,49.26761],[-123.04166,49.26802],[-123.04166,49.26806],[-123.04165,49.21213],[-123.04165,49.26846],[-123.04165,49.26898],[-123.04165,49.26952],[-123.04165,49.27783],[-123.04165,49.28939],[-123.04164,49.21467],[-123.04164,49.21775],[-123.04164,49.21777],[-123.04164,49.23573],[-123.04164,49.2553],[-123.04164,49.26893],[-123.04164,49.26937],[-123.04164,49.26945],[-123.04164,49.27788],[-123.04164,49.2787],[-123.04164,49.27966],[-123.04163,49.21115],[-123.04163,49.21116],[-123.04163,49.25624],[-123.04163,49.25796],[-123.04163,49.2696],[-123.04162,49.2571],[-123.04162,49.26206],[-123.04162,49.26993],[-123.04162,49.27087],[-123.04162,49.27749],[-123.04162,49.27959],[-123.04161,49.21185],[-123.04161,49.26252],[-123.04161,49.26304],[-123.04161,49.26394],[-123.04161,49.26485],[-123.04161,49.26997],[-123.04161,49.27039],[-123.04161,49.27045],[-123.04161,49.2709],[-123.04161,49.28765],[-123.0416,49.20678],[-123.0416,49.21562],[-123.0416,49.23971],[-123.0416,49.2431],[-123.0416,49.26587],[-123.04159,49.21588],[-123.04159,49.26657],[-123.04159,49.2733],[-123.04158,49.22973],[-123.04158,49.24532],[-123.04158,49.26183],[-123.04158,49.27225],[-123.04158,49.27232],[-123.04157,49.22969],[-123.04157,49.23289],[-123.04157,49.23305],[-123.04157,49.26746],[-123.04157,49.27321],[-123.04156,49.22933],[-123.04156,49.25948],[-123.04156,49.2684],[-123.04156,49.27371],[-123.04156,49.27375],[-123.04155,49.21262],[-123.04155,49.21661],[-123.04155,49.23105],[-123.04155,49.24102],[-123.04155,49.24615],[-123.04155,49.24661],[-123.04154,49.21213],[-123.04154,49.22883],[-123.04154,49.23112],[-123.04154,49.24698],[-123.04154,49.24779],[-123.04154,49.25045],[-123.04154,49.25469],[-123.04154,49.27588],[-123.04154,49.27591],[-123.04153,49.21191],[-123.04153,49.21313],[-123.04153,49.23478],[-123.04153,49.2446],[-123.04153,49.24868],[-123.04153,49.25102],[-123.04153,49.2514],[-123.04153,49.25539],[-123.04153,49.2693],[-123.04153,49.26964],[-123.04153,49.27001],[-123.04153,49.27533],[-123.04153,49.27543],[-123.04153,49.27897],[-123.04153,49.27923],[-123.04153,49.2797],[-123.04152,49.21732],[-123.04152,49.25186],[-123.04152,49.25223],[-123.04152,49.25308],[-123.04152,49.25391],[-123.04152,49.25624],[-123.04152,49.27052],[-123.04152,49.27646],[-123.04152,49.27691],[-123.04152,49.27741],[-123.04152,49.27755],[-123.04151,49.21207],[-123.04151,49.25709],[-123.04151,49.26205],[-123.04151,49.26252],[-123.04151,49.26304],[-123.04151,49.27125],[-123.04151,49.27695],[-123.04151,49.27816],[-123.0415,49.23974],[-123.0415,49.258],[-123.0415,49.26345],[-123.0415,49.26394],[-123.0415,49.26437],[-123.0415,49.27637],[-123.0415,49.29095],[-123.04149,49.21392],[-123.04149,49.22013],[-123.04149,49.24347],[-123.04149,49.25856],[-123.04149,49.26486],[-123.04149,49.27219],[-123.04148,49.24665],[-123.04148,49.26587],[-123.04148,49.26657],[-123.04148,49.27312],[-123.04147,49.21195],[-123.04147,49.21828],[-123.04147,49.22024],[-123.04147,49.2462],[-123.04147,49.24628],[-123.04146,49.21466],[-123.04146,49.24098],[-123.04146,49.24964],[-123.04146,49.2497],[-123.04146,49.26746],[-123.04145,49.2471],[-123.04145,49.24746],[-123.04145,49.25153],[-123.04145,49.2523],[-123.04145,49.25237],[-123.04145,49.25313],[-123.04145,49.2532],[-123.04145,49.26839],[-123.04145,49.27527],[-123.04144,49.24749],[-123.04144,49.25055],[-123.04144,49.25067],[-123.04144,49.25105],[-123.04144,49.25109],[-123.04144,49.25146],[-123.04144,49.25189],[-123.04144,49.25273],[-123.04144,49.25277],[-123.04144,49.25357],[-123.04144,49.25361],[-123.04144,49.25397],[-123.04144,49.25404],[-123.04144,49.2763],[-123.04143,49.21927],[-123.04143,49.25193],[-123.04143,49.2693],[-123.04143,49.26964],[-123.04143,49.27584],[-123.04143,49.27734],[-123.04142,49.22169],[-123.04142,49.22176],[-123.04142,49.22883],[-123.04142,49.27004],[-123.04142,49.27688],[-123.04141,49.213],[-123.04141,49.21307],[-123.04141,49.2445],[-123.04141,49.2446],[-123.04141,49.25824],[-123.04141,49.26247],[-123.04141,49.26251],[-123.04141,49.27051],[-123.04141,49.27631],[-123.04141,49.27755],[-123.0414,49.21579],[-123.0414,49.24342],[-123.0414,49.27126],[-123.0414,49.27816],[-123.04139,49.27219],[-123.04138,49.21377],[-123.04138,49.22029],[-123.04138,49.23969],[-123.04138,49.24428],[-123.04138,49.24703],[-123.04138,49.27312],[-123.04138,49.27897],[-123.04138,49.27953],[-123.04138,49.2797],[-123.04137,49.21385],[-123.04137,49.21658],[-123.04137,49.24501],[-123.04136,49.22073],[-123.04136,49.24498],[-123.04136,49.24703],[-123.04135,49.25805],[-123.04134,49.25683],[-123.04134,49.27527],[-123.04133,49.21733],[-123.04132,49.24426],[-123.04132,49.29039],[-123.04131,49.25824],[-123.04131,49.27631],[-123.0413,49.21546],[-123.0413,49.21557],[-123.0413,49.22184],[-123.0413,49.27629],[-123.04129,49.21823],[-123.04129,49.21826],[-123.04129,49.24341],[-123.04129,49.27731],[-123.04128,49.28918],[-123.04127,49.22237],[-123.04127,49.22358],[-123.04127,49.22363],[-123.04125,49.21909],[-123.04125,49.24344],[-123.04124,49.20597],[-123.04124,49.21927],[-123.04124,49.23481],[-123.04124,49.27822],[-123.04124,49.27831],[-123.04123,49.25679],[-123.04123,49.27647],[-123.04123,49.27749],[-123.04122,49.22327],[-123.04122,49.23787],[-123.04121,49.27637],[-123.04121,49.28943],[-123.0412,49.20605],[-123.0412,49.22395],[-123.0412,49.24584],[-123.0412,49.28911],[-123.04119,49.2203],[-123.04118,49.23481],[-123.04118,49.23783],[-123.04118,49.25762],[-123.04118,49.25766],[-123.04118,49.2774],[-123.04117,49.22459],[-123.04117,49.23472],[-123.04114,49.22127],[-123.04114,49.22702],[-123.04114,49.28876],[-123.04114,49.29086],[-123.04111,49.22012],[-123.04111,49.24874],[-123.0411,49.2373],[-123.04109,49.22216],[-123.04108,49.23701],[-123.04107,49.24545],[-123.04106,49.23453],[-123.04106,49.23707],[-123.04106,49.24538],[-123.04105,49.20673],[-123.04105,49.22981],[-123.04105,49.23357],[-123.04104,49.22309],[-123.04104,49.23118],[-123.04101,49.22202],[-123.04101,49.24868],[-123.041,49.22209],[-123.041,49.25046],[-123.04099,49.22112],[-123.04099,49.22119],[-123.04099,49.22377],[-123.04099,49.23452],[-123.04099,49.24956],[-123.04099,49.27903],[-123.04098,49.22023],[-123.04098,49.22395],[-123.04098,49.2298],[-123.04098,49.24868],[-123.04096,49.20833],[-123.04096,49.23118],[-123.04096,49.25046],[-123.04095,49.22764],[-123.04094,49.22459],[-123.04093,49.23455],[-123.04093,49.25009],[-123.04092,49.28028],[-123.04091,49.2139],[-123.04091,49.29013],[-123.0409,49.22837],[-123.04089,49.22687],[-123.04089,49.2492],[-123.04087,49.22623],[-123.04087,49.22894],[-123.04087,49.26199],[-123.04086,49.22426],[-123.04086,49.28891],[-123.04085,49.2243],[-123.04085,49.29017],[-123.04084,49.2139],[-123.04084,49.22763],[-123.04083,49.21384],[-123.04083,49.24271],[-123.04083,49.27785],[-123.04082,49.22546],[-123.04082,49.22553],[-123.0408,49.22837],[-123.04079,49.21714],[-123.04079,49.21723],[-123.04079,49.27528],[-123.04078,49.20752],[-123.04078,49.22291],[-123.04078,49.22298],[-123.04078,49.24284],[-123.04078,49.28875],[-123.04077,49.21714],[-123.04077,49.21723],[-123.04077,49.22893],[-123.04076,49.20589],[-123.04076,49.22695],[-123.04075,49.22701],[-123.04075,49.22769],[-123.04075,49.27694],[-123.04075,49.28879],[-123.04075,49.28917],[-123.04074,49.20598],[-123.04074,49.22776],[-123.04074,49.28917],[-123.04074,49.29062],[-123.04073,49.27601],[-123.04073,49.27631],[-123.04073,49.27903],[-123.04073,49.28902],[-123.04072,49.23927],[-123.04072,49.24428],[-123.04072,49.27528],[-123.04072,49.28924],[-123.04072,49.29024],[-123.04071,49.28866],[-123.04071,49.29023],[-123.0407,49.22029],[-123.0407,49.22841],[-123.0407,49.23918],[-123.0407,49.27586],[-123.0407,49.27603],[-123.0407,49.27822],[-123.0407,49.27831],[-123.0407,49.28924],[-123.04069,49.22482],[-123.04069,49.2285],[-123.04069,49.24057],[-123.04069,49.27632],[-123.04068,49.22467],[-123.04068,49.22937],[-123.04068,49.24281],[-123.04067,49.23932],[-123.04067,49.28014],[-123.04067,49.28868],[-123.04066,49.22511],[-123.04066,49.27691],[-123.04066,49.27695],[-123.04065,49.22515],[-123.04064,49.24272],[-123.04063,49.22029],[-123.04063,49.24423],[-123.04062,49.26618],[-123.04061,49.23914],[-123.0406,49.28874],[-123.04057,49.20674],[-123.04057,49.20753],[-123.04057,49.22023],[-123.04057,49.24053],[-123.04057,49.2418],[-123.04056,49.20668],[-123.04056,49.22069],[-123.04055,49.20758],[-123.04054,49.22216],[-123.04054,49.22338],[-123.04054,49.22342],[-123.04054,49.22888],[-123.04054,49.22924],[-123.04054,49.23569],[-123.04054,49.27587],[-123.04054,49.27592],[-123.04053,49.23936],[-123.04052,49.22112],[-123.04052,49.2213],[-123.04052,49.24184],[-123.0405,49.22162],[-123.0405,49.23588],[-123.04049,49.24426],[-123.04048,49.22216],[-123.04048,49.24439],[-123.04048,49.27223],[-123.04048,49.27903],[-123.04048,49.28025],[-123.04047,49.24316],[-123.04047,49.27232],[-123.04047,49.28025],[-123.04046,49.28016],[-123.04045,49.24664],[-123.04044,49.22119],[-123.04044,49.23799],[-123.04044,49.23932],[-123.04043,49.24668],[-123.04042,49.24449],[-123.04042,49.24459],[-123.04042,49.24747],[-123.04042,49.24751],[-123.04041,49.27225],[-123.04039,49.26845],[-123.04039,49.26852],[-123.04038,49.22291],[-123.04037,49.22939],[-123.04036,49.22975],[-123.04036,49.2462],[-123.04036,49.24627],[-123.04036,49.26181],[-123.04035,49.27138],[-123.04034,49.27132],[-123.04034,49.289],[-123.04033,49.23044],[-123.04033,49.26562],[-123.04032,49.2379],[-123.04032,49.24303],[-123.04032,49.24318],[-123.04032,49.26388],[-123.04031,49.26341],[-123.04031,49.26578],[-123.04031,49.2733],[-123.0403,49.25397],[-123.0403,49.25404],[-123.0403,49.25965],[-123.0403,49.26337],[-123.0403,49.26381],[-123.0403,49.26427],[-123.0403,49.2737],[-123.04029,49.23202],[-123.04029,49.25229],[-123.04029,49.25236],[-123.04029,49.27375],[-123.04028,49.22461],[-123.04028,49.23118],[-123.04028,49.23311],[-123.04028,49.23366],[-123.04028,49.24881],[-123.04028,49.25718],[-123.04028,49.26663],[-123.04028,49.26669],[-123.04028,49.26937],[-123.04028,49.27321],[-123.04028,49.27533],[-123.04028,49.28906],[-123.04027,49.20828],[-123.04027,49.25725],[-123.04027,49.25959],[-123.04027,49.26945],[-123.04027,49.26952],[-123.04027,49.26959],[-123.04026,49.21388],[-123.04026,49.25718],[-123.04026,49.26754],[-123.04026,49.26761],[-123.04025,49.22686],[-123.04025,49.22938],[-123.04025,49.24309],[-123.04025,49.25725],[-123.04025,49.25994],[-123.04025,49.26432],[-123.04025,49.28912],[-123.04024,49.24537],[-123.04024,49.2648],[-123.04023,49.25971],[-123.04023,49.26039],[-123.04023,49.26095],[-123.04023,49.26115],[-123.04023,49.26471],[-123.04023,49.27038],[-123.04023,49.27045],[-123.04022,49.22461],[-123.04022,49.22982],[-123.04022,49.23045],[-123.04022,49.24544],[-123.04021,49.27543],[-123.0402,49.2744],[-123.0402,49.27528],[-123.0402,49.27787],[-123.04019,49.22686],[-123.04018,49.20663],[-123.04018,49.23311],[-123.04018,49.23367],[-123.04017,49.22466],[-123.04017,49.23126],[-123.04017,49.23201],[-123.04017,49.25441],[-123.04016,49.21389],[-123.04016,49.22427],[-123.04016,49.25436],[-123.04016,49.25474],[-123.04016,49.28122],[-123.04015,49.2067],[-123.04015,49.22933],[-123.04013,49.22974],[-123.04013,49.22979],[-123.04011,49.28105],[-123.0401,49.22381],[-123.0401,49.22388],[-123.0401,49.25762],[-123.0401,49.2889],[-123.04009,49.25766],[-123.04009,49.26039],[-123.04009,49.26094],[-123.04009,49.26112],[-123.04008,49.25974],[-123.04008,49.2744],[-123.04008,49.28869],[-123.04007,49.25481],[-123.04007,49.25516],[-123.04006,49.25995],[-123.04005,49.20661],[-123.04005,49.23119],[-123.04005,49.2329],[-123.04005,49.27528],[-123.04004,49.23113],[-123.04004,49.23302],[-123.04004,49.23426],[-123.04004,49.28105],[-123.04003,49.2342],[-123.04003,49.23491],[-123.04003,49.25805],[-123.04003,49.25824],[-123.04003,49.27832],[-123.04003,49.28122],[-123.04002,49.23463],[-123.04002,49.26199],[-123.04001,49.22432],[-123.04001,49.23458],[-123.04001,49.27896],[-123.03999,49.27822],[-123.03998,49.25055],[-123.03998,49.25067],[-123.03998,49.2552],[-123.03998,49.27903],[-123.03998,49.27917],[-123.03996,49.23741],[-123.03996,49.25678],[-123.03996,49.25682],[-123.03995,49.28962],[-123.03994,49.2059],[-123.03994,49.28962],[-123.03993,49.20599],[-123.03991,49.20739],[-123.0399,49.23494],[-123.0399,49.27907],[-123.0399,49.2791],[-123.0399,49.28896],[-123.0399,49.28968],[-123.03989,49.28967],[-123.03988,49.23504],[-123.03987,49.22934],[-123.03986,49.25971],[-123.03984,49.25643],[-123.03984,49.25964],[-123.03982,49.25636],[-123.03982,49.25643],[-123.03981,49.25636],[-123.0398,49.20657],[-123.0398,49.27894],[-123.03979,49.24012],[-123.03979,49.25562],[-123.03979,49.27885],[-123.03978,49.20657],[-123.03978,49.23691],[-123.03978,49.27917],[-123.03977,49.25009],[-123.03977,49.25013],[-123.03977,49.25555],[-123.03977,49.25562],[-123.03976,49.2439],[-123.03976,49.24831],[-123.03976,49.24835],[-123.03976,49.2492],[-123.03976,49.28876],[-123.03975,49.24924],[-123.03974,49.2355],[-123.03974,49.23939],[-123.03972,49.24868],[-123.03971,49.23632],[-123.03971,49.24956],[-123.0397,49.2401],[-123.0397,49.25046],[-123.03969,49.20792],[-123.03969,49.22029],[-123.03969,49.227],[-123.03969,49.23885],[-123.03969,49.24747],[-123.03969,49.24751],[-123.03968,49.22695],[-123.03967,49.24386],[-123.03967,49.25967],[-123.03967,49.27865],[-123.03967,49.27897],[-123.03966,49.24868],[-123.03966,49.28865],[-123.03965,49.20734],[-123.03965,49.25046],[-123.03964,49.23622],[-123.03964,49.23892],[-123.03964,49.24957],[-123.03962,49.22029],[-123.03962,49.2379],[-123.03962,49.23951],[-123.03962,49.26291],[-123.03962,49.26297],[-123.03959,49.27631],[-123.03958,49.2355],[-123.03957,49.22022],[-123.03957,49.2417],[-123.03956,49.22978],[-123.03956,49.23788],[-123.03956,49.25602],[-123.03955,49.20811],[-123.03955,49.2417],[-123.03955,49.24405],[-123.03955,49.25597],[-123.03955,49.27442],[-123.03955,49.27903],[-123.03954,49.20584],[-123.03954,49.24388],[-123.03954,49.27528],[-123.03954,49.28888],[-123.03953,49.23121],[-123.03953,49.27631],[-123.03952,49.2331],[-123.03952,49.28888],[-123.03951,49.22111],[-123.03951,49.22775],[-123.03951,49.27631],[-123.0395,49.20738],[-123.0395,49.22768],[-123.0395,49.23894],[-123.0395,49.28874],[-123.03949,49.20593],[-123.03949,49.28898],[-123.03948,49.24394],[-123.03948,49.24402],[-123.03947,49.23121],[-123.03947,49.27528],[-123.03946,49.22842],[-123.03946,49.28862],[-123.03945,49.20652],[-123.03945,49.23311],[-123.03945,49.28897],[-123.03944,49.22577],[-123.03944,49.22849],[-123.03944,49.23925],[-123.03943,49.20658],[-123.03942,49.28883],[-123.03941,49.23929],[-123.0394,49.20726],[-123.0394,49.22011],[-123.03938,49.22575],[-123.03938,49.2887],[-123.03936,49.23888],[-123.0393,49.24868],[-123.03928,49.24365],[-123.03927,49.24709],[-123.03927,49.24874],[-123.03927,49.2497],[-123.03927,49.25054],[-123.03926,49.24702],[-123.03926,49.24964],[-123.03925,49.24792],[-123.03924,49.24784],[-123.03924,49.24881],[-123.03923,49.20737],[-123.03923,49.25105],[-123.03922,49.25066],[-123.03922,49.25193],[-123.03921,49.24363],[-123.03921,49.25109],[-123.03921,49.25152],[-123.0392,49.2618],[-123.03919,49.23821],[-123.03919,49.25146],[-123.03919,49.26199],[-123.03919,49.26246],[-123.03919,49.26337],[-123.03919,49.26341],[-123.03919,49.26427],[-123.03919,49.26431],[-123.03919,49.26897],[-123.03918,49.23434],[-123.03918,49.26251],[-123.03917,49.21316],[-123.03917,49.2453],[-123.03917,49.24614],[-123.03917,49.26381],[-123.03917,49.26387],[-123.03917,49.26518],[-123.03917,49.26522],[-123.03916,49.21317],[-123.03916,49.24661],[-123.03916,49.24695],[-123.03916,49.24861],[-123.03916,49.26471],[-123.03916,49.26478],[-123.03916,49.26669],[-123.03915,49.23731],[-123.03915,49.24779],[-123.03915,49.26566],[-123.03915,49.26573],[-123.03915,49.26618],[-123.03915,49.26622],[-123.03915,49.26662],[-123.03914,49.26709],[-123.03914,49.26713],[-123.03914,49.26801],[-123.03914,49.26805],[-123.03913,49.20746],[-123.03913,49.24957],[-123.03913,49.25045],[-123.03913,49.25101],[-123.03913,49.26753],[-123.03913,49.2676],[-123.03913,49.2695],[-123.03912,49.23734],[-123.03912,49.24006],[-123.03912,49.26845],[-123.03912,49.26996],[-123.03912,49.27],[-123.03911,49.22028],[-123.03911,49.23512],[-123.03911,49.25139],[-123.03911,49.25186],[-123.03911,49.25224],[-123.03911,49.25305],[-123.03911,49.25353],[-123.03911,49.2539],[-123.03911,49.25465],[-123.03911,49.26206],[-123.03911,49.26852],[-123.03911,49.26892],[-123.03911,49.26944],[-123.03911,49.26952],[-123.03911,49.27087],[-123.03911,49.2709],[-123.0391,49.25549],[-123.0391,49.25629],[-123.0391,49.26937],[-123.0391,49.27045],[-123.0391,49.27272],[-123.03909,49.21312],[-123.03909,49.25712],[-123.03909,49.25797],[-123.03909,49.26303],[-123.03909,49.26959],[-123.03909,49.27038],[-123.03908,49.26253],[-123.03908,49.26394],[-123.03908,49.27131],[-123.03908,49.27138],[-123.03908,49.27179],[-123.03908,49.27184],[-123.03907,49.2071],[-123.03907,49.23509],[-123.03907,49.24005],[-123.03907,49.26484],[-123.03906,49.2656],[-123.03906,49.26656],[-123.03906,49.27225],[-123.03906,49.27231],[-123.03906,49.27276],[-123.03906,49.2733],[-123.03905,49.20755],[-123.03905,49.22124],[-123.03905,49.24531],[-123.03905,49.24615],[-123.03905,49.24662],[-123.03905,49.27321],[-123.03905,49.27376],[-123.03905,49.2738],[-123.03904,49.22164],[-123.03904,49.24244],[-123.03904,49.24697],[-123.03904,49.24867],[-123.03904,49.26747],[-123.03904,49.27542],[-123.03903,49.26838],[-123.03903,49.27533],[-123.03902,49.24772],[-123.03902,49.24954],[-123.03901,49.22215],[-123.03901,49.2514],[-123.039,49.22027],[-123.039,49.25046],[-123.039,49.25185],[-123.039,49.25224],[-123.039,49.25305],[-123.039,49.25353],[-123.039,49.25391],[-123.039,49.25466],[-123.039,49.26929],[-123.039,49.27032],[-123.03899,49.22255],[-123.03899,49.25101],[-123.03899,49.25513],[-123.03899,49.25549],[-123.03899,49.25629],[-123.03899,49.2571],[-123.03899,49.27219],[-123.03898,49.25794],[-123.03898,49.25824],[-123.03898,49.26206],[-123.03898,49.26253],[-123.03898,49.26303],[-123.03898,49.27126],[-123.03897,49.22304],[-123.03897,49.26394],[-123.03896,49.26484],[-123.03896,49.27316],[-123.03896,49.27548],[-123.03896,49.27652],[-123.03895,49.20565],[-123.03895,49.22136],[-123.03895,49.26555],[-123.03895,49.26656],[-123.03895,49.27448],[-123.03895,49.27527],[-123.03894,49.22341],[-123.03894,49.23777],[-123.03894,49.24874],[-123.03894,49.26747],[-123.03893,49.22171],[-123.03893,49.22938],[-123.03893,49.23778],[-123.03893,49.24113],[-123.03893,49.24963],[-123.03893,49.24971],[-123.03892,49.24881],[-123.03892,49.25109],[-123.03892,49.25236],[-123.03891,49.20645],[-123.03891,49.22214],[-123.03891,49.25105],[-123.03891,49.25145],[-123.03891,49.25229],[-123.03891,49.2532],[-123.03891,49.25397],[-123.03891,49.25555],[-123.03891,49.26838],[-123.03891,49.2693],[-123.0389,49.22021],[-123.0389,49.25153],[-123.0389,49.25189],[-123.0389,49.25193],[-123.0389,49.25272],[-123.0389,49.25356],[-123.0389,49.25361],[-123.0389,49.25441],[-123.0389,49.25636],[-123.0389,49.26297],[-123.0389,49.28006],[-123.0389,49.28098],[-123.03889,49.20573],[-123.03889,49.2225],[-123.03889,49.25054],[-123.03889,49.25066],[-123.03889,49.25277],[-123.03889,49.25313],[-123.03889,49.25404],[-123.03889,49.25436],[-123.03889,49.25516],[-123.03889,49.25519],[-123.03889,49.25597],[-123.03889,49.25643],[-123.03889,49.25678],[-123.03889,49.2625],[-123.03889,49.27032],[-123.03889,49.27816],[-123.03888,49.22641],[-123.03888,49.22645],[-123.03888,49.2302],[-123.03888,49.23635],[-123.03888,49.25472],[-123.03888,49.25601],[-123.03888,49.25682],[-123.03888,49.25716],[-123.03888,49.25762],[-123.03888,49.25766],[-123.03888,49.26246],[-123.03888,49.2629],[-123.03888,49.26388],[-123.03888,49.26427],[-123.03888,49.27124],[-123.03888,49.27842],[-123.03887,49.20764],[-123.03887,49.2213],[-123.03887,49.22297],[-123.03887,49.22485],[-123.03887,49.23124],[-123.03887,49.23868],[-123.03887,49.25479],[-123.03887,49.25723],[-123.03887,49.26337],[-123.03887,49.26341],[-123.03886,49.26381],[-123.03886,49.26431],[-123.03885,49.22123],[-123.03885,49.22332],[-123.03885,49.2731],[-123.03884,49.20801],[-123.03884,49.22538],[-123.03884,49.22939],[-123.03884,49.23199],[-123.03884,49.23774],[-123.03884,49.23775],[-123.03884,49.25562],[-123.03884,49.27216],[-123.03883,49.22163],[-123.03883,49.22168],[-123.03883,49.2238],[-123.03883,49.23283],[-123.03883,49.23309],[-123.03882,49.27548],[-123.03881,49.22611],[-123.03881,49.23866],[-123.03881,49.27449],[-123.03881,49.27652],[-123.0388,49.22201],[-123.0388,49.22208],[-123.0388,49.27527],[-123.03879,49.22243],[-123.03879,49.22247],[-123.03878,49.22638],[-123.03878,49.2298],[-123.03878,49.23632],[-123.03878,49.2781],[-123.03878,49.28844],[-123.03877,49.22686],[-123.03877,49.26471],[-123.03877,49.26478],[-123.03877,49.27837],[-123.03877,49.28918],[-123.03876,49.22283],[-123.03876,49.2229],[-123.03876,49.22485],[-123.03876,49.28009],[-123.03875,49.22325],[-123.03875,49.23123],[-123.03875,49.28098],[-123.03874,49.2355],[-123.03873,49.2233],[-123.03873,49.22479],[-123.03873,49.22538],[-123.03873,49.23198],[-123.03873,49.23309],[-123.03873,49.28855],[-123.03872,49.22365],[-123.03872,49.22372],[-123.03872,49.23284],[-123.03871,49.20642],[-123.03871,49.2774],[-123.03871,49.28923],[-123.0387,49.22418],[-123.0387,49.22422],[-123.0387,49.22613],[-123.03869,49.27637],[-123.03869,49.27646],[-123.03869,49.27749],[-123.03868,49.22467],[-123.03868,49.22901],[-123.03868,49.27831],[-123.03868,49.27912],[-123.03868,49.28863],[-123.03867,49.21379],[-123.03867,49.23112],[-123.03867,49.23118],[-123.03867,49.24126],[-123.03867,49.27903],[-123.03866,49.22687],[-123.03866,49.22933],[-123.03866,49.23981],[-123.03866,49.27822],[-123.03866,49.27866],[-123.03865,49.22508],[-123.03865,49.22512],[-123.03865,49.22551],[-123.03865,49.23444],[-123.03864,49.20647],[-123.03864,49.22544],[-123.03863,49.22834],[-123.03861,49.23434],[-123.03861,49.2406],[-123.03861,49.2796],[-123.03861,49.27964],[-123.03861,49.28025],[-123.03861,49.28105],[-123.03861,49.28122],[-123.0386,49.20787],[-123.0386,49.22587],[-123.0386,49.22619],[-123.0386,49.22626],[-123.0386,49.28016],[-123.03859,49.22699],[-123.03858,49.22693],[-123.03858,49.22901],[-123.03858,49.24406],[-123.03857,49.22834],[-123.03856,49.23452],[-123.03855,49.22583],[-123.03855,49.24059],[-123.03854,49.23848],[-123.03854,49.23974],[-123.03853,49.22658],[-123.03852,49.22662],[-123.03852,49.22842],[-123.03852,49.22849],[-123.03852,49.23433],[-123.03851,49.24957],[-123.0385,49.25046],[-123.0385,49.25356],[-123.03849,49.22924],[-123.03849,49.23835],[-123.03848,49.21459],[-123.03847,49.20679],[-123.03846,49.20638],[-123.03844,49.2492],[-123.03844,49.24924],[-123.03844,49.24957],[-123.03844,49.25045],[-123.03843,49.22028],[-123.03842,49.2385],[-123.03841,49.21546],[-123.03841,49.21726],[-123.0384,49.25014],[-123.03839,49.21471],[-123.03839,49.21546],[-123.03839,49.24171],[-123.03837,49.21452],[-123.03837,49.21717],[-123.03837,49.26199],[-123.03836,49.20652],[-123.03836,49.22028],[-123.03835,49.22047],[-123.03834,49.22069],[-123.03833,49.21471],[-123.03833,49.23846],[-123.03833,49.24176],[-123.03832,49.22021],[-123.03832,49.26518],[-123.03832,49.26521],[-123.0383,49.20674],[-123.03829,49.21908],[-123.03829,49.27651],[-123.03828,49.20636],[-123.03828,49.2065],[-123.03827,49.24245],[-123.03826,49.22072],[-123.03826,49.22122],[-123.03826,49.24336],[-123.03826,49.27519],[-123.03826,49.27524],[-123.03823,49.24328],[-123.03822,49.21875],[-123.03821,49.24342],[-123.03821,49.27524],[-123.03821,49.27651],[-123.0382,49.20554],[-123.0382,49.21875],[-123.0382,49.27519],[-123.03819,49.23112],[-123.03818,49.2369],[-123.03818,49.26573],[-123.03817,49.20562],[-123.03817,49.21381],[-123.03817,49.26566],[-123.03816,49.26566],[-123.03816,49.26573],[-123.03815,49.23121],[-123.03815,49.23769],[-123.03814,49.21884],[-123.03814,49.24324],[-123.03813,49.21967],[-123.03813,49.23277],[-123.03811,49.23685],[-123.03811,49.25763],[-123.0381,49.25994],[-123.0381,49.26182],[-123.03809,49.23121],[-123.03808,49.20639],[-123.03808,49.26852],[-123.03807,49.21378],[-123.03807,49.2328],[-123.03807,49.23502],[-123.03807,49.25987],[-123.03807,49.26844],[-123.03806,49.23118],[-123.03806,49.2377],[-123.03804,49.23495],[-123.03803,49.20815],[-123.03801,49.24327],[-123.038,49.26617],[-123.03799,49.20719],[-123.03799,49.21373],[-123.03798,49.26001],[-123.03798,49.2609],[-123.03797,49.21557],[-123.03797,49.22774],[-123.03796,49.22767],[-123.03796,49.23492],[-123.03796,49.24332],[-123.03795,49.21557],[-123.03795,49.24583],[-123.03793,49.21967],[-123.03792,49.24072],[-123.03792,49.24373],[-123.03792,49.26622],[-123.03789,49.25054],[-123.03789,49.25066],[-123.03788,49.24377],[-123.03787,49.26617],[-123.03787,49.26668],[-123.03786,49.23516],[-123.03786,49.25145],[-123.03786,49.26662],[-123.03785,49.24077],[-123.03785,49.26662],[-123.03785,49.26669],[-123.03785,49.26708],[-123.03785,49.26996],[-123.03784,49.22009],[-123.03784,49.24291],[-123.03784,49.24963],[-123.03784,49.2497],[-123.03784,49.25999],[-123.03784,49.26088],[-123.03784,49.26713],[-123.03784,49.27],[-123.03784,49.28841],[-123.03782,49.24874],[-123.03782,49.24881],[-123.03781,49.20629],[-123.03781,49.20737],[-123.03781,49.24496],[-123.03781,49.25397],[-123.03781,49.25404],[-123.03781,49.25805],[-123.03781,49.27321],[-123.03781,49.2733],[-123.0378,49.245],[-123.0378,49.25238],[-123.0378,49.25767],[-123.0378,49.25824],[-123.0378,49.26942],[-123.03779,49.25226],[-123.03779,49.27374],[-123.03778,49.21907],[-123.03778,49.25152],[-123.03778,49.25313],[-123.03778,49.25478],[-123.03778,49.2737],[-123.03777,49.23918],[-123.03777,49.24289],[-123.03777,49.2532],[-123.03777,49.25762],[-123.03776,49.27045],[-123.03775,49.26471],[-123.03775,49.27038],[-123.03775,49.27533],[-123.03775,49.27542],[-123.03774,49.22478],[-123.03773,49.22466],[-123.03773,49.23898],[-123.03773,49.26478],[-123.03773,49.26959],[-123.03772,49.24543],[-123.03772,49.26936],[-123.03772,49.26951],[-123.03771,49.24536],[-123.0377,49.23912],[-123.0377,49.24543],[-123.03769,49.24093],[-123.03768,49.27231],[-123.03767,49.2255],[-123.03767,49.22699],[-123.03767,49.23903],[-123.03767,49.27503],[-123.03766,49.22543],[-123.03766,49.22618],[-123.03766,49.22693],[-123.03766,49.23313],[-123.03765,49.23754],[-123.03765,49.24097],[-123.03765,49.24157],[-123.03764,49.22625],[-123.03764,49.23745],[-123.03764,49.245],[-123.03762,49.23757],[-123.03762,49.24629],[-123.03761,49.2406],[-123.03761,49.27225],[-123.03759,49.24138],[-123.03759,49.24155],[-123.03759,49.24242],[-123.03759,49.24406],[-123.03759,49.28813],[-123.03758,49.23302],[-123.03758,49.23544],[-123.03758,49.24243],[-123.03757,49.23548],[-123.03757,49.28812],[-123.03756,49.2284],[-123.03756,49.2441],[-123.03755,49.22849],[-123.03755,49.23308],[-123.03755,49.24064],[-123.03755,49.24097],[-123.03754,49.22333],[-123.03754,49.23665],[-123.03754,49.24145],[-123.03754,49.244],[-123.03754,49.26752],[-123.03754,49.26759],[-123.03754,49.27503],[-123.03754,49.28851],[-123.03753,49.21735],[-123.03753,49.26199],[-123.03753,49.26759],[-123.03752,49.22026],[-123.03752,49.22941],[-123.03752,49.26752],[-123.03751,49.21719],[-123.03751,49.23033],[-123.03751,49.23123],[-123.0375,49.23244],[-123.0375,49.24238],[-123.03749,49.23201],[-123.03749,49.24239],[-123.03749,49.24458],[-123.03749,49.27131],[-123.03749,49.27138],[-123.03748,49.24084],[-123.03748,49.24348],[-123.03746,49.20543],[-123.03746,49.22026],[-123.03746,49.2463],[-123.03745,49.22136],[-123.03745,49.24352],[-123.03745,49.268],[-123.03745,49.28887],[-123.03744,49.20552],[-123.03744,49.22146],[-123.03744,49.26804],[-123.03743,49.22326],[-123.03743,49.23286],[-123.03743,49.24448],[-123.03742,49.24458],[-123.03741,49.22213],[-123.0374,49.2202],[-123.03738,49.22136],[-123.03738,49.22145],[-123.03738,49.22939],[-123.03737,49.22387],[-123.03737,49.23034],[-123.03736,49.22122],[-123.03736,49.2312],[-123.03736,49.23666],[-123.03736,49.23935],[-123.03735,49.23167],[-123.03734,49.222],[-123.03734,49.22213],[-123.03734,49.22459],[-123.03733,49.22129],[-123.03733,49.23938],[-123.03732,49.22211],[-123.03732,49.23789],[-123.03731,49.22387],[-123.0373,49.28815],[-123.03729,49.20622],[-123.03729,49.22364],[-123.03729,49.2434],[-123.03729,49.28815],[-123.03728,49.22459],[-123.03728,49.22933],[-123.03728,49.23021],[-123.03728,49.23029],[-123.03728,49.23162],[-123.03728,49.24414],[-123.03727,49.22371],[-123.03727,49.23106],[-123.03727,49.23114],[-123.03727,49.23154],[-123.03727,49.25564],[-123.03726,49.23268],[-123.03726,49.24344],[-123.03725,49.22289],[-123.03725,49.23796],[-123.03723,49.2889],[-123.03722,49.23254],[-123.03722,49.24201],[-123.03722,49.28825],[-123.0372,49.24436],[-123.0372,49.28825],[-123.03719,49.24956],[-123.03718,49.24136],[-123.03718,49.25045],[-123.03716,49.24199],[-123.03715,49.24412],[-123.03714,49.23984],[-123.03714,49.24956],[-123.03711,49.24417],[-123.03711,49.25045],[-123.0371,49.21563],[-123.0371,49.24123],[-123.0371,49.27587],[-123.0371,49.27591],[-123.03709,49.23462],[-123.03709,49.24113],[-123.03709,49.288],[-123.03708,49.24435],[-123.03707,49.21553],[-123.03707,49.23586],[-123.03704,49.21363],[-123.037,49.23973],[-123.037,49.27493],[-123.03699,49.27691],[-123.03698,49.20687],[-123.03698,49.23582],[-123.03698,49.23988],[-123.03697,49.27548],[-123.03696,49.20615],[-123.03696,49.24282],[-123.03696,49.27651],[-123.03695,49.27493],[-123.03694,49.21368],[-123.03694,49.23979],[-123.03692,49.20622],[-123.03692,49.27548],[-123.03691,49.22024],[-123.03691,49.2328],[-123.03691,49.23479],[-123.0369,49.20537],[-123.0369,49.24288],[-123.0369,49.26479],[-123.03689,49.2445],[-123.03689,49.26468],[-123.03689,49.27651],[-123.03688,49.20543],[-123.03688,49.20707],[-123.03687,49.22033],[-123.03684,49.21367],[-123.03684,49.23283],[-123.03683,49.2214],[-123.03683,49.26851],[-123.03682,49.26844],[-123.03681,49.22212],[-123.03681,49.23035],[-123.03681,49.25272],[-123.0368,49.22939],[-123.03679,49.20511],[-123.03679,49.22997],[-123.03679,49.27],[-123.03677,49.20566],[-123.03677,49.22026],[-123.03677,49.22294],[-123.03677,49.2703],[-123.03676,49.20591],[-123.03676,49.20605],[-123.03676,49.21352],[-123.03676,49.21361],[-123.03676,49.24397],[-123.03675,49.2063],[-123.03675,49.23035],[-123.03675,49.23331],[-123.03675,49.26996],[-123.03674,49.20651],[-123.03674,49.21352],[-123.03673,49.22377],[-123.03673,49.22939],[-123.03673,49.23177],[-123.03673,49.23764],[-123.03673,49.24031],[-123.03672,49.22136],[-123.03672,49.23021],[-123.03672,49.23194],[-123.03672,49.23351],[-123.03672,49.24333],[-123.03671,49.22996],[-123.03671,49.24334],[-123.03671,49.26891],[-123.03671,49.26896],[-123.0367,49.24154],[-123.03669,49.2202],[-123.03668,49.22487],[-123.03668,49.23071],[-123.03668,49.24528],[-123.03668,49.24578],[-123.03668,49.24619],[-123.03668,49.25515],[-123.03668,49.25519],[-123.03668,49.25597],[-123.03668,49.25602],[-123.03668,49.25678],[-123.03668,49.25682],[-123.03668,49.25762],[-123.03668,49.26289],[-123.03667,49.21736],[-123.03667,49.23067],[-123.03667,49.23175],[-123.03667,49.23468],[-123.03667,49.24169],[-123.03667,49.247],[-123.03667,49.25555],[-123.03667,49.25636],[-123.03667,49.26182],[-123.03667,49.26245],[-123.03667,49.26296],[-123.03667,49.2634],[-123.03666,49.22973],[-123.03666,49.22978],[-123.03666,49.23773],[-123.03666,49.24326],[-123.03666,49.25643],[-123.03666,49.25768],[-123.03666,49.26198],[-123.03666,49.26249],[-123.03666,49.26336],[-123.03666,49.2638],[-123.03665,49.20508],[-123.03665,49.20566],[-123.03665,49.22008],[-123.03665,49.22246],[-123.03665,49.22555],[-123.03665,49.23194],[-123.03665,49.23507],[-123.03665,49.25805],[-123.03665,49.25824],[-123.03665,49.26387],[-123.03665,49.27272],[-123.03664,49.24161],[-123.03664,49.27276],[-123.03663,49.22295],[-123.03663,49.2477],[-123.03662,49.20591],[-123.03662,49.23511],[-123.03662,49.24867],[-123.03661,49.2063],[-123.03661,49.26952],[-123.0366,49.20651],[-123.0366,49.24528],[-123.0366,49.24956],[-123.0366,49.25044],[-123.03659,49.22376],[-123.03659,49.24618],[-123.03659,49.25139],[-123.03659,49.25221],[-123.03659,49.25307],[-123.03659,49.2539],[-123.03659,49.25463],[-123.03659,49.25514],[-123.03658,49.25548],[-123.03658,49.25593],[-123.03658,49.26944],[-123.03658,49.27038],[-123.03657,49.22233],[-123.03657,49.247],[-123.03657,49.25629],[-123.03657,49.25675],[-123.03657,49.2571],[-123.03657,49.26205],[-123.03657,49.26936],[-123.03657,49.26958],[-123.03657,49.27045],[-123.03656,49.2224],[-123.03656,49.24496],[-123.03656,49.25798],[-123.03656,49.2625],[-123.03656,49.26302],[-123.03656,49.27086],[-123.03656,49.2709],[-123.03656,49.27131],[-123.03655,49.2276],[-123.03655,49.23228],[-123.03655,49.24017],[-123.03655,49.245],[-123.03655,49.24581],[-123.03655,49.24585],[-123.03655,49.24667],[-123.03655,49.24671],[-123.03655,49.26182],[-123.03655,49.26394],[-123.03655,49.26655],[-123.03655,49.2733],[-123.03654,49.22485],[-123.03654,49.22779],[-123.03654,49.26483],[-123.03654,49.26553],[-123.03654,49.26746],[-123.03654,49.27128],[-123.03654,49.27138],[-123.03654,49.27224],[-123.03654,49.27272],[-123.03654,49.27276],[-123.03653,49.27231],[-123.03653,49.27321],[-123.03652,49.22523],[-123.03652,49.22835],[-123.03652,49.24534],[-123.03651,49.23342],[-123.03651,49.24458],[-123.03651,49.24778],[-123.03651,49.2737],[-123.03651,49.27374],[-123.0365,49.26836],[-123.0365,49.27533],[-123.0365,49.27542],[-123.0365,49.27636],[-123.03649,49.24624],[-123.03649,49.2463],[-123.03649,49.24956],[-123.03649,49.26929],[-123.03648,49.22914],[-123.03648,49.24707],[-123.03648,49.24865],[-123.03648,49.25048],[-123.03648,49.25101],[-123.03648,49.25138],[-123.03648,49.25222],[-123.03648,49.25307],[-123.03648,49.25391],[-123.03648,49.25463],[-123.03648,49.26182],[-123.03648,49.27646],[-123.03647,49.20481],[-123.03647,49.2454],[-123.03647,49.25549],[-123.03647,49.25594],[-123.03647,49.27031],[-123.03647,49.27142],[-123.03646,49.2252],[-123.03646,49.25632],[-123.03646,49.25678],[-123.03646,49.25716],[-123.03646,49.25799],[-123.03646,49.26205],[-123.03646,49.27124],[-123.03645,49.2049],[-123.03645,49.22465],[-123.03645,49.22477],[-123.03645,49.22516],[-123.03645,49.26302],[-123.03645,49.2774],[-123.03644,49.20571],[-123.03644,49.26251],[-123.03644,49.26394],[-123.03644,49.26483],[-123.03644,49.27243],[-123.03644,49.28121],[-123.03643,49.23769],[-123.03643,49.2656],[-123.03643,49.27214],[-123.03643,49.27402],[-123.03643,49.27784],[-123.03642,49.20699],[-123.03642,49.24284],[-123.03642,49.24714],[-123.03642,49.26654],[-123.03642,49.27313],[-123.03642,49.27487],[-123.03642,49.27749],[-123.03641,49.23496],[-123.03641,49.24872],[-123.03641,49.27549],[-123.03641,49.28016],[-123.03641,49.28025],[-123.0364,49.2057],[-123.0364,49.24749],[-123.0364,49.24784],[-123.0364,49.24791],[-123.0364,49.24834],[-123.0364,49.24881],[-123.0364,49.24919],[-123.0364,49.24924],[-123.0364,49.25054],[-123.0364,49.25276],[-123.0364,49.2536],[-123.0364,49.26746],[-123.0364,49.27651],[-123.0364,49.27821],[-123.0364,49.27831],[-123.03639,49.22639],[-123.03639,49.23655],[-123.03639,49.24746],[-123.03639,49.24962],[-123.03639,49.24969],[-123.03639,49.25008],[-123.03639,49.25012],[-123.03639,49.25105],[-123.03639,49.25109],[-123.03639,49.25145],[-123.03639,49.25152],[-123.03639,49.25236],[-123.03639,49.25272],[-123.03639,49.2532],[-123.03639,49.25356],[-123.03639,49.25403],[-123.03639,49.26836],[-123.03638,49.22646],[-123.03638,49.25189],[-123.03638,49.25193],[-123.03638,49.25229],[-123.03638,49.25397],[-123.03638,49.25435],[-123.03638,49.2544],[-123.03638,49.25645],[-123.03638,49.26198],[-123.03638,49.2693],[-123.03637,49.22833],[-123.03637,49.24829],[-123.03637,49.25066],[-123.03637,49.25313],[-123.03637,49.25518],[-123.03637,49.25597],[-123.03637,49.25638],[-123.03637,49.25681],[-123.03637,49.25686],[-123.03637,49.27032],[-123.03636,49.24283],[-123.03636,49.25478],[-123.03636,49.27903],[-123.03636,49.27912],[-123.03635,49.23498],[-123.03635,49.24376],[-123.03635,49.25471],[-123.03635,49.27126],[-123.03635,49.27214],[-123.03635,49.28838],[-123.03634,49.22917],[-123.03634,49.26565],[-123.03634,49.27754],[-123.03634,49.27867],[-123.03633,49.23021],[-123.03633,49.23029],[-123.03633,49.26572],[-123.03633,49.27269],[-123.03633,49.27313],[-123.03633,49.2881],[-123.03632,49.20602],[-123.03632,49.23767],[-123.03632,49.24199],[-123.03631,49.2365],[-123.03631,49.26759],[-123.0363,49.22797],[-123.0363,49.22801],[-123.0363,49.23796],[-123.0363,49.26752],[-123.0363,49.26803],[-123.0363,49.26936],[-123.0363,49.26941],[-123.03629,49.22841],[-123.03629,49.22848],[-123.03629,49.26844],[-123.03629,49.26851],[-123.03629,49.26892],[-123.03629,49.26958],[-123.03629,49.27403],[-123.03628,49.22884],[-123.03628,49.22888],[-123.03628,49.25513],[-123.03628,49.26799],[-123.03628,49.26936],[-123.03628,49.27486],[-123.03628,49.27507],[-123.03628,49.27836],[-123.03628,49.27918],[-123.03627,49.21513],[-123.03627,49.238],[-123.03627,49.24386],[-123.03627,49.26895],[-123.03627,49.26951],[-123.03627,49.26995],[-123.03627,49.28098],[-123.03627,49.28126],[-123.03626,49.21509],[-123.03626,49.22923],[-123.03626,49.24199],[-123.03626,49.27],[-123.03626,49.27038],[-123.03626,49.27045],[-123.03626,49.27138],[-123.03626,49.2759],[-123.03625,49.27131],[-123.03625,49.27673],[-123.03624,49.26203],[-123.03624,49.27224],[-123.03624,49.27231],[-123.03624,49.27321],[-123.03624,49.28828],[-123.03623,49.27179],[-123.03623,49.2733],[-123.03622,49.20676],[-123.03622,49.27183],[-123.03621,49.27179],[-123.03621,49.28903],[-123.0362,49.23753],[-123.03619,49.23106],[-123.03619,49.23112],[-123.03619,49.28801],[-123.03618,49.27757],[-123.03618,49.28801],[-123.03616,49.22932],[-123.03614,49.27276],[-123.03614,49.28781],[-123.03613,49.22023],[-123.03613,49.23405],[-123.03613,49.27085],[-123.03613,49.2709],[-123.03613,49.27272],[-123.03613,49.27836],[-123.03613,49.27918],[-123.03613,49.28098],[-123.03612,49.28781],[-123.03611,49.23255],[-123.03611,49.24382],[-123.03609,49.23247],[-123.03606,49.22023],[-123.03606,49.2638],[-123.03605,49.20476],[-123.03605,49.20831],[-123.03605,49.25561],[-123.03604,49.23231],[-123.03604,49.23256],[-123.03604,49.25554],[-123.03604,49.25602],[-123.03604,49.28913],[-123.03603,49.22246],[-123.03603,49.25554],[-123.03603,49.2639],[-123.03602,49.20485],[-123.03602,49.20831],[-123.03602,49.24406],[-123.036,49.22171],[-123.036,49.24259],[-123.036,49.28918],[-123.03599,49.23828],[-123.03596,49.20842],[-123.03596,49.22246],[-123.03596,49.23568],[-123.03595,49.21591],[-123.03595,49.2323],[-123.03593,49.23834],[-123.03591,49.23395],[-123.0359,49.23154],[-123.0359,49.23253],[-123.0359,49.24237],[-123.03589,49.21702],[-123.03587,49.21506],[-123.03587,49.21582],[-123.03587,49.21711],[-123.03587,49.27276],[-123.03586,49.2263],[-123.03586,49.2316],[-123.03586,49.23683],[-123.03586,49.27276],[-123.03585,49.23243],[-123.03585,49.26245],[-123.03585,49.27272],[-123.03585,49.28936],[-123.03584,49.23196],[-123.03584,49.23686],[-123.03583,49.24257],[-123.03582,49.23199],[-123.03582,49.26249],[-123.03581,49.22628],[-123.03581,49.23398],[-123.03579,49.24404],[-123.03579,49.27313],[-123.03578,49.23836],[-123.03578,49.24245],[-123.03577,49.20561],[-123.03576,49.24408],[-123.03576,49.25598],[-123.03576,49.25602],[-123.03576,49.28832],[-123.03574,49.2057],[-123.03574,49.21502],[-123.03574,49.23818],[-123.03572,49.23232],[-123.0357,49.28819],[-123.03569,49.21361],[-123.03569,49.23832],[-123.03569,49.2463],[-123.03568,49.2143],[-123.03568,49.27539],[-123.03567,49.23578],[-123.03567,49.27321],[-123.03567,49.2733],[-123.03566,49.23418],[-123.03566,49.23824],[-123.03563,49.2047],[-123.03563,49.24623],[-123.03562,49.23864],[-123.0356,49.20478],[-123.0356,49.23868],[-123.03558,49.20469],[-123.03558,49.21361],[-123.03557,49.23601],[-123.03557,49.24458],[-123.03557,49.25478],[-123.03556,49.20693],[-123.03555,49.20478],[-123.03554,49.23605],[-123.03553,49.23716],[-123.03552,49.28763],[-123.03551,49.20672],[-123.03551,49.21346],[-123.03551,49.23341],[-123.0355,49.21355],[-123.0355,49.22018],[-123.03548,49.2737],[-123.03547,49.23724],[-123.03547,49.27374],[-123.03547,49.27917],[-123.03546,49.24447],[-123.03545,49.24707],[-123.03545,49.24714],[-123.03544,49.23599],[-123.03544,49.25145],[-123.03544,49.25152],[-123.03543,49.236],[-123.03542,49.22233],[-123.03542,49.23442],[-123.03541,49.22026],[-123.03541,49.2224],[-123.03541,49.27917],[-123.03539,49.23476],[-123.03538,49.27963],[-123.03537,49.23443],[-123.03537,49.23854],[-123.03536,49.22134],[-123.03535,49.23335],[-123.03535,49.27418],[-123.03535,49.27575],[-123.03535,49.27584],[-123.03534,49.23857],[-123.03534,49.27409],[-123.03533,49.27418],[-123.03532,49.22245],[-123.03532,49.27409],[-123.03532,49.27667],[-123.03531,49.22026],[-123.03531,49.27224],[-123.03531,49.27659],[-123.0353,49.25054],[-123.0353,49.25066],[-123.0353,49.28756],[-123.03529,49.26289],[-123.03528,49.22346],[-123.03528,49.25804],[-123.03527,49.23904],[-123.03527,49.25238],[-123.03527,49.25828],[-123.03527,49.26289],[-123.03526,49.22134],[-123.03526,49.25227],[-123.03525,49.26296],[-123.03523,49.22482],[-123.03523,49.22884],[-123.03523,49.23471],[-123.03523,49.26296],[-123.03522,49.27536],[-123.03521,49.22246],[-123.03521,49.22522],[-123.03521,49.23909],[-123.0352,49.26379],[-123.0352,49.26386],[-123.03519,49.27453],[-123.03519,49.27457],[-123.03517,49.22346],[-123.03516,49.22633],[-123.03515,49.22655],[-123.03514,49.28885],[-123.03513,49.22481],[-123.03513,49.28879],[-123.03512,49.262],[-123.03511,49.22522],[-123.0351,49.23471],[-123.0351,49.27658],[-123.03509,49.23354],[-123.03508,49.2613],[-123.03508,49.26179],[-123.03508,49.27667],[-123.03507,49.27493],[-123.03507,49.275],[-123.03506,49.22632],[-123.03506,49.22834],[-123.03506,49.2391],[-123.03505,49.24872],[-123.03504,49.22463],[-123.03504,49.22475],[-123.03504,49.24881],[-123.03504,49.27493],[-123.03504,49.275],[-123.03503,49.20695],[-123.03503,49.23477],[-123.03502,49.21646],[-123.03502,49.2358],[-123.035,49.22514],[-123.035,49.22518],[-123.03499,49.23892],[-123.03498,49.23907],[-123.03497,49.2055],[-123.03497,49.23348],[-123.03496,49.22638],[-123.03496,49.22645],[-123.03495,49.20675],[-123.03495,49.22835],[-123.03494,49.20559],[-123.03493,49.27575],[-123.03493,49.27584],[-123.03492,49.23898],[-123.03491,49.21654],[-123.0349,49.23206],[-123.0349,49.24214],[-123.03489,49.20452],[-123.03489,49.23644],[-123.03489,49.28121],[-123.03488,49.22847],[-123.03488,49.28105],[-123.03487,49.22796],[-123.03487,49.22801],[-123.03486,49.23647],[-123.03485,49.22232],[-123.03485,49.22239],[-123.03485,49.2284],[-123.03485,49.2335],[-123.03485,49.27535],[-123.03485,49.27539],[-123.03484,49.24212],[-123.03484,49.25834],[-123.03484,49.26205],[-123.03483,49.22232],[-123.03483,49.23946],[-123.03483,49.26951],[-123.03483,49.26958],[-123.03482,49.20457],[-123.03482,49.22239],[-123.03482,49.26935],[-123.03481,49.26943],[-123.0348,49.22007],[-123.0348,49.23952],[-123.0348,49.2774],[-123.0348,49.27749],[-123.03479,49.20455],[-123.03479,49.22007],[-123.03478,49.26205],[-123.03476,49.21632],[-123.03476,49.24075],[-123.0347,49.24081],[-123.03469,49.22018],[-123.03469,49.25513],[-123.03467,49.21639],[-123.03465,49.23414],[-123.03465,49.25518],[-123.03464,49.21638],[-123.03464,49.22024],[-123.03463,49.23533],[-123.03463,49.25681],[-123.03462,49.25597],[-123.03462,49.25601],[-123.0346,49.22937],[-123.0346,49.23101],[-123.0346,49.23185],[-123.0346,49.24957],[-123.0346,49.25046],[-123.0346,49.25138],[-123.0346,49.25222],[-123.0346,49.25389],[-123.0346,49.25686],[-123.0346,49.25771],[-123.0346,49.26476],[-123.03459,49.23961],[-123.03459,49.24527],[-123.03459,49.24868],[-123.03459,49.25306],[-123.03459,49.2535],[-123.03459,49.25435],[-123.03459,49.25464],[-123.03459,49.25765],[-123.03459,49.26425],[-123.03459,49.26469],[-123.03459,49.2652],[-123.03458,49.20429],[-123.03458,49.23678],[-123.03458,49.24616],[-123.03458,49.25507],[-123.03458,49.25547],[-123.03458,49.25679],[-123.03458,49.26335],[-123.03458,49.2643],[-123.03458,49.26516],[-123.03457,49.22024],[-123.03457,49.23408],[-123.03457,49.247],[-123.03457,49.24777],[-123.03457,49.25631],[-123.03457,49.26339],[-123.03456,49.23534],[-123.03456,49.23965],[-123.03456,49.25592],[-123.03456,49.26389],[-123.03455,49.20428],[-123.03455,49.20456],[-123.03455,49.22245],[-123.03455,49.24527],[-123.03455,49.24866],[-123.03455,49.26302],[-123.03455,49.26393],[-123.03454,49.2336],[-123.03454,49.24699],[-123.03454,49.24956],[-123.03454,49.25135],[-123.03454,49.26483],[-123.03454,49.26501],[-123.03454,49.26523],[-123.03453,49.24616],[-123.03453,49.25045],[-123.03453,49.25222],[-123.03453,49.25306],[-123.03453,49.25389],[-123.03453,49.25463],[-123.03453,49.25713],[-123.03453,49.25794],[-123.03452,49.21364],[-123.03452,49.21447],[-123.03452,49.22018],[-123.03452,49.23966],[-123.03451,49.22345],[-123.03451,49.24533],[-123.03451,49.25547],[-123.03451,49.25631],[-123.0345,49.20449],[-123.0345,49.22226],[-123.03449,49.22938],[-123.03449,49.23076],[-123.03449,49.23171],[-123.03449,49.2463],[-123.03449,49.26192],[-123.03449,49.28903],[-123.03448,49.20436],[-123.03448,49.23015],[-123.03448,49.24623],[-123.03448,49.25396],[-123.03448,49.25403],[-123.03448,49.26302],[-123.03448,49.26393],[-123.03448,49.26501],[-123.03448,49.26542],[-123.03447,49.20451],[-123.03447,49.22245],[-123.03447,49.22524],[-123.03447,49.24707],[-123.03447,49.24714],[-123.03447,49.26344],[-123.03447,49.26483],[-123.03447,49.2873],[-123.03446,49.20434],[-123.03446,49.27124],[-123.03445,49.23683],[-123.03445,49.23964],[-123.03444,49.22231],[-123.03444,49.27217],[-123.03444,49.27903],[-123.03444,49.27912],[-123.03443,49.27031],[-123.03443,49.27311],[-123.03442,49.21448],[-123.03441,49.21367],[-123.03441,49.22524],[-123.03441,49.28025],[-123.0344,49.22652],[-123.0344,49.24405],[-123.0344,49.27124],[-123.0344,49.28015],[-123.03439,49.22931],[-123.03439,49.23001],[-123.03439,49.23186],[-123.03439,49.27124],[-123.03438,49.20829],[-123.03438,49.23009],[-123.03438,49.27218],[-123.03438,49.27453],[-123.03438,49.27456],[-123.03437,49.27218],[-123.03437,49.27312],[-123.03436,49.27957],[-123.03435,49.20838],[-123.03435,49.22656],[-123.03435,49.27966],[-123.03434,49.20848],[-123.03434,49.2279],[-123.03434,49.23082],[-123.03434,49.23582],[-123.03434,49.27584],[-123.03433,49.20838],[-123.03433,49.21353],[-123.03432,49.23089],[-123.03432,49.27575],[-123.03431,49.20843],[-123.03431,49.21362],[-123.03431,49.24436],[-123.03431,49.24457],[-123.0343,49.20683],[-123.0343,49.23177],[-123.0343,49.23586],[-123.03429,49.2279],[-123.03429,49.22853],[-123.03429,49.27956],[-123.03428,49.23568],[-123.03428,49.23998],[-123.03424,49.24002],[-123.03424,49.27657],[-123.03423,49.27666],[-123.03422,49.2048],[-123.03422,49.27657],[-123.03421,49.2331],[-123.03421,49.27666],[-123.0342,49.20583],[-123.0342,49.22853],[-123.0342,49.27622],[-123.0342,49.27782],[-123.0342,49.27787],[-123.03416,49.23522],[-123.03416,49.27619],[-123.03416,49.28906],[-123.03415,49.20475],[-123.03415,49.20829],[-123.03415,49.23516],[-123.03413,49.2774],[-123.03413,49.27749],[-123.03412,49.20478],[-123.03412,49.23583],[-123.03412,49.2783],[-123.03411,49.23304],[-123.03411,49.23527],[-123.0341,49.22847],[-123.0341,49.23514],[-123.0341,49.25854],[-123.0341,49.27701],[-123.0341,49.27821],[-123.03409,49.27705],[-123.03408,49.24438],[-123.03407,49.22887],[-123.03406,49.22883],[-123.03406,49.22922],[-123.03406,49.23173],[-123.03405,49.25826],[-123.03403,49.20404],[-123.03403,49.2416],[-123.03403,49.25804],[-123.03403,49.25862],[-123.03402,49.24962],[-123.03402,49.24971],[-123.03402,49.25236],[-123.03401,49.20536],[-123.03401,49.25229],[-123.03401,49.2547],[-123.03401,49.25477],[-123.03401,49.25554],[-123.03401,49.25561],[-123.03401,49.2573],[-123.03401,49.26469],[-123.03401,49.26476],[-123.03401,49.26564],[-123.034,49.25638],[-123.034,49.25645],[-123.034,49.2572],[-123.034,49.25816],[-123.034,49.26571],[-123.034,49.27703],[-123.03399,49.26564],[-123.03399,49.26571],[-123.03398,49.26379],[-123.03397,49.20536],[-123.03397,49.26386],[-123.03397,49.26758],[-123.03397,49.26799],[-123.03397,49.2685],[-123.03396,49.24526],[-123.03396,49.26751],[-123.03396,49.26803],[-123.03396,49.26935],[-123.03396,49.27703],[-123.03395,49.23322],[-123.03395,49.24392],[-123.03395,49.24614],[-123.03395,49.26891],[-123.03395,49.26895],[-123.03394,49.24701],[-123.03394,49.24779],[-123.03394,49.25798],[-123.03394,49.26843],[-123.03393,49.24041],[-123.03393,49.24169],[-123.03393,49.24868],[-123.03393,49.24957],[-123.03393,49.25045],[-123.03393,49.25139],[-123.03393,49.25216],[-123.03393,49.25919],[-123.03393,49.25921],[-123.03393,49.25947],[-123.03392,49.25306],[-123.03392,49.2539],[-123.03392,49.25463],[-123.03392,49.25715],[-123.03392,49.26042],[-123.03392,49.26043],[-123.03392,49.26206],[-123.03392,49.26947],[-123.03392,49.26958],[-123.03391,49.25547],[-123.03391,49.25631],[-123.03391,49.27539],[-123.0339,49.20486],[-123.0339,49.27038],[-123.0339,49.27045],[-123.03389,49.244],[-123.03389,49.27138],[-123.03389,49.27536],[-123.03388,49.26372],[-123.03388,49.26391],[-123.03388,49.26483],[-123.03388,49.27131],[-123.03388,49.27224],[-123.03387,49.20497],[-123.03387,49.22023],[-123.03387,49.24047],[-123.03387,49.26577],[-123.03387,49.27231],[-123.03387,49.28104],[-123.03386,49.20536],[-123.03386,49.26665],[-123.03386,49.26837],[-123.03386,49.26929],[-123.03385,49.23254],[-123.03385,49.23659],[-123.03385,49.26745],[-123.03384,49.205],[-123.03384,49.22116],[-123.03384,49.2737],[-123.03383,49.20543],[-123.03383,49.27374],[-123.03382,49.23912],[-123.03382,49.27868],[-123.03382,49.27912],[-123.03381,49.23557],[-123.03381,49.23647],[-123.03381,49.24523],[-123.03381,49.26963],[-123.03381,49.2732],[-123.03381,49.2733],[-123.03381,49.27865],[-123.0338,49.204],[-123.0338,49.20403],[-123.0338,49.2698],[-123.0338,49.27902],[-123.0338,49.28015],[-123.0338,49.28025],[-123.03379,49.22245],[-123.03379,49.28123],[-123.03378,49.20381],[-123.03378,49.2248],[-123.03377,49.22023],[-123.03377,49.2252],[-123.03376,49.20395],[-123.03376,49.22337],[-123.03375,49.20528],[-123.03375,49.28146],[-123.03374,49.2405],[-123.03373,49.22116],[-123.03373,49.23564],[-123.03373,49.26929],[-123.03373,49.27125],[-123.03373,49.28827],[-123.03372,49.20545],[-123.03371,49.22651],[-123.03371,49.24527],[-123.03371,49.25029],[-123.03371,49.27218],[-123.0337,49.20548],[-123.0337,49.23553],[-123.0337,49.24616],[-123.0337,49.25805],[-123.0337,49.27284],[-123.0337,49.27342],[-123.0337,49.27485],[-123.03369,49.20396],[-123.03369,49.2052],[-123.03369,49.20526],[-123.03369,49.22245],[-123.03369,49.2248],[-123.03369,49.24699],[-123.03369,49.24778],[-123.03369,49.27401],[-123.03368,49.20522],[-123.03368,49.24868],[-123.03368,49.25046],[-123.03368,49.25139],[-123.03368,49.25216],[-123.03368,49.25307],[-123.03368,49.25853],[-123.03368,49.25857],[-123.03368,49.27562],[-123.03367,49.22017],[-123.03367,49.2252],[-123.03367,49.22734],[-123.03367,49.24047],[-123.03367,49.25389],[-123.03367,49.25471],[-123.03367,49.2759],[-123.03367,49.27673],[-123.03366,49.22337],[-123.03366,49.24445],[-123.03366,49.24457],[-123.03366,49.25559],[-123.03366,49.25631],[-123.03366,49.27626],[-123.03365,49.20564],[-123.03365,49.21728],[-123.03365,49.22007],[-123.03365,49.2392],[-123.03365,49.27047],[-123.03365,49.27755],[-123.03365,49.27836],[-123.03365,49.27951],[-123.03365,49.27988],[-123.03365,49.28202],[-123.03364,49.22008],[-123.03364,49.22792],[-123.03364,49.24457],[-123.03364,49.28103],[-123.03364,49.28704],[-123.03363,49.21569],[-123.03363,49.22803],[-123.03363,49.26372],[-123.03363,49.26392],[-123.03363,49.26482],[-123.03362,49.20544],[-123.03362,49.23656],[-123.03362,49.24533],[-123.03362,49.26577],[-123.03362,49.27125],[-123.03361,49.20547],[-123.03361,49.2454],[-123.03361,49.25723],[-123.03361,49.25798],[-123.03361,49.26654],[-123.03361,49.27218],[-123.0336,49.20586],[-123.0336,49.22231],[-123.0336,49.22652],[-123.0336,49.2356],[-123.0336,49.23565],[-123.0336,49.24792],[-123.0336,49.25926],[-123.0336,49.25928],[-123.0336,49.25952],[-123.0336,49.26045],[-123.0336,49.26047],[-123.0336,49.26745],[-123.0336,49.26746],[-123.0336,49.27284],[-123.03359,49.22239],[-123.03359,49.24622],[-123.03359,49.2463],[-123.03359,49.24706],[-123.03359,49.24714],[-123.03359,49.24783],[-123.03359,49.24873],[-123.03359,49.2488],[-123.03359,49.26206],[-123.03359,49.27338],[-123.03358,49.21563],[-123.03358,49.22474],[-123.03358,49.24962],[-123.03358,49.24971],[-123.03358,49.25192],[-123.03358,49.274],[-123.03357,49.22512],[-123.03357,49.22517],[-123.03357,49.22734],[-123.03357,49.23],[-123.03357,49.23008],[-123.03357,49.25188],[-123.03357,49.27123],[-123.03356,49.20563],[-123.03356,49.21721],[-123.03356,49.26836],[-123.03356,49.26837],[-123.03356,49.27044],[-123.03355,49.20532],[-123.03355,49.25693],[-123.03355,49.25697],[-123.03355,49.26379],[-123.03355,49.27485],[-123.03354,49.25813],[-123.03354,49.26386],[-123.03354,49.27562],[-123.03354,49.2759],[-123.03353,49.20537],[-123.03353,49.22462],[-123.03353,49.22793],[-123.03353,49.25054],[-123.03353,49.25066],[-123.03353,49.26928],[-123.03353,49.27626],[-123.03353,49.28035],[-123.03352,49.22802],[-123.03352,49.23634],[-123.03352,49.23915],[-123.03352,49.25804],[-123.03352,49.27672],[-123.03351,49.20609],[-123.03351,49.20665],[-123.03351,49.26189],[-123.03351,49.27757],[-123.03351,49.27836],[-123.03351,49.27918],[-123.03351,49.27952],[-123.0335,49.2053],[-123.0335,49.22638],[-123.0335,49.22644],[-123.0335,49.23593],[-123.0335,49.25826],[-123.0335,49.26288],[-123.0335,49.26295],[-123.03349,49.20585],[-123.03349,49.26179],[-123.03349,49.262],[-123.03349,49.27214],[-123.03348,49.20538],[-123.03348,49.28202],[-123.03347,49.24085],[-123.03347,49.25799],[-123.03347,49.27983],[-123.03345,49.23652],[-123.03343,49.2284],[-123.03342,49.22796],[-123.03342,49.228],[-123.03342,49.22847],[-123.03342,49.23643],[-123.0334,49.23275],[-123.0334,49.27666],[-123.03339,49.20605],[-123.03339,49.27657],[-123.03339,49.27959],[-123.03338,49.24415],[-123.03338,49.27623],[-123.03338,49.27821],[-123.03338,49.27902],[-123.03338,49.28015],[-123.03337,49.23267],[-123.03337,49.27701],[-123.03337,49.27705],[-123.03337,49.2774],[-123.03337,49.27749],[-123.03337,49.28025],[-123.03336,49.20668],[-123.03336,49.23961],[-123.03335,49.23587],[-123.03335,49.27008],[-123.03335,49.27576],[-123.03335,49.27583],[-123.03335,49.27831],[-123.03335,49.27912],[-123.03334,49.20565],[-123.03334,49.28103],[-123.03334,49.28124],[-123.03334,49.28696],[-123.03333,49.20635],[-123.03333,49.27964],[-123.03333,49.28124],[-123.03332,49.28855],[-123.03331,49.23964],[-123.03331,49.24423],[-123.03329,49.21444],[-123.03329,49.23263],[-123.03329,49.27027],[-123.03328,49.23443],[-123.03326,49.27006],[-123.03326,49.2845],[-123.03325,49.27618],[-123.03324,49.25597],[-123.03324,49.25601],[-123.03322,49.24243],[-123.03319,49.20641],[-123.03318,49.28417],[-123.03318,49.28847],[-123.03317,49.24248],[-123.03317,49.2853],[-123.03317,49.28848],[-123.03315,49.21445],[-123.03315,49.24526],[-123.03315,49.25319],[-123.03314,49.23883],[-123.03314,49.24124],[-123.03314,49.24615],[-123.03314,49.25772],[-123.03314,49.25776],[-123.03314,49.27574],[-123.03313,49.24777],[-123.03313,49.25313],[-123.03313,49.27586],[-123.03312,49.22022],[-123.03312,49.24865],[-123.03312,49.24956],[-123.03311,49.24135],[-123.0331,49.24699],[-123.0331,49.285],[-123.03309,49.22517],[-123.03309,49.23479],[-123.03309,49.23784],[-123.03308,49.24526],[-123.03308,49.25045],[-123.03308,49.26469],[-123.03308,49.28559],[-123.03307,49.24615],[-123.03307,49.24777],[-123.03307,49.25471],[-123.03307,49.26476],[-123.03306,49.23386],[-123.03306,49.2483],[-123.03306,49.24866],[-123.03306,49.24956],[-123.03306,49.25644],[-123.03305,49.22022],[-123.03305,49.23484],[-123.03305,49.25638],[-123.03304,49.22245],[-123.03304,49.23714],[-123.03304,49.24665],[-123.03304,49.28102],[-123.03303,49.24132],[-123.03303,49.2467],[-123.03303,49.25009],[-123.03303,49.25013],[-123.03303,49.26302],[-123.03303,49.26463],[-123.03302,49.22015],[-123.03302,49.2252],[-123.03302,49.24706],[-123.03302,49.24713],[-123.03302,49.26204],[-123.03302,49.26518],[-123.03302,49.28102],[-123.03301,49.22016],[-123.03301,49.24784],[-123.03301,49.2479],[-123.03301,49.25469],[-123.03301,49.26744],[-123.033,49.22382],[-123.033,49.22574],[-123.033,49.23392],[-123.033,49.2559],[-123.03298,49.22244],[-123.03297,49.25229],[-123.03297,49.25235],[-123.03297,49.28533],[-123.03296,49.24002],[-123.03296,49.26204],[-123.03296,49.26302],[-123.03296,49.26463],[-123.03296,49.26513],[-123.03295,49.22239],[-123.03295,49.2252],[-123.03295,49.22574],[-123.03295,49.26371],[-123.03294,49.24134],[-123.03294,49.26429],[-123.03294,49.267],[-123.03294,49.26744],[-123.03293,49.22383],[-123.03293,49.26377],[-123.03293,49.26425],[-123.03292,49.20472],[-123.03291,49.23868],[-123.03291,49.26244],[-123.03291,49.26247],[-123.03291,49.26469],[-123.03291,49.26476],[-123.03291,49.28542],[-123.0329,49.22792],[-123.03289,49.2371],[-123.03289,49.24008],[-123.03289,49.28148],[-123.03288,49.28568],[-123.03287,49.23873],[-123.03287,49.24349],[-123.03286,49.20691],[-123.03286,49.22738],[-123.03286,49.23873],[-123.03286,49.2413],[-123.03285,49.25804],[-123.03285,49.27754],[-123.03285,49.27896],[-123.03284,49.25272],[-123.03284,49.25276],[-123.03284,49.25828],[-123.03283,49.20712],[-123.03283,49.22792],[-123.03282,49.23803],[-123.03282,49.2864],[-123.03281,49.28664],[-123.0328,49.20468],[-123.0328,49.23804],[-123.0328,49.24356],[-123.03279,49.20521],[-123.03279,49.27754],[-123.03279,49.27863],[-123.03279,49.27896],[-123.03278,49.2401],[-123.03278,49.28127],[-123.03277,49.20527],[-123.03276,49.23814],[-123.03276,49.28127],[-123.03275,49.23323],[-123.03273,49.20701],[-123.03273,49.23812],[-123.03273,49.27418],[-123.03273,49.2783],[-123.03272,49.23239],[-123.03272,49.27408],[-123.03272,49.27821],[-123.03269,49.20512],[-123.03269,49.28627],[-123.03268,49.24167],[-123.03268,49.25825],[-123.03267,49.28627],[-123.03265,49.24005],[-123.03264,49.20826],[-123.03264,49.24171],[-123.03263,49.20826],[-123.0326,49.20836],[-123.0326,49.23416],[-123.03258,49.25477],[-123.03258,49.25481],[-123.03258,49.27012],[-123.03257,49.20599],[-123.03257,49.23596],[-123.03256,49.2342],[-123.03255,49.20598],[-123.03255,49.24044],[-123.03254,49.2051],[-123.03254,49.23255],[-123.03253,49.20608],[-123.03252,49.24048],[-123.03252,49.26958],[-123.03251,49.20553],[-123.03251,49.20608],[-123.03251,49.21918],[-123.03251,49.26935],[-123.0325,49.23606],[-123.0325,49.26752],[-123.0325,49.26843],[-123.03249,49.2685],[-123.03248,49.22021],[-123.03248,49.25471],[-123.03248,49.26944],[-123.03248,49.26952],[-123.03247,49.27902],[-123.03246,49.22061],[-123.03246,49.24159],[-123.03246,49.25554],[-123.03246,49.26758],[-123.03246,49.27912],[-123.03245,49.21557],[-123.03245,49.23225],[-123.03245,49.23751],[-123.03245,49.2821],[-123.03244,49.22133],[-123.03244,49.25583],[-123.03244,49.27535],[-123.03243,49.27538],[-123.03242,49.21562],[-123.03242,49.2666],[-123.03242,49.26667],[-123.03241,49.25323],[-123.0324,49.22247],[-123.03239,49.20515],[-123.03239,49.23359],[-123.03238,49.22292],[-123.03237,49.20521],[-123.03237,49.23349],[-123.03237,49.26563],[-123.03237,49.26571],[-123.03236,49.22356],[-123.03236,49.22403],[-123.03236,49.27657],[-123.03236,49.27666],[-123.03236,49.2774],[-123.03236,49.27749],[-123.03235,49.25584],[-123.03235,49.27576],[-123.03234,49.2248],[-123.03234,49.2547],[-123.03234,49.25697],[-123.03233,49.21913],[-123.03233,49.23791],[-123.03232,49.22519],[-123.03232,49.23364],[-123.03232,49.2421],[-123.03232,49.25317],[-123.03232,49.25553],[-123.03231,49.22023],[-123.03231,49.22973],[-123.0323,49.22575],[-123.0323,49.2309],[-123.0323,49.27491],[-123.03229,49.22061],[-123.03229,49.23243],[-123.03228,49.24215],[-123.03228,49.275],[-123.03227,49.2265],[-123.03226,49.22136],[-123.03225,49.21865],[-123.03225,49.21906],[-123.03225,49.25476],[-123.03225,49.2806],[-123.03224,49.21897],[-123.03224,49.22207],[-123.03224,49.22704],[-123.03224,49.23352],[-123.03224,49.2732],[-123.03223,49.25054],[-123.03223,49.2733],[-123.03222,49.218],[-123.03222,49.22247],[-123.03222,49.24086],[-123.03222,49.25066],[-123.03221,49.22294],[-123.03219,49.22053],[-123.03219,49.22111],[-123.03219,49.22355],[-123.03219,49.22379],[-123.03218,49.22118],[-123.03218,49.22479],[-123.03218,49.22915],[-123.03218,49.23358],[-123.03217,49.25464],[-123.03216,49.22193],[-123.03216,49.2282],[-123.03216,49.26661],[-123.03216,49.26665],[-123.03214,49.22535],[-123.03214,49.23088],[-123.03214,49.23784],[-123.03214,49.28098],[-123.03213,49.22281],[-123.03213,49.22288],[-123.03212,49.21779],[-123.03212,49.22588],[-123.03212,49.22877],[-123.03212,49.24094],[-123.03212,49.28098],[-123.0321,49.22366],[-123.0321,49.22373],[-123.0321,49.25401],[-123.0321,49.2547],[-123.03209,49.22651],[-123.03209,49.2383],[-123.03208,49.21809],[-123.03208,49.222],[-123.03208,49.25922],[-123.03207,49.22703],[-123.03207,49.22969],[-123.03207,49.25188],[-123.03207,49.25986],[-123.03207,49.26007],[-123.03206,49.22416],[-123.03206,49.22471],[-123.03206,49.22521],[-123.03206,49.22527],[-123.03206,49.22585],[-123.03206,49.22973],[-123.03206,49.23393],[-123.03206,49.23399],[-123.03205,49.22459],[-123.03205,49.22581],[-123.03205,49.28127],[-123.03204,49.25398],[-123.03203,49.23728],[-123.03203,49.24381],[-123.03203,49.28127],[-123.03202,49.23389],[-123.03201,49.22929],[-123.03201,49.23838],[-123.03201,49.27622],[-123.032,49.20593],[-123.032,49.22815],[-123.032,49.22911],[-123.032,49.23398],[-123.03199,49.27786],[-123.03198,49.20546],[-123.03198,49.22637],[-123.03198,49.22644],[-123.03198,49.24383],[-123.03196,49.22699],[-123.03196,49.23277],[-123.03196,49.27672],[-123.03196,49.28009],[-123.03195,49.20507],[-123.03195,49.22694],[-123.03195,49.22877],[-123.03195,49.23713],[-123.03194,49.24019],[-123.03194,49.2807],[-123.03193,49.23095],[-123.03193,49.231],[-123.03193,49.23729],[-123.03193,49.26891],[-123.03192,49.20684],[-123.03192,49.21775],[-123.03192,49.22808],[-123.03192,49.22812],[-123.03192,49.25921],[-123.03192,49.27463],[-123.03191,49.20517],[-123.03191,49.21774],[-123.03191,49.25964],[-123.03191,49.26007],[-123.0319,49.20684],[-123.0319,49.20695],[-123.0319,49.24244],[-123.0319,49.24247],[-123.0319,49.25356],[-123.03189,49.23854],[-123.03188,49.22881],[-123.03187,49.22884],[-123.03186,49.22927],[-123.03186,49.24252],[-123.03184,49.21733],[-123.03184,49.27589],[-123.03183,49.20602],[-123.03183,49.2424],[-123.03183,49.25351],[-123.03182,49.25805],[-123.03181,49.20602],[-123.03181,49.23859],[-123.03181,49.24253],[-123.0318,49.25825],[-123.03179,49.22922],[-123.03178,49.25984],[-123.03177,49.25975],[-123.03177,49.26958],[-123.03177,49.2701],[-123.03174,49.23324],[-123.03174,49.24444],[-123.03174,49.27909],[-123.03173,49.23419],[-123.03173,49.23424],[-123.03172,49.27452],[-123.03171,49.28025],[-123.0317,49.2547],[-123.03169,49.24255],[-123.03168,49.24429],[-123.03168,49.27456],[-123.03167,49.2315],[-123.03167,49.23416],[-123.03166,49.23755],[-123.03166,49.27956],[-123.03166,49.28525],[-123.03165,49.23321],[-123.03165,49.25463],[-123.03164,49.27956],[-123.03164,49.27966],[-123.03163,49.21733],[-123.03162,49.23427],[-123.03162,49.24011],[-123.03159,49.23418],[-123.03159,49.27408],[-123.03159,49.27418],[-123.03158,49.23867],[-123.03158,49.24004],[-123.03158,49.25463],[-123.03158,49.27408],[-123.03158,49.27418],[-123.03157,49.21725],[-123.03156,49.20589],[-123.03156,49.23186],[-123.03155,49.21508],[-123.03154,49.20502],[-123.03153,49.2547],[-123.03152,49.20437],[-123.03152,49.20511],[-123.03152,49.24294],[-123.0315,49.24436],[-123.0315,49.28391],[-123.03149,49.24057],[-123.03149,49.24287],[-123.03148,49.205],[-123.03148,49.24056],[-123.03147,49.24005],[-123.03147,49.28379],[-123.03146,49.243],[-123.03145,49.2051],[-123.03145,49.23957],[-123.03144,49.27505],[-123.03143,49.20502],[-123.03143,49.24066],[-123.03142,49.23691],[-123.03142,49.28158],[-123.03141,49.20507],[-123.03141,49.24066],[-123.0314,49.22699],[-123.0314,49.2318],[-123.0314,49.25272],[-123.0314,49.25276],[-123.0314,49.27493],[-123.03138,49.2386],[-123.03135,49.25332],[-123.03135,49.26799],[-123.03135,49.26802],[-123.03135,49.27735],[-123.03134,49.21223],[-123.03134,49.23698],[-123.03134,49.28497],[-123.03133,49.28159],[-123.03133,49.28416],[-123.03133,49.28456],[-123.03132,49.28376],[-123.03131,49.20536],[-123.03131,49.2533],[-123.03127,49.20516],[-123.03127,49.28079],[-123.03126,49.23786],[-123.03125,49.20515],[-123.03125,49.20589],[-123.03125,49.24704],[-123.03125,49.24711],[-123.03125,49.2737],[-123.03124,49.20524],[-123.03124,49.20595],[-123.03124,49.21552],[-123.03124,49.2732],[-123.03124,49.2733],[-123.03123,49.20589],[-123.03123,49.22016],[-123.03123,49.24745],[-123.03123,49.24748],[-123.03123,49.24783],[-123.03123,49.2479],[-123.03123,49.27373],[-123.03122,49.20595],[-123.03122,49.21222],[-123.03122,49.21546],[-123.03122,49.24829],[-123.03122,49.24833],[-123.03122,49.26998],[-123.03122,49.2737],[-123.03121,49.24872],[-123.03121,49.24879],[-123.03121,49.24918],[-123.03121,49.24922],[-123.03121,49.24961],[-123.03121,49.24968],[-123.03121,49.25229],[-123.03121,49.25235],[-123.03121,49.26243],[-123.0312,49.20496],[-123.0312,49.25007],[-123.0312,49.25012],[-123.03119,49.20541],[-123.03119,49.23797],[-123.03119,49.25192],[-123.03119,49.26247],[-123.03118,49.20561],[-123.03118,49.2319],[-123.03117,49.23983],[-123.03117,49.26195],[-123.03117,49.26571],[-123.03117,49.2666],[-123.03117,49.26667],[-123.03116,49.20514],[-123.03116,49.22125],[-123.03116,49.26287],[-123.03116,49.26294],[-123.03116,49.26562],[-123.03116,49.26803],[-123.03116,49.26935],[-123.03115,49.25404],[-123.03115,49.2652],[-123.03115,49.26707],[-123.03115,49.26711],[-123.03115,49.26798],[-123.03114,49.20514],[-123.03114,49.20516],[-123.03114,49.20523],[-123.03114,49.26213],[-123.03114,49.26514],[-123.03114,49.26751],[-123.03114,49.26759],[-123.03113,49.24776],[-123.03113,49.24825],[-123.03113,49.24865],[-123.03113,49.2685],[-123.03113,49.2689],[-123.03113,49.26895],[-123.03113,49.26958],[-123.03112,49.24955],[-123.03112,49.25004],[-123.03112,49.26843],[-123.03112,49.26944],[-123.03111,49.25047],[-123.03111,49.25222],[-123.03111,49.25268],[-123.03111,49.25627],[-123.0311,49.20539],[-123.0311,49.22019],[-123.0311,49.2339],[-123.0311,49.27959],[-123.0311,49.28033],[-123.03109,49.20609],[-123.03108,49.24334],[-123.03108,49.24456],[-123.03108,49.254],[-123.03108,49.26462],[-123.03108,49.26557],[-123.03107,49.2392],[-123.03107,49.24329],[-123.03106,49.26654],[-123.03105,49.2168],[-123.03105,49.22118],[-123.03105,49.2622],[-123.03105,49.263],[-123.03105,49.26745],[-123.03104,49.20496],[-123.03104,49.2056],[-123.03104,49.20636],[-123.03104,49.24338],[-123.03104,49.25628],[-123.03104,49.26837],[-123.03104,49.26929],[-123.03103,49.24212],[-123.03102,49.20494],[-123.03102,49.20502],[-123.03102,49.20702],[-123.03102,49.23998],[-123.03102,49.24776],[-123.03102,49.24825],[-123.03102,49.24866],[-123.03102,49.25222],[-123.03102,49.25462],[-123.03101,49.24955],[-123.03101,49.25004],[-123.03101,49.25047],[-123.03101,49.25268],[-123.031,49.23386],[-123.031,49.24099],[-123.031,49.27334],[-123.03099,49.20504],[-123.03099,49.20825],[-123.03099,49.25069],[-123.03099,49.25187],[-123.03099,49.28128],[-123.03098,49.20662],[-123.03097,49.21672],[-123.03097,49.24103],[-123.03097,49.26318],[-123.03096,49.28127],[-123.03095,49.20608],[-123.03095,49.23441],[-123.03095,49.25532],[-123.03095,49.26654],[-123.03095,49.28855],[-123.03094,49.26227],[-123.03094,49.26298],[-123.03094,49.26324],[-123.03094,49.26464],[-123.03094,49.26556],[-123.03094,49.26746],[-123.03094,49.27825],[-123.03093,49.24872],[-123.03093,49.24879],[-123.03093,49.24961],[-123.03093,49.25462],[-123.03093,49.26837],[-123.03092,49.24828],[-123.03092,49.24833],[-123.03092,49.24918],[-123.03092,49.24922],[-123.03092,49.24968],[-123.03092,49.27912],[-123.03092,49.28295],[-123.03091,49.24212],[-123.03091,49.25276],[-123.03091,49.27674],[-123.0309,49.20635],[-123.0309,49.25272],[-123.0309,49.27739],[-123.0309,49.2822],[-123.03089,49.20586],[-123.03089,49.23449],[-123.03089,49.26929],[-123.03089,49.27411],[-123.03089,49.28852],[-123.03088,49.20592],[-123.03087,49.20586],[-123.03087,49.25056],[-123.03086,49.20592],[-123.03086,49.23915],[-123.03086,49.27755],[-123.03085,49.20661],[-123.03084,49.23666],[-123.03084,49.25067],[-123.03083,49.24149],[-123.03083,49.27835],[-123.03082,49.20818],[-123.03082,49.2547],[-123.03082,49.28161],[-123.03082,49.28377],[-123.03082,49.28467],[-123.03081,49.22461],[-123.03081,49.23209],[-123.03081,49.25725],[-123.03081,49.27917],[-123.03081,49.28158],[-123.03081,49.28286],[-123.03081,49.28557],[-123.0308,49.22441],[-123.0308,49.25367],[-123.03079,49.27577],[-123.03079,49.2803],[-123.03078,49.2766],[-123.03078,49.28131],[-123.03077,49.28654],[-123.03076,49.23424],[-123.03076,49.24154],[-123.03076,49.24434],[-123.03075,49.20802],[-123.03074,49.22453],[-123.03074,49.2246],[-123.03074,49.25188],[-123.03074,49.27754],[-123.03074,49.27822],[-123.03074,49.27829],[-123.03073,49.20812],[-123.03073,49.20886],[-123.03073,49.23673],[-123.03073,49.25365],[-123.03073,49.25725],[-123.03073,49.27329],[-123.03073,49.28068],[-123.03073,49.28072],[-123.03073,49.28249],[-123.03073,49.28253],[-123.03073,49.2839],[-123.03073,49.2843],[-123.03073,49.28473],[-123.03073,49.28481],[-123.03072,49.27902],[-123.03072,49.27912],[-123.03072,49.28343],[-123.03072,49.28383],[-123.03072,49.2852],[-123.03072,49.28524],[-123.03072,49.28564],[-123.0307,49.21926],[-123.0307,49.24376],[-123.0307,49.27496],[-123.0307,49.2816],[-123.0307,49.28209],[-123.0307,49.28339],[-123.0307,49.28865],[-123.03069,49.20684],[-123.03069,49.23182],[-123.03069,49.24371],[-123.03069,49.2735],[-123.03068,49.24435],[-123.03068,49.27552],[-123.03068,49.27587],[-123.03068,49.283],[-123.03068,49.28578],[-123.03068,49.28874],[-123.03067,49.25759],[-123.03067,49.2767],[-123.03067,49.28025],[-123.03067,49.28202],[-123.03067,49.28292],[-123.03066,49.24382],[-123.03066,49.27507],[-123.03065,49.28015],[-123.03064,49.23423],[-123.03064,49.25229],[-123.03064,49.2548],[-123.03064,49.27829],[-123.03063,49.2252],[-123.03063,49.2265],[-123.03063,49.22935],[-123.03063,49.23028],[-123.03063,49.24366],[-123.03063,49.2479],[-123.03063,49.25235],[-123.03062,49.23531],[-123.03061,49.21919],[-123.03061,49.22527],[-123.03061,49.2402],[-123.03061,49.2414],[-123.03061,49.2479],[-123.03061,49.25323],[-123.03061,49.25758],[-123.03059,49.20879],[-123.03059,49.23481],[-123.03059,49.2404],[-123.03059,49.25188],[-123.03057,49.23679],[-123.03057,49.2742],[-123.03056,49.22824],[-123.03056,49.23448],[-123.03056,49.23474],[-123.03056,49.23516],[-123.03056,49.28571],[-123.03055,49.21145],[-123.03055,49.2403],[-123.03055,49.24783],[-123.03055,49.26987],[-123.03054,49.23181],[-123.03054,49.23342],[-123.03054,49.23348],[-123.03054,49.24038],[-123.03054,49.25191],[-123.03054,49.28571],[-123.03053,49.22649],[-123.03053,49.23028],[-123.03053,49.24783],[-123.03052,49.22915],[-123.03051,49.21588],[-123.03051,49.22251],[-123.03051,49.22934],[-123.03051,49.26024],[-123.0305,49.22698],[-123.0305,49.23535],[-123.0305,49.25008],[-123.03049,49.23284],[-123.03049,49.2431],[-123.03049,49.24663],[-123.03048,49.21154],[-123.03048,49.2462],[-123.03048,49.24627],[-123.03047,49.23341],[-123.03047,49.24668],[-123.03047,49.24744],[-123.03047,49.24748],[-123.03047,49.25316],[-123.03046,49.23187],[-123.03046,49.24703],[-123.03045,49.21142],[-123.03045,49.22268],[-123.03045,49.22825],[-123.03045,49.23414],[-123.03045,49.23649],[-123.03045,49.23673],[-123.03045,49.23812],[-123.03045,49.23818],[-123.03045,49.27339],[-123.03044,49.23445],[-123.03044,49.25012],[-123.03043,49.23077],[-123.03043,49.26237],[-123.03043,49.27322],[-123.03043,49.274],[-123.03042,49.22915],[-123.03042,49.23086],[-123.0304,49.21152],[-123.0304,49.2328],[-123.03039,49.22644],[-123.03038,49.25479],[-123.03037,49.20523],[-123.03037,49.22637],[-123.03037,49.23344],[-123.03037,49.25458],[-123.03037,49.25489],[-123.03036,49.21593],[-123.03036,49.23393],[-123.03036,49.23526],[-123.03036,49.25409],[-123.03034,49.22264],[-123.03034,49.24145],[-123.03034,49.25339],[-123.03034,49.25903],[-123.03034,49.27426],[-123.03033,49.23283],[-123.03033,49.25985],[-123.03033,49.26016],[-123.03032,49.25618],[-123.03031,49.2288],[-123.03031,49.22884],[-123.03031,49.23286],[-123.0303,49.2059],[-123.03028,49.24143],[-123.03027,49.24243],[-123.03027,49.25334],[-123.03027,49.25453],[-123.03026,49.25728],[-123.03026,49.28615],[-123.03025,49.22921],[-123.03025,49.25272],[-123.03025,49.25397],[-123.03025,49.25622],[-123.03025,49.27749],[-123.03025,49.28618],[-123.03024,49.22929],[-123.03023,49.20578],[-123.03023,49.2425],[-123.03023,49.27418],[-123.03023,49.27754],[-123.03021,49.24443],[-123.03021,49.25163],[-123.0302,49.22693],[-123.0302,49.22697],[-123.0302,49.26054],[-123.0302,49.27917],[-123.03019,49.24349],[-123.03019,49.24703],[-123.03019,49.25804],[-123.03018,49.24357],[-123.03018,49.24711],[-123.03018,49.25904],[-123.03017,49.25985],[-123.03017,49.2604],[-123.03016,49.25215],[-123.03016,49.25814],[-123.03016,49.27754],[-123.03015,49.28964],[-123.03014,49.25825],[-123.03013,49.23499],[-123.03013,49.24347],[-123.03013,49.25861],[-123.03013,49.2623],[-123.03013,49.28965],[-123.03012,49.23736],[-123.03012,49.25454],[-123.03012,49.26048],[-123.03011,49.22021],[-123.03011,49.25334],[-123.0301,49.24435],[-123.0301,49.24455],[-123.03009,49.21504],[-123.03009,49.24019],[-123.03009,49.25722],[-123.03006,49.23746],[-123.03006,49.28661],[-123.03005,49.23508],[-123.03005,49.25221],[-123.03004,49.25339],[-123.03004,49.26572],[-123.03002,49.22579],[-123.03002,49.22584],[-123.03002,49.23996],[-123.03002,49.25717],[-123.03002,49.28956],[-123.03001,49.24179],[-123.03001,49.25149],[-123.03001,49.26562],[-123.02999,49.24433],[-123.02999,49.25135],[-123.02997,49.22019],[-123.02996,49.23883],[-123.02996,49.24531],[-123.02995,49.24012],[-123.02995,49.24296],[-123.02995,49.24538],[-123.02994,49.23936],[-123.02993,49.21505],[-123.02993,49.22115],[-123.02993,49.23072],[-123.02993,49.24003],[-123.02993,49.25056],[-123.02993,49.26944],[-123.02993,49.26949],[-123.02993,49.26958],[-123.02992,49.21417],[-123.02992,49.2394],[-123.02992,49.24289],[-123.02992,49.26557],[-123.02991,49.23625],[-123.02989,49.26931],[-123.02989,49.26979],[-123.02988,49.23636],[-123.02988,49.23879],[-123.02987,49.23072],[-123.02987,49.25068],[-123.02987,49.25309],[-123.02984,49.25371],[-123.02984,49.27375],[-123.02983,49.20515],[-123.02983,49.21331],[-123.02983,49.25306],[-123.02982,49.20667],[-123.02982,49.26557],[-123.02981,49.24783],[-123.02981,49.24792],[-123.0298,49.24962],[-123.0298,49.24969],[-123.0298,49.28988],[-123.02979,49.22115],[-123.02979,49.26272],[-123.02978,49.21278],[-123.02978,49.28202],[-123.02978,49.28209],[-123.02977,49.25106],[-123.02977,49.2511],[-123.02977,49.26616],[-123.02977,49.2662],[-123.02977,49.28292],[-123.02977,49.283],[-123.02977,49.28473],[-123.02977,49.2848],[-123.02977,49.28564],[-123.02977,49.28571],[-123.02976,49.21419],[-123.02974,49.24339],[-123.02974,49.2666],[-123.02974,49.26667],[-123.02973,49.26366],[-123.02972,49.21744],[-123.02971,49.27407],[-123.0297,49.24337],[-123.0297,49.25307],[-123.02969,49.2749],[-123.02968,49.275],[-123.02967,49.21332],[-123.02966,49.25717],[-123.02966,49.26463],[-123.02965,49.24336],[-123.02965,49.2573],[-123.02965,49.27785],[-123.02964,49.24035],[-123.02964,49.24343],[-123.02964,49.25689],[-123.02964,49.26363],[-123.02964,49.27783],[-123.02963,49.21159],[-123.02963,49.25312],[-123.02963,49.28121],[-123.02963,49.28383],[-123.02962,49.24039],[-123.02961,49.21738],[-123.02961,49.25482],[-123.02961,49.26852],[-123.0296,49.25723],[-123.02959,49.2235],[-123.02959,49.24341],[-123.02959,49.28103],[-123.02958,49.21215],[-123.02958,49.2569],[-123.02957,49.25536],[-123.02957,49.28036],[-123.02956,49.20686],[-123.02956,49.26463],[-123.02955,49.20572],[-123.02955,49.2568],[-123.02955,49.2866],[-123.02953,49.20789],[-123.02953,49.27371],[-123.02952,49.20585],[-123.02951,49.20799],[-123.02949,49.25482],[-123.02948,49.2222],[-123.02948,49.26269],[-123.02947,49.25174],[-123.02946,49.20924],[-123.02945,49.20911],[-123.02944,49.2378],[-123.02944,49.25568],[-123.02944,49.28994],[-123.02943,49.25398],[-123.02942,49.21153],[-123.02941,49.25406],[-123.0294,49.25178],[-123.02938,49.28674],[-123.02937,49.28667],[-123.02936,49.25394],[-123.02936,49.27316],[-123.02936,49.27334],[-123.02934,49.22217],[-123.02933,49.23278],[-123.02933,49.23334],[-123.02933,49.23393],[-123.02933,49.24376],[-123.02932,49.20673],[-123.02932,49.23441],[-123.02932,49.23442],[-123.02931,49.25412],[-123.02931,49.25557],[-123.0293,49.20508],[-123.0293,49.21797],[-123.0293,49.24101],[-123.02929,49.24379],[-123.02929,49.25568],[-123.02928,49.25341],[-123.02927,49.24711],[-123.02926,49.23071],[-123.02925,49.26991],[-123.02924,49.24525],[-123.02924,49.24549],[-123.02924,49.24745],[-123.02923,49.23393],[-123.02923,49.24634],[-123.02922,49.23334],[-123.02921,49.23437],[-123.02921,49.23438],[-123.02921,49.24628],[-123.02921,49.24634],[-123.02921,49.25345],[-123.02921,49.2775],[-123.0292,49.23253],[-123.0292,49.24699],[-123.0292,49.25393],[-123.02918,49.24031],[-123.02918,49.26312],[-123.02918,49.29029],[-123.02917,49.24491],[-123.02917,49.24525],[-123.02917,49.24548],[-123.02917,49.24745],[-123.02916,49.2402],[-123.02915,49.21777],[-123.02915,49.23071],[-123.02915,49.24096],[-123.02914,49.24026],[-123.02914,49.2556],[-123.02913,49.22961],[-123.02913,49.2557],[-123.02913,49.27754],[-123.02912,49.23475],[-123.02912,49.26553],[-123.02911,49.23214],[-123.0291,49.2288],[-123.0291,49.22884],[-123.0291,49.23195],[-123.0291,49.25707],[-123.02909,49.25563],[-123.02908,49.23588],[-123.02908,49.23975],[-123.02906,49.23076],[-123.02906,49.25393],[-123.02906,49.27754],[-123.02905,49.26553],[-123.02904,49.22964],[-123.02904,49.22968],[-123.02904,49.23086],[-123.02904,49.23958],[-123.02902,49.23484],[-123.02901,49.26931],[-123.029,49.2066],[-123.029,49.23971],[-123.02899,49.26944],[-123.02899,49.26949],[-123.02899,49.26958],[-123.02897,49.22913],[-123.02897,49.23842],[-123.02897,49.23963],[-123.02896,49.25368],[-123.02895,49.23594],[-123.02895,49.25429],[-123.02894,49.25653],[-123.02893,49.22364],[-123.02892,49.25364],[-123.0289,49.26798],[-123.02889,49.25425],[-123.02888,49.23838],[-123.02888,49.24443],[-123.02888,49.25651],[-123.02887,49.22907],[-123.02887,49.25595],[-123.02886,49.2368],[-123.02884,49.2405],[-123.02883,49.25367],[-123.02882,49.24406],[-123.02882,49.24455],[-123.0288,49.21849],[-123.0288,49.23601],[-123.0288,49.27023],[-123.02878,49.22879],[-123.02877,49.22884],[-123.02877,49.2369],[-123.02877,49.24008],[-123.02877,49.24416],[-123.02876,49.22299],[-123.02876,49.23253],[-123.02875,49.22371],[-123.02875,49.27335],[-123.02873,49.24621],[-123.02873,49.24628],[-123.02873,49.25375],[-123.02873,49.26105],[-123.02873,49.26843],[-123.0287,49.24704],[-123.0287,49.24784],[-123.0287,49.24793],[-123.0287,49.25119],[-123.0287,49.2542],[-123.0287,49.27072],[-123.02869,49.22929],[-123.02869,49.24532],[-123.02869,49.24539],[-123.02869,49.24712],[-123.02868,49.2292],[-123.02868,49.23595],[-123.02868,49.24745],[-123.02868,49.24748],[-123.02868,49.24875],[-123.02867,49.21845],[-123.02867,49.24883],[-123.02867,49.26572],[-123.02867,49.2666],[-123.02867,49.26667],[-123.02867,49.2685],[-123.02866,49.23729],[-123.02866,49.25964],[-123.02865,49.25425],[-123.02865,49.26562],[-123.02864,49.26752],[-123.02863,49.24003],[-123.02863,49.24396],[-123.02863,49.25986],[-123.02863,49.26615],[-123.02863,49.26621],[-123.02863,49.26707],[-123.02863,49.26712],[-123.02863,49.26758],[-123.02863,49.26799],[-123.02863,49.26803],[-123.02862,49.24011],[-123.02861,49.24007],[-123.02861,49.24524],[-123.02861,49.24615],[-123.02861,49.25126],[-123.02861,49.27368],[-123.02861,49.27373],[-123.0286,49.20498],[-123.0286,49.21086],[-123.0286,49.24698],[-123.0286,49.24742],[-123.0286,49.24779],[-123.0286,49.26349],[-123.0286,49.2749],[-123.02859,49.20668],[-123.02859,49.24866],[-123.02859,49.24958],[-123.02859,49.25855],[-123.02859,49.25922],[-123.02859,49.26327],[-123.02858,49.2505],[-123.02858,49.25103],[-123.02858,49.25234],[-123.02858,49.25966],[-123.02858,49.25981],[-123.02858,49.27822],[-123.02857,49.26102],[-123.02857,49.26129],[-123.02857,49.26434],[-123.02856,49.23564],[-123.02856,49.25797],[-123.02856,49.26557],[-123.02856,49.2745],[-123.02856,49.27455],[-123.02856,49.27903],[-123.02855,49.20581],[-123.02855,49.23071],[-123.02855,49.23564],[-123.02855,49.26654],[-123.02855,49.26767],[-123.02855,49.27533],[-123.02855,49.27538],[-123.02855,49.27739],[-123.02855,49.27829],[-123.02855,49.27911],[-123.02854,49.21095],[-123.02854,49.26714],[-123.02854,49.26834],[-123.02854,49.27408],[-123.02854,49.27415],[-123.02853,49.26966],[-123.02853,49.27497],[-123.02852,49.24609],[-123.02851,49.25238],[-123.0285,49.24524],[-123.0285,49.27748],[-123.02849,49.20569],[-123.02849,49.23071],[-123.02849,49.24694],[-123.02849,49.24741],[-123.02849,49.24771],[-123.02848,49.20491],[-123.02848,49.24186],[-123.02848,49.24867],[-123.02848,49.24958],[-123.02848,49.25049],[-123.02848,49.25103],[-123.02847,49.25797],[-123.02847,49.27342],[-123.02847,49.27828],[-123.02846,49.23571],[-123.02845,49.2357],[-123.02845,49.27376],[-123.02845,49.27422],[-123.02845,49.27504],[-123.02844,49.22712],[-123.02843,49.20796],[-123.02843,49.25922],[-123.02843,49.2597],[-123.02842,49.20513],[-123.02842,49.25993],[-123.02841,49.23819],[-123.02841,49.26113],[-123.02841,49.26135],[-123.02841,49.26923],[-123.0284,49.24533],[-123.0284,49.26435],[-123.0284,49.26557],[-123.0284,49.26654],[-123.0284,49.26705],[-123.0284,49.26773],[-123.0284,49.28126],[-123.02839,49.2049],[-123.02839,49.22712],[-123.02839,49.24455],[-123.02839,49.25069],[-123.02839,49.25341],[-123.02839,49.25723],[-123.02839,49.26835],[-123.02839,49.27754],[-123.02839,49.28216],[-123.02839,49.28557],[-123.02839,49.2866],[-123.02838,49.25058],[-123.02838,49.27835],[-123.02838,49.27916],[-123.02838,49.28034],[-123.02837,49.2454],[-123.02837,49.25729],[-123.02837,49.25766],[-123.02837,49.2577],[-123.02837,49.28305],[-123.02837,49.28468],[-123.02836,49.28729],[-123.02836,49.28843],[-123.02835,49.20539],[-123.02835,49.2418],[-123.02835,49.24274],[-123.02835,49.28784],[-123.02834,49.24165],[-123.02834,49.25345],[-123.02834,49.27376],[-123.02834,49.27422],[-123.02834,49.27505],[-123.02834,49.28962],[-123.02833,49.20654],[-123.02833,49.25804],[-123.02833,49.27343],[-123.02832,49.26119],[-123.02831,49.20955],[-123.0283,49.20511],[-123.0283,49.26131],[-123.02829,49.24171],[-123.02829,49.24272],[-123.02828,49.25826],[-123.02828,49.27753],[-123.02828,49.27835],[-123.02827,49.23926],[-123.02827,49.27916],[-123.02827,49.28034],[-123.02827,49.28729],[-123.02827,49.28784],[-123.02826,49.2406],[-123.02826,49.28306],[-123.02826,49.28466],[-123.02826,49.28843],[-123.02825,49.23696],[-123.02825,49.26016],[-123.02825,49.28126],[-123.02825,49.28216],[-123.02825,49.28557],[-123.02824,49.2866],[-123.02823,49.26935],[-123.02823,49.29068],[-123.02822,49.20494],[-123.02822,49.26943],[-123.02821,49.20537],[-123.02821,49.23434],[-123.02821,49.23435],[-123.02821,49.24042],[-123.0282,49.23494],[-123.0282,49.28035],[-123.0282,49.29051],[-123.02819,49.20502],[-123.02819,49.23402],[-123.02819,49.24056],[-123.02819,49.27903],[-123.02819,49.28676],[-123.02818,49.20674],[-123.02818,49.20947],[-123.02818,49.2791],[-123.02816,49.20589],[-123.02816,49.21885],[-123.02816,49.24048],[-123.02816,49.28104],[-123.02816,49.28121],[-123.02816,49.28666],[-123.02814,49.28104],[-123.02814,49.28121],[-123.02813,49.26005],[-123.02813,49.26016],[-123.02813,49.28429],[-123.02813,49.28433],[-123.02813,49.29059],[-123.02812,49.25422],[-123.02811,49.21877],[-123.02811,49.28381],[-123.02811,49.28391],[-123.02811,49.28481],[-123.0281,49.26949],[-123.0281,49.28472],[-123.0281,49.2852],[-123.0281,49.28524],[-123.0281,49.28562],[-123.0281,49.28572],[-123.02809,49.26958],[-123.02809,49.28615],[-123.02809,49.28618],[-123.02808,49.20787],[-123.02808,49.23402],[-123.02806,49.23432],[-123.02806,49.23433],[-123.02806,49.23493],[-123.02803,49.20777],[-123.02803,49.22636],[-123.02803,49.22643],[-123.02803,49.25421],[-123.02802,49.22465],[-123.02802,49.22526],[-123.02802,49.24386],[-123.02802,49.25426],[-123.02802,49.26926],[-123.02799,49.2247],[-123.02799,49.22693],[-123.02799,49.24921],[-123.02799,49.24926],[-123.02798,49.22697],[-123.02798,49.23219],[-123.02797,49.238],[-123.02797,49.24616],[-123.02797,49.24623],[-123.02797,49.26124],[-123.02797,49.27963],[-123.02794,49.20582],[-123.02794,49.23201],[-123.02793,49.22531],[-123.02793,49.23682],[-123.02792,49.20583],[-123.02792,49.22587],[-123.02792,49.24366],[-123.02792,49.24522],[-123.02792,49.2461],[-123.0279,49.22649],[-123.0279,49.24383],[-123.0279,49.24694],[-123.0279,49.25497],[-123.02789,49.23408],[-123.02789,49.23417],[-123.02789,49.23798],[-123.02789,49.24526],[-123.02789,49.2572],[-123.02788,49.2049],[-123.02788,49.23071],[-123.02787,49.20497],[-123.02787,49.24371],[-123.02787,49.27752],[-123.02786,49.23002],[-123.02786,49.2369],[-123.02786,49.24523],[-123.02786,49.25494],[-123.02786,49.27959],[-123.02785,49.22826],[-123.02785,49.2416],[-123.02785,49.24533],[-123.02785,49.24611],[-123.02785,49.24695],[-123.02784,49.22889],[-123.02784,49.24254],[-123.02784,49.24454],[-123.02784,49.27372],[-123.02783,49.22532],[-123.02783,49.24496],[-123.02783,49.27368],[-123.02782,49.22519],[-123.02781,49.21949],[-123.02781,49.22586],[-123.0278,49.22519],[-123.0278,49.24616],[-123.0278,49.24623],[-123.0278,49.2774],[-123.02779,49.22649],[-123.02779,49.24158],[-123.02779,49.24576],[-123.02779,49.2458],[-123.02778,49.23071],[-123.02778,49.24972],[-123.02778,49.25451],[-123.02776,49.23002],[-123.02776,49.23528],[-123.02776,49.24965],[-123.02775,49.22801],[-123.02775,49.22833],[-123.02774,49.22526],[-123.02774,49.28676],[-123.02773,49.22892],[-123.02772,49.21944],[-123.02772,49.22579],[-123.02772,49.22584],[-123.02772,49.22636],[-123.02772,49.25448],[-123.02771,49.22643],[-123.0277,49.20643],[-123.0277,49.24248],[-123.0277,49.27318],[-123.02768,49.22691],[-123.02768,49.22726],[-123.02768,49.22733],[-123.02768,49.23536],[-123.02768,49.23682],[-123.02768,49.28718],[-123.02767,49.22696],[-123.02767,49.22808],[-123.02767,49.23076],[-123.02766,49.22815],[-123.02766,49.26388],[-123.02766,49.28723],[-123.02765,49.23085],[-123.02765,49.2876],[-123.02764,49.22862],[-123.02764,49.22866],[-123.02764,49.22929],[-123.02764,49.2435],[-123.02764,49.25712],[-123.02762,49.22919],[-123.02762,49.23394],[-123.02761,49.28815],[-123.0276,49.21021],[-123.0276,49.24429],[-123.0276,49.28656],[-123.02758,49.25115],[-123.02757,49.24249],[-123.02757,49.24348],[-123.02757,49.24406],[-123.02756,49.26419],[-123.02756,49.28656],[-123.02756,49.28767],[-123.02755,49.27023],[-123.02754,49.23394],[-123.02754,49.25011],[-123.02754,49.25016],[-123.02753,49.25165],[-123.02752,49.28774],[-123.02752,49.28814],[-123.02751,49.25051],[-123.02751,49.25108],[-123.02751,49.25684],[-123.02751,49.28015],[-123.02751,49.28024],[-123.0275,49.24256],[-123.0275,49.25444],[-123.0275,49.28666],[-123.02749,49.2507],[-123.02749,49.28676],[-123.02747,49.21056],[-123.02746,49.25058],[-123.02746,49.25169],[-123.02745,49.20622],[-123.02745,49.21016],[-123.02745,49.25465],[-123.02745,49.25825],[-123.02745,49.28818],[-123.02744,49.2568],[-123.02744,49.25806],[-123.02744,49.28822],[-123.02743,49.21055],[-123.02743,49.25448],[-123.02741,49.21064],[-123.02741,49.21066],[-123.02741,49.27184],[-123.0274,49.24786],[-123.0274,49.24793],[-123.02739,49.23612],[-123.02739,49.2546],[-123.02739,49.26567],[-123.02739,49.26577],[-123.02738,49.24438],[-123.02738,49.26567],[-123.02737,49.23612],[-123.02736,49.28839],[-123.02735,49.24439],[-123.02734,49.26958],[-123.02733,49.20616],[-123.02733,49.26946],[-123.02733,49.2749],[-123.02733,49.27497],[-123.02731,49.22542],[-123.02731,49.24454],[-123.0273,49.22266],[-123.02729,49.21068],[-123.02729,49.23621],[-123.02729,49.23886],[-123.02729,49.24442],[-123.02729,49.247],[-123.02729,49.24707],[-123.02729,49.2568],[-123.02728,49.24374],[-123.02728,49.28429],[-123.02728,49.28434],[-123.02728,49.28886],[-123.02727,49.2362],[-123.02726,49.27186],[-123.02726,49.27187],[-123.02724,49.22542],[-123.02724,49.24386],[-123.02722,49.25263],[-123.02721,49.23891],[-123.02721,49.24227],[-123.02721,49.26965],[-123.0272,49.20652],[-123.0272,49.22738],[-123.02719,49.28339],[-123.02719,49.28885],[-123.02718,49.23072],[-123.02718,49.2466],[-123.02718,49.27191],[-123.02718,49.27408],[-123.02718,49.27537],[-123.02717,49.22275],[-123.02717,49.27415],[-123.02717,49.27533],[-123.02716,49.21065],[-123.02716,49.24224],[-123.02716,49.27408],[-123.02715,49.22821],[-123.02715,49.24664],[-123.02715,49.25267],[-123.02715,49.2568],[-123.02715,49.28201],[-123.02715,49.28343],[-123.02714,49.22738],[-123.02714,49.2642],[-123.02714,49.27415],[-123.02713,49.24328],[-123.02713,49.2821],[-123.02713,49.28867],[-123.02712,49.26948],[-123.02712,49.28069],[-123.02712,49.28201],[-123.02712,49.2821],[-123.02711,49.23758],[-123.02711,49.26935],[-123.02711,49.26947],[-123.02711,49.26957],[-123.0271,49.20794],[-123.0271,49.23072],[-123.0271,49.26944],[-123.0271,49.28872],[-123.02708,49.22771],[-123.02708,49.2282],[-123.02708,49.23893],[-123.02708,49.2812],[-123.02707,49.26976],[-123.02707,49.28381],[-123.02707,49.28391],[-123.02706,49.22768],[-123.02706,49.26451],[-123.02705,49.2066],[-123.02705,49.20784],[-123.02705,49.23176],[-123.02705,49.23401],[-123.02705,49.24922],[-123.02704,49.24927],[-123.02704,49.2816],[-123.02704,49.28161],[-123.02703,49.25474],[-123.02703,49.25483],[-123.02703,49.26924],[-123.02703,49.28104],[-123.02702,49.23754],[-123.02702,49.23891],[-123.02701,49.25653],[-123.02701,49.28291],[-123.02701,49.283],[-123.027,49.21972],[-123.027,49.28291],[-123.027,49.283],[-123.02699,49.2454],[-123.02698,49.25476],[-123.02698,49.28562],[-123.02697,49.20477],[-123.02697,49.24325],[-123.02697,49.24532],[-123.02697,49.2774],[-123.02697,49.27748],[-123.02697,49.28572],[-123.02696,49.28918],[-123.02695,49.20482],[-123.02695,49.2565],[-123.02695,49.28926],[-123.02694,49.20618],[-123.02694,49.23401],[-123.02693,49.23173],[-123.02692,49.21973],[-123.02691,49.28922],[-123.0269,49.2065],[-123.0269,49.23225],[-123.0269,49.23649],[-123.02689,49.27455],[-123.02688,49.254],[-123.02688,49.2745],[-123.02688,49.27782],[-123.02688,49.27786],[-123.02688,49.28481],[-123.02687,49.28472],[-123.02686,49.2064],[-123.02686,49.22113],[-123.02686,49.28767],[-123.02686,49.28774],[-123.02685,49.24326],[-123.02685,49.25651],[-123.02682,49.23646],[-123.0268,49.23516],[-123.0268,49.23637],[-123.0268,49.23928],[-123.02679,49.21138],[-123.02678,49.23417],[-123.02678,49.25406],[-123.02678,49.26926],[-123.02677,49.23408],[-123.02677,49.23636],[-123.02677,49.26924],[-123.02676,49.23932],[-123.02676,49.24334],[-123.02676,49.27318],[-123.02676,49.27333],[-123.02675,49.28961],[-123.02674,49.28666],[-123.02674,49.28676],[-123.02673,49.24883],[-123.02672,49.22112],[-123.02672,49.24876],[-123.02672,49.27821],[-123.02671,49.22692],[-123.02671,49.22695],[-123.0267,49.26946],[-123.02669,49.247],[-123.02668,49.22535],[-123.02668,49.23511],[-123.02668,49.26946],[-123.02668,49.2783],[-123.02667,49.21131],[-123.02667,49.24876],[-123.02667,49.24883],[-123.02667,49.26472],[-123.02666,49.26933],[-123.02663,49.25502],[-123.02663,49.28978],[-123.02661,49.22534],[-123.0266,49.20661],[-123.0266,49.28967],[-123.0266,49.28974],[-123.02659,49.25513],[-123.02658,49.28866],[-123.02658,49.28873],[-123.02656,49.25641],[-123.02656,49.28967],[-123.02655,49.26944],[-123.02654,49.23201],[-123.02653,49.24391],[-123.02653,49.26958],[-123.02652,49.22123],[-123.02652,49.25825],[-123.02651,49.25807],[-123.02646,49.24304],[-123.02645,49.22013],[-123.02644,49.24087],[-123.02644,49.2749],[-123.02644,49.27497],[-123.02643,49.2355],[-123.02643,49.23967],[-123.02642,49.22026],[-123.02642,49.24707],[-123.02641,49.24302],[-123.02641,49.24833],[-123.02641,49.24838],[-123.02641,49.2521],[-123.02641,49.25524],[-123.02641,49.26458],[-123.02641,49.28656],[-123.0264,49.23202],[-123.0264,49.24384],[-123.0264,49.24744],[-123.0264,49.24748],[-123.0264,49.24787],[-123.0264,49.24794],[-123.0264,49.24923],[-123.0264,49.24927],[-123.0264,49.25515],[-123.02639,49.24093],[-123.02639,49.24201],[-123.02639,49.24837],[-123.02638,49.23073],[-123.02638,49.27367],[-123.02638,49.27372],[-123.02637,49.27451],[-123.02637,49.27455],[-123.02636,49.23975],[-123.02635,49.23847],[-123.02634,49.25214],[-123.02633,49.20663],[-123.02633,49.25203],[-123.02632,49.23208],[-123.02632,49.23545],[-123.02631,49.22225],[-123.02631,49.24208],[-123.02631,49.24781],[-123.02631,49.2487],[-123.02631,49.25365],[-123.02631,49.27868],[-123.0263,49.23173],[-123.0263,49.23177],[-123.0263,49.24898],[-123.0263,49.25315],[-123.0263,49.25807],[-123.02629,49.22919],[-123.02629,49.23977],[-123.02629,49.2505],[-123.02629,49.25142],[-123.02629,49.26944],[-123.02629,49.27864],[-123.02628,49.24525],[-123.02628,49.24574],[-123.02628,49.2461],[-123.02628,49.26957],[-123.02627,49.24692],[-123.02627,49.2532],[-123.02627,49.25604],[-123.02627,49.27416],[-123.02626,49.22237],[-123.02626,49.27533],[-123.02625,49.20804],[-123.02625,49.2202],[-123.02625,49.22929],[-123.02625,49.27537],[-123.02624,49.2521],[-123.02624,49.25369],[-123.02624,49.29073],[-123.02623,49.24525],[-123.02623,49.25799],[-123.02622,49.256],[-123.02621,49.20601],[-123.02621,49.23974],[-123.02621,49.2461],[-123.0262,49.2201],[-123.0262,49.24692],[-123.0262,49.24781],[-123.02619,49.23528],[-123.02619,49.24579],[-123.02619,49.2487],[-123.02619,49.24893],[-123.02619,49.25142],[-123.02619,49.25617],[-123.02619,49.25761],[-123.02619,49.27338],[-123.02618,49.20791],[-123.02618,49.2505],[-123.02618,49.25755],[-123.02617,49.20586],[-123.02616,49.25676],[-123.02616,49.27336],[-123.02616,49.27376],[-123.02616,49.27422],[-123.02615,49.22217],[-123.02615,49.25357],[-123.02615,49.25366],[-123.02615,49.27503],[-123.02614,49.25542],[-123.02614,49.25681],[-123.02611,49.20584],[-123.02611,49.24876],[-123.0261,49.24744],[-123.0261,49.24748],[-123.0261,49.25071],[-123.02609,49.24883],[-123.02609,49.2506],[-123.02609,49.25149],[-123.02609,49.25155],[-123.02609,49.25192],[-123.02609,49.25714],[-123.02608,49.2511],[-123.02608,49.29124],[-123.02607,49.22472],[-123.02607,49.25114],[-123.02606,49.25748],[-123.02605,49.20664],[-123.02605,49.22531],[-123.02605,49.25797],[-123.02605,49.27338],[-123.02605,49.27374],[-123.02605,49.27421],[-123.02604,49.22798],[-123.02604,49.27504],[-123.02603,49.25539],[-123.02602,49.23653],[-123.02602,49.25538],[-123.02601,49.20605],[-123.02601,49.22642],[-123.026,49.24011],[-123.02599,49.23286],[-123.02599,49.23401],[-123.02599,49.25748],[-123.02599,49.25796],[-123.02598,49.23338],[-123.02598,49.25542],[-123.02597,49.24015],[-123.02596,49.22473],[-123.02596,49.23651],[-123.02596,49.25541],[-123.02596,49.2568],[-123.02596,49.25714],[-123.02596,49.27406],[-123.02596,49.27416],[-123.02596,49.27498],[-123.02594,49.20602],[-123.02594,49.22531],[-123.02593,49.20462],[-123.02593,49.22798],[-123.02593,49.27405],[-123.02592,49.27027],[-123.02592,49.27491],[-123.02592,49.2791],[-123.02591,49.27036],[-123.0259,49.25755],[-123.0259,49.27903],[-123.02589,49.25761],[-123.02589,49.27534],[-123.02589,49.27538],[-123.02587,49.21184],[-123.02586,49.22469],[-123.02584,49.22525],[-123.02584,49.22807],[-123.02584,49.23286],[-123.02584,49.23339],[-123.02584,49.23402],[-123.02584,49.24121],[-123.02584,49.29112],[-123.02583,49.22025],[-123.02583,49.22094],[-123.02583,49.22519],[-123.02583,49.22579],[-123.02583,49.22814],[-123.02583,49.27451],[-123.02583,49.27455],[-123.02582,49.22583],[-123.02582,49.22635],[-123.02581,49.26674],[-123.0258,49.24124],[-123.0258,49.25573],[-123.0258,49.28127],[-123.02579,49.21176],[-123.02578,49.25657],[-123.02578,49.28034],[-123.02577,49.23824],[-123.02577,49.27753],[-123.02577,49.28222],[-123.02576,49.23538],[-123.02576,49.27835],[-123.02576,49.27916],[-123.02575,49.22172],[-123.02575,49.23537],[-123.02575,49.28305],[-123.02575,49.28396],[-123.02575,49.28487],[-123.02574,49.23265],[-123.02574,49.28656],[-123.02574,49.28756],[-123.02574,49.28856],[-123.02574,49.28955],[-123.02574,49.28983],[-123.02573,49.20805],[-123.02573,49.22025],[-123.02573,49.22093],[-123.02573,49.2323],[-123.02573,49.25568],[-123.02572,49.2383],[-123.02571,49.20795],[-123.02569,49.23408],[-123.02569,49.25663],[-123.02569,49.25667],[-123.02567,49.23417],[-123.02567,49.23547],[-123.02566,49.23546],[-123.02566,49.24054],[-123.02565,49.21493],[-123.02565,49.22087],[-123.02565,49.22091],[-123.02565,49.24045],[-123.02565,49.26675],[-123.02565,49.27752],[-123.02565,49.27835],[-123.02565,49.27917],[-123.02564,49.22052],[-123.02564,49.28305],[-123.02564,49.28488],[-123.02564,49.28657],[-123.02564,49.28955],[-123.02563,49.22059],[-123.02563,49.28127],[-123.02563,49.28214],[-123.02563,49.28756],[-123.02563,49.28815],[-123.02563,49.28861],[-123.02563,49.28983],[-123.02563,49.29053],[-123.02562,49.21843],[-123.02562,49.28397],[-123.02561,49.22013],[-123.0256,49.2406],[-123.0256,49.26493],[-123.02559,49.25569],[-123.02558,49.20662],[-123.02558,49.26518],[-123.02557,49.2791],[-123.02556,49.2782],[-123.02556,49.2783],[-123.02556,49.29123],[-123.02555,49.24043],[-123.02555,49.24439],[-123.02555,49.27903],[-123.02554,49.20668],[-123.02553,49.29114],[-123.02552,49.24884],[-123.02552,49.28719],[-123.02552,49.28722],[-123.02552,49.28818],[-123.02552,49.28822],[-123.02551,49.21389],[-123.02551,49.27738],[-123.02551,49.28616],[-123.02551,49.2892],[-123.0255,49.21493],[-123.0255,49.21847],[-123.0255,49.28011],[-123.0255,49.28028],[-123.0255,49.28472],[-123.02549,49.27748],[-123.02549,49.28616],[-123.02548,49.25761],[-123.02548,49.28201],[-123.02548,49.2821],[-123.02548,49.28291],[-123.02548,49.283],[-123.02548,49.28339],[-123.02548,49.28343],[-123.02548,49.28571],[-123.02547,49.2442],[-123.02547,49.24432],[-123.02547,49.25752],[-123.02547,49.28248],[-123.02547,49.28253],[-123.02547,49.28482],[-123.02547,49.2852],[-123.02547,49.28563],[-123.02547,49.28676],[-123.02547,49.28767],[-123.02547,49.28818],[-123.02547,49.28822],[-123.02547,49.28867],[-123.02547,49.28873],[-123.02546,49.23694],[-123.02546,49.24972],[-123.02546,49.28104],[-123.02546,49.2812],[-123.02546,49.28382],[-123.02546,49.28391],[-123.02546,49.28774],[-123.02545,49.20656],[-123.02545,49.28524],[-123.02545,49.29021],[-123.02545,49.2912],[-123.02544,49.21205],[-123.02544,49.21475],[-123.02544,49.25827],[-123.02544,49.28104],[-123.02544,49.2812],[-123.02544,49.28973],[-123.02544,49.29116],[-123.02543,49.28966],[-123.02543,49.29017],[-123.02543,49.29065],[-123.02542,49.21486],[-123.02542,49.23712],[-123.02542,49.24943],[-123.02541,49.25049],[-123.02541,49.25807],[-123.0254,49.21572],[-123.0254,49.23699],[-123.0254,49.26016],[-123.02539,49.24432],[-123.02539,49.25692],[-123.02539,49.28665],[-123.02538,49.22742],[-123.02538,49.23708],[-123.02538,49.29072],[-123.02537,49.20454],[-123.02537,49.21392],[-123.02535,49.2046],[-123.02531,49.21199],[-123.02531,49.22741],[-123.02531,49.24942],[-123.02531,49.24945],[-123.02531,49.25693],[-123.02531,49.27322],[-123.0253,49.25048],[-123.0253,49.27313],[-123.02529,49.25349],[-123.02529,49.2548],[-123.02528,49.25658],[-123.02527,49.2157],[-123.02527,49.24972],[-123.02527,49.24985],[-123.02527,49.26935],[-123.02527,49.26949],[-123.02527,49.26957],[-123.02527,49.27026],[-123.02526,49.23929],[-123.02526,49.26931],[-123.02526,49.26943],[-123.02526,49.27037],[-123.02525,49.23866],[-123.02524,49.22201],[-123.02524,49.23874],[-123.02523,49.23922],[-123.02523,49.25311],[-123.02522,49.24153],[-123.02522,49.25349],[-123.02522,49.2549],[-123.02521,49.21231],[-123.02521,49.25363],[-123.02521,49.25659],[-123.0252,49.20646],[-123.0252,49.2221],[-123.02518,49.21297],[-123.02518,49.24258],[-123.02518,49.27037],[-123.02517,49.24031],[-123.02517,49.24161],[-123.02516,49.21661],[-123.02516,49.21759],[-123.02516,49.23208],[-123.02515,49.23818],[-123.02515,49.23877],[-123.02514,49.24098],[-123.02514,49.24312],[-123.02514,49.24881],[-123.02514,49.25794],[-123.02513,49.22583],[-123.02512,49.23119],[-123.02512,49.24075],[-123.02512,49.24267],[-123.02512,49.24316],[-123.02511,49.25801],[-123.0251,49.23026],[-123.02509,49.24441],[-123.02509,49.24706],[-123.02509,49.25545],[-123.02508,49.23795],[-123.02507,49.21229],[-123.02507,49.26138],[-123.02506,49.24699],[-123.02506,49.24883],[-123.02505,49.24787],[-123.02505,49.24793],[-123.02505,49.26006],[-123.02505,49.26016],[-123.02504,49.21298],[-123.02504,49.23813],[-123.02504,49.23893],[-123.02503,49.24453],[-123.02502,49.2411],[-123.02501,49.21662],[-123.02501,49.21757],[-123.02501,49.23121],[-123.02501,49.23208],[-123.02501,49.23736],[-123.02501,49.2407],[-123.02501,49.24435],[-123.025,49.2434],[-123.025,49.24363],[-123.02499,49.23026],[-123.02499,49.26119],[-123.02497,49.23268],[-123.02497,49.23961],[-123.02497,49.2453],[-123.02496,49.23214],[-123.02496,49.27406],[-123.02496,49.27416],[-123.02496,49.28396],[-123.02495,49.23799],[-123.02495,49.24616],[-123.02495,49.24622],[-123.02495,49.26117],[-123.02495,49.26128],[-123.02494,49.21752],[-123.02494,49.22583],[-123.02494,49.23956],[-123.02494,49.24539],[-123.02494,49.29166],[-123.02493,49.28078],[-123.02492,49.21743],[-123.0249,49.22919],[-123.0249,49.22928],[-123.0249,49.23182],[-123.0249,49.23476],[-123.0249,49.2443],[-123.0249,49.27313],[-123.0249,49.28398],[-123.02489,49.24365],[-123.02489,49.27332],[-123.02489,49.29177],[-123.02488,49.23316],[-123.02488,49.23402],[-123.02488,49.23456],[-123.02488,49.2807],[-123.02487,49.20802],[-123.02481,49.26841],[-123.02481,49.26851],[-123.0248,49.2265],[-123.0248,49.22799],[-123.0248,49.28209],[-123.02479,49.25797],[-123.02479,49.282],[-123.02479,49.28291],[-123.02479,49.283],[-123.02478,49.22757],[-123.02477,49.25709],[-123.02476,49.2693],[-123.02475,49.23317],[-123.02474,49.23401],[-123.02474,49.23471],[-123.02474,49.28472],[-123.02473,49.27538],[-123.02472,49.22157],[-123.02471,49.22058],[-123.02471,49.22583],[-123.0247,49.26545],[-123.02469,49.25713],[-123.02468,49.22141],[-123.02468,49.22648],[-123.02468,49.22756],[-123.02467,49.22072],[-123.02467,49.25209],[-123.02467,49.25266],[-123.02467,49.29157],[-123.02467,49.29162],[-123.02466,49.23291],[-123.02466,49.23296],[-123.02466,49.23777],[-123.02466,49.25349],[-123.02466,49.25411],[-123.02466,49.25487],[-123.02466,49.28391],[-123.02466,49.28676],[-123.02466,49.28866],[-123.02466,49.28873],[-123.02465,49.22032],[-123.02465,49.228],[-123.02465,49.23237],[-123.02465,49.25601],[-123.02465,49.28666],[-123.02465,49.28767],[-123.02465,49.28774],[-123.02464,49.28382],[-123.02464,49.28571],[-123.02463,49.28564],[-123.02462,49.24956],[-123.02462,49.25],[-123.02461,49.24663],[-123.02461,49.26524],[-123.02459,49.2211],[-123.02459,49.24495],[-123.02459,49.24577],[-123.02458,49.22025],[-123.02458,49.22806],[-123.02458,49.25209],[-123.02457,49.20617],[-123.02457,49.22813],[-123.02457,49.25266],[-123.02457,49.25349],[-123.02457,49.25411],[-123.02456,49.24659],[-123.02456,49.25],[-123.02456,49.25487],[-123.02456,49.25602],[-123.02456,49.28973],[-123.02455,49.20617],[-123.02455,49.24836],[-123.02455,49.24956],[-123.02455,49.28966],[-123.02455,49.29072],[-123.02454,49.20443],[-123.02454,49.23956],[-123.02454,49.24609],[-123.02454,49.24831],[-123.02454,49.2499],[-123.02454,49.25828],[-123.02454,49.27963],[-123.02454,49.29065],[-123.02453,49.24692],[-123.02453,49.27959],[-123.02452,49.25807],[-123.02451,49.24524],[-123.02451,49.24781],[-123.0245,49.2045],[-123.0245,49.28121],[-123.02449,49.2211],[-123.02449,49.28917],[-123.02448,49.24525],[-123.02448,49.28922],[-123.02447,49.24609],[-123.02446,49.24692],[-123.02446,49.25418],[-123.02446,49.25424],[-123.02446,49.25662],[-123.02446,49.25667],[-123.02444,49.28103],[-123.02443,49.24781],[-123.0244,49.23715],[-123.0244,49.23786],[-123.02439,49.23666],[-123.02438,49.25155],[-123.02437,49.24117],[-123.02436,49.28025],[-123.02435,49.23773],[-123.02435,49.24041],[-123.02435,49.2444],[-123.02435,49.26006],[-123.02435,49.28014],[-123.02434,49.23664],[-123.02434,49.24032],[-123.02433,49.23785],[-123.02433,49.24041],[-123.02432,49.2377],[-123.02432,49.23848],[-123.02432,49.24461],[-123.02432,49.28397],[-123.02431,49.2791],[-123.0243,49.23997],[-123.0243,49.24142],[-123.0243,49.2432],[-123.0243,49.24423],[-123.0243,49.27422],[-123.0243,49.27903],[-123.02429,49.23782],[-123.02429,49.23993],[-123.02429,49.27504],[-123.02428,49.20534],[-123.02427,49.28397],[-123.02426,49.27422],[-123.02425,49.27505],[-123.02424,49.23365],[-123.02424,49.24142],[-123.02424,49.27863],[-123.02423,49.2282],[-123.02423,49.23229],[-123.02423,49.24396],[-123.02423,49.27867],[-123.02422,49.20558],[-123.0242,49.21018],[-123.0242,49.21019],[-123.02419,49.22532],[-123.02419,49.2257],[-123.02419,49.22586],[-123.02418,49.24117],[-123.02417,49.23365],[-123.02416,49.22819],[-123.02416,49.22913],[-123.02415,49.22647],[-123.02412,49.22532],[-123.0241,49.2111],[-123.02409,49.21111],[-123.02409,49.22913],[-123.02408,49.22648],[-123.02408,49.25149],[-123.02408,49.25155],[-123.02407,49.25418],[-123.02406,49.20822],[-123.02406,49.24071],[-123.02405,49.24087],[-123.02403,49.2453],[-123.02401,49.22204],[-123.02401,49.24539],[-123.02401,49.25574],[-123.024,49.24615],[-123.024,49.24622],[-123.024,49.2541],[-123.024,49.25661],[-123.02399,49.24706],[-123.02399,49.24786],[-123.02399,49.24793],[-123.02399,49.25057],[-123.02399,49.27739],[-123.02398,49.24699],[-123.02398,49.2507],[-123.02398,49.26841],[-123.02398,49.27747],[-123.02397,49.21486],[-123.02397,49.21742],[-123.02397,49.22188],[-123.02397,49.26017],[-123.02397,49.26952],[-123.02396,49.21475],[-123.02396,49.24492],[-123.02396,49.25108],[-123.02396,49.25112],[-123.02396,49.25149],[-123.02396,49.26539],[-123.02396,49.26851],[-123.02395,49.20554],[-123.02395,49.2201],[-123.02395,49.2202],[-123.02395,49.24262],[-123.02395,49.25108],[-123.02395,49.25574],[-123.02394,49.2541],[-123.02394,49.25661],[-123.02394,49.26658],[-123.02394,49.26669],[-123.02393,49.21753],[-123.02393,49.23457],[-123.02393,49.23772],[-123.02393,49.25672],[-123.02393,49.26945],[-123.02392,49.2093],[-123.02392,49.20931],[-123.02392,49.24524],[-123.02392,49.26209],[-123.02392,49.26563],[-123.02392,49.26935],[-123.02392,49.26943],[-123.02392,49.26957],[-123.02392,49.27787],[-123.02391,49.21021],[-123.02391,49.21022],[-123.02391,49.23501],[-123.02391,49.24439],[-123.02391,49.24456],[-123.02391,49.24609],[-123.02391,49.25113],[-123.02391,49.27783],[-123.0239,49.24156],[-123.0239,49.24252],[-123.0239,49.24691],[-123.02389,49.21492],[-123.02389,49.24148],[-123.02389,49.2478],[-123.02389,49.24895],[-123.02389,49.2693],[-123.02388,49.21377],[-123.02388,49.21378],[-123.02388,49.24976],[-123.02388,49.24977],[-123.02388,49.25077],[-123.02388,49.25143],[-123.02388,49.25204],[-123.02388,49.25307],[-123.02388,49.25411],[-123.02388,49.26079],[-123.02388,49.26511],[-123.02388,49.27036],[-123.02387,49.21198],[-123.02387,49.21199],[-123.02387,49.25633],[-123.02387,49.25799],[-123.02387,49.27026],[-123.02386,49.25538],[-123.02386,49.25714],[-123.02386,49.25905],[-123.02385,49.21669],[-123.02385,49.21759],[-123.02385,49.21844],[-123.02385,49.21933],[-123.02385,49.22026],[-123.02385,49.22114],[-123.02385,49.26],[-123.02384,49.21583],[-123.02384,49.26307],[-123.02384,49.26927],[-123.02383,49.21287],[-123.02383,49.21288],[-123.02383,49.2221],[-123.02383,49.2447],[-123.02383,49.26452],[-123.02383,49.27264],[-123.02382,49.2531],[-123.02382,49.26533],[-123.02382,49.26582],[-123.02382,49.26623],[-123.02382,49.27339],[-123.02381,49.24085],[-123.02381,49.24142],[-123.02381,49.24247],[-123.02381,49.2434],[-123.02381,49.24416],[-123.02381,49.26712],[-123.02381,49.26772],[-123.02381,49.26888],[-123.02381,49.27912],[-123.0238,49.21107],[-123.0238,49.21108],[-123.0238,49.24026],[-123.0238,49.26925],[-123.0238,49.26945],[-123.02379,49.23634],[-123.02379,49.26962],[-123.02379,49.26971],[-123.02379,49.27044],[-123.02379,49.27139],[-123.02379,49.2718],[-123.02379,49.27221],[-123.02378,49.2733],[-123.02377,49.23625],[-123.02377,49.26157],[-123.02377,49.27225],[-123.02377,49.27421],[-123.02377,49.27505],[-123.02376,49.21759],[-123.02376,49.21844],[-123.02376,49.21934],[-123.02376,49.22114],[-123.02376,49.24691],[-123.02376,49.2478],[-123.02376,49.2608],[-123.02376,49.27578],[-123.02376,49.27661],[-123.02376,49.27755],[-123.02375,49.20841],[-123.02375,49.20842],[-123.02375,49.21669],[-123.02375,49.22918],[-123.02375,49.24872],[-123.02375,49.27835],[-123.02375,49.27917],[-123.02375,49.28291],[-123.02374,49.24976],[-123.02374,49.24978],[-123.02374,49.25077],[-123.02374,49.2514],[-123.02374,49.25205],[-123.02374,49.25307],[-123.02374,49.25408],[-123.02374,49.2803],[-123.02373,49.24525],[-123.02373,49.28127],[-123.02371,49.23188],[-123.02371,49.24485],[-123.0237,49.22464],[-123.0237,49.25999],[-123.0237,49.26308],[-123.02369,49.22294],[-123.02369,49.22518],[-123.02369,49.22525],[-123.02369,49.2557],[-123.02369,49.25798],[-123.02368,49.23431],[-123.02368,49.24086],[-123.02368,49.24194],[-123.02368,49.24277],[-123.02368,49.24415],[-123.02368,49.25534],[-123.02368,49.25632],[-123.02368,49.26531],[-123.02368,49.28216],[-123.02367,49.22634],[-123.02367,49.22641],[-123.02367,49.23467],[-123.02367,49.2355],[-123.02367,49.23638],[-123.02367,49.23694],[-123.02367,49.23695],[-123.02367,49.23726],[-123.02367,49.23727],[-123.02367,49.23787],[-123.02367,49.24142],[-123.02367,49.25901],[-123.02367,49.2671],[-123.02367,49.28306],[-123.02366,49.23213],[-123.02366,49.23366],[-123.02366,49.23367],[-123.02366,49.23509],[-123.02366,49.24023],[-123.02366,49.26923],[-123.02366,49.27265],[-123.02365,49.23158],[-123.02365,49.23835],[-123.02365,49.23888],[-123.02365,49.24415],[-123.02365,49.26459],[-123.02365,49.26959],[-123.02365,49.27045],[-123.02365,49.27135],[-123.02365,49.27164],[-123.02365,49.28397],[-123.02364,49.24604],[-123.02364,49.25325],[-123.02364,49.26617],[-123.02364,49.27047],[-123.02364,49.2734],[-123.02364,49.27417],[-123.02363,49.20583],[-123.02363,49.20933],[-123.02363,49.20934],[-123.02363,49.24367],[-123.02363,49.24692],[-123.02363,49.27499],[-123.02363,49.27587],[-123.02363,49.28487],[-123.02362,49.23105],[-123.02362,49.24086],[-123.02362,49.24144],[-123.02362,49.24194],[-123.02362,49.26837],[-123.02362,49.27222],[-123.02362,49.27661],[-123.02362,49.2775],[-123.02362,49.28578],[-123.02361,49.2059],[-123.02361,49.20752],[-123.02361,49.20753],[-123.02361,49.22472],[-123.02361,49.24289],[-123.02361,49.2437],[-123.02361,49.2478],[-123.02361,49.25717],[-123.02361,49.25796],[-123.02361,49.2653],[-123.02361,49.27858],[-123.02361,49.27918],[-123.02361,49.27945],[-123.0236,49.21935],[-123.0236,49.22386],[-123.0236,49.22531],[-123.0236,49.23019],[-123.0236,49.23998],[-123.0236,49.24872],[-123.0236,49.24982],[-123.0236,49.24983],[-123.0236,49.25464],[-123.0236,49.26962],[-123.0236,49.28034],[-123.0236,49.28694],[-123.0236,49.29191],[-123.02359,49.20457],[-123.02359,49.21669],[-123.02359,49.21845],[-123.02359,49.22114],[-123.02359,49.22649],[-123.02359,49.22714],[-123.02359,49.25162],[-123.02359,49.25999],[-123.02359,49.28216],[-123.02358,49.20561],[-123.02358,49.21196],[-123.02358,49.21197],[-123.02358,49.21583],[-123.02358,49.21759],[-123.02358,49.2291],[-123.02358,49.25077],[-123.02358,49.26165],[-123.02358,49.29156],[-123.02357,49.2282],[-123.02357,49.25408],[-123.02357,49.25464],[-123.02357,49.25632],[-123.02357,49.26452],[-123.02357,49.28307],[-123.02357,49.28855],[-123.02356,49.22026],[-123.02356,49.28398],[-123.02356,49.29115],[-123.02355,49.25901],[-123.02355,49.26305],[-123.02355,49.28955],[-123.02354,49.20663],[-123.02354,49.20664],[-123.02354,49.21377],[-123.02354,49.21378],[-123.02354,49.21795],[-123.02354,49.23785],[-123.02354,49.2813],[-123.02354,49.28487],[-123.02354,49.29054],[-123.02353,49.21287],[-123.02353,49.21288],[-123.02353,49.23636],[-123.02353,49.2911],[-123.02352,49.20456],[-123.02352,49.26617],[-123.02352,49.26956],[-123.02352,49.27038],[-123.02352,49.28579],[-123.02351,49.26675],[-123.02351,49.26719],[-123.02351,49.2674],[-123.02351,49.27222],[-123.02351,49.28691],[-123.0235,49.23215],[-123.0235,49.24472],[-123.0235,49.26037],[-123.0235,49.26771],[-123.0235,49.26902],[-123.02349,49.22209],[-123.02349,49.24087],[-123.02349,49.24151],[-123.02349,49.24193],[-123.02349,49.24438],[-123.02349,49.24601],[-123.02349,49.24692],[-123.02349,49.26117],[-123.02349,49.26131],[-123.02349,49.27131],[-123.02348,49.23857],[-123.02348,49.24288],[-123.02348,49.24368],[-123.02348,49.27333],[-123.02348,49.28855],[-123.02347,49.23467],[-123.02347,49.23579],[-123.02347,49.27422],[-123.02347,49.27502],[-123.02347,49.27762],[-123.02346,49.20175],[-123.02346,49.20844],[-123.02346,49.20845],[-123.02346,49.2326],[-123.02346,49.23287],[-123.02346,49.23321],[-123.02346,49.23352],[-123.02346,49.24015],[-123.02346,49.24779],[-123.02346,49.26174],[-123.02346,49.27587],[-123.02346,49.27647],[-123.02346,49.28785],[-123.02346,49.2879],[-123.02346,49.28958],[-123.02345,49.2487],[-123.02345,49.27858],[-123.02344,49.20216],[-123.02344,49.20387],[-123.02344,49.24964],[-123.02344,49.24983],[-123.02344,49.25008],[-123.02344,49.27917],[-123.02344,49.27944],[-123.02344,49.28032],[-123.02344,49.2813],[-123.02344,49.29061],[-123.02343,49.24414],[-123.02343,49.25972],[-123.02343,49.2614],[-123.02342,49.22294],[-123.02342,49.22388],[-123.02342,49.23123],[-123.02342,49.25321],[-123.02342,49.25458],[-123.02342,49.25539],[-123.02342,49.25579],[-123.02342,49.25626],[-123.02342,49.2572],[-123.02341,49.22216],[-123.02341,49.22471],[-123.02341,49.2253],[-123.02341,49.22644],[-123.02341,49.23018],[-123.02341,49.25901],[-123.0234,49.22727],[-123.0234,49.22908],[-123.0234,49.25407],[-123.0234,49.28216],[-123.02339,49.23157],[-123.02339,49.24029],[-123.02339,49.24092],[-123.02339,49.24699],[-123.02339,49.28306],[-123.02338,49.20305],[-123.02338,49.24022],[-123.02338,49.24706],[-123.02338,49.26143],[-123.02338,49.26452],[-123.02338,49.26544],[-123.02338,49.26605],[-123.02338,49.26616],[-123.02337,49.24101],[-123.02337,49.26143],[-123.02337,49.2659],[-123.02337,49.26753],[-123.02337,49.28397],[-123.02336,49.20339],[-123.02336,49.26901],[-123.02336,49.26951],[-123.02336,49.28487],[-123.02335,49.23867],[-123.02335,49.27041],[-123.02335,49.2713],[-123.02334,49.23541],[-123.02334,49.23638],[-123.02334,49.23711],[-123.02334,49.23785],[-123.02334,49.26297],[-123.02334,49.26352],[-123.02334,49.26427],[-123.02334,49.26675],[-123.02334,49.27222],[-123.02334,49.27311],[-123.02333,49.20217],[-123.02333,49.23386],[-123.02333,49.23401],[-123.02333,49.23481],[-123.02333,49.26622],[-123.02333,49.26721],[-123.02333,49.26722],[-123.02333,49.27402],[-123.02333,49.27492],[-123.02333,49.28675],[-123.02332,49.23253],[-123.02332,49.23342],[-123.02332,49.27587],[-123.02332,49.27675],[-123.02331,49.20754],[-123.02331,49.20755],[-123.02331,49.23269],[-123.02331,49.27769],[-123.02331,49.27856],[-123.02331,49.28216],[-123.02331,49.28755],[-123.02331,49.28777],[-123.0233,49.23508],[-123.0233,49.25805],[-123.0233,49.2655],[-123.0233,49.27943],[-123.0233,49.28036],[-123.0233,49.28305],[-123.0233,49.2885],[-123.02329,49.20306],[-123.02329,49.25908],[-123.02328,49.23198],[-123.02328,49.25831],[-123.02328,49.28128],[-123.02328,49.28396],[-123.02328,49.28959],[-123.02327,49.20586],[-123.02327,49.25917],[-123.02327,49.27204],[-123.02327,49.27216],[-123.02327,49.28486],[-123.02326,49.27115],[-123.02326,49.27644],[-123.02326,49.29061],[-123.02325,49.20663],[-123.02325,49.20664],[-123.02325,49.27125],[-123.02325,49.27296],[-123.02325,49.27305],[-123.02325,49.27977],[-123.02325,49.28576],[-123.02325,49.29098],[-123.02324,49.27385],[-123.02324,49.27397],[-123.02324,49.27477],[-123.02324,49.27486],[-123.02324,49.27581],[-123.02324,49.28667],[-123.02324,49.29189],[-123.02323,49.20307],[-123.02323,49.26577],[-123.02323,49.2757],[-123.02323,49.27981],[-123.02322,49.27663],[-123.02322,49.2767],[-123.02322,49.27843],[-123.02322,49.2793],[-123.02322,49.28765],[-123.02321,49.23695],[-123.02321,49.28067],[-123.02321,49.28103],[-123.02321,49.28209],[-123.02321,49.28848],[-123.0232,49.20356],[-123.0232,49.23221],[-123.0232,49.28122],[-123.0232,49.28382],[-123.02319,49.27938],[-123.02319,49.28103],[-123.02319,49.28389],[-123.02318,49.28122],[-123.02318,49.29009],[-123.02317,49.27753],[-123.02317,49.2776],[-123.02317,49.28292],[-123.02317,49.28563],[-123.02317,49.2857],[-123.02316,49.20562],[-123.02316,49.27626],[-123.02316,49.28299],[-123.02316,49.28472],[-123.02316,49.2848],[-123.02316,49.291],[-123.02315,49.28019],[-123.02315,49.28653],[-123.02315,49.28661],[-123.02314,49.20309],[-123.02314,49.29191],[-123.02312,49.28744],[-123.02311,49.28751],[-123.0231,49.28744],[-123.0231,49.28751],[-123.02309,49.28925],[-123.02309,49.28932],[-123.02307,49.28833],[-123.02306,49.28843],[-123.02304,49.29015],[-123.02304,49.29023]]}}]}