{"type":"FeatureCollection","features":[{"type":"Feature","properties":{"n":"Oak Meadows Park","c":"Community","ha":4.74},"geometry":{"type":"Polygon","coordinates":[[[-123.127713,49.239261],[-123.123848,49.239115],[-123.1239,49.23761],[-123.127765,49.237742],[-123.127713,49.239261]]]}},{"type":"Feature","properties":{"n":"Elm Park","c":"Neighbourhood","ha":1.49},"geometry":{"type":"Polygon","coordinates":[[[-123.164024,49.234569],[-123.162891,49.234552],[-123.162948,49.232922],[-123.16408,49.23294],[-123.164024,49.234569]]]}},{"type":"Feature","properties":{"n":"Alexandra Park","c":"Local","ha":0.55},"geometry":{"type":"Polygon","coordinates":[[[-123.142389,49.28611],[-123.141497,49.285532],[-123.142658,49.284764],[-123.142389,49.28611]]]}},{"type":"Feature","properties":{"n":"China Creek North Park","c":"Neighbourhood","ha":3.17},"geometry":{"type":"Polygon","coordinates":[[[-123.08145,49.265107],[-123.081466,49.264357],[-123.085059,49.264386],[-123.085041,49.265291],[-123.085317,49.265294],[-123.085306,49.265819],[-123.085031,49.265766],[-123.082031,49.265191],[-123.082018,49.265188],[-123.082004,49.265185],[-123.08199,49.265183],[-123.081977,49.26518],[-123.081963,49.265178],[-123.081949,49.265175],[-123.081936,49.265173],[-123.081922,49.265171],[-123.081908,49.265168],[-123.081895,49.265166],[-123.081881,49.265164],[-123.081867,49.265161],[-123.081853,49.265159],[-123.08184,49.265157],[-123.081826,49.265155],[-123.081812,49.265153],[-123.081798,49.26515],[-123.081784,49.265148],[-123.081771,49.265146],[-123.081757,49.265144],[-123.081743,49.265142],[-123.081729,49.26514],[-123.081715,49.265138],[-123.081701,49.265136],[-123.081688,49.265135],[-123.081674,49.265133],[-123.08166,49.265131],[-123.081646,49.265129],[-123.081632,49.265127],[-123.081618,49.265126],[-123.081604,49.265124],[-123.08159,49.265122],[-123.081576,49.26512],[-123.081562,49.265119],[-123.081548,49.265117],[-123.081534,49.265116],[-123.08152,49.265114],[-123.081506,49.265113],[-123.081492,49.265111],[-123.081478,49.26511],[-123.081464,49.265108],[-123.08145,49.265107]]]}},{"type":"Feature","properties":{"n":"Cartier Park","c":"Neighbourhood","ha":0.37},"geometry":{"type":"Polygon","coordinates":[[[-123.09779,49.237984],[-123.097162,49.237972],[-123.097189,49.237251],[-123.097817,49.237263],[-123.09779,49.237984]]]}},{"type":"Feature","properties":{"n":"Callister Park","c":"Neighbourhood","ha":1.45},"geometry":{"type":"Polygon","coordinates":[[[-123.046487,49.286586],[-123.044277,49.286585],[-123.044279,49.285774],[-123.046489,49.285775],[-123.046487,49.286586]]]}},{"type":"Feature","properties":{"n":"Braemar Park","c":"Neighbourhood","ha":1.26},"geometry":{"type":"Polygon","coordinates":[[[-123.124622,49.248011],[-123.122512,49.247976],[-123.122544,49.247238],[-123.12458,49.247272],[-123.124648,49.247316],[-123.124622,49.248011]]]}},{"type":"Feature","properties":{"n":"Ebisu Park","c":"Neighbourhood","ha":0.42},"geometry":{"type":"Polygon","coordinates":[[[-123.131887,49.205087],[-123.132466,49.205096],[-123.132462,49.205219],[-123.13246,49.205291],[-123.132544,49.205291],[-123.133256,49.205302],[-123.133253,49.205393],[-123.133249,49.205484],[-123.133245,49.205598],[-123.132535,49.205587],[-123.132451,49.205585],[-123.131869,49.205576],[-123.131873,49.205454],[-123.131878,49.205332],[-123.131882,49.205209],[-123.131887,49.205087]]]}},{"type":"Feature","properties":{"n":"Emery Barnes Park","c":"Neighbourhood","ha":0.9},"geometry":{"type":"Polygon","coordinates":[[[-123.123404,49.277107],[-123.123713,49.276902],[-123.123534,49.276786],[-123.123475,49.276787],[-123.123266,49.276652],[-123.124238,49.276008],[-123.124655,49.276278],[-123.125013,49.27651],[-123.124939,49.276559],[-123.124866,49.276607],[-123.124792,49.276656],[-123.123762,49.277338],[-123.123404,49.277107]]]}},{"type":"Feature","properties":{"n":"Ravine Park","c":"Local","ha":0.92},"geometry":{"type":"Polygon","coordinates":[[[-123.157215,49.239395],[-123.156855,49.239756],[-123.156796,49.23981],[-123.156624,49.240174],[-123.15654,49.240354],[-123.156525,49.24071],[-123.15645,49.240764],[-123.15645,49.240764],[-123.155956,49.241112],[-123.155741,49.24129],[-123.155661,49.241646],[-123.155659,49.2417],[-123.155648,49.242029],[-123.155372,49.242024],[-123.155383,49.241696],[-123.155384,49.241641],[-123.155355,49.241284],[-123.155404,49.241104],[-123.155777,49.240753],[-123.155835,49.240699],[-123.155835,49.240699],[-123.156018,49.240528],[-123.156025,49.240346],[-123.156101,49.240166],[-123.156253,49.239801],[-123.156637,49.239807],[-123.156656,49.239753],[-123.157015,49.239391],[-123.157215,49.239395]]]}},{"type":"Feature","properties":{"n":"Woodland Park","c":"Neighbourhood","ha":1.58},"geometry":{"type":"Polygon","coordinates":[[[-123.074024,49.279329],[-123.072824,49.279313],[-123.072893,49.277685],[-123.074096,49.2777],[-123.074024,49.279329]]]}},{"type":"Feature","properties":{"n":"Willow Park","c":"Local","ha":0.07},"geometry":{"type":"Polygon","coordinates":[[[-123.122192,49.264996],[-123.121899,49.264991],[-123.12191,49.26469],[-123.122202,49.264695],[-123.122192,49.264996]]]}},{"type":"Feature","properties":{"n":"Westmount Park","c":"Local","ha":0.4},"geometry":{"type":"Polygon","coordinates":[[[-123.214736,49.272403],[-123.213652,49.271508],[-123.214769,49.271525],[-123.214736,49.272403]]]}},{"type":"Feature","properties":{"n":"Wendy Poole Park","c":"Local","ha":0.04},"geometry":{"type":"Polygon","coordinates":[[[-123.099787,49.2844],[-123.099432,49.284477],[-123.099519,49.284376],[-123.099582,49.284305],[-123.099652,49.284191],[-123.099663,49.284188],[-123.099697,49.284189],[-123.099801,49.284191],[-123.099787,49.2844]]]}},{"type":"Feature","properties":{"n":"Victoria Park","c":"Neighbourhood","ha":0.89},"geometry":{"type":"Polygon","coordinates":[[[-123.067504,49.272029],[-123.065845,49.272017],[-123.065857,49.271353],[-123.067515,49.271366],[-123.067504,49.272029]]]}},{"type":"Feature","properties":{"n":"Tisdall Park","c":"Neighbourhood","ha":5.03},"geometry":{"type":"Polygon","coordinates":[[[-123.121538,49.228981],[-123.120309,49.228938],[-123.119497,49.22891],[-123.118144,49.228864],[-123.118248,49.22629],[-123.120373,49.226369],[-123.120305,49.228358],[-123.121558,49.228405],[-123.121538,49.228981]]]}},{"type":"Feature","properties":{"n":"Slocan Park","c":"Community","ha":4.21},"geometry":{"type":"Polygon","coordinates":[[[-123.045191,49.243678],[-123.04595,49.242891],[-123.046011,49.24282],[-123.046337,49.24295],[-123.046961,49.243202],[-123.047279,49.24333],[-123.047235,49.243377],[-123.047351,49.243423],[-123.047396,49.243377],[-123.047514,49.243425],[-123.048121,49.242794],[-123.048531,49.242965],[-123.048509,49.242988],[-123.049744,49.243503],[-123.049757,49.243541],[-123.049353,49.243952],[-123.049819,49.244146],[-123.049438,49.244534],[-123.047252,49.244524],[-123.046552,49.244229],[-123.046548,49.244234],[-123.045191,49.243678]]]}},{"type":"Feature","properties":{"n":"Riverview Park","c":"Neighbourhood","ha":2.38},"geometry":{"type":"Polygon","coordinates":[[[-123.148321,49.213184],[-123.146909,49.21316],[-123.146291,49.211928],[-123.146291,49.211914],[-123.146283,49.211913],[-123.146103,49.211553],[-123.148383,49.21159],[-123.148321,49.213184]]]}},{"type":"Feature","properties":{"n":"Riley Park","c":"Community","ha":2.7},"geometry":{"type":"Polygon","coordinates":[[[-123.105102,49.243258],[-123.103344,49.243228],[-123.103367,49.242722],[-123.103398,49.242026],[-123.103428,49.241328],[-123.103894,49.241336],[-123.10417,49.241341],[-123.104648,49.24135],[-123.104731,49.241352],[-123.105186,49.24136],[-123.105156,49.242057],[-123.105126,49.242753],[-123.105102,49.243258]]]}},{"type":"Feature","properties":{"n":"Nanaimo Park","c":"Neighbourhood","ha":2.92},"geometry":{"type":"Polygon","coordinates":[[[-123.058918,49.228399],[-123.056109,49.228392],[-123.056109,49.228391],[-123.056122,49.228026],[-123.056421,49.228027],[-123.056433,49.227688],[-123.056135,49.227687],[-123.056161,49.226969],[-123.058944,49.227174],[-123.058934,49.227581],[-123.058918,49.228399]]]}},{"type":"Feature","properties":{"n":"Marpole Park","c":"Local","ha":0.27},"geometry":{"type":"Polygon","coordinates":[[[-123.139158,49.205633],[-123.139156,49.205685],[-123.137902,49.205667],[-123.137918,49.205189],[-123.139158,49.205633]]]}},{"type":"Feature","properties":{"n":"Maclean Park","c":"Neighbourhood","ha":1.21},"geometry":{"type":"Polygon","coordinates":[[[-123.087376,49.279166],[-123.087414,49.27845],[-123.087501,49.278452],[-123.087563,49.278501],[-123.087575,49.278506],[-123.087588,49.27851],[-123.087601,49.278514],[-123.087614,49.278516],[-123.087628,49.278518],[-123.087642,49.27852],[-123.087656,49.27852],[-123.08767,49.27852],[-123.087684,49.278519],[-123.087698,49.278517],[-123.087712,49.278515],[-123.087725,49.278511],[-123.087738,49.278507],[-123.08775,49.278503],[-123.087762,49.278497],[-123.087773,49.278491],[-123.087783,49.278485],[-123.087792,49.278478],[-123.0878,49.27847],[-123.087807,49.278462],[-123.087813,49.278454],[-123.089507,49.278479],[-123.089477,49.279203],[-123.087376,49.279166]]]}},{"type":"Feature","properties":{"n":"Langara Park","c":"Local","ha":1.21},"geometry":{"type":"Polygon","coordinates":[[[-123.111817,49.225833],[-123.111113,49.225807],[-123.111175,49.223906],[-123.111176,49.223906],[-123.11222,49.223944],[-123.112205,49.224407],[-123.111864,49.224395],[-123.111849,49.224871],[-123.111817,49.225833],[-123.111817,49.225833]]]}},{"type":"Feature","properties":{"n":"Kerrisdale Centennial Park","c":"Neighbourhood","ha":1.53},"geometry":{"type":"Polygon","coordinates":[[[-123.158421,49.233558],[-123.155739,49.233517],[-123.155765,49.232813],[-123.158447,49.232855],[-123.158421,49.233558]]]}},{"type":"Feature","properties":{"n":"Kerrisdale Park","c":"Neighbourhood","ha":2.99},"geometry":{"type":"Polygon","coordinates":[[[-123.154804,49.236423],[-123.15212,49.236383],[-123.152172,49.235004],[-123.154854,49.235045],[-123.154804,49.236423]]]}},{"type":"Feature","properties":{"n":"Kaslo Park","c":"Local","ha":0.45},"geometry":{"type":"Polygon","coordinates":[[[-123.046735,49.264289],[-123.046735,49.264289],[-123.04512,49.264285],[-123.045079,49.264258],[-123.04508,49.263951],[-123.046737,49.263955],[-123.046735,49.264289]]]}},{"type":"Feature","properties":{"n":"Heather Park","c":"Neighbourhood","ha":0.98},"geometry":{"type":"Polygon","coordinates":[[[-123.12196,49.255148],[-123.12029,49.255114],[-123.120317,49.25439],[-123.121986,49.254425],[-123.12196,49.255148]]]}},{"type":"Feature","properties":{"n":"Gordon Park","c":"Community","ha":6.89},"geometry":{"type":"Polygon","coordinates":[[[-123.071761,49.221834],[-123.071732,49.222565],[-123.071629,49.225123],[-123.069146,49.225102],[-123.06923,49.222566],[-123.069251,49.22193],[-123.069258,49.221748],[-123.071769,49.221652],[-123.071761,49.221834]]]}},{"type":"Feature","properties":{"n":"Glen Park","c":"Neighbourhood","ha":1.09},"geometry":{"type":"Polygon","coordinates":[[[-123.083705,49.250005],[-123.082045,49.249978],[-123.082074,49.249165],[-123.083735,49.249191],[-123.083705,49.250005]]]}},{"type":"Feature","properties":{"n":"Gaston Park","c":"Neighbourhood","ha":1.51},"geometry":{"type":"Polygon","coordinates":[[[-123.031486,49.236883],[-123.030717,49.236559],[-123.029936,49.236218],[-123.030568,49.235574],[-123.030569,49.23538],[-123.030631,49.235357],[-123.03232,49.236033],[-123.031829,49.236533],[-123.031486,49.236883]]]}},{"type":"Feature","properties":{"n":"Oxford Park","c":"Neighbourhood","ha":0.25},"geometry":{"type":"Polygon","coordinates":[[[-123.061597,49.285813],[-123.061759,49.285633],[-123.06176,49.285592],[-123.061762,49.285511],[-123.061765,49.285299],[-123.062068,49.2853],[-123.062202,49.285288],[-123.062544,49.285501],[-123.062347,49.285636],[-123.06201,49.285815],[-123.061597,49.285813]]]}},{"type":"Feature","properties":{"n":"Prince Of Wales Park","c":"Neighbourhood","ha":2.89},"geometry":{"type":"Polygon","coordinates":[[[-123.158793,49.244299],[-123.155197,49.244657],[-123.154979,49.244679],[-123.155023,49.243515],[-123.155193,49.243518],[-123.158822,49.243582],[-123.158793,49.244299]]]}},{"type":"Feature","properties":{"n":"Price Park","c":"Neighbourhood","ha":0.35},"geometry":{"type":"Polygon","coordinates":[[[-123.025089,49.240012],[-123.025089,49.240274],[-123.02385,49.240268],[-123.023762,49.239815],[-123.023764,49.239815],[-123.024179,49.239817],[-123.02418,49.23998],[-123.025051,49.239978],[-123.025089,49.240012]]]}},{"type":"Feature","properties":{"n":"William Mackie Park","c":"Neighbourhood","ha":0.41},"geometry":{"type":"Polygon","coordinates":[[[-123.142385,49.206681],[-123.142386,49.206637],[-123.142391,49.206502],[-123.14318,49.206514],[-123.143214,49.206552],[-123.143247,49.20659],[-123.143279,49.206629],[-123.143297,49.206651],[-123.143327,49.20669],[-123.143331,49.206696],[-123.14336,49.206735],[-123.143388,49.206775],[-123.143415,49.206816],[-123.143441,49.206856],[-123.143466,49.206898],[-123.143489,49.206939],[-123.143512,49.20698],[-123.143533,49.207021],[-123.143536,49.207026],[-123.143198,49.207021],[-123.142992,49.207019],[-123.142786,49.207016],[-123.142648,49.207014],[-123.142511,49.207012],[-123.142373,49.20701],[-123.142385,49.206681]]]}},{"type":"Feature","properties":{"n":"Kitsilano Beach Park","c":"Community","ha":13.6},"geometry":{"type":"Polygon","coordinates":[[[-123.150188,49.277301],[-123.150224,49.276348],[-123.151314,49.276366],[-123.151321,49.276185],[-123.152659,49.27467],[-123.152706,49.273454],[-123.152712,49.273316],[-123.152737,49.272652],[-123.15483,49.272686],[-123.155106,49.27269],[-123.159569,49.272761],[-123.159545,49.273382],[-123.159755,49.273526],[-123.159907,49.273631],[-123.160044,49.273633],[-123.160056,49.273637],[-123.160069,49.273642],[-123.160081,49.273646],[-123.160093,49.27365],[-123.160105,49.273654],[-123.160118,49.273658],[-123.16013,49.273662],[-123.160142,49.273666],[-123.160155,49.27367],[-123.160167,49.273674],[-123.16018,49.273679],[-123.160192,49.273683],[-123.160204,49.273686],[-123.160217,49.27369],[-123.160229,49.273694],[-123.160242,49.273698],[-123.160254,49.273702],[-123.160267,49.273706],[-123.160279,49.27371],[-123.160292,49.273714],[-123.160305,49.273717],[-123.160317,49.273721],[-123.16033,49.273725],[-123.160342,49.273728],[-123.160355,49.273732],[-123.160368,49.273736],[-123.16038,49.273739],[-123.160393,49.273743],[-123.160406,49.273747],[-123.160419,49.27375],[-123.160431,49.273754],[-123.160444,49.273757],[-123.160457,49.273761],[-123.16047,49.273764],[-123.160483,49.273768],[-123.160495,49.273771],[-123.160508,49.273774],[-123.160521,49.273778],[-123.160534,49.273781],[-123.160547,49.273784],[-123.16056,49.273788],[-123.160573,49.273791],[-123.160586,49.273794],[-123.160599,49.273797],[-123.160611,49.273801],[-123.160625,49.273804],[-123.160637,49.273807],[-123.16065,49.27381],[-123.160663,49.273813],[-123.160677,49.273816],[-123.16069,49.273819],[-123.160703,49.273822],[-123.160716,49.273825],[-123.160729,49.273828],[-123.160742,49.273831],[-123.160755,49.273834],[-123.160768,49.273837],[-123.160781,49.273839],[-123.160794,49.273842],[-123.160808,49.273845],[-123.160821,49.273848],[-123.160834,49.273851],[-123.160847,49.273853],[-123.16086,49.273856],[-123.160874,49.273859],[-123.160887,49.273861],[-123.1609,49.273864],[-123.160913,49.273867],[-123.160927,49.273869],[-123.16094,49.273872],[-123.160953,49.273874],[-123.160966,49.273877],[-123.16098,49.273879],[-123.160993,49.273882],[-123.161006,49.273884],[-123.16102,49.273886],[-123.161033,49.273889],[-123.161039,49.27389],[-123.161046,49.273891],[-123.16106,49.273894],[-123.161073,49.273896],[-123.161087,49.273898],[-123.1611,49.2739],[-123.161113,49.273903],[-123.161127,49.273905],[-123.16114,49.273907],[-123.161154,49.273909],[-123.161167,49.273911],[-123.161181,49.273913],[-123.161194,49.273915],[-123.161208,49.273917],[-123.161221,49.273919],[-123.161235,49.273921],[-123.161247,49.273923],[-123.161248,49.273923],[-123.161262,49.273925],[-123.161275,49.273927],[-123.161289,49.273929],[-123.161302,49.273931],[-123.161316,49.273933],[-123.16133,49.273934],[-123.161343,49.273936],[-123.161357,49.273938],[-123.16137,49.27394],[-123.161384,49.273941],[-123.161397,49.273943],[-123.161411,49.273945],[-123.161425,49.273946],[-123.161438,49.273948],[-123.161452,49.273949],[-123.161455,49.27395],[-123.161466,49.273951],[-123.161479,49.273952],[-123.161493,49.273954],[-123.161507,49.273955],[-123.16152,49.273957],[-123.161534,49.273958],[-123.161548,49.27396],[-123.161561,49.273961],[-123.161575,49.273962],[-123.161589,49.273964],[-123.161602,49.273965],[-123.161616,49.273966],[-123.16163,49.273967],[-123.161643,49.273968],[-123.161657,49.27397],[-123.161665,49.27397],[-123.161671,49.273971],[-123.161685,49.273972],[-123.161698,49.273973],[-123.161712,49.273974],[-123.161726,49.273975],[-123.16174,49.273976],[-123.161753,49.273977],[-123.161767,49.273978],[-123.161781,49.273979],[-123.161795,49.27398],[-123.161808,49.273981],[-123.161822,49.273982],[-123.161836,49.273982],[-123.16185,49.273983],[-123.161864,49.273984],[-123.161874,49.273984],[-123.161878,49.273985],[-123.161891,49.273985],[-123.161905,49.273986],[-123.161919,49.273987],[-123.161933,49.273987],[-123.161947,49.273988],[-123.16196,49.273989],[-123.161974,49.273989],[-123.161988,49.27399],[-123.162002,49.27399],[-123.162016,49.273991],[-123.162029,49.273991],[-123.162043,49.273991],[-123.162057,49.273992],[-123.162071,49.273992],[-123.162083,49.273992],[-123.162085,49.273993],[-123.162099,49.273993],[-123.162112,49.273993],[-123.162126,49.273993],[-123.16214,49.273994],[-123.162154,49.273994],[-123.162168,49.273994],[-123.162181,49.273994],[-123.162195,49.273994],[-123.162209,49.273994],[-123.162223,49.273994],[-123.162237,49.273995],[-123.162251,49.273995],[-123.162265,49.273994],[-123.162278,49.273994],[-123.162292,49.273994],[-123.162306,49.273994],[-123.16232,49.273994],[-123.162334,49.273994],[-123.162348,49.273994],[-123.162361,49.273994],[-123.162375,49.273994],[-123.162389,49.273993],[-123.162403,49.273993],[-123.162417,49.273993],[-123.162431,49.273992],[-123.162444,49.273992],[-123.162458,49.273992],[-123.162472,49.273991],[-123.162486,49.273991],[-123.1625,49.27399],[-123.162514,49.27399],[-123.162527,49.273989],[-123.162541,49.273989],[-123.162555,49.273988],[-123.162569,49.273988],[-123.162583,49.273987],[-123.162597,49.273986],[-123.162606,49.273986],[-123.16261,49.273986],[-123.162624,49.273985],[-123.162638,49.273984],[-123.162652,49.273983],[-123.162666,49.273983],[-123.162679,49.273982],[-123.162825,49.273973],[-123.163056,49.27396],[-123.163344,49.273943],[-123.163358,49.273942],[-123.163372,49.273941],[-123.163386,49.27394],[-123.1634,49.273939],[-123.163413,49.273938],[-123.163428,49.273937],[-123.163441,49.273936],[-123.163452,49.273935],[-123.163455,49.273935],[-123.163469,49.273934],[-123.163483,49.273933],[-123.163497,49.273932],[-123.163511,49.273931],[-123.163525,49.27393],[-123.163539,49.273928],[-123.163553,49.273927],[-123.163567,49.273926],[-123.16358,49.273925],[-123.163594,49.273923],[-123.163608,49.273922],[-123.163622,49.273921],[-123.163636,49.273919],[-123.16365,49.273918],[-123.163664,49.273916],[-123.163677,49.273915],[-123.163691,49.273914],[-123.163705,49.273912],[-123.163719,49.27391],[-123.163733,49.273909],[-123.163746,49.273907],[-123.16376,49.273906],[-123.163774,49.273904],[-123.163788,49.273902],[-123.163802,49.2739],[-123.163815,49.273899],[-123.163829,49.273897],[-123.163843,49.273895],[-123.163857,49.273893],[-123.16387,49.273892],[-123.163884,49.27389],[-123.163898,49.273888],[-123.163911,49.273886],[-123.163925,49.273884],[-123.163939,49.273882],[-123.163952,49.27388],[-123.163966,49.273878],[-123.16398,49.273876],[-123.163993,49.273874],[-123.164007,49.273872],[-123.164021,49.273869],[-123.164034,49.273867],[-123.164048,49.273865],[-123.164062,49.273863],[-123.164075,49.273861],[-123.164089,49.273858],[-123.164102,49.273856],[-123.164116,49.273854],[-123.164129,49.273851],[-123.164143,49.273849],[-123.164156,49.273847],[-123.16417,49.273844],[-123.164183,49.273842],[-123.164182,49.273883],[-123.164125,49.273901],[-123.164085,49.273926],[-123.16405,49.27395],[-123.164029,49.273961],[-123.163969,49.273982],[-123.163843,49.274016],[-123.163758,49.274033],[-123.163722,49.274039],[-123.163599,49.274059],[-123.163476,49.274077],[-123.163421,49.274083],[-123.163389,49.274078],[-123.16335,49.274068],[-123.163287,49.27408],[-123.163223,49.274094],[-123.163131,49.274092],[-123.163043,49.274091],[-123.162817,49.274092],[-123.16275,49.274092],[-123.16268,49.274095],[-123.162603,49.274098],[-123.162572,49.274098],[-123.162519,49.274096],[-123.162452,49.274085],[-123.162394,49.274076],[-123.162329,49.274077],[-123.162235,49.274079],[-123.162178,49.274079],[-123.162176,49.274079],[-123.162,49.274146],[-123.161657,49.274207],[-123.161406,49.274244],[-123.161234,49.274297],[-123.160983,49.274335],[-123.160731,49.274335],[-123.160606,49.274335],[-123.160446,49.274313],[-123.160137,49.274231],[-123.159954,49.274157],[-123.159873,49.274059],[-123.15977,49.274007],[-123.159621,49.273903],[-123.15945,49.273836],[-123.159347,49.273806],[-123.159187,49.273776],[-123.158832,49.273822],[-123.158581,49.273859],[-123.158398,49.273874],[-123.158124,49.273875],[-123.157747,49.27386],[-123.157392,49.273824],[-123.157026,49.273764],[-123.156809,49.273712],[-123.156454,49.273623],[-123.156272,49.273593],[-123.155917,49.273564],[-123.155574,49.273602],[-123.155336,49.273699],[-123.155323,49.273707],[-123.155319,49.273709],[-123.155141,49.273812],[-123.155095,49.273901],[-123.155073,49.274081],[-123.154959,49.274268],[-123.154732,49.274567],[-123.154401,49.274852],[-123.154116,49.275182],[-123.153866,49.275489],[-123.153478,49.275848],[-123.153079,49.276215],[-123.152794,49.2765],[-123.152578,49.276754],[-123.152499,49.276956],[-123.152362,49.277233],[-123.152192,49.277473],[-123.152066,49.277592],[-123.151884,49.277667],[-123.151564,49.277705],[-123.151187,49.277758],[-123.150947,49.277766],[-123.150661,49.277804],[-123.150478,49.277826],[-123.15033,49.277841],[-123.150167,49.277834],[-123.150174,49.277669],[-123.150188,49.277301]]]}},{"type":"Feature","properties":{"n":"Locarno Park","c":"Community","ha":4.32},"geometry":{"type":"MultiPolygon","coordinates":[[[[-123.205823,49.274152],[-123.205838,49.273741],[-123.20609,49.273745],[-123.206341,49.273749],[-123.206326,49.27416],[-123.206326,49.27416],[-123.206307,49.274658],[-123.206308,49.274658],[-123.206055,49.274699],[-123.205802,49.274739],[-123.205823,49.274152]]],[[[-123.202697,49.271356],[-123.202777,49.271343],[-123.202848,49.271343],[-123.203003,49.271342],[-123.205647,49.271384],[-123.2056,49.272695],[-123.204316,49.27224],[-123.204052,49.27214],[-123.203772,49.272038],[-123.203519,49.27193],[-123.203287,49.271822],[-123.203052,49.271707],[-123.202951,49.271654],[-123.202846,49.271591],[-123.202776,49.271535],[-123.202693,49.271463],[-123.20265,49.271424],[-123.202632,49.271404],[-123.202625,49.271395],[-123.202623,49.271391],[-123.202622,49.271385],[-123.202625,49.27138],[-123.202629,49.271376],[-123.202633,49.271373],[-123.202643,49.271369],[-123.202665,49.271362],[-123.202697,49.271356]]],[[[-123.205845,49.27356],[-123.205885,49.272473],[-123.206114,49.272477],[-123.206323,49.27248],[-123.206533,49.272483],[-123.206743,49.272487],[-123.206951,49.27249],[-123.207161,49.272493],[-123.207266,49.272495],[-123.207371,49.272497],[-123.20758,49.2725],[-123.207789,49.272503],[-123.207999,49.272507],[-123.208209,49.27251],[-123.208418,49.272513],[-123.208649,49.272517],[-123.208609,49.273603],[-123.207227,49.273582],[-123.205845,49.27356]]]]}},{"type":"Feature","properties":{"n":"Hadden Park","c":"Community","ha":2.96},"geometry":{"type":"Polygon","coordinates":[[[-123.146508,49.277907],[-123.146353,49.277888],[-123.146217,49.277889],[-123.146215,49.277889],[-123.146077,49.277927],[-123.146078,49.277881],[-123.146096,49.277476],[-123.146234,49.277479],[-123.146533,49.277484],[-123.146523,49.277717],[-123.147467,49.277734],[-123.147742,49.277739],[-123.148186,49.277747],[-123.148201,49.277388],[-123.148188,49.277393],[-123.148125,49.277405],[-123.148049,49.277416],[-123.147942,49.277426],[-123.147911,49.277426],[-123.147868,49.277419],[-123.147756,49.277396],[-123.147755,49.277396],[-123.147614,49.277359],[-123.147481,49.277332],[-123.147374,49.277309],[-123.147344,49.277305],[-123.147299,49.277307],[-123.147206,49.277316],[-123.147103,49.277318],[-123.147067,49.277318],[-123.147028,49.277315],[-123.146929,49.277301],[-123.146847,49.277283],[-123.146792,49.277272],[-123.146737,49.27727],[-123.146654,49.277272],[-123.146579,49.277277],[-123.146515,49.277281],[-123.146417,49.277289],[-123.146376,49.277293],[-123.146344,49.277299],[-123.14624,49.277323],[-123.14626,49.27686],[-123.147499,49.27688],[-123.147772,49.276933],[-123.149853,49.277296],[-123.150188,49.277301],[-123.150174,49.277669],[-123.150167,49.277834],[-123.149994,49.277778],[-123.149884,49.277744],[-123.149758,49.277715],[-123.149618,49.277715],[-123.149441,49.277725],[-123.149287,49.277793],[-123.148926,49.277972],[-123.148705,49.278073],[-123.148573,49.27818],[-123.148345,49.27833],[-123.148168,49.278499],[-123.148095,49.278711],[-123.148103,49.278832],[-123.148052,49.278986],[-123.147993,49.279063],[-123.147809,49.279155],[-123.147669,49.279165],[-123.147529,49.279146],[-123.147529,49.279102],[-123.147617,49.279078],[-123.147779,49.27901],[-123.14786,49.278967],[-123.147875,49.278933],[-123.147896,49.278769],[-123.147881,49.278581],[-123.147851,49.278509],[-123.147696,49.278408],[-123.14746,49.278355],[-123.147275,49.278307],[-123.146929,49.278206],[-123.146788,49.278153],[-123.146677,49.278038],[-123.146633,49.277956],[-123.146508,49.277907]]]}},{"type":"Feature","properties":{"n":"Tea Swamp Park","c":"Neighbourhood","ha":0.26},"geometry":{"type":"MultiPolygon","coordinates":[[[[-123.098542,49.257385],[-123.098553,49.257048],[-123.098898,49.257053],[-123.098887,49.257389],[-123.098542,49.257385]]],[[[-123.098555,49.256993],[-123.098566,49.256657],[-123.099188,49.256666],[-123.099176,49.257002],[-123.098555,49.256993]]]]}},{"type":"Feature","properties":{"n":"Vanier Park","c":"Destination","ha":21.33},"geometry":{"type":"MultiPolygon","coordinates":[[[[-123.139649,49.274145],[-123.140626,49.274098],[-123.139648,49.274414],[-123.139592,49.274428],[-123.139555,49.274373],[-123.139555,49.274255],[-123.139538,49.274191],[-123.139528,49.27415],[-123.139649,49.274145]]],[[[-123.14196,49.274034],[-123.146208,49.273831],[-123.146149,49.275241],[-123.146116,49.276042],[-123.146102,49.27629],[-123.146096,49.277463],[-123.146096,49.277476],[-123.146078,49.277881],[-123.146077,49.277927],[-123.14603,49.277937],[-123.145863,49.277959],[-123.145748,49.277996],[-123.145643,49.278059],[-123.145601,49.278178],[-123.145501,49.27841],[-123.145367,49.278567],[-123.145253,49.278701],[-123.145176,49.278789],[-123.145047,49.278849],[-123.144856,49.278905],[-123.144636,49.278943],[-123.144383,49.278937],[-123.144167,49.2789],[-123.143904,49.278878],[-123.143684,49.278863],[-123.143363,49.278788],[-123.143085,49.278717],[-123.142788,49.278639],[-123.142525,49.278555],[-123.14219,49.27843],[-123.141969,49.278233],[-123.141825,49.278114],[-123.141671,49.277973],[-123.141494,49.277848],[-123.141384,49.277805],[-123.141211,49.277733],[-123.141015,49.277636],[-123.140862,49.277549],[-123.14078,49.27743],[-123.140631,49.277292],[-123.140598,49.277236],[-123.140573,49.277136],[-123.140568,49.277079],[-123.140506,49.276935],[-123.140462,49.276832],[-123.140347,49.276666],[-123.140299,49.276616],[-123.140184,49.276563],[-123.14006,49.276501],[-123.14005,49.276498],[-123.139998,49.276468],[-123.13999,49.276463],[-123.139961,49.276436],[-123.139955,49.276413],[-123.139974,49.276384],[-123.140047,49.27634],[-123.140059,49.276153],[-123.139982,49.276044],[-123.139871,49.275881],[-123.139573,49.275487],[-123.139477,49.275346],[-123.13941,49.275274],[-123.139338,49.275206],[-123.139279,49.275162],[-123.139241,49.275116],[-123.139197,49.275069],[-123.139143,49.275009],[-123.139092,49.274952],[-123.139648,49.27478],[-123.14196,49.274034]]]]}},{"type":"Feature","properties":{"n":"Bates Park","c":"Local","ha":0.35},"geometry":{"type":"MultiPolygon","coordinates":[[[[-123.02497,49.291823],[-123.024983,49.29182],[-123.024983,49.292149],[-123.024773,49.292149],[-123.024144,49.292149],[-123.024145,49.292],[-123.024159,49.291998],[-123.024172,49.291996],[-123.024186,49.291993],[-123.024199,49.291991],[-123.024213,49.291989],[-123.024226,49.291986],[-123.02424,49.291984],[-123.024253,49.291981],[-123.024267,49.291979],[-123.024281,49.291976],[-123.024294,49.291974],[-123.024308,49.291971],[-123.024321,49.291969],[-123.024335,49.291966],[-123.024348,49.291964],[-123.024361,49.291961],[-123.024375,49.291959],[-123.024388,49.291956],[-123.024402,49.291953],[-123.024415,49.291951],[-123.024429,49.291948],[-123.024442,49.291945],[-123.024455,49.291943],[-123.024469,49.29194],[-123.024482,49.291937],[-123.024496,49.291935],[-123.024509,49.291932],[-123.024522,49.291929],[-123.024536,49.291926],[-123.024549,49.291923],[-123.024562,49.291921],[-123.024575,49.291918],[-123.024589,49.291915],[-123.024602,49.291912],[-123.024615,49.291909],[-123.024629,49.291906],[-123.024642,49.291903],[-123.024655,49.2919],[-123.024668,49.291897],[-123.024682,49.291894],[-123.024695,49.291891],[-123.024708,49.291888],[-123.024721,49.291885],[-123.024735,49.291882],[-123.024748,49.291879],[-123.024761,49.291875],[-123.024773,49.291872],[-123.024774,49.291872],[-123.024787,49.291869],[-123.0248,49.291866],[-123.024813,49.291863],[-123.024827,49.29186],[-123.02484,49.291856],[-123.024853,49.291853],[-123.024866,49.29185],[-123.024879,49.291847],[-123.024892,49.291843],[-123.024905,49.29184],[-123.024918,49.291837],[-123.024931,49.291833],[-123.024944,49.29183],[-123.024957,49.291826],[-123.02497,49.291823]]],[[[-123.024982,49.292204],[-123.025192,49.292204],[-123.025469,49.292204],[-123.025468,49.292539],[-123.025191,49.292539],[-123.024982,49.292539],[-123.024843,49.292539],[-123.024794,49.292539],[-123.024808,49.292204],[-123.024982,49.292204]]]]}},{"type":"Feature","properties":{"n":"Mont Royal Square","c":"Local","ha":0.23},"geometry":{"type":"Polygon","coordinates":[[[-123.038026,49.219564],[-123.037909,49.219564],[-123.037882,49.21956],[-123.03786,49.21955],[-123.037845,49.219536],[-123.037839,49.219518],[-123.037839,49.218846],[-123.037844,49.218828],[-123.037859,49.218814],[-123.037881,49.218804],[-123.037908,49.2188],[-123.038143,49.2188],[-123.03817,49.218804],[-123.038192,49.218814],[-123.038207,49.218828],[-123.038213,49.218846],[-123.038213,49.219518],[-123.038208,49.219536],[-123.038193,49.21955],[-123.038171,49.21956],[-123.038144,49.219564],[-123.038026,49.219564]]]}},{"type":"Feature","properties":{"n":"Rupert Park","c":"Community","ha":11.83},"geometry":{"type":"MultiPolygon","coordinates":[[[[-123.028483,49.270324],[-123.028162,49.269623],[-123.030825,49.269622],[-123.033468,49.269621],[-123.033469,49.26963],[-123.033469,49.269639],[-123.03347,49.269648],[-123.033471,49.269657],[-123.033471,49.269666],[-123.033471,49.269675],[-123.033471,49.269684],[-123.033471,49.269693],[-123.033471,49.269702],[-123.033471,49.269711],[-123.033471,49.26972],[-123.033471,49.26973],[-123.03347,49.269739],[-123.03347,49.269748],[-123.033423,49.26977],[-123.033359,49.269808],[-123.033305,49.269836],[-123.033256,49.269865],[-123.033197,49.269924],[-123.033192,49.269978],[-123.033192,49.270023],[-123.033187,49.27008],[-123.033138,49.27008],[-123.033004,49.27009],[-123.032837,49.270098],[-123.032729,49.270097],[-123.032584,49.27008],[-123.032325,49.270035],[-123.031361,49.269869],[-123.030705,49.269753],[-123.030263,49.269679],[-123.029999,49.269659],[-123.029817,49.269658],[-123.029653,49.269668],[-123.029511,49.269695],[-123.029387,49.269721],[-123.029245,49.269766],[-123.029097,49.26982],[-123.028969,49.269887],[-123.028885,49.269936],[-123.028813,49.269994],[-123.028725,49.270066],[-123.028654,49.270142],[-123.028588,49.270237],[-123.028511,49.270356],[-123.028504,49.270368],[-123.028483,49.270324]]],[[[-123.030784,49.273895],[-123.030486,49.273528],[-123.030392,49.273532],[-123.030053,49.27311],[-123.030045,49.273103],[-123.030038,49.273095],[-123.030031,49.273087],[-123.030023,49.27308],[-123.030016,49.273072],[-123.030008,49.273064],[-123.030001,49.273057],[-123.029994,49.273049],[-123.029986,49.273041],[-123.029979,49.273033],[-123.029972,49.273026],[-123.029965,49.273018],[-123.029958,49.27301],[-123.02995,49.273002],[-123.029943,49.272995],[-123.029936,49.272987],[-123.029929,49.272979],[-123.029922,49.272971],[-123.029915,49.272963],[-123.029908,49.272955],[-123.029901,49.272947],[-123.029894,49.27294],[-123.029892,49.272936],[-123.029891,49.272935],[-123.029887,49.272932],[-123.029881,49.272924],[-123.029874,49.272916],[-123.029867,49.272908],[-123.02986,49.2729],[-123.029854,49.272892],[-123.029847,49.272884],[-123.02984,49.272876],[-123.029834,49.272868],[-123.029827,49.27286],[-123.02982,49.272852],[-123.029814,49.272844],[-123.029807,49.272836],[-123.029801,49.272828],[-123.029794,49.27282],[-123.029788,49.272812],[-123.029782,49.272804],[-123.029775,49.272796],[-123.029769,49.272788],[-123.029763,49.27278],[-123.029756,49.272772],[-123.02975,49.272763],[-123.029744,49.272755],[-123.029738,49.272747],[-123.029732,49.272739],[-123.029727,49.272733],[-123.029725,49.272731],[-123.029719,49.272723],[-123.029713,49.272715],[-123.029707,49.272706],[-123.029701,49.272698],[-123.029695,49.27269],[-123.029689,49.272682],[-123.029684,49.272673],[-123.029678,49.272665],[-123.029672,49.272657],[-123.029666,49.272649],[-123.02966,49.27264],[-123.029654,49.272632],[-123.029649,49.272624],[-123.029643,49.272616],[-123.029638,49.272607],[-123.029632,49.272599],[-123.029626,49.272591],[-123.029623,49.272586],[-123.029621,49.272582],[-123.029615,49.272574],[-123.02961,49.272566],[-123.029604,49.272557],[-123.029599,49.272549],[-123.029594,49.272541],[-123.029588,49.272532],[-123.029583,49.272524],[-123.029577,49.272515],[-123.029572,49.272507],[-123.029567,49.272499],[-123.029562,49.27249],[-123.029557,49.272482],[-123.029551,49.272473],[-123.029546,49.272465],[-123.029541,49.272456],[-123.029536,49.272448],[-123.029531,49.27244],[-123.029526,49.272431],[-123.029521,49.272423],[-123.029516,49.272414],[-123.029512,49.272406],[-123.029507,49.272397],[-123.029502,49.272388],[-123.029497,49.27238],[-123.029492,49.272371],[-123.029488,49.272363],[-123.029483,49.272354],[-123.029478,49.272346],[-123.029474,49.272337],[-123.029469,49.272329],[-123.029464,49.27232],[-123.02946,49.272311],[-123.029455,49.272303],[-123.029451,49.272294],[-123.029447,49.272286],[-123.029442,49.272277],[-123.029438,49.272268],[-123.029433,49.27226],[-123.029429,49.272251],[-123.029425,49.272242],[-123.028797,49.270964],[-123.028797,49.270964],[-123.028769,49.270894],[-123.028748,49.270837],[-123.028726,49.270761],[-123.028717,49.270708],[-123.028714,49.270626],[-123.028714,49.27055],[-123.028726,49.270459],[-123.028751,49.27039],[-123.0288,49.270316],[-123.028861,49.27024],[-123.028938,49.270162],[-123.02904,49.270079],[-123.029132,49.270022],[-123.029218,49.269979],[-123.029311,49.269944],[-123.029412,49.269908],[-123.029505,49.269883],[-123.029613,49.26986],[-123.029708,49.269848],[-123.02981,49.269846],[-123.029936,49.269845],[-123.030099,49.269856],[-123.030244,49.26987],[-123.031214,49.270037],[-123.032119,49.270197],[-123.032606,49.270287],[-123.032726,49.270309],[-123.032806,49.270317],[-123.03292,49.270323],[-123.03304,49.270322],[-123.033139,49.270315],[-123.033218,49.270298],[-123.033222,49.270326],[-123.033231,49.270345],[-123.033259,49.270374],[-123.033296,49.270419],[-123.033339,49.270447],[-123.033394,49.270492],[-123.033471,49.270546],[-123.033461,49.271252],[-123.033459,49.271433],[-123.033458,49.271527],[-123.033456,49.271621],[-123.033455,49.271715],[-123.033454,49.271809],[-123.033453,49.271902],[-123.033452,49.271996],[-123.03345,49.27209],[-123.033449,49.272184],[-123.033447,49.272364],[-123.033437,49.273115],[-123.031193,49.273112],[-123.030764,49.273111],[-123.030784,49.273895]]]]}},{"type":"Feature","properties":{"n":"Dusty Greenwell Park","c":"Local","ha":0.53},"geometry":{"type":"Polygon","coordinates":[[[-123.047157,49.29217],[-123.04688,49.292107],[-123.04688,49.292107],[-123.046467,49.292013],[-123.046467,49.291736],[-123.046881,49.291826],[-123.047158,49.291887],[-123.047434,49.291948],[-123.047712,49.292009],[-123.047989,49.29207],[-123.048265,49.29213],[-123.048542,49.292191],[-123.04882,49.292252],[-123.048817,49.292486],[-123.048816,49.292486],[-123.048802,49.292485],[-123.048788,49.292483],[-123.048774,49.292482],[-123.048761,49.292481],[-123.048747,49.29248],[-123.048733,49.292479],[-123.048719,49.292477],[-123.048705,49.292476],[-123.048691,49.292475],[-123.048677,49.292473],[-123.048664,49.292472],[-123.04865,49.292471],[-123.048636,49.292469],[-123.048622,49.292468],[-123.048609,49.292466],[-123.048595,49.292465],[-123.048581,49.292463],[-123.048567,49.292461],[-123.048553,49.29246],[-123.048541,49.292458],[-123.04854,49.292458],[-123.048526,49.292456],[-123.048512,49.292454],[-123.048499,49.292453],[-123.048485,49.292451],[-123.048471,49.292449],[-123.048458,49.292447],[-123.048444,49.292445],[-123.04843,49.292443],[-123.048417,49.292441],[-123.048403,49.292439],[-123.048389,49.292437],[-123.048376,49.292435],[-123.048362,49.292433],[-123.048348,49.292431],[-123.048335,49.292428],[-123.048321,49.292426],[-123.048308,49.292424],[-123.048294,49.292422],[-123.048281,49.292419],[-123.048267,49.292417],[-123.048263,49.292416],[-123.048254,49.292415],[-123.04824,49.292412],[-123.048227,49.29241],[-123.048213,49.292407],[-123.0482,49.292405],[-123.048186,49.292402],[-123.048173,49.292399],[-123.04816,49.292397],[-123.048146,49.292394],[-123.048133,49.292392],[-123.04812,49.292389],[-123.048106,49.292386],[-123.048093,49.292383],[-123.04808,49.292381],[-123.048066,49.292378],[-123.048053,49.292375],[-123.04804,49.292372],[-123.048026,49.292369],[-123.048013,49.292366],[-123.048,49.292363],[-123.047986,49.29236],[-123.04771,49.292297],[-123.047433,49.292233],[-123.047157,49.29217]]]}},{"type":"Feature","properties":{"n":"Aberdeen Park","c":"Neighbourhood","ha":0.98},"geometry":{"type":"Polygon","coordinates":[[[-123.02656,49.234215],[-123.027164,49.234215],[-123.027995,49.234217],[-123.027995,49.235108],[-123.02796,49.23518],[-123.027861,49.235273],[-123.027254,49.234996],[-123.02725,49.234995],[-123.027244,49.234992],[-123.027238,49.234989],[-123.027231,49.234986],[-123.027224,49.234984],[-123.027218,49.234981],[-123.027211,49.234979],[-123.027204,49.234977],[-123.027197,49.234974],[-123.027191,49.234972],[-123.027184,49.23497],[-123.027177,49.234968],[-123.02717,49.234966],[-123.027162,49.234964],[-123.027155,49.234962],[-123.027148,49.234961],[-123.027141,49.234959],[-123.027133,49.234957],[-123.027126,49.234956],[-123.027119,49.234955],[-123.027111,49.234953],[-123.027104,49.234952],[-123.027096,49.234951],[-123.027089,49.23495],[-123.027081,49.234949],[-123.027074,49.234948],[-123.027066,49.234947],[-123.027059,49.234947],[-123.027051,49.234946],[-123.027043,49.234946],[-123.027036,49.234945],[-123.027028,49.234945],[-123.02702,49.234945],[-123.027013,49.234945],[-123.027005,49.234944],[-123.026997,49.234944],[-123.02699,49.234945],[-123.026982,49.234945],[-123.026974,49.234945],[-123.026967,49.234945],[-123.026959,49.234946],[-123.026952,49.234946],[-123.026944,49.234947],[-123.026936,49.234948],[-123.026929,49.234949],[-123.026921,49.234949],[-123.026914,49.23495],[-123.026906,49.234951],[-123.026899,49.234953],[-123.026891,49.234954],[-123.026884,49.234955],[-123.026877,49.234957],[-123.026869,49.234958],[-123.026862,49.23496],[-123.026855,49.234961],[-123.026847,49.234963],[-123.02684,49.234965],[-123.026833,49.234967],[-123.026826,49.234969],[-123.026819,49.234971],[-123.026812,49.234973],[-123.026805,49.234975],[-123.026799,49.234977],[-123.026792,49.23498],[-123.026785,49.234982],[-123.026778,49.234985],[-123.026772,49.234987],[-123.026765,49.23499],[-123.026759,49.234993],[-123.026753,49.234996],[-123.026746,49.234999],[-123.02674,49.235001],[-123.026734,49.235005],[-123.026481,49.234888],[-123.026505,49.234866],[-123.02656,49.234815],[-123.02656,49.234215]]]}},{"type":"Feature","properties":{"n":"Kinross Ravine Park","c":"Local","ha":1.2},"geometry":{"type":"Polygon","coordinates":[[[-123.036773,49.207093],[-123.036744,49.208144],[-123.036744,49.208144],[-123.036491,49.208145],[-123.035459,49.208186],[-123.035459,49.208186],[-123.035491,49.206972],[-123.0355,49.206971],[-123.035514,49.206971],[-123.035527,49.206971],[-123.035541,49.206971],[-123.035555,49.206971],[-123.035569,49.206971],[-123.035582,49.206971],[-123.035596,49.206971],[-123.03561,49.206971],[-123.035624,49.206971],[-123.035638,49.206971],[-123.035651,49.206972],[-123.035665,49.206972],[-123.035679,49.206972],[-123.035693,49.206972],[-123.035706,49.206973],[-123.03572,49.206973],[-123.035734,49.206973],[-123.035748,49.206974],[-123.035762,49.206974],[-123.035775,49.206975],[-123.035789,49.206975],[-123.035803,49.206976],[-123.035816,49.206976],[-123.03583,49.206977],[-123.035844,49.206977],[-123.035858,49.206978],[-123.035871,49.206979],[-123.035885,49.206979],[-123.035899,49.20698],[-123.035913,49.206981],[-123.035926,49.206982],[-123.03594,49.206982],[-123.035954,49.206983],[-123.035967,49.206984],[-123.035981,49.206985],[-123.035995,49.206986],[-123.036008,49.206987],[-123.036022,49.206988],[-123.036036,49.206989],[-123.03605,49.20699],[-123.036063,49.206991],[-123.036077,49.206992],[-123.036091,49.206994],[-123.036104,49.206995],[-123.036118,49.206996],[-123.036132,49.206997],[-123.036145,49.206999],[-123.036159,49.207],[-123.036172,49.207001],[-123.036186,49.207003],[-123.0362,49.207004],[-123.036213,49.207005],[-123.036227,49.207007],[-123.03624,49.207009],[-123.036254,49.20701],[-123.036267,49.207012],[-123.036281,49.207013],[-123.036295,49.207015],[-123.036308,49.207017],[-123.036322,49.207018],[-123.036335,49.20702],[-123.036349,49.207022],[-123.036362,49.207024],[-123.036376,49.207025],[-123.036389,49.207027],[-123.036403,49.207029],[-123.036416,49.207031],[-123.03643,49.207033],[-123.036443,49.207035],[-123.036456,49.207037],[-123.03647,49.207039],[-123.036483,49.207041],[-123.036497,49.207043],[-123.03651,49.207045],[-123.036523,49.207047],[-123.036537,49.207049],[-123.03655,49.207052],[-123.036563,49.207054],[-123.036577,49.207056],[-123.03659,49.207059],[-123.036603,49.207061],[-123.036617,49.207063],[-123.03663,49.207066],[-123.036643,49.207068],[-123.036657,49.20707],[-123.03667,49.207073],[-123.036683,49.207075],[-123.036696,49.207078],[-123.036709,49.207081],[-123.036723,49.207083],[-123.036736,49.207086],[-123.036749,49.207089],[-123.036762,49.207091],[-123.036773,49.207093]]]}},{"type":"Feature","properties":{"n":"MacDonald Park","c":"Neighbourhood","ha":1.05},"geometry":{"type":"Polygon","coordinates":[[[-123.099278,49.230143],[-123.097475,49.230106],[-123.097507,49.229385],[-123.099312,49.229421],[-123.099278,49.230143]]]}},{"type":"Feature","properties":{"n":"Sparwood Park","c":"Neighbourhood","ha":3.62},"geometry":{"type":"Polygon","coordinates":[[[-123.026916,49.221224],[-123.026918,49.221215],[-123.02692,49.221206],[-123.026923,49.221197],[-123.026925,49.221188],[-123.026927,49.221179],[-123.026929,49.22117],[-123.02693,49.221161],[-123.026932,49.221152],[-123.026934,49.221143],[-123.026935,49.221138],[-123.028693,49.221136],[-123.02869,49.219623],[-123.02767,49.219624],[-123.027665,49.219626],[-123.027654,49.219632],[-123.027643,49.219637],[-123.027632,49.219643],[-123.027621,49.219648],[-123.02761,49.219653],[-123.027598,49.219658],[-123.027587,49.219664],[-123.027576,49.219669],[-123.027564,49.219674],[-123.027553,49.219679],[-123.027541,49.219684],[-123.02753,49.219689],[-123.027518,49.219694],[-123.027507,49.219699],[-123.027495,49.219704],[-123.027484,49.219709],[-123.027472,49.219714],[-123.02746,49.219719],[-123.027449,49.219723],[-123.027437,49.219728],[-123.027425,49.219733],[-123.027413,49.219738],[-123.027401,49.219742],[-123.027389,49.219747],[-123.027377,49.219751],[-123.027365,49.219756],[-123.027353,49.21976],[-123.027341,49.219765],[-123.027329,49.219769],[-123.027317,49.219774],[-123.027305,49.219778],[-123.027293,49.219782],[-123.027281,49.219787],[-123.02717,49.219825],[-123.027068,49.219656],[-123.027151,49.219627],[-123.027163,49.219623],[-123.027175,49.219618],[-123.027187,49.219614],[-123.027199,49.21961],[-123.027212,49.219605],[-123.027224,49.219601],[-123.027236,49.219596],[-123.027248,49.219591],[-123.02726,49.219587],[-123.027271,49.219582],[-123.027283,49.219577],[-123.027295,49.219573],[-123.027307,49.219568],[-123.027319,49.219563],[-123.02733,49.219558],[-123.027342,49.219553],[-123.027354,49.219548],[-123.027365,49.219543],[-123.027377,49.219538],[-123.027388,49.219533],[-123.0274,49.219528],[-123.027411,49.219523],[-123.027423,49.219518],[-123.027434,49.219512],[-123.027445,49.219507],[-123.027457,49.219502],[-123.027468,49.219497],[-123.027479,49.219491],[-123.02749,49.219486],[-123.027501,49.21948],[-123.027512,49.219475],[-123.027523,49.219469],[-123.027534,49.219464],[-123.027545,49.219458],[-123.027556,49.219453],[-123.027567,49.219447],[-123.027578,49.219441],[-123.027589,49.219436],[-123.027599,49.21943],[-123.02761,49.219424],[-123.027621,49.219418],[-123.027631,49.219412],[-123.027642,49.219406],[-123.027652,49.2194],[-123.027663,49.219394],[-123.027673,49.219388],[-123.027684,49.219382],[-123.027694,49.219376],[-123.027704,49.21937],[-123.027714,49.219364],[-123.027724,49.219358],[-123.027734,49.219352],[-123.027745,49.219345],[-123.027755,49.219339],[-123.027765,49.219333],[-123.027774,49.219326],[-123.027784,49.21932],[-123.027794,49.219314],[-123.027804,49.219307],[-123.027814,49.219301],[-123.027823,49.219294],[-123.027833,49.219288],[-123.027843,49.219281],[-123.027852,49.219274],[-123.027861,49.219268],[-123.027871,49.219261],[-123.02788,49.219254],[-123.027889,49.219247],[-123.027898,49.219241],[-123.027899,49.219241],[-123.027908,49.219234],[-123.027917,49.219227],[-123.027926,49.21922],[-123.027935,49.219213],[-123.027944,49.219206],[-123.027953,49.219199],[-123.027962,49.219192],[-123.027971,49.219185],[-123.02798,49.219178],[-123.027988,49.219171],[-123.027997,49.219164],[-123.028006,49.219157],[-123.028014,49.21915],[-123.028023,49.219143],[-123.028031,49.219136],[-123.028039,49.219128],[-123.028048,49.219121],[-123.028056,49.219114],[-123.028064,49.219106],[-123.028072,49.219099],[-123.02808,49.219092],[-123.028088,49.219084],[-123.028096,49.219077],[-123.028104,49.219069],[-123.028112,49.219062],[-123.02812,49.219054],[-123.028128,49.219047],[-123.028135,49.219039],[-123.028143,49.219032],[-123.028151,49.219024],[-123.028158,49.219016],[-123.028165,49.219009],[-123.028173,49.219001],[-123.02818,49.218993],[-123.028188,49.218986],[-123.028195,49.218978],[-123.028202,49.21897],[-123.028209,49.218962],[-123.028216,49.218954],[-123.028223,49.218947],[-123.02823,49.218939],[-123.028198,49.21889],[-123.028308,49.218843],[-123.028382,49.218814],[-123.028568,49.218905],[-123.028556,49.218921],[-123.02855,49.218929],[-123.028544,49.218937],[-123.028537,49.218946],[-123.028531,49.218954],[-123.028525,49.218962],[-123.028518,49.21897],[-123.028512,49.218978],[-123.028505,49.218986],[-123.028499,49.218994],[-123.028492,49.219002],[-123.028486,49.21901],[-123.028479,49.219017],[-123.028472,49.219025],[-123.028465,49.219033],[-123.028458,49.219041],[-123.028452,49.219049],[-123.028445,49.219057],[-123.028437,49.219064],[-123.028433,49.21907],[-123.029707,49.219437],[-123.030141,49.218981],[-123.030946,49.218688],[-123.032183,49.218652],[-123.032183,49.218655],[-123.032186,49.218664],[-123.032188,49.218673],[-123.03219,49.218682],[-123.032191,49.218691],[-123.032193,49.2187],[-123.032195,49.218709],[-123.032197,49.218718],[-123.032199,49.218727],[-123.032201,49.218736],[-123.032203,49.218745],[-123.032204,49.218754],[-123.032206,49.218763],[-123.032208,49.218772],[-123.032209,49.218781],[-123.032211,49.21879],[-123.032213,49.218799],[-123.032214,49.218808],[-123.032216,49.218817],[-123.032217,49.218826],[-123.032219,49.218835],[-123.03222,49.218844],[-123.032222,49.218853],[-123.032223,49.218862],[-123.032224,49.218871],[-123.032226,49.218881],[-123.032227,49.21889],[-123.032228,49.218899],[-123.03223,49.218908],[-123.032231,49.218917],[-123.032232,49.218926],[-123.031424,49.218949],[-123.03141,49.21895],[-123.031396,49.21895],[-123.031383,49.218951],[-123.031369,49.218951],[-123.031355,49.218952],[-123.031341,49.218953],[-123.031327,49.218954],[-123.031314,49.218955],[-123.0313,49.218956],[-123.031286,49.218957],[-123.031272,49.218958],[-123.031259,49.21896],[-123.031245,49.218961],[-123.031231,49.218963],[-123.031218,49.218964],[-123.031204,49.218966],[-123.031191,49.218968],[-123.031177,49.218969],[-123.031163,49.218971],[-123.03115,49.218973],[-123.031136,49.218975],[-123.031123,49.218977],[-123.03111,49.21898],[-123.031096,49.218982],[-123.031083,49.218984],[-123.03107,49.218987],[-123.031056,49.218989],[-123.031043,49.218992],[-123.03103,49.218995],[-123.031017,49.218997],[-123.031004,49.219],[-123.03099,49.219003],[-123.030977,49.219006],[-123.030964,49.219009],[-123.030951,49.219012],[-123.030938,49.219016],[-123.030926,49.219019],[-123.030913,49.219022],[-123.0309,49.219026],[-123.030887,49.219029],[-123.030874,49.219033],[-123.030862,49.219037],[-123.030849,49.21904],[-123.030837,49.219044],[-123.030824,49.219048],[-123.030812,49.219052],[-123.030799,49.219056],[-123.030787,49.21906],[-123.030775,49.219065],[-123.030763,49.219069],[-123.03075,49.219073],[-123.030738,49.219078],[-123.030726,49.219082],[-123.030714,49.219087],[-123.030702,49.219091],[-123.030691,49.219096],[-123.030679,49.219101],[-123.030667,49.219106],[-123.030656,49.219111],[-123.030644,49.219116],[-123.030632,49.219121],[-123.030621,49.219126],[-123.03061,49.219131],[-123.030598,49.219136],[-123.030587,49.219142],[-123.030576,49.219147],[-123.030565,49.219152],[-123.030554,49.219158],[-123.030543,49.219164],[-123.030532,49.219169],[-123.030522,49.219175],[-123.030511,49.219181],[-123.0305,49.219186],[-123.03049,49.219192],[-123.030479,49.219198],[-123.030469,49.219204],[-123.030459,49.21921],[-123.030448,49.219217],[-123.030438,49.219223],[-123.030428,49.219229],[-123.030419,49.219235],[-123.030409,49.219242],[-123.030399,49.219248],[-123.030389,49.219255],[-123.03038,49.219261],[-123.03037,49.219268],[-123.030361,49.219275],[-123.030352,49.219281],[-123.030342,49.219288],[-123.030333,49.219295],[-123.030324,49.219302],[-123.030315,49.219309],[-123.030307,49.219316],[-123.030298,49.219323],[-123.030289,49.21933],[-123.030281,49.219337],[-123.030272,49.219344],[-123.030264,49.219351],[-123.030256,49.219359],[-123.030248,49.219366],[-123.03024,49.219373],[-123.030232,49.219381],[-123.030224,49.219388],[-123.030216,49.219396],[-123.030209,49.219403],[-123.030201,49.219411],[-123.030194,49.219419],[-123.030186,49.219426],[-123.030179,49.219434],[-123.030172,49.219442],[-123.030165,49.21945],[-123.030158,49.219458],[-123.030151,49.219466],[-123.030145,49.219474],[-123.030138,49.219482],[-123.030132,49.21949],[-123.030126,49.219498],[-123.030119,49.219506],[-123.030113,49.219514],[-123.030107,49.219522],[-123.030101,49.21953],[-123.030096,49.219539],[-123.03009,49.219547],[-123.030085,49.219555],[-123.030079,49.219563],[-123.030074,49.219572],[-123.030069,49.21958],[-123.030064,49.219589],[-123.030059,49.219597],[-123.030054,49.219606],[-123.030049,49.219614],[-123.030045,49.219623],[-123.03004,49.219631],[-123.030036,49.21964],[-123.030032,49.219649],[-123.030027,49.219657],[-123.030023,49.219666],[-123.030019,49.219675],[-123.030016,49.219683],[-123.030012,49.219692],[-123.030009,49.219701],[-123.030005,49.21971],[-123.030002,49.219718],[-123.029999,49.219727],[-123.029996,49.219736],[-123.029993,49.219745],[-123.02999,49.219754],[-123.029988,49.219763],[-123.029985,49.219772],[-123.029982,49.219781],[-123.02998,49.21979],[-123.029978,49.219799],[-123.029976,49.219808],[-123.029974,49.219817],[-123.029972,49.219826],[-123.029699,49.221246],[-123.028361,49.221218],[-123.027168,49.221627],[-123.0266,49.222298],[-123.0266,49.222298],[-123.026587,49.222293],[-123.026575,49.222289],[-123.026563,49.222284],[-123.026551,49.22228],[-123.026538,49.222276],[-123.026526,49.222271],[-123.026514,49.222267],[-123.026501,49.222263],[-123.026489,49.222258],[-123.026477,49.222254],[-123.026464,49.22225],[-123.026452,49.222246],[-123.026439,49.222242],[-123.026427,49.222237],[-123.026414,49.222233],[-123.026402,49.222229],[-123.026389,49.222225],[-123.026377,49.222221],[-123.026364,49.222217],[-123.026352,49.222213],[-123.026339,49.222209],[-123.026771,49.221544],[-123.026776,49.221536],[-123.026782,49.221528],[-123.026787,49.221519],[-123.026792,49.221511],[-123.026797,49.221502],[-123.026802,49.221494],[-123.026807,49.221486],[-123.026812,49.221477],[-123.026816,49.221469],[-123.026821,49.22146],[-123.026826,49.221451],[-123.02683,49.221443],[-123.026835,49.221434],[-123.026839,49.221426],[-123.026843,49.221417],[-123.026847,49.221409],[-123.026851,49.2214],[-123.026855,49.221391],[-123.026859,49.221383],[-123.026863,49.221374],[-123.026867,49.221365],[-123.026871,49.221356],[-123.026874,49.221348],[-123.026878,49.221339],[-123.026881,49.22133],[-123.026884,49.221321],[-123.026888,49.221313],[-123.026891,49.221304],[-123.026894,49.221295],[-123.026897,49.221286],[-123.0269,49.221277],[-123.026903,49.221268],[-123.026906,49.221259],[-123.026908,49.221251],[-123.026911,49.221242],[-123.026913,49.221233],[-123.026916,49.221224]]]}},{"type":"Feature","properties":{"n":"Vandusen Botanical Garden","c":"Destination","ha":22.34},"geometry":{"type":"Polygon","coordinates":[[[-123.128003,49.240934],[-123.128112,49.237752],[-123.137867,49.238087],[-123.13784,49.238863],[-123.137721,49.238861],[-123.137717,49.238971],[-123.13754,49.239211],[-123.137403,49.239396],[-123.137327,49.239395],[-123.137323,49.239505],[-123.137097,49.239811],[-123.135842,49.239793],[-123.135048,49.240039],[-123.135037,49.240375],[-123.135483,49.240529],[-123.13548,49.240628],[-123.136075,49.240834],[-123.136061,49.241235],[-123.133204,49.241129],[-123.128004,49.240934],[-123.128003,49.240934]]]}},{"type":"Feature","properties":{"n":"Creekside Park","c":"Neighbourhood","ha":2.54},"geometry":{"type":"MultiPolygon","coordinates":[[[[-123.102504,49.272895],[-123.102367,49.272895],[-123.102271,49.272896],[-123.102257,49.272779],[-123.102257,49.2726],[-123.102284,49.272403],[-123.102325,49.272268],[-123.102352,49.272188],[-123.102379,49.27217],[-123.102434,49.272098],[-123.102462,49.272001],[-123.103132,49.272014],[-123.104364,49.272016],[-123.104365,49.272293],[-123.103653,49.272294],[-123.10331,49.272294],[-123.103078,49.272313],[-123.103009,49.272339],[-123.102955,49.272393],[-123.102927,49.272447],[-123.102915,49.272904],[-123.102928,49.272964],[-123.102839,49.272973],[-123.102737,49.272958],[-123.102613,49.272922],[-123.102504,49.272895]]],[[[-123.102329,49.27415],[-123.102288,49.273917],[-123.102233,49.273738],[-123.102273,49.273505],[-123.102314,49.273514],[-123.102465,49.273514],[-123.102616,49.273478],[-123.10289,49.273531],[-123.102931,49.273621],[-123.103068,49.273746],[-123.103233,49.273889],[-123.103342,49.273988],[-123.103479,49.274005],[-123.103685,49.273996],[-123.103672,49.274364],[-123.103617,49.274373],[-123.103632,49.275009],[-123.103605,49.275027],[-123.103317,49.275036],[-123.103359,49.275521],[-123.103356,49.275593],[-123.102578,49.275579],[-123.102371,49.274508],[-123.102329,49.27415]]]]}},{"type":"Feature","properties":{"n":"Bobolink Park","c":"Neighbourhood","ha":3.83},"geometry":{"type":"Polygon","coordinates":[[[-123.059234,49.214274],[-123.059202,49.215742],[-123.055497,49.215706],[-123.055502,49.215697],[-123.055508,49.215688],[-123.055514,49.215679],[-123.05552,49.21567],[-123.055526,49.215661],[-123.055532,49.215652],[-123.055538,49.215643],[-123.055544,49.215634],[-123.05555,49.215625],[-123.055556,49.215616],[-123.055562,49.215607],[-123.055569,49.215598],[-123.055575,49.21559],[-123.055582,49.215581],[-123.056654,49.21411],[-123.056655,49.21411],[-123.057113,49.214253],[-123.059234,49.214274]]]}},{"type":"Feature","properties":{"n":"Kensington Park","c":"Community","ha":5.76},"geometry":{"type":"Polygon","coordinates":[[[-123.076154,49.239959],[-123.076149,49.240089],[-123.076128,49.240102],[-123.074169,49.240071],[-123.074273,49.236913],[-123.076713,49.236942],[-123.076703,49.237291],[-123.076703,49.237295],[-123.076703,49.237299],[-123.076703,49.237302],[-123.076703,49.237306],[-123.076702,49.23731],[-123.076702,49.237314],[-123.076702,49.237318],[-123.076702,49.237322],[-123.076702,49.237326],[-123.076702,49.23733],[-123.076702,49.237334],[-123.076701,49.237337],[-123.076701,49.237341],[-123.076701,49.237345],[-123.076701,49.237349],[-123.076701,49.237353],[-123.076701,49.237357],[-123.076701,49.237361],[-123.0767,49.237365],[-123.0767,49.237369],[-123.0767,49.237372],[-123.0767,49.237376],[-123.0767,49.23738],[-123.076699,49.237384],[-123.076699,49.237388],[-123.076699,49.237392],[-123.076699,49.237396],[-123.076699,49.2374],[-123.076698,49.237404],[-123.076698,49.237407],[-123.076698,49.237411],[-123.076698,49.237415],[-123.076698,49.237419],[-123.076697,49.237423],[-123.076697,49.237427],[-123.076697,49.237431],[-123.076697,49.237435],[-123.076697,49.237439],[-123.076696,49.237442],[-123.076696,49.237446],[-123.076696,49.23745],[-123.076696,49.237454],[-123.076695,49.237458],[-123.076695,49.237462],[-123.076695,49.237466],[-123.076695,49.23747],[-123.076694,49.237473],[-123.076694,49.237477],[-123.076694,49.237481],[-123.076694,49.237485],[-123.076693,49.237489],[-123.076693,49.237493],[-123.076693,49.237497],[-123.076693,49.237501],[-123.076692,49.237505],[-123.076692,49.237508],[-123.076692,49.237512],[-123.076691,49.237516],[-123.076691,49.23752],[-123.076691,49.237524],[-123.076691,49.237528],[-123.07669,49.237532],[-123.07669,49.237536],[-123.07669,49.23754],[-123.076689,49.237543],[-123.076689,49.237547],[-123.076689,49.237551],[-123.076688,49.237555],[-123.076688,49.237559],[-123.076688,49.237563],[-123.076687,49.237567],[-123.076687,49.237571],[-123.076687,49.237574],[-123.076687,49.237578],[-123.076686,49.237582],[-123.076686,49.237586],[-123.076685,49.23759],[-123.076685,49.237594],[-123.076685,49.237598],[-123.076684,49.237602],[-123.076684,49.237606],[-123.076684,49.237609],[-123.076683,49.237613],[-123.076683,49.237617],[-123.076683,49.237621],[-123.076682,49.237625],[-123.076682,49.237629],[-123.076682,49.237633],[-123.076681,49.237637],[-123.076681,49.23764],[-123.07668,49.237644],[-123.07668,49.237648],[-123.07668,49.237652],[-123.076679,49.237656],[-123.076679,49.23766],[-123.076678,49.237664],[-123.076678,49.237668],[-123.076678,49.237672],[-123.076677,49.237675],[-123.076677,49.237679],[-123.076676,49.237683],[-123.076676,49.237687],[-123.076676,49.237691],[-123.076675,49.237695],[-123.076675,49.237699],[-123.076674,49.237703],[-123.076674,49.237706],[-123.076673,49.23771],[-123.076673,49.237714],[-123.076673,49.237718],[-123.076672,49.237722],[-123.076672,49.237726],[-123.076671,49.23773],[-123.076671,49.237734],[-123.07667,49.237737],[-123.07667,49.237741],[-123.076669,49.237745],[-123.076669,49.237749],[-123.076669,49.237753],[-123.076668,49.237757],[-123.076668,49.237761],[-123.076667,49.237765],[-123.076667,49.237768],[-123.076666,49.237772],[-123.076666,49.237776],[-123.076665,49.23778],[-123.076665,49.237784],[-123.076664,49.237788],[-123.076664,49.237792],[-123.076663,49.237796],[-123.076663,49.2378],[-123.076662,49.237803],[-123.076662,49.237807],[-123.076661,49.237811],[-123.076661,49.237815],[-123.07666,49.237819],[-123.07666,49.237823],[-123.076659,49.237827],[-123.076659,49.237831],[-123.076658,49.237834],[-123.076658,49.237838],[-123.076657,49.237842],[-123.076657,49.237846],[-123.076656,49.23785],[-123.076655,49.237854],[-123.076655,49.237858],[-123.076654,49.237861],[-123.076654,49.237865],[-123.076653,49.237869],[-123.076653,49.237873],[-123.076652,49.237877],[-123.076652,49.237881],[-123.076651,49.237885],[-123.07665,49.237889],[-123.07665,49.237892],[-123.076649,49.237896],[-123.076649,49.2379],[-123.076648,49.237904],[-123.076648,49.237908],[-123.076647,49.237912],[-123.076646,49.237916],[-123.076646,49.23792],[-123.076645,49.237923],[-123.076645,49.237927],[-123.076644,49.237931],[-123.076643,49.237935],[-123.076643,49.237939],[-123.076642,49.237943],[-123.076642,49.237947],[-123.076641,49.237951],[-123.07664,49.237954],[-123.07664,49.237958],[-123.076639,49.237962],[-123.076639,49.237966],[-123.076638,49.23797],[-123.076637,49.237974],[-123.076637,49.237978],[-123.076636,49.237981],[-123.076635,49.237985],[-123.076635,49.237989],[-123.076634,49.237993],[-123.076633,49.237997],[-123.076633,49.238001],[-123.076632,49.238005],[-123.076631,49.238009],[-123.076631,49.238012],[-123.07663,49.238016],[-123.076629,49.23802],[-123.076629,49.238024],[-123.076628,49.238028],[-123.076627,49.238032],[-123.076627,49.238036],[-123.076626,49.238039],[-123.076625,49.238043],[-123.076625,49.238047],[-123.076624,49.238051],[-123.076623,49.238055],[-123.076623,49.238059],[-123.076622,49.238063],[-123.076621,49.238066],[-123.076621,49.23807],[-123.07662,49.238074],[-123.076619,49.238078],[-123.076618,49.238082],[-123.076618,49.238086],[-123.076617,49.23809],[-123.076616,49.238093],[-123.076615,49.238097],[-123.076615,49.238101],[-123.076614,49.238105],[-123.076613,49.238109],[-123.076613,49.238113],[-123.076612,49.238117],[-123.076611,49.238121],[-123.07661,49.238124],[-123.07661,49.238128],[-123.076609,49.238132],[-123.076608,49.238136],[-123.076607,49.23814],[-123.076607,49.238144],[-123.076606,49.238148],[-123.076605,49.238151],[-123.076604,49.238155],[-123.076603,49.238159],[-123.076603,49.238163],[-123.076602,49.238167],[-123.076601,49.238171],[-123.0766,49.238175],[-123.0766,49.238178],[-123.076599,49.238182],[-123.076598,49.238186],[-123.076597,49.23819],[-123.076596,49.238194],[-123.076596,49.238198],[-123.076595,49.238201],[-123.076594,49.238205],[-123.076593,49.238209],[-123.076592,49.238213],[-123.076592,49.238217],[-123.076591,49.238221],[-123.07659,49.238225],[-123.076589,49.238228],[-123.076588,49.238232],[-123.076587,49.238236],[-123.076587,49.23824],[-123.076586,49.238244],[-123.076585,49.238248],[-123.076584,49.238252],[-123.076583,49.238255],[-123.076582,49.238259],[-123.076582,49.238263],[-123.076581,49.238267],[-123.07658,49.238271],[-123.076579,49.238275],[-123.076578,49.238278],[-123.076577,49.238282],[-123.076576,49.238286],[-123.076576,49.23829],[-123.076575,49.238294],[-123.076574,49.238298],[-123.076573,49.238302],[-123.076572,49.238305],[-123.076571,49.238309],[-123.07657,49.238313],[-123.076569,49.238317],[-123.076568,49.238321],[-123.076568,49.238325],[-123.076567,49.238328],[-123.076566,49.238332],[-123.076565,49.238336],[-123.076564,49.23834],[-123.076563,49.238344],[-123.076562,49.238348],[-123.076561,49.238352],[-123.07656,49.238355],[-123.076559,49.238359],[-123.076558,49.238363],[-123.076557,49.238367],[-123.076557,49.238371],[-123.076556,49.238375],[-123.076555,49.238378],[-123.076554,49.238382],[-123.076553,49.238386],[-123.076552,49.23839],[-123.076551,49.238394],[-123.07655,49.238398],[-123.076549,49.238401],[-123.076548,49.238405],[-123.076547,49.238409],[-123.076546,49.238413],[-123.076545,49.238417],[-123.076544,49.238421],[-123.076543,49.238424],[-123.076542,49.238428],[-123.076541,49.238432],[-123.07654,49.238436],[-123.076539,49.23844],[-123.076538,49.238444],[-123.076537,49.238448],[-123.076536,49.238451],[-123.076535,49.238455],[-123.076534,49.238459],[-123.076533,49.238463],[-123.076532,49.238467],[-123.076531,49.238471],[-123.07653,49.238474],[-123.076529,49.238478],[-123.076528,49.238482],[-123.076527,49.238486],[-123.076526,49.23849],[-123.076525,49.238493],[-123.076524,49.238497],[-123.076523,49.238501],[-123.076522,49.238505],[-123.076521,49.238509],[-123.07652,49.238513],[-123.076519,49.238516],[-123.076518,49.23852],[-123.076517,49.238524],[-123.076516,49.238528],[-123.076515,49.238532],[-123.076514,49.238536],[-123.076513,49.238539],[-123.076512,49.238543],[-123.07651,49.238547],[-123.076509,49.238551],[-123.076508,49.238555],[-123.076507,49.238559],[-123.076506,49.238562],[-123.076505,49.238566],[-123.076504,49.23857],[-123.076503,49.238574],[-123.076502,49.238578],[-123.076501,49.238582],[-123.0765,49.238585],[-123.076499,49.238589],[-123.076497,49.238593],[-123.076496,49.238597],[-123.076495,49.238601],[-123.076494,49.238604],[-123.076493,49.238608],[-123.076492,49.238612],[-123.076491,49.238616],[-123.07649,49.23862],[-123.076489,49.238624],[-123.076487,49.238627],[-123.076486,49.238631],[-123.076485,49.238635],[-123.076484,49.238639],[-123.076483,49.238643],[-123.076482,49.238646],[-123.076481,49.23865],[-123.076479,49.238654],[-123.076478,49.238658],[-123.076477,49.238662],[-123.076476,49.238666],[-123.076475,49.238669],[-123.076474,49.238673],[-123.076472,49.238677],[-123.076472,49.238677],[-123.076472,49.238678],[-123.076472,49.238678],[-123.076472,49.238678],[-123.076472,49.238678],[-123.076472,49.238679],[-123.076472,49.238679],[-123.076472,49.238679],[-123.076472,49.23868],[-123.076472,49.23868],[-123.076471,49.23868],[-123.076471,49.238681],[-123.076471,49.238681],[-123.076471,49.238681],[-123.076471,49.238681],[-123.076471,49.238682],[-123.076471,49.238682],[-123.076471,49.238682],[-123.076471,49.238683],[-123.076471,49.238683],[-123.076471,49.238683],[-123.07647,49.238684],[-123.07647,49.238684],[-123.07647,49.238684],[-123.07647,49.238684],[-123.07647,49.238685],[-123.07647,49.238685],[-123.07647,49.238685],[-123.07647,49.238686],[-123.07647,49.238686],[-123.07647,49.238686],[-123.07647,49.238687],[-123.076469,49.238687],[-123.076469,49.238687],[-123.076469,49.238687],[-123.076469,49.238688],[-123.076469,49.238688],[-123.076469,49.238688],[-123.076469,49.238689],[-123.076469,49.238689],[-123.076469,49.238689],[-123.076469,49.23869],[-123.076469,49.23869],[-123.076468,49.23869],[-123.076468,49.23869],[-123.076468,49.238691],[-123.076468,49.238691],[-123.076468,49.238691],[-123.076468,49.238692],[-123.076468,49.238692],[-123.076468,49.238692],[-123.076468,49.238692],[-123.076468,49.238693],[-123.076468,49.238693],[-123.076467,49.238693],[-123.076467,49.238694],[-123.076467,49.238694],[-123.076467,49.238694],[-123.076467,49.238695],[-123.076467,49.238695],[-123.076467,49.238695],[-123.076467,49.238695],[-123.076467,49.238696],[-123.076467,49.238696],[-123.076467,49.238696],[-123.076466,49.238697],[-123.076466,49.238697],[-123.076466,49.238697],[-123.076466,49.238698],[-123.076466,49.238698],[-123.076466,49.238698],[-123.076466,49.238698],[-123.076466,49.238699],[-123.076466,49.238699],[-123.076466,49.238699],[-123.076466,49.2387],[-123.076465,49.2387],[-123.076465,49.2387],[-123.076465,49.238701],[-123.076465,49.238701],[-123.076465,49.238701],[-123.076465,49.238701],[-123.076465,49.238702],[-123.076465,49.238702],[-123.076465,49.238702],[-123.076465,49.238703],[-123.076465,49.238703],[-123.076464,49.238703],[-123.076464,49.238704],[-123.076464,49.238704],[-123.076464,49.238704],[-123.076464,49.238704],[-123.076464,49.238705],[-123.076464,49.238705],[-123.076464,49.238705],[-123.076464,49.238706],[-123.076464,49.238706],[-123.076464,49.238706],[-123.076463,49.238707],[-123.076463,49.238707],[-123.076463,49.238707],[-123.076463,49.238707],[-123.076463,49.238708],[-123.076463,49.238708],[-123.076463,49.238708],[-123.076463,49.238709],[-123.076463,49.238709],[-123.076463,49.238709],[-123.076463,49.23871],[-123.076463,49.23871],[-123.076462,49.23871],[-123.076462,49.23871],[-123.076462,49.238711],[-123.076462,49.238711],[-123.076462,49.238711],[-123.076462,49.238712],[-123.076462,49.238712],[-123.076462,49.238712],[-123.076462,49.238713],[-123.076462,49.238713],[-123.076462,49.238713],[-123.076461,49.238713],[-123.076461,49.238714],[-123.076461,49.238714],[-123.076461,49.238714],[-123.076461,49.238715],[-123.076461,49.238715],[-123.076461,49.238715],[-123.076461,49.238716],[-123.076461,49.238716],[-123.076461,49.238716],[-123.076461,49.238716],[-123.07646,49.238717],[-123.07646,49.238717],[-123.07646,49.238717],[-123.07646,49.238718],[-123.07646,49.238718],[-123.07646,49.238718],[-123.07646,49.238718],[-123.07646,49.238719],[-123.07646,49.238719],[-123.07646,49.238719],[-123.07646,49.23872],[-123.076459,49.23872],[-123.076459,49.23872],[-123.076459,49.238721],[-123.076459,49.238721],[-123.076459,49.238721],[-123.076459,49.238721],[-123.076459,49.238722],[-123.076459,49.238722],[-123.076459,49.238722],[-123.076459,49.238723],[-123.076459,49.238723],[-123.076458,49.238723],[-123.076458,49.238724],[-123.076458,49.238724],[-123.076458,49.238724],[-123.076458,49.238724],[-123.076458,49.238725],[-123.076458,49.238725],[-123.076458,49.238725],[-123.076458,49.238726],[-123.076458,49.238726],[-123.076458,49.238726],[-123.076458,49.238727],[-123.076457,49.238727],[-123.076457,49.238727],[-123.076457,49.238727],[-123.076457,49.238728],[-123.076457,49.238728],[-123.076457,49.238728],[-123.076457,49.238729],[-123.076457,49.238729],[-123.076457,49.238729],[-123.076457,49.23873],[-123.076457,49.23873],[-123.076456,49.23873],[-123.076456,49.23873],[-123.076456,49.238731],[-123.076456,49.238731],[-123.076456,49.238731],[-123.076456,49.238732],[-123.076456,49.238732],[-123.076456,49.238732],[-123.076456,49.238733],[-123.076456,49.238733],[-123.076456,49.238733],[-123.076455,49.238733],[-123.076455,49.238734],[-123.076455,49.238734],[-123.076455,49.238734],[-123.076455,49.238735],[-123.076455,49.238735],[-123.076455,49.238735],[-123.076455,49.238736],[-123.076455,49.238736],[-123.076455,49.238736],[-123.076455,49.238736],[-123.076455,49.238737],[-123.076454,49.238737],[-123.076454,49.238737],[-123.076454,49.238738],[-123.076454,49.238738],[-123.076454,49.238738],[-123.076454,49.238739],[-123.076454,49.238739],[-123.076454,49.238739],[-123.076454,49.238739],[-123.076454,49.23874],[-123.076454,49.23874],[-123.076453,49.23874],[-123.076453,49.238741],[-123.076453,49.238741],[-123.076453,49.238741],[-123.076453,49.238742],[-123.076453,49.238742],[-123.076453,49.238742],[-123.076453,49.238742],[-123.076453,49.238743],[-123.076453,49.238743],[-123.076453,49.238743],[-123.076453,49.238744],[-123.076452,49.238744],[-123.076452,49.238744],[-123.076452,49.238745],[-123.076452,49.238745],[-123.076452,49.238745],[-123.076452,49.238745],[-123.076452,49.238746],[-123.076452,49.238746],[-123.076452,49.238746],[-123.076452,49.238747],[-123.076452,49.238747],[-123.076451,49.238747],[-123.076451,49.238748],[-123.076451,49.238748],[-123.076451,49.238748],[-123.076451,49.238748],[-123.076451,49.238749],[-123.076451,49.238749],[-123.076451,49.238749],[-123.076451,49.23875],[-123.076451,49.23875],[-123.076451,49.23875],[-123.07645,49.238751],[-123.07645,49.238751],[-123.07645,49.238751],[-123.07645,49.238751],[-123.07645,49.238752],[-123.07645,49.238752],[-123.07645,49.238752],[-123.07645,49.238753],[-123.07645,49.238753],[-123.07645,49.238753],[-123.07645,49.238753],[-123.07645,49.238754],[-123.076449,49.238754],[-123.076449,49.238754],[-123.076449,49.238755],[-123.076449,49.238755],[-123.076449,49.238755],[-123.076449,49.238756],[-123.076449,49.238756],[-123.076449,49.238756],[-123.076449,49.238756],[-123.076449,49.238757],[-123.076449,49.238757],[-123.076448,49.238757],[-123.076448,49.238758],[-123.076448,49.238758],[-123.076448,49.238758],[-123.076448,49.238759],[-123.076448,49.238759],[-123.076448,49.238759],[-123.076448,49.238759],[-123.076448,49.23876],[-123.076448,49.23876],[-123.076448,49.23876],[-123.076448,49.238761],[-123.076447,49.238761],[-123.076447,49.238761],[-123.076447,49.238762],[-123.076447,49.238762],[-123.076447,49.238762],[-123.076447,49.238762],[-123.076447,49.238763],[-123.076447,49.238763],[-123.076447,49.238763],[-123.076447,49.238764],[-123.076447,49.238764],[-123.076447,49.238764],[-123.076446,49.238765],[-123.076446,49.238765],[-123.076446,49.238765],[-123.076446,49.238765],[-123.076446,49.238766],[-123.076446,49.238766],[-123.076446,49.238766],[-123.076446,49.238767],[-123.076446,49.238767],[-123.076446,49.238767],[-123.076446,49.238768],[-123.076445,49.238768],[-123.076445,49.238768],[-123.076445,49.238768],[-123.076445,49.238769],[-123.076445,49.238769],[-123.076445,49.238769],[-123.076445,49.23877],[-123.076445,49.23877],[-123.076445,49.23877],[-123.076445,49.238771],[-123.076445,49.238771],[-123.076445,49.238771],[-123.076444,49.238771],[-123.076444,49.238772],[-123.076444,49.238772],[-123.076444,49.238772],[-123.076444,49.238773],[-123.076444,49.238773],[-123.076444,49.238773],[-123.076444,49.238774],[-123.076444,49.238774],[-123.076444,49.238774],[-123.076444,49.238774],[-123.076443,49.238775],[-123.076443,49.238775],[-123.076443,49.238775],[-123.076443,49.238776],[-123.076443,49.238776],[-123.076443,49.238776],[-123.076443,49.238777],[-123.076443,49.238777],[-123.076443,49.238777],[-123.076443,49.238777],[-123.076443,49.238778],[-123.076443,49.238778],[-123.076442,49.238778],[-123.076442,49.238779],[-123.076442,49.238779],[-123.076442,49.238779],[-123.076442,49.23878],[-123.076442,49.23878],[-123.076442,49.23878],[-123.076442,49.23878],[-123.076442,49.238781],[-123.076442,49.238781],[-123.076442,49.238781],[-123.076442,49.238782],[-123.076441,49.238782],[-123.076441,49.238782],[-123.076441,49.238783],[-123.076441,49.238783],[-123.076441,49.238783],[-123.076441,49.238783],[-123.076441,49.238784],[-123.076441,49.238784],[-123.076441,49.238784],[-123.07644,49.238786],[-123.07644,49.238787],[-123.07644,49.238789],[-123.076439,49.23879],[-123.076439,49.238791],[-123.076438,49.238793],[-123.076438,49.238794],[-123.076438,49.238796],[-123.076437,49.238797],[-123.076437,49.238799],[-123.076436,49.2388],[-123.076436,49.238801],[-123.076435,49.238803],[-123.076435,49.238804],[-123.076435,49.238806],[-123.076434,49.238807],[-123.076434,49.238808],[-123.076433,49.23881],[-123.076433,49.238811],[-123.076433,49.238813],[-123.076432,49.238814],[-123.076432,49.238816],[-123.076431,49.238817],[-123.076431,49.238818],[-123.076431,49.23882],[-123.07643,49.238821],[-123.07643,49.238823],[-123.076429,49.238824],[-123.076429,49.238825],[-123.076429,49.238827],[-123.076428,49.238828],[-123.076428,49.23883],[-123.076427,49.238831],[-123.076427,49.238833],[-123.076426,49.238834],[-123.076426,49.238835],[-123.076426,49.238837],[-123.076425,49.238838],[-123.076425,49.23884],[-123.076424,49.238841],[-123.076424,49.238842],[-123.076424,49.238844],[-123.076423,49.238845],[-123.076423,49.238847],[-123.076422,49.238848],[-123.076422,49.23885],[-123.076421,49.238851],[-123.076421,49.238852],[-123.076421,49.238854],[-123.07642,49.238855],[-123.07642,49.238857],[-123.076419,49.238858],[-123.076419,49.238859],[-123.076419,49.238861],[-123.076418,49.238862],[-123.076418,49.238864],[-123.076417,49.238865],[-123.076417,49.238867],[-123.076416,49.238868],[-123.076416,49.238869],[-123.076416,49.238871],[-123.076415,49.238872],[-123.076415,49.238874],[-123.076414,49.238875],[-123.076414,49.238876],[-123.076413,49.238878],[-123.076413,49.238879],[-123.076413,49.238881],[-123.076412,49.238882],[-123.076412,49.238884],[-123.076411,49.238885],[-123.076411,49.238886],[-123.07641,49.238888],[-123.07641,49.238889],[-123.07641,49.238891],[-123.076409,49.238892],[-123.076409,49.238893],[-123.076408,49.238895],[-123.076408,49.238896],[-123.076407,49.238898],[-123.076407,49.238899],[-123.076407,49.2389],[-123.076406,49.238902],[-123.076406,49.238903],[-123.076405,49.238905],[-123.076405,49.238906],[-123.076404,49.238908],[-123.076404,49.238909],[-123.076404,49.23891],[-123.076403,49.238912],[-123.076403,49.238913],[-123.076402,49.238915],[-123.076402,49.238916],[-123.076401,49.238917],[-123.076401,49.238919],[-123.076401,49.23892],[-123.0764,49.238922],[-123.0764,49.238923],[-123.076399,49.238925],[-123.076399,49.238926],[-123.076398,49.238927],[-123.076398,49.238929],[-123.076398,49.23893],[-123.076397,49.238932],[-123.076397,49.238933],[-123.076396,49.238934],[-123.076396,49.238936],[-123.076395,49.238937],[-123.076395,49.238939],[-123.076394,49.23894],[-123.076394,49.238942],[-123.076394,49.238943],[-123.076393,49.238944],[-123.076393,49.238946],[-123.076392,49.238947],[-123.076392,49.238949],[-123.076391,49.23895],[-123.076391,49.238951],[-123.07639,49.238953],[-123.07639,49.238954],[-123.07639,49.238956],[-123.076389,49.238957],[-123.076389,49.238958],[-123.076388,49.23896],[-123.076388,49.238961],[-123.076387,49.238963],[-123.076387,49.238964],[-123.076386,49.238966],[-123.076386,49.238967],[-123.076386,49.238968],[-123.076385,49.23897],[-123.076385,49.238971],[-123.076384,49.238973],[-123.076384,49.238974],[-123.076383,49.238975],[-123.076383,49.238977],[-123.076382,49.238978],[-123.076382,49.23898],[-123.076382,49.238981],[-123.076381,49.238982],[-123.076381,49.238984],[-123.07638,49.238985],[-123.07638,49.238987],[-123.076379,49.238988],[-123.076379,49.23899],[-123.076378,49.238991],[-123.076378,49.238992],[-123.076378,49.238994],[-123.076377,49.238995],[-123.076377,49.238997],[-123.076376,49.238998],[-123.076376,49.238999],[-123.076375,49.239001],[-123.076375,49.239002],[-123.076374,49.239004],[-123.076374,49.239005],[-123.076373,49.239006],[-123.076373,49.239008],[-123.076373,49.239009],[-123.076372,49.239011],[-123.076372,49.239012],[-123.076371,49.239014],[-123.076371,49.239015],[-123.07637,49.239016],[-123.07637,49.239018],[-123.076369,49.239019],[-123.076369,49.239021],[-123.076368,49.239022],[-123.076368,49.239023],[-123.076368,49.239025],[-123.076367,49.239026],[-123.076367,49.239028],[-123.076366,49.239029],[-123.076366,49.23903],[-123.076365,49.239032],[-123.076365,49.239033],[-123.076364,49.239035],[-123.076364,49.239036],[-123.076363,49.239038],[-123.076363,49.239039],[-123.076362,49.23904],[-123.076362,49.239042],[-123.076362,49.239043],[-123.076361,49.239045],[-123.076361,49.239046],[-123.07636,49.239047],[-123.07636,49.239049],[-123.076359,49.23905],[-123.076359,49.239052],[-123.076358,49.239053],[-123.076358,49.239054],[-123.076357,49.239056],[-123.076357,49.239057],[-123.076356,49.239059],[-123.076356,49.23906],[-123.076355,49.239062],[-123.076355,49.239063],[-123.076355,49.239064],[-123.076354,49.239066],[-123.076354,49.239067],[-123.076353,49.239069],[-123.076353,49.23907],[-123.076352,49.239071],[-123.076352,49.239073],[-123.076351,49.239074],[-123.076351,49.239076],[-123.07635,49.239077],[-123.07635,49.239078],[-123.076349,49.23908],[-123.076349,49.239081],[-123.076348,49.239083],[-123.076348,49.239084],[-123.076347,49.239085],[-123.076347,49.239087],[-123.076347,49.239088],[-123.076346,49.23909],[-123.076346,49.239091],[-123.076345,49.239093],[-123.076345,49.239094],[-123.076344,49.239095],[-123.076344,49.239097],[-123.076343,49.239098],[-123.076343,49.2391],[-123.076342,49.239101],[-123.076342,49.239102],[-123.076341,49.239104],[-123.076341,49.239105],[-123.07634,49.239107],[-123.07634,49.239108],[-123.076339,49.239109],[-123.076339,49.239111],[-123.076338,49.239112],[-123.076338,49.239114],[-123.076337,49.239115],[-123.076337,49.239116],[-123.076337,49.239118],[-123.076336,49.239119],[-123.076336,49.239121],[-123.076335,49.239122],[-123.076335,49.239123],[-123.076334,49.239125],[-123.076334,49.239126],[-123.076333,49.239128],[-123.076333,49.239129],[-123.076332,49.239131],[-123.076332,49.239132],[-123.076331,49.239133],[-123.076331,49.239135],[-123.07633,49.239136],[-123.07633,49.239138],[-123.076329,49.239139],[-123.076329,49.23914],[-123.076328,49.239142],[-123.076328,49.239143],[-123.076327,49.239145],[-123.076327,49.239146],[-123.076326,49.239147],[-123.076326,49.239149],[-123.076325,49.23915],[-123.076325,49.239152],[-123.076324,49.239153],[-123.076324,49.239154],[-123.076323,49.239156],[-123.076323,49.239157],[-123.076322,49.239159],[-123.076322,49.23916],[-123.076321,49.239161],[-123.076321,49.239163],[-123.076321,49.239164],[-123.07632,49.239166],[-123.07632,49.239167],[-123.076319,49.239169],[-123.076319,49.23917],[-123.076318,49.239171],[-123.076318,49.239173],[-123.076317,49.239174],[-123.076317,49.239176],[-123.076316,49.239177],[-123.076316,49.239178],[-123.076315,49.23918],[-123.076315,49.239181],[-123.076314,49.239183],[-123.076314,49.239184],[-123.076313,49.239185],[-123.076313,49.239187],[-123.076312,49.239188],[-123.076312,49.23919],[-123.076311,49.239191],[-123.076311,49.239192],[-123.07631,49.239194],[-123.07631,49.239195],[-123.076309,49.239197],[-123.076309,49.239198],[-123.076308,49.239199],[-123.076308,49.239201],[-123.076307,49.239202],[-123.076307,49.239204],[-123.076306,49.239205],[-123.076306,49.239206],[-123.076305,49.239208],[-123.076305,49.239209],[-123.076304,49.239211],[-123.076304,49.239212],[-123.076303,49.239213],[-123.076303,49.239215],[-123.076302,49.239216],[-123.076302,49.239218],[-123.076301,49.239219],[-123.076301,49.239221],[-123.0763,49.239222],[-123.0763,49.239223],[-123.076299,49.239225],[-123.076299,49.239226],[-123.076298,49.239228],[-123.076298,49.239229],[-123.076297,49.23923],[-123.076297,49.239232],[-123.076296,49.239233],[-123.076296,49.239235],[-123.076295,49.239236],[-123.076295,49.239237],[-123.076294,49.239239],[-123.076294,49.23924],[-123.076293,49.239242],[-123.076293,49.239243],[-123.076292,49.239244],[-123.076292,49.239246],[-123.076291,49.239247],[-123.07629,49.239249],[-123.07629,49.23925],[-123.076289,49.239251],[-123.076289,49.239253],[-123.076288,49.239254],[-123.076288,49.239256],[-123.076287,49.239257],[-123.076287,49.239258],[-123.076286,49.23926],[-123.076286,49.239261],[-123.076285,49.239263],[-123.076285,49.239264],[-123.076284,49.239265],[-123.076284,49.239267],[-123.076283,49.239268],[-123.076283,49.23927],[-123.076282,49.239271],[-123.076282,49.239272],[-123.076281,49.239274],[-123.076281,49.239275],[-123.07628,49.239277],[-123.07628,49.239278],[-123.076279,49.239279],[-123.076279,49.239281],[-123.076278,49.239282],[-123.076278,49.239284],[-123.076277,49.239285],[-123.076277,49.239286],[-123.076276,49.239288],[-123.076276,49.239289],[-123.076275,49.239291],[-123.076274,49.239292],[-123.076274,49.239294],[-123.076273,49.239296],[-123.076273,49.239298],[-123.076272,49.2393],[-123.076271,49.239302],[-123.076271,49.239304],[-123.07627,49.239305],[-123.07627,49.239307],[-123.076269,49.239309],[-123.076269,49.239311],[-123.076268,49.239313],[-123.076267,49.239315],[-123.076267,49.239316],[-123.076266,49.239318],[-123.076266,49.23932],[-123.076265,49.239322],[-123.076264,49.239324],[-123.076264,49.239326],[-123.076263,49.239327],[-123.076263,49.239329],[-123.076262,49.239331],[-123.076262,49.239333],[-123.076261,49.239335],[-123.07626,49.239337],[-123.07626,49.239338],[-123.076259,49.23934],[-123.076259,49.239342],[-123.076258,49.239344],[-123.076258,49.239346],[-123.076257,49.239348],[-123.076257,49.239349],[-123.076256,49.239351],[-123.076255,49.239353],[-123.076255,49.239355],[-123.076254,49.239357],[-123.076254,49.239359],[-123.076253,49.239361],[-123.076253,49.239362],[-123.076252,49.239364],[-123.076252,49.239366],[-123.076251,49.239368],[-123.076251,49.23937],[-123.07625,49.239372],[-123.076249,49.239373],[-123.076249,49.239375],[-123.076248,49.239377],[-123.076248,49.239379],[-123.076247,49.239381],[-123.076247,49.239383],[-123.076246,49.239385],[-123.076246,49.239386],[-123.076245,49.239388],[-123.076245,49.23939],[-123.076244,49.239392],[-123.076244,49.239394],[-123.076243,49.239396],[-123.076243,49.239397],[-123.076242,49.239399],[-123.076242,49.239401],[-123.076241,49.239403],[-123.076241,49.239405],[-123.07624,49.239407],[-123.07624,49.239409],[-123.076239,49.23941],[-123.076239,49.239412],[-123.076238,49.239414],[-123.076238,49.239416],[-123.076237,49.239418],[-123.076237,49.23942],[-123.076236,49.239421],[-123.076236,49.239423],[-123.076235,49.239425],[-123.076235,49.239427],[-123.076234,49.239429],[-123.076234,49.239431],[-123.076233,49.239433],[-123.076233,49.239434],[-123.076232,49.239436],[-123.076232,49.239438],[-123.076231,49.23944],[-123.076231,49.239442],[-123.07623,49.239444],[-123.07623,49.239446],[-123.076229,49.239447],[-123.076229,49.239449],[-123.076228,49.239451],[-123.076228,49.239453],[-123.076227,49.239455],[-123.076227,49.239457],[-123.076226,49.239458],[-123.076226,49.23946],[-123.076225,49.239462],[-123.076225,49.239464],[-123.076225,49.239466],[-123.076224,49.239468],[-123.076224,49.23947],[-123.076223,49.239471],[-123.076223,49.239473],[-123.076222,49.239475],[-123.076222,49.239477],[-123.076221,49.239479],[-123.076221,49.239481],[-123.07622,49.239483],[-123.07622,49.239484],[-123.07622,49.239486],[-123.076219,49.239488],[-123.076219,49.23949],[-123.076218,49.239492],[-123.076218,49.239494],[-123.076217,49.239496],[-123.076217,49.239497],[-123.076216,49.239499],[-123.076216,49.239501],[-123.076216,49.239503],[-123.076215,49.239505],[-123.076215,49.239507],[-123.076214,49.239509],[-123.076214,49.23951],[-123.076213,49.239512],[-123.076213,49.239514],[-123.076213,49.239516],[-123.076212,49.239518],[-123.076212,49.23952],[-123.076211,49.239522],[-123.076211,49.239523],[-123.076211,49.239525],[-123.07621,49.239527],[-123.07621,49.239529],[-123.076209,49.239531],[-123.076209,49.239533],[-123.076208,49.239535],[-123.076208,49.239536],[-123.076208,49.239538],[-123.076207,49.23954],[-123.076207,49.239542],[-123.076206,49.239544],[-123.076206,49.239546],[-123.076206,49.239548],[-123.076205,49.239549],[-123.076205,49.239551],[-123.076204,49.239553],[-123.076204,49.239555],[-123.076204,49.239557],[-123.076203,49.239559],[-123.076203,49.239561],[-123.076203,49.239562],[-123.076202,49.239564],[-123.076202,49.239566],[-123.076201,49.239568],[-123.076201,49.23957],[-123.076201,49.239572],[-123.0762,49.239574],[-123.0762,49.239575],[-123.0762,49.239577],[-123.076199,49.239579],[-123.076199,49.239581],[-123.076198,49.239583],[-123.076198,49.239585],[-123.076198,49.239587],[-123.076197,49.239588],[-123.076197,49.23959],[-123.076197,49.239592],[-123.076196,49.239594],[-123.076196,49.239596],[-123.076195,49.239598],[-123.076195,49.2396],[-123.076195,49.239601],[-123.076194,49.239603],[-123.076194,49.239605],[-123.076194,49.239607],[-123.076193,49.239609],[-123.076193,49.239611],[-123.076193,49.239613],[-123.076192,49.239615],[-123.076192,49.239616],[-123.076192,49.239618],[-123.076191,49.23962],[-123.076191,49.239622],[-123.076191,49.239624],[-123.07619,49.239626],[-123.07619,49.239628],[-123.07619,49.239629],[-123.076189,49.239631],[-123.076189,49.239633],[-123.076189,49.239635],[-123.076188,49.239637],[-123.076188,49.239639],[-123.076188,49.239641],[-123.076187,49.239642],[-123.076187,49.239644],[-123.076187,49.239646],[-123.076186,49.239648],[-123.076186,49.23965],[-123.076186,49.239652],[-123.076185,49.239654],[-123.076185,49.239656],[-123.076185,49.239657],[-123.076185,49.239659],[-123.076184,49.239661],[-123.076184,49.239663],[-123.076184,49.239665],[-123.076183,49.239667],[-123.076183,49.239669],[-123.076183,49.23967],[-123.076182,49.239672],[-123.076182,49.239674],[-123.076182,49.239676],[-123.076182,49.239678],[-123.076181,49.23968],[-123.076181,49.239682],[-123.076181,49.239684],[-123.07618,49.239685],[-123.07618,49.239687],[-123.07618,49.239689],[-123.076179,49.239691],[-123.076179,49.239693],[-123.076179,49.239695],[-123.076179,49.239697],[-123.076178,49.239699],[-123.076178,49.2397],[-123.076178,49.239702],[-123.076178,49.239704],[-123.076177,49.239706],[-123.076177,49.239708],[-123.076177,49.23971],[-123.076176,49.239712],[-123.076176,49.239713],[-123.076176,49.239715],[-123.076176,49.239717],[-123.076175,49.239719],[-123.076175,49.239721],[-123.076175,49.239723],[-123.076175,49.239725],[-123.076174,49.239727],[-123.076174,49.239728],[-123.076174,49.23973],[-123.076174,49.239732],[-123.076173,49.239734],[-123.076173,49.239736],[-123.076173,49.239738],[-123.076173,49.23974],[-123.076172,49.239741],[-123.076172,49.239743],[-123.076172,49.239745],[-123.076172,49.239747],[-123.076171,49.239749],[-123.076171,49.239751],[-123.076171,49.239753],[-123.076171,49.239755],[-123.07617,49.239756],[-123.07617,49.239758],[-123.07617,49.23976],[-123.07617,49.239762],[-123.07617,49.239764],[-123.076169,49.239766],[-123.076169,49.239768],[-123.076169,49.23977],[-123.076169,49.239771],[-123.076168,49.239773],[-123.076168,49.239775],[-123.076168,49.239777],[-123.076168,49.239779],[-123.076168,49.239781],[-123.076167,49.239783],[-123.076167,49.239785],[-123.076167,49.239786],[-123.076167,49.239788],[-123.076167,49.23979],[-123.076166,49.239792],[-123.076166,49.239794],[-123.076166,49.239796],[-123.076166,49.239798],[-123.076166,49.2398],[-123.076165,49.239801],[-123.076165,49.239803],[-123.076165,49.239805],[-123.076165,49.239807],[-123.076165,49.239809],[-123.076164,49.239811],[-123.076164,49.239813],[-123.076164,49.239814],[-123.076164,49.239816],[-123.076164,49.239818],[-123.076163,49.23982],[-123.076163,49.239822],[-123.076163,49.239824],[-123.076163,49.239826],[-123.076163,49.239828],[-123.076163,49.239829],[-123.076162,49.239831],[-123.076162,49.239833],[-123.076162,49.239835],[-123.076162,49.239837],[-123.076162,49.239839],[-123.076162,49.239841],[-123.076161,49.239843],[-123.076161,49.239844],[-123.076161,49.239846],[-123.076161,49.239848],[-123.076161,49.23985],[-123.076161,49.239852],[-123.07616,49.239854],[-123.07616,49.239856],[-123.07616,49.239858],[-123.07616,49.239859],[-123.07616,49.239861],[-123.07616,49.239863],[-123.07616,49.239865],[-123.076159,49.239867],[-123.076159,49.239869],[-123.076159,49.239871],[-123.076159,49.239873],[-123.076159,49.239874],[-123.076159,49.239876],[-123.076159,49.239878],[-123.076158,49.23988],[-123.076158,49.239882],[-123.076158,49.239884],[-123.076158,49.239886],[-123.076158,49.239888],[-123.076158,49.239889],[-123.076158,49.239891],[-123.076158,49.239893],[-123.076157,49.239895],[-123.076157,49.239897],[-123.076157,49.239899],[-123.076157,49.239901],[-123.076157,49.239903],[-123.076157,49.239904],[-123.076157,49.239906],[-123.076157,49.239908],[-123.076157,49.23991],[-123.076156,49.239912],[-123.076156,49.239914],[-123.076156,49.239916],[-123.076156,49.239918],[-123.076156,49.239919],[-123.076156,49.239921],[-123.076156,49.239923],[-123.076156,49.239925],[-123.076156,49.239927],[-123.076156,49.239929],[-123.076155,49.239931],[-123.076155,49.239933],[-123.076155,49.239934],[-123.076155,49.239936],[-123.076155,49.239938],[-123.076155,49.23994],[-123.076155,49.239942],[-123.076155,49.239944],[-123.076155,49.239946],[-123.076155,49.239948],[-123.076155,49.239949],[-123.076155,49.239951],[-123.076154,49.239953],[-123.076154,49.239955],[-123.076154,49.239957],[-123.076154,49.239959]]]}},{"type":"Feature","properties":{"n":"Arbutus Park","c":"Local","ha":0.74},"geometry":{"type":"Polygon","coordinates":[[[-123.155922,49.216888],[-123.155206,49.217201],[-123.154738,49.217196],[-123.154738,49.217196],[-123.154786,49.215851],[-123.154789,49.215842],[-123.154797,49.215833],[-123.15481,49.215827],[-123.154824,49.215825],[-123.154839,49.215826],[-123.154853,49.21583],[-123.154863,49.215837],[-123.155922,49.216888]]]}},{"type":"Feature","properties":{"n":"Malkin Park","c":"Local","ha":2.43},"geometry":{"type":"Polygon","coordinates":[[[-123.177914,49.231239],[-123.177914,49.231481],[-123.177914,49.23172],[-123.177914,49.232015],[-123.177914,49.23224],[-123.177913,49.232412],[-123.177913,49.232583],[-123.177913,49.232746],[-123.177731,49.232743],[-123.175959,49.232712],[-123.175977,49.231447],[-123.17598,49.231181],[-123.17598,49.231181],[-123.176315,49.231183],[-123.176629,49.231185],[-123.176943,49.231187],[-123.177256,49.231189],[-123.177914,49.231193],[-123.177914,49.231239]]]}},{"type":"Feature","properties":{"n":"Delamont Park","c":"Neighbourhood","ha":0.22},"geometry":{"type":"MultiPolygon","coordinates":[[[[-123.15187,49.266013],[-123.15187,49.266013],[-123.151859,49.26631],[-123.151859,49.26631],[-123.15165,49.266307],[-123.15144,49.266303],[-123.151441,49.266285],[-123.151452,49.266279],[-123.151464,49.266273],[-123.151476,49.266267],[-123.151487,49.266261],[-123.151499,49.266255],[-123.15151,49.266249],[-123.151522,49.266242],[-123.151533,49.266236],[-123.151545,49.26623],[-123.151556,49.266224],[-123.151567,49.266217],[-123.151578,49.266211],[-123.151589,49.266205],[-123.1516,49.266198],[-123.151611,49.266192],[-123.151622,49.266185],[-123.151633,49.266178],[-123.151644,49.266172],[-123.151655,49.266165],[-123.151665,49.266158],[-123.151675,49.266152],[-123.151686,49.266145],[-123.151696,49.266139],[-123.151706,49.266132],[-123.151716,49.266125],[-123.151726,49.266118],[-123.151736,49.266112],[-123.151746,49.266105],[-123.151756,49.266098],[-123.151766,49.266091],[-123.151776,49.266084],[-123.151785,49.266077],[-123.151795,49.26607],[-123.151805,49.266063],[-123.151814,49.266056],[-123.151824,49.266049],[-123.151833,49.266042],[-123.151842,49.266035],[-123.151852,49.266027],[-123.151861,49.26602],[-123.15187,49.266013]]],[[[-123.150792,49.266803],[-123.150805,49.266474],[-123.151223,49.266481],[-123.151211,49.26681],[-123.150792,49.266803]]],[[[-123.1522,49.265666],[-123.152206,49.265658],[-123.152302,49.265659],[-123.152511,49.265663],[-123.152721,49.265666],[-123.152709,49.265995],[-123.152708,49.265995],[-123.152499,49.265992],[-123.15229,49.265988],[-123.15208,49.265985],[-123.151908,49.265982],[-123.151908,49.265982],[-123.151916,49.265975],[-123.151925,49.265967],[-123.151933,49.26596],[-123.151942,49.265953],[-123.15195,49.265945],[-123.151959,49.265938],[-123.151967,49.26593],[-123.151975,49.265923],[-123.151983,49.265915],[-123.151991,49.265907],[-123.151999,49.2659],[-123.152007,49.265892],[-123.152015,49.265884],[-123.152023,49.265877],[-123.15203,49.265869],[-123.152038,49.265861],[-123.152046,49.265853],[-123.152053,49.265845],[-123.15206,49.265838],[-123.152068,49.26583],[-123.152075,49.265822],[-123.152082,49.265814],[-123.152087,49.265809],[-123.15209,49.265806],[-123.152097,49.265798],[-123.152104,49.26579],[-123.152111,49.265782],[-123.152117,49.265774],[-123.152124,49.265766],[-123.152131,49.265757],[-123.152138,49.265749],[-123.152144,49.265741],[-123.152151,49.265733],[-123.152157,49.265725],[-123.152164,49.265716],[-123.15217,49.265708],[-123.152176,49.2657],[-123.152182,49.265691],[-123.152189,49.265683],[-123.152195,49.265675],[-123.1522,49.265666]]]]}},{"type":"Feature","properties":{"n":"Quadra West Park","c":"Local","ha":0.14},"geometry":{"type":"Polygon","coordinates":[[[-123.180344,49.256938],[-123.180963,49.256941],[-123.180961,49.257298],[-123.180739,49.257295],[-123.180723,49.257294],[-123.180708,49.257293],[-123.180694,49.257291],[-123.18068,49.257287],[-123.180666,49.257283],[-123.180653,49.257278],[-123.180641,49.257271],[-123.180631,49.257264],[-123.180621,49.257257],[-123.180613,49.257248],[-123.180311,49.25698],[-123.180306,49.256969],[-123.180307,49.256958],[-123.180315,49.256948],[-123.180328,49.256941],[-123.180344,49.256938]]]}},{"type":"Feature","properties":{"n":"Park Site On Quesnel Drive","c":"Local","ha":0.03},"geometry":{"type":"Polygon","coordinates":[[[-123.169677,49.247559],[-123.170057,49.24756],[-123.170055,49.247649],[-123.170054,49.247659],[-123.17005,49.247668],[-123.170044,49.247676],[-123.170036,49.247684],[-123.170026,49.247691],[-123.170014,49.247696],[-123.170001,49.247701],[-123.169987,49.247703],[-123.169972,49.247704],[-123.169958,49.247703],[-123.169944,49.247701],[-123.16993,49.247697],[-123.169918,49.247692],[-123.169677,49.247559]]]}},{"type":"Feature","properties":{"n":"Park Site On Trafalgar Street","c":"Local","ha":0.14},"geometry":{"type":"Polygon","coordinates":[[[-123.164584,49.24427],[-123.165393,49.244284],[-123.165383,49.244558],[-123.165316,49.244634],[-123.165066,49.244538],[-123.165054,49.244534],[-123.165042,49.244529],[-123.16503,49.244524],[-123.165018,49.244519],[-123.165006,49.244514],[-123.164994,49.244509],[-123.164982,49.244504],[-123.164971,49.244499],[-123.164959,49.244494],[-123.164947,49.244488],[-123.164936,49.244483],[-123.164924,49.244478],[-123.164913,49.244472],[-123.164902,49.244467],[-123.16489,49.244461],[-123.164879,49.244456],[-123.164868,49.24445],[-123.164857,49.244444],[-123.164846,49.244439],[-123.164835,49.244433],[-123.164824,49.244427],[-123.164813,49.244421],[-123.164802,49.244415],[-123.164791,49.244409],[-123.164781,49.244403],[-123.16477,49.244397],[-123.16476,49.244391],[-123.164749,49.244384],[-123.164739,49.244378],[-123.164729,49.244372],[-123.164719,49.244365],[-123.164709,49.244359],[-123.164698,49.244352],[-123.164689,49.244346],[-123.164679,49.244339],[-123.164669,49.244332],[-123.164659,49.244326],[-123.16465,49.244319],[-123.16464,49.244312],[-123.164631,49.244305],[-123.164621,49.244298],[-123.164612,49.244291],[-123.164603,49.244284],[-123.164594,49.244277],[-123.164584,49.24427]]]}},{"type":"Feature","properties":{"n":"Hastings Mill Park","c":"Neighbourhood","ha":1.23},"geometry":{"type":"Polygon","coordinates":[[[-123.18567,49.273212],[-123.185701,49.272361],[-123.187469,49.27239],[-123.187609,49.272341],[-123.187578,49.273117],[-123.187528,49.273125],[-123.187313,49.273155],[-123.18728,49.273154],[-123.187106,49.273179],[-123.187052,49.273183],[-123.186968,49.273182],[-123.186843,49.273191],[-123.186592,49.273176],[-123.18634,49.273175],[-123.18629,49.273176],[-123.186097,49.273193],[-123.186038,49.273197],[-123.185879,49.273181],[-123.185795,49.273185],[-123.18567,49.273212]]]}},{"type":"Feature","properties":{"n":"Volunteer Park","c":"Local","ha":0.72},"geometry":{"type":"Polygon","coordinates":[[[-123.168629,49.27136],[-123.168706,49.271329],[-123.168718,49.271324],[-123.16873,49.271319],[-123.168743,49.271314],[-123.168755,49.27131],[-123.168767,49.271305],[-123.16878,49.271301],[-123.168792,49.271296],[-123.168805,49.271292],[-123.168818,49.271287],[-123.16883,49.271283],[-123.168843,49.271279],[-123.168856,49.271274],[-123.168869,49.27127],[-123.168881,49.271266],[-123.168894,49.271262],[-123.168907,49.271258],[-123.16892,49.271255],[-123.168933,49.271251],[-123.168946,49.271247],[-123.16896,49.271243],[-123.168973,49.27124],[-123.168986,49.271236],[-123.168999,49.271233],[-123.169013,49.271229],[-123.169026,49.271226],[-123.169039,49.271223],[-123.169053,49.27122],[-123.16905,49.271291],[-123.169064,49.271289],[-123.169077,49.271286],[-123.16909,49.271283],[-123.169103,49.27128],[-123.169117,49.271277],[-123.16913,49.271275],[-123.169144,49.271272],[-123.169157,49.271269],[-123.169171,49.271267],[-123.169184,49.271264],[-123.169197,49.271262],[-123.169211,49.271259],[-123.169225,49.271257],[-123.169238,49.271255],[-123.169252,49.271252],[-123.169265,49.27125],[-123.169279,49.271248],[-123.169293,49.271246],[-123.169306,49.271244],[-123.16932,49.271242],[-123.169333,49.27124],[-123.169347,49.271238],[-123.169361,49.271236],[-123.169375,49.271234],[-123.169388,49.271233],[-123.169402,49.271231],[-123.169416,49.271229],[-123.16943,49.271228],[-123.169444,49.271226],[-123.169457,49.271225],[-123.169471,49.271223],[-123.169485,49.271222],[-123.169499,49.27122],[-123.169513,49.271219],[-123.169527,49.271218],[-123.169541,49.271217],[-123.169554,49.271215],[-123.169568,49.271214],[-123.169582,49.271213],[-123.169596,49.271212],[-123.16961,49.271211],[-123.169624,49.27121],[-123.169638,49.27121],[-123.169652,49.271209],[-123.169666,49.271208],[-123.16968,49.271207],[-123.169694,49.271207],[-123.169708,49.271206],[-123.169722,49.271206],[-123.169736,49.271205],[-123.16975,49.271205],[-123.169764,49.271204],[-123.169778,49.271204],[-123.169792,49.271204],[-123.169806,49.271203],[-123.16982,49.271203],[-123.169834,49.271203],[-123.169848,49.271203],[-123.169862,49.271203],[-123.169876,49.271203],[-123.169889,49.271203],[-123.16987,49.271844],[-123.169788,49.271856],[-123.169647,49.271869],[-123.169564,49.27189],[-123.169457,49.271935],[-123.169427,49.271945],[-123.169414,49.27195],[-123.169315,49.271998],[-123.169265,49.272017],[-123.169227,49.272025],[-123.168992,49.272071],[-123.16885,49.272097],[-123.168808,49.272105],[-123.168618,49.271692],[-123.168629,49.27136]]]}},{"type":"Feature","properties":{"n":"David Lam Park","c":"Community","ha":3.55},"geometry":{"type":"Polygon","coordinates":[[[-123.123608,49.273259],[-123.122513,49.272549],[-123.123248,49.272064],[-123.12274,49.271735],[-123.122162,49.27136],[-123.1224,49.271204],[-123.122524,49.271284],[-123.122504,49.271297],[-123.123427,49.271894],[-123.124901,49.271889],[-123.125982,49.2711],[-123.126714,49.271573],[-123.12625,49.27188],[-123.126237,49.271888],[-123.126218,49.271902],[-123.126199,49.271915],[-123.12618,49.271929],[-123.126161,49.271943],[-123.126143,49.271958],[-123.126126,49.271972],[-123.126109,49.271987],[-123.126092,49.272002],[-123.126075,49.272017],[-123.126059,49.272032],[-123.126044,49.272047],[-123.126028,49.272063],[-123.126013,49.272079],[-123.125999,49.272095],[-123.125985,49.272111],[-123.125972,49.272127],[-123.125959,49.272144],[-123.125946,49.27216],[-123.125934,49.272177],[-123.125922,49.272194],[-123.125911,49.272211],[-123.1259,49.272228],[-123.125889,49.272245],[-123.125879,49.272262],[-123.12587,49.27228],[-123.125861,49.272297],[-123.125852,49.272315],[-123.125844,49.272333],[-123.125837,49.272351],[-123.12583,49.272369],[-123.125823,49.272387],[-123.125817,49.272405],[-123.125811,49.272423],[-123.125806,49.272441],[-123.125801,49.272459],[-123.125797,49.272478],[-123.125793,49.272496],[-123.12579,49.272514],[-123.125787,49.272533],[-123.125785,49.272551],[-123.125783,49.27257],[-123.125782,49.272588],[-123.125782,49.272607],[-123.125781,49.272625],[-123.125781,49.272631],[-123.125781,49.272644],[-123.125782,49.272662],[-123.125792,49.272859],[-123.125746,49.272888],[-123.125735,49.272887],[-123.125722,49.272886],[-123.125708,49.272886],[-123.125694,49.272885],[-123.12568,49.272884],[-123.125667,49.272884],[-123.125653,49.272883],[-123.125639,49.272883],[-123.125625,49.272882],[-123.125612,49.272882],[-123.125598,49.272881],[-123.125584,49.272881],[-123.12557,49.272881],[-123.125556,49.272881],[-123.125543,49.272881],[-123.125529,49.272881],[-123.125515,49.27288],[-123.125501,49.27288],[-123.125487,49.272881],[-123.125474,49.272881],[-123.12546,49.272881],[-123.125446,49.272881],[-123.125432,49.272881],[-123.125418,49.272882],[-123.125405,49.272882],[-123.125391,49.272882],[-123.125377,49.272883],[-123.125363,49.272884],[-123.125349,49.272884],[-123.125336,49.272885],[-123.125322,49.272885],[-123.125308,49.272886],[-123.125294,49.272887],[-123.125281,49.272888],[-123.125267,49.272889],[-123.125253,49.27289],[-123.125239,49.272891],[-123.125226,49.272892],[-123.125212,49.272893],[-123.125198,49.272894],[-123.125185,49.272895],[-123.125171,49.272896],[-123.125157,49.272898],[-123.125144,49.272899],[-123.12513,49.2729],[-123.125116,49.272902],[-123.125103,49.272903],[-123.125089,49.272905],[-123.125076,49.272907],[-123.125062,49.272908],[-123.125049,49.27291],[-123.125035,49.272912],[-123.125021,49.272913],[-123.125008,49.272915],[-123.124994,49.272917],[-123.124981,49.272919],[-123.124967,49.272921],[-123.124954,49.272923],[-123.124941,49.272925],[-123.124927,49.272928],[-123.124914,49.27293],[-123.124901,49.272932],[-123.124887,49.272934],[-123.124874,49.272937],[-123.124861,49.272939],[-123.124847,49.272942],[-123.124834,49.272944],[-123.124821,49.272947],[-123.124808,49.272949],[-123.124794,49.272952],[-123.124781,49.272955],[-123.124768,49.272957],[-123.124755,49.27296],[-123.124742,49.272963],[-123.124729,49.272966],[-123.124716,49.272969],[-123.124703,49.272972],[-123.12469,49.272975],[-123.124677,49.272978],[-123.124664,49.272981],[-123.124651,49.272984],[-123.124638,49.272988],[-123.124625,49.272991],[-123.124613,49.272994],[-123.124612,49.272994],[-123.123608,49.273259]]]}},{"type":"Feature","properties":{"n":"Strathcona Linear Park","c":"Neighbourhood","ha":0.5},"geometry":{"type":"MultiPolygon","coordinates":[[[[-123.087129,49.27877],[-123.087149,49.278435],[-123.08715,49.278386],[-123.087173,49.278386],[-123.087221,49.278381],[-123.08726,49.278372],[-123.087292,49.278356],[-123.087311,49.278339],[-123.087325,49.278319],[-123.087331,49.278292],[-123.087331,49.278259],[-123.08742,49.278259],[-123.08763,49.278263],[-123.087617,49.278272],[-123.087584,49.278281],[-123.08756,49.278292],[-123.087536,49.278307],[-123.087513,49.278329],[-123.087501,49.278347],[-123.087493,49.278368],[-123.087491,49.278391],[-123.087493,49.27841],[-123.087497,49.278425],[-123.087499,49.278438],[-123.087501,49.278452],[-123.087414,49.27845],[-123.087397,49.278773],[-123.087129,49.27877]]],[[[-123.087204,49.276976],[-123.08722,49.276628],[-123.087493,49.276631],[-123.087598,49.276633],[-123.087702,49.276635],[-123.087807,49.276636],[-123.087913,49.276638],[-123.087898,49.276972],[-123.087792,49.27697],[-123.087688,49.276969],[-123.087583,49.276967],[-123.087479,49.276966],[-123.087204,49.276976]]],[[[-123.087437,49.27787],[-123.087452,49.277536],[-123.087462,49.277353],[-123.087476,49.277019],[-123.087581,49.277021],[-123.087685,49.277022],[-123.087791,49.277024],[-123.087775,49.277359],[-123.087671,49.277357],[-123.087655,49.277362],[-123.087639,49.277367],[-123.087624,49.277373],[-123.08761,49.27738],[-123.087597,49.277388],[-123.087585,49.277397],[-123.087575,49.277406],[-123.087565,49.277416],[-123.087557,49.277426],[-123.087551,49.277436],[-123.087545,49.277447],[-123.087541,49.277459],[-123.087539,49.27747],[-123.087538,49.277482],[-123.087539,49.277493],[-123.087541,49.277505],[-123.087545,49.277516],[-123.08755,49.277527],[-123.087557,49.277538],[-123.087564,49.277546],[-123.087572,49.277554],[-123.087581,49.277561],[-123.087591,49.277568],[-123.087602,49.277574],[-123.087613,49.27758],[-123.087626,49.277585],[-123.087639,49.277589],[-123.087652,49.277592],[-123.087666,49.277595],[-123.08768,49.277597],[-123.087695,49.277598],[-123.087709,49.277598],[-123.087723,49.277598],[-123.087738,49.277596],[-123.087752,49.277594],[-123.087766,49.277591],[-123.087779,49.277587],[-123.087792,49.277583],[-123.087804,49.277578],[-123.087815,49.277572],[-123.087826,49.277566],[-123.087836,49.277559],[-123.087844,49.277551],[-123.087852,49.277543],[-123.087871,49.277543],[-123.087856,49.277878],[-123.087437,49.27787]]]]}},{"type":"Feature","properties":{"n":"Mosaic Creek Park","c":"Local","ha":0.11},"geometry":{"type":"Polygon","coordinates":[[[-123.07391,49.273161],[-123.074328,49.273165],[-123.074325,49.273499],[-123.073906,49.273495],[-123.073907,49.273418],[-123.073908,49.273332],[-123.073909,49.273247],[-123.07391,49.273161]]]}},{"type":"Feature","properties":{"n":"Coal Harbour Park","c":"Neighbourhood","ha":0.95},"geometry":{"type":"Polygon","coordinates":[[[-123.124494,49.290568],[-123.123934,49.290205],[-123.124893,49.289571],[-123.124971,49.289562],[-123.125203,49.289629],[-123.125602,49.289731],[-123.126048,49.289861],[-123.125536,49.2902],[-123.125521,49.290419],[-123.12552,49.290433],[-123.125519,49.290433],[-123.125484,49.290432],[-123.125449,49.290432],[-123.125414,49.290432],[-123.12538,49.290432],[-123.125345,49.290433],[-123.12531,49.290434],[-123.125275,49.290436],[-123.125241,49.290438],[-123.125206,49.29044],[-123.125172,49.290443],[-123.125137,49.290446],[-123.125103,49.290449],[-123.125069,49.290453],[-123.125035,49.290458],[-123.125,49.290463],[-123.124967,49.290468],[-123.124933,49.290473],[-123.124899,49.290479],[-123.124866,49.290485],[-123.124833,49.290492],[-123.1248,49.290499],[-123.124767,49.290506],[-123.124734,49.290514],[-123.124702,49.290522],[-123.124669,49.290531],[-123.124637,49.29054],[-123.124606,49.290549],[-123.124574,49.290559],[-123.124543,49.290569],[-123.124512,49.290579],[-123.124494,49.290568]]]}},{"type":"Feature","properties":{"n":"Oak Park","c":"Community","ha":5.26},"geometry":{"type":"Polygon","coordinates":[[[-123.127369,49.215813],[-123.127377,49.215584],[-123.127436,49.213869],[-123.127649,49.213872],[-123.129877,49.214504],[-123.129875,49.214551],[-123.129874,49.21456],[-123.129874,49.214569],[-123.129874,49.214578],[-123.129873,49.214587],[-123.129873,49.214596],[-123.129873,49.214605],[-123.129872,49.214614],[-123.129872,49.214623],[-123.129871,49.214632],[-123.129871,49.214641],[-123.12987,49.21465],[-123.12987,49.214659],[-123.129869,49.214668],[-123.129869,49.214677],[-123.129868,49.214686],[-123.129868,49.214695],[-123.129867,49.214704],[-123.129867,49.214713],[-123.129866,49.214722],[-123.129865,49.214731],[-123.129865,49.214741],[-123.129864,49.21475],[-123.129863,49.214759],[-123.129863,49.214768],[-123.129862,49.214777],[-123.129861,49.214786],[-123.129861,49.214795],[-123.12986,49.214804],[-123.129859,49.214813],[-123.129858,49.214822],[-123.129857,49.214831],[-123.129857,49.21484],[-123.129856,49.214849],[-123.129855,49.214858],[-123.129854,49.214867],[-123.129853,49.214876],[-123.129852,49.214885],[-123.129851,49.214894],[-123.12985,49.214903],[-123.129849,49.214912],[-123.129849,49.214921],[-123.129848,49.21493],[-123.129847,49.214939],[-123.129846,49.214948],[-123.129845,49.214957],[-123.129844,49.214966],[-123.129842,49.214975],[-123.129841,49.214984],[-123.12984,49.214993],[-123.129839,49.215002],[-123.129838,49.215011],[-123.129837,49.21502],[-123.129836,49.215029],[-123.129835,49.215038],[-123.129833,49.215047],[-123.129832,49.215056],[-123.129831,49.215065],[-123.12983,49.215074],[-123.129829,49.215083],[-123.129827,49.215092],[-123.129826,49.215101],[-123.129825,49.21511],[-123.129823,49.215119],[-123.129822,49.215128],[-123.129821,49.215137],[-123.129819,49.215146],[-123.129818,49.215155],[-123.129817,49.215164],[-123.129815,49.215173],[-123.129814,49.215182],[-123.129812,49.215191],[-123.129811,49.2152],[-123.129809,49.215209],[-123.129808,49.215218],[-123.129806,49.215227],[-123.129805,49.215236],[-123.129803,49.215245],[-123.129802,49.215254],[-123.1298,49.215263],[-123.129799,49.215272],[-123.129797,49.215281],[-123.129795,49.21529],[-123.129794,49.215299],[-123.129792,49.215308],[-123.12979,49.215317],[-123.129789,49.215326],[-123.129787,49.215335],[-123.129785,49.215344],[-123.129783,49.215353],[-123.129782,49.215362],[-123.12978,49.215371],[-123.129778,49.215379],[-123.129776,49.215388],[-123.129775,49.215397],[-123.129773,49.215406],[-123.129771,49.215415],[-123.129769,49.215424],[-123.129767,49.215433],[-123.129765,49.215442],[-123.129763,49.215451],[-123.129762,49.21546],[-123.12976,49.215469],[-123.129758,49.215478],[-123.129756,49.215487],[-123.129754,49.215496],[-123.129752,49.215505],[-123.12975,49.215514],[-123.129748,49.215523],[-123.129746,49.215532],[-123.129745,49.215533],[-123.129743,49.215541],[-123.129741,49.21555],[-123.129739,49.215558],[-123.129737,49.215567],[-123.129735,49.215576],[-123.129733,49.215585],[-123.129731,49.215594],[-123.129729,49.215603],[-123.129726,49.215612],[-123.129724,49.215621],[-123.129722,49.21563],[-123.12972,49.215639],[-123.129717,49.215648],[-123.129715,49.215657],[-123.129713,49.215666],[-123.12971,49.215674],[-123.129708,49.215683],[-123.129706,49.215692],[-123.129704,49.215701],[-123.129701,49.21571],[-123.129699,49.215719],[-123.129696,49.215728],[-123.129694,49.215737],[-123.129692,49.215746],[-123.129689,49.215755],[-123.129687,49.215763],[-123.129684,49.215772],[-123.129682,49.215781],[-123.129679,49.21579],[-123.129677,49.215799],[-123.129674,49.215808],[-123.129671,49.215817],[-123.129669,49.215826],[-123.129666,49.215835],[-123.129664,49.215843],[-123.129661,49.215852],[-123.129658,49.215861],[-123.129656,49.21587],[-123.129653,49.215879],[-123.12965,49.215888],[-123.129648,49.215897],[-123.129645,49.215905],[-123.129642,49.215914],[-123.129639,49.215923],[-123.129637,49.215932],[-123.129634,49.215941],[-123.129631,49.21595],[-123.129628,49.215959],[-123.129626,49.215967],[-123.129623,49.215976],[-123.12962,49.215985],[-123.129617,49.215994],[-123.129614,49.216003],[-123.129611,49.216012],[-123.129608,49.21602],[-123.129605,49.216029],[-123.129602,49.216038],[-123.129599,49.216047],[-123.129596,49.216056],[-123.129593,49.216065],[-123.12959,49.216073],[-123.129587,49.216082],[-123.129584,49.216091],[-123.129581,49.2161],[-123.129578,49.216109],[-123.129575,49.216118],[-123.129572,49.216126],[-123.129569,49.216135],[-123.129566,49.216144],[-123.129563,49.216153],[-123.129559,49.216161],[-123.129556,49.21617],[-123.129553,49.216179],[-123.12955,49.216188],[-123.129546,49.216197],[-123.129543,49.216205],[-123.12954,49.216214],[-123.129537,49.216223],[-123.129533,49.216232],[-123.12953,49.216241],[-123.129527,49.216249],[-123.129523,49.216258],[-123.12952,49.216267],[-123.129517,49.216276],[-123.129513,49.216284],[-123.12951,49.216293],[-123.129506,49.216302],[-123.129503,49.216311],[-123.1295,49.216319],[-123.129496,49.216328],[-123.129492,49.216337],[-123.129489,49.216346],[-123.129485,49.216354],[-123.129482,49.216363],[-123.129478,49.216372],[-123.129475,49.216381],[-123.129471,49.216389],[-123.129468,49.216398],[-123.129464,49.216407],[-123.12946,49.216415],[-123.129457,49.216424],[-123.129453,49.216433],[-123.129449,49.216442],[-123.129446,49.21645],[-123.129442,49.216459],[-123.129438,49.216468],[-123.129435,49.216476],[-123.129431,49.216485],[-123.129427,49.216494],[-123.129423,49.216502],[-123.129419,49.216511],[-123.129416,49.21652],[-123.129412,49.216529],[-123.129408,49.216537],[-123.129404,49.216546],[-123.1294,49.216555],[-123.129396,49.216563],[-123.129392,49.216572],[-123.129388,49.216581],[-123.129384,49.216589],[-123.129381,49.216598],[-123.129377,49.216607],[-123.129373,49.216615],[-123.129369,49.216624],[-123.129365,49.216632],[-123.129361,49.216641],[-123.129356,49.21665],[-123.129352,49.216658],[-123.129348,49.216667],[-123.129344,49.216676],[-123.12934,49.216684],[-123.129336,49.216693],[-123.129332,49.216701],[-123.129328,49.21671],[-123.129324,49.216719],[-123.129319,49.216727],[-123.129315,49.216736],[-123.129311,49.216745],[-123.129307,49.216753],[-123.129302,49.216762],[-123.129298,49.21677],[-123.129294,49.216779],[-123.12929,49.216788],[-123.129285,49.216796],[-123.129281,49.216805],[-123.129277,49.216813],[-123.129272,49.216822],[-123.129268,49.21683],[-123.129264,49.216839],[-123.129259,49.216848],[-123.129255,49.216856],[-123.12925,49.216865],[-123.129246,49.216873],[-123.129241,49.216882],[-123.129237,49.21689],[-123.129232,49.216899],[-123.129228,49.216907],[-123.129223,49.216916],[-123.129219,49.216925],[-123.129214,49.216933],[-123.12921,49.216942],[-123.129205,49.21695],[-123.1292,49.216959],[-123.129196,49.216967],[-123.129191,49.216976],[-123.129187,49.216984],[-123.129182,49.216993],[-123.129177,49.217001],[-123.129173,49.21701],[-123.129168,49.217018],[-123.129163,49.217027],[-123.128398,49.217006],[-123.127329,49.216977],[-123.127369,49.215813]]]}},{"type":"Feature","properties":{"n":"Park Site on Jervis St. @ Pacific St","c":"Local","ha":0.06},"geometry":{"type":"Polygon","coordinates":[[[-123.138918,49.281101],[-123.138263,49.280698],[-123.138424,49.280593],[-123.138939,49.281091],[-123.138918,49.281101]]]}},{"type":"Feature","properties":{"n":"Street End - Wall St @ Cambridge","c":"Local","ha":0.05},"geometry":{"type":"Polygon","coordinates":[[[-123.061138,49.286711],[-123.060934,49.286711],[-123.060967,49.28667],[-123.061071,49.28664],[-123.061078,49.286638],[-123.061085,49.286635],[-123.061091,49.286632],[-123.061097,49.286628],[-123.061102,49.286624],[-123.061107,49.28662],[-123.061111,49.286616],[-123.061114,49.286611],[-123.061117,49.286606],[-123.061119,49.286601],[-123.061121,49.286596],[-123.061122,49.286591],[-123.061122,49.286586],[-123.061122,49.286581],[-123.061121,49.286576],[-123.061119,49.286571],[-123.061102,49.286534],[-123.061391,49.286536],[-123.061209,49.286737],[-123.061138,49.286711]]]}},{"type":"Feature","properties":{"n":"Locarno Beach Park","c":"Community","ha":14.72},"geometry":{"type":"Polygon","coordinates":[[[-123.21241,49.276453],[-123.212055,49.276422],[-123.211786,49.276423],[-123.211393,49.27643],[-123.211211,49.276449],[-123.211249,49.276361],[-123.211248,49.276223],[-123.21119,49.276054],[-123.211074,49.275884],[-123.210891,49.275721],[-123.210689,49.275634],[-123.210257,49.275497],[-123.209882,49.275428],[-123.209585,49.275391],[-123.209297,49.275379],[-123.208942,49.27538],[-123.208472,49.275393],[-123.208098,49.275419],[-123.207638,49.275439],[-123.207168,49.275465],[-123.206756,49.275503],[-123.206286,49.27556],[-123.205902,49.275617],[-123.204886,49.275808],[-123.204167,49.275953],[-123.203506,49.276099],[-123.202893,49.276232],[-123.202518,49.276308],[-123.202527,49.275974],[-123.202712,49.275961],[-123.202737,49.275279],[-123.20286,49.275281],[-123.202866,49.275109],[-123.202744,49.275107],[-123.202865,49.271864],[-123.202883,49.271881],[-123.202885,49.271882],[-123.202893,49.271889],[-123.202901,49.271897],[-123.202909,49.271904],[-123.202917,49.271911],[-123.202926,49.271919],[-123.202934,49.271926],[-123.202943,49.271933],[-123.202951,49.27194],[-123.20296,49.271947],[-123.202968,49.271955],[-123.202977,49.271962],[-123.202986,49.271969],[-123.202995,49.271976],[-123.203003,49.271983],[-123.203012,49.27199],[-123.203022,49.271997],[-123.203031,49.272004],[-123.20304,49.27201],[-123.203049,49.272017],[-123.203058,49.272024],[-123.203067,49.272031],[-123.203077,49.272038],[-123.203086,49.272044],[-123.203096,49.272051],[-123.203105,49.272058],[-123.203115,49.272064],[-123.203125,49.272071],[-123.203134,49.272077],[-123.203144,49.272084],[-123.203154,49.27209],[-123.203164,49.272097],[-123.203174,49.272103],[-123.203184,49.272109],[-123.203194,49.272116],[-123.203204,49.272122],[-123.203214,49.272128],[-123.203224,49.272134],[-123.203235,49.27214],[-123.203245,49.272147],[-123.203255,49.272153],[-123.203266,49.272159],[-123.203276,49.272165],[-123.203286,49.272171],[-123.203297,49.272177],[-123.203308,49.272182],[-123.203318,49.272188],[-123.203329,49.272194],[-123.20334,49.2722],[-123.203351,49.272206],[-123.203362,49.272211],[-123.203372,49.272217],[-123.203383,49.272223],[-123.203394,49.272228],[-123.203406,49.272234],[-123.203417,49.272239],[-123.203428,49.272244],[-123.203439,49.27225],[-123.20345,49.272255],[-123.203462,49.272261],[-123.203473,49.272266],[-123.203484,49.272271],[-123.203496,49.272276],[-123.203507,49.272281],[-123.203519,49.272287],[-123.20353,49.272292],[-123.203542,49.272297],[-123.203554,49.272302],[-123.203565,49.272306],[-123.203577,49.272311],[-123.203589,49.272316],[-123.203601,49.272321],[-123.203613,49.272326],[-123.203624,49.27233],[-123.203636,49.272335],[-123.203648,49.27234],[-123.20366,49.272344],[-123.203672,49.272349],[-123.203685,49.272353],[-123.203697,49.272358],[-123.203709,49.272362],[-123.203721,49.272367],[-123.204982,49.272818],[-123.205587,49.273034],[-123.205558,49.273818],[-123.205515,49.275023],[-123.205792,49.275022],[-123.208573,49.274579],[-123.208849,49.274583],[-123.210104,49.274603],[-123.211598,49.275038],[-123.211872,49.275114],[-123.214607,49.275911],[-123.214601,49.276094],[-123.214592,49.276322],[-123.21457,49.276913],[-123.214369,49.27692],[-123.21411,49.276946],[-123.213841,49.276978],[-123.213554,49.277022],[-123.213343,49.277048],[-123.213209,49.277079],[-123.213228,49.277041],[-123.213227,49.276954],[-123.213169,49.276822],[-123.213054,49.276715],[-123.212909,49.276609],[-123.212765,49.27654],[-123.21241,49.276453]]]}},{"type":"Feature","properties":{"n":"McCleery Park","c":"Local","ha":0.25},"geometry":{"type":"Polygon","coordinates":[[[-123.163927,49.226435],[-123.163933,49.226444],[-123.163939,49.226452],[-123.163945,49.22646],[-123.163951,49.226468],[-123.163957,49.226476],[-123.163964,49.226485],[-123.16397,49.226493],[-123.163977,49.226501],[-123.163983,49.226509],[-123.16399,49.226517],[-123.163997,49.226525],[-123.164003,49.226533],[-123.16401,49.226541],[-123.164017,49.226549],[-123.164024,49.226557],[-123.164031,49.226565],[-123.164038,49.226573],[-123.164046,49.22658],[-123.164053,49.226588],[-123.16406,49.226596],[-123.164068,49.226604],[-123.164075,49.226612],[-123.164083,49.226619],[-123.16409,49.226627],[-123.164098,49.226635],[-123.164105,49.226642],[-123.164113,49.22665],[-123.164121,49.226658],[-123.164129,49.226665],[-123.164137,49.226673],[-123.164145,49.22668],[-123.164153,49.226688],[-123.164161,49.226695],[-123.164169,49.226702],[-123.164178,49.22671],[-123.164186,49.226717],[-123.164194,49.226724],[-123.164203,49.226732],[-123.164211,49.226739],[-123.16422,49.226746],[-123.164229,49.226753],[-123.164237,49.226761],[-123.164246,49.226768],[-123.164255,49.226775],[-123.164264,49.226782],[-123.164273,49.226789],[-123.164282,49.226796],[-123.164291,49.226803],[-123.1643,49.22681],[-123.164309,49.226817],[-123.164318,49.226824],[-123.164328,49.226831],[-123.164337,49.226837],[-123.164346,49.226844],[-123.164356,49.226851],[-123.164365,49.226858],[-123.164375,49.226864],[-123.164385,49.226871],[-123.164394,49.226877],[-123.164404,49.226884],[-123.164414,49.226891],[-123.164423,49.226897],[-123.164433,49.226903],[-123.164443,49.22691],[-123.164453,49.226916],[-123.164464,49.226923],[-123.164474,49.226929],[-123.164484,49.226935],[-123.164494,49.226942],[-123.164504,49.226948],[-123.164515,49.226954],[-123.164525,49.22696],[-123.164535,49.226966],[-123.164546,49.226972],[-123.164557,49.226978],[-123.164568,49.226984],[-123.164578,49.22699],[-123.164589,49.226996],[-123.1646,49.227002],[-123.164611,49.227008],[-123.164622,49.227014],[-123.164633,49.22702],[-123.164644,49.227026],[-123.164656,49.227032],[-123.164667,49.227037],[-123.164678,49.227043],[-123.164689,49.227049],[-123.164701,49.227054],[-123.164712,49.22706],[-123.164724,49.227065],[-123.164735,49.227071],[-123.164747,49.227076],[-123.164758,49.227081],[-123.16477,49.227087],[-123.164781,49.227092],[-123.164793,49.227097],[-123.164805,49.227103],[-123.164817,49.227108],[-123.164829,49.227113],[-123.164841,49.227118],[-123.164853,49.227123],[-123.164865,49.227128],[-123.164877,49.227133],[-123.164889,49.227138],[-123.164901,49.227143],[-123.164913,49.227148],[-123.164925,49.227152],[-123.164937,49.227157],[-123.16495,49.227162],[-123.164962,49.227166],[-123.164974,49.227171],[-123.163896,49.227159],[-123.163927,49.226435]]]}},{"type":"Feature","properties":{"n":"East Fraserlands Neighbourhood Park North","c":"Local","ha":0.13},"geometry":{"type":"Polygon","coordinates":[[[-123.039414,49.206636],[-123.039783,49.206688],[-123.03945,49.207204],[-123.03945,49.207204],[-123.039449,49.207203],[-123.039448,49.207203],[-123.039448,49.207203],[-123.039447,49.207203],[-123.039447,49.207202],[-123.039446,49.207202],[-123.039445,49.207202],[-123.039445,49.207202],[-123.039444,49.207202],[-123.039444,49.207201],[-123.039443,49.207201],[-123.039442,49.207201],[-123.039442,49.207201],[-123.039441,49.2072],[-123.039441,49.2072],[-123.03944,49.2072],[-123.039439,49.2072],[-123.039439,49.2072],[-123.039438,49.207199],[-123.039438,49.207199],[-123.039437,49.207199],[-123.039436,49.207199],[-123.039436,49.207198],[-123.039435,49.207198],[-123.039435,49.207198],[-123.039434,49.207198],[-123.039433,49.207198],[-123.039433,49.207197],[-123.039432,49.207197],[-123.039432,49.207197],[-123.039431,49.207197],[-123.03943,49.207196],[-123.03943,49.207196],[-123.039429,49.207196],[-123.039429,49.207196],[-123.039428,49.207196],[-123.039427,49.207195],[-123.039427,49.207195],[-123.039426,49.207195],[-123.039426,49.207195],[-123.039425,49.207195],[-123.039424,49.207194],[-123.039424,49.207194],[-123.039423,49.207194],[-123.039423,49.207194],[-123.039422,49.207193],[-123.039421,49.207193],[-123.039421,49.207193],[-123.03942,49.207193],[-123.03942,49.207193],[-123.039419,49.207192],[-123.039418,49.207192],[-123.039418,49.207192],[-123.039417,49.207192],[-123.039417,49.207191],[-123.039416,49.207191],[-123.039415,49.207191],[-123.039415,49.207191],[-123.039414,49.207191],[-123.039414,49.20719],[-123.039413,49.20719],[-123.039412,49.20719],[-123.039412,49.20719],[-123.039411,49.207189],[-123.039411,49.207189],[-123.03941,49.207189],[-123.039409,49.207189],[-123.039409,49.207189],[-123.039408,49.207188],[-123.039408,49.207188],[-123.039407,49.207188],[-123.039406,49.207188],[-123.039406,49.207187],[-123.039405,49.207187],[-123.039405,49.207187],[-123.039404,49.207187],[-123.039404,49.207186],[-123.039403,49.207186],[-123.039402,49.207186],[-123.039402,49.207186],[-123.039401,49.207186],[-123.039401,49.207185],[-123.0394,49.207185],[-123.039399,49.207185],[-123.039399,49.207185],[-123.039398,49.207184],[-123.039398,49.207184],[-123.039397,49.207184],[-123.039396,49.207184],[-123.039396,49.207184],[-123.039395,49.207183],[-123.039395,49.207183],[-123.039394,49.207183],[-123.039393,49.207183],[-123.039393,49.207182],[-123.039392,49.207182],[-123.039392,49.207182],[-123.039391,49.207182],[-123.03939,49.207182],[-123.03939,49.207181],[-123.039389,49.207181],[-123.039389,49.207181],[-123.039388,49.207181],[-123.039387,49.20718],[-123.039387,49.20718],[-123.039386,49.20718],[-123.039386,49.20718],[-123.039385,49.20718],[-123.039384,49.207179],[-123.039384,49.207179],[-123.039383,49.207179],[-123.039383,49.207179],[-123.039382,49.207178],[-123.039381,49.207178],[-123.039381,49.207178],[-123.03938,49.207178],[-123.03938,49.207177],[-123.039379,49.207177],[-123.039378,49.207177],[-123.039378,49.207177],[-123.039377,49.207177],[-123.039377,49.207176],[-123.039376,49.207176],[-123.039376,49.207176],[-123.039375,49.207176],[-123.039374,49.207175],[-123.039374,49.207175],[-123.039373,49.207175],[-123.039373,49.207175],[-123.039372,49.207175],[-123.039371,49.207174],[-123.039371,49.207174],[-123.03937,49.207174],[-123.03937,49.207174],[-123.039369,49.207173],[-123.039368,49.207173],[-123.039368,49.207173],[-123.039367,49.207173],[-123.039367,49.207172],[-123.039366,49.207172],[-123.039365,49.207172],[-123.039365,49.207172],[-123.039364,49.207172],[-123.039364,49.207171],[-123.039363,49.207171],[-123.039362,49.207171],[-123.039362,49.207171],[-123.039361,49.20717],[-123.039361,49.20717],[-123.03936,49.20717],[-123.039359,49.20717],[-123.039359,49.207169],[-123.039358,49.207169],[-123.039358,49.207169],[-123.039357,49.207169],[-123.039357,49.207169],[-123.039356,49.207168],[-123.039355,49.207168],[-123.039355,49.207168],[-123.039354,49.207168],[-123.039354,49.207167],[-123.039353,49.207167],[-123.039352,49.207167],[-123.039352,49.207167],[-123.039351,49.207166],[-123.039351,49.207166],[-123.03935,49.207166],[-123.039349,49.207166],[-123.039349,49.207166],[-123.039348,49.207165],[-123.039348,49.207165],[-123.039347,49.207165],[-123.039346,49.207165],[-123.039346,49.207164],[-123.039345,49.207164],[-123.039345,49.207164],[-123.039344,49.207164],[-123.039344,49.207163],[-123.039343,49.207163],[-123.039342,49.207163],[-123.039342,49.207163],[-123.039341,49.207163],[-123.039341,49.207162],[-123.03934,49.207162],[-123.039339,49.207162],[-123.039339,49.207162],[-123.039338,49.207161],[-123.039338,49.207161],[-123.039337,49.207161],[-123.039336,49.207161],[-123.039336,49.20716],[-123.039335,49.20716],[-123.039335,49.20716],[-123.039334,49.20716],[-123.039333,49.20716],[-123.039333,49.207159],[-123.039332,49.207159],[-123.039332,49.207159],[-123.039331,49.207159],[-123.039331,49.207158],[-123.03933,49.207158],[-123.039329,49.207158],[-123.039329,49.207158],[-123.039328,49.207157],[-123.039328,49.207157],[-123.039327,49.207157],[-123.039326,49.207157],[-123.039326,49.207157],[-123.039325,49.207156],[-123.039325,49.207156],[-123.039324,49.207156],[-123.039323,49.207156],[-123.039323,49.207155],[-123.039322,49.207155],[-123.039322,49.207155],[-123.039321,49.207155],[-123.039321,49.207154],[-123.03932,49.207154],[-123.039319,49.207154],[-123.039319,49.207154],[-123.039318,49.207153],[-123.039318,49.207153],[-123.039317,49.207153],[-123.039316,49.207153],[-123.039316,49.207153],[-123.039315,49.207152],[-123.039315,49.207152],[-123.039314,49.207152],[-123.039313,49.207152],[-123.039313,49.207151],[-123.039312,49.207151],[-123.039312,49.207151],[-123.039311,49.207151],[-123.039311,49.20715],[-123.03931,49.20715],[-123.039309,49.20715],[-123.039309,49.20715],[-123.039308,49.207149],[-123.039308,49.207149],[-123.039307,49.207149],[-123.039306,49.207149],[-123.039306,49.207149],[-123.039305,49.207148],[-123.039305,49.207148],[-123.039304,49.207148],[-123.039304,49.207148],[-123.039303,49.207147],[-123.039302,49.207147],[-123.039302,49.207147],[-123.039301,49.207147],[-123.039301,49.207146],[-123.0393,49.207146],[-123.039299,49.207146],[-123.039299,49.207146],[-123.039298,49.207145],[-123.039298,49.207145],[-123.039297,49.207145],[-123.039296,49.207145],[-123.039296,49.207145],[-123.039295,49.207144],[-123.039295,49.207144],[-123.039294,49.207144],[-123.039294,49.207144],[-123.039293,49.207143],[-123.039292,49.207143],[-123.039292,49.207143],[-123.039291,49.207143],[-123.039291,49.207142],[-123.03929,49.207142],[-123.039289,49.207142],[-123.039289,49.207142],[-123.039288,49.207141],[-123.039288,49.207141],[-123.039287,49.207141],[-123.039287,49.207141],[-123.039286,49.20714],[-123.039285,49.20714],[-123.039285,49.20714],[-123.039284,49.20714],[-123.039284,49.20714],[-123.039283,49.207139],[-123.039282,49.207139],[-123.039282,49.207139],[-123.039281,49.207139],[-123.039281,49.207138],[-123.03928,49.207138],[-123.03928,49.207138],[-123.039279,49.207138],[-123.039278,49.207137],[-123.039278,49.207137],[-123.039277,49.207137],[-123.039277,49.207137],[-123.039276,49.207136],[-123.039275,49.207136],[-123.039275,49.207136],[-123.039274,49.207136],[-123.039274,49.207135],[-123.039273,49.207135],[-123.039273,49.207135],[-123.039272,49.207135],[-123.039271,49.207134],[-123.039271,49.207134],[-123.03927,49.207134],[-123.03927,49.207134],[-123.039269,49.207134],[-123.039268,49.207133],[-123.039268,49.207133],[-123.039267,49.207133],[-123.039267,49.207133],[-123.039266,49.207132],[-123.039266,49.207132],[-123.039265,49.207132],[-123.039264,49.207132],[-123.039264,49.207131],[-123.039263,49.207131],[-123.039263,49.207131],[-123.039262,49.207131],[-123.039262,49.20713],[-123.039261,49.20713],[-123.03926,49.20713],[-123.03926,49.20713],[-123.039259,49.207129],[-123.039259,49.207129],[-123.039258,49.207129],[-123.039257,49.207129],[-123.039257,49.207128],[-123.039256,49.207128],[-123.039256,49.207128],[-123.039255,49.207128],[-123.039255,49.207127],[-123.039254,49.207127],[-123.039253,49.207127],[-123.039253,49.207127],[-123.039252,49.207127],[-123.039252,49.207126],[-123.039251,49.207126],[-123.03925,49.207126],[-123.03925,49.207126],[-123.039249,49.207125],[-123.039249,49.207125],[-123.039248,49.207125],[-123.039248,49.207125],[-123.039247,49.207124],[-123.039246,49.207124],[-123.039246,49.207124],[-123.039245,49.207124],[-123.039245,49.207123],[-123.039244,49.207123],[-123.039244,49.207123],[-123.039243,49.207123],[-123.039242,49.207122],[-123.039242,49.207122],[-123.039241,49.207122],[-123.039241,49.207122],[-123.03924,49.207121],[-123.039239,49.207121],[-123.039239,49.207121],[-123.039238,49.207121],[-123.039414,49.206636]]]}},{"type":"Feature","properties":{"n":"West End minipark - GILFORD ST @ HARO ST","c":"Local","ha":0.08},"geometry":{"type":"MultiPolygon","coordinates":[[[[-123.137489,49.292047],[-123.137874,49.291792],[-123.138071,49.291919],[-123.137685,49.292174],[-123.137489,49.292047]]],[[[-123.138069,49.291663],[-123.138454,49.291408],[-123.138651,49.291535],[-123.138265,49.29179],[-123.138069,49.291663]]]]}},{"type":"Feature","properties":{"n":"West End minipark - NICOLA ST @ PENDRELL ST","c":"Local","ha":0.08},"geometry":{"type":"Polygon","coordinates":[[[-123.136618,49.285157],[-123.136422,49.28503],[-123.136807,49.284775],[-123.137004,49.284902],[-123.136618,49.285157]]]}},{"type":"Feature","properties":{"n":"Queen Elizabeth Park","c":"Destination","ha":52.99},"geometry":{"type":"Polygon","coordinates":[[[-123.105494,49.240495],[-123.105621,49.237415],[-123.10808,49.237462],[-123.112719,49.237085],[-123.11435,49.237213],[-123.114372,49.23887],[-123.116644,49.240907],[-123.11575,49.240873],[-123.115741,49.241092],[-123.11814,49.241183],[-123.118071,49.242784],[-123.118071,49.242793],[-123.11807,49.242802],[-123.118069,49.242811],[-123.118068,49.24282],[-123.118067,49.242829],[-123.118065,49.242838],[-123.118063,49.242847],[-123.118061,49.242857],[-123.118059,49.242866],[-123.118056,49.242874],[-123.118053,49.242883],[-123.118051,49.242892],[-123.118047,49.242901],[-123.118044,49.24291],[-123.118041,49.242919],[-123.118037,49.242928],[-123.118033,49.242936],[-123.118029,49.242945],[-123.118024,49.242954],[-123.11802,49.242962],[-123.118015,49.242971],[-123.11801,49.242979],[-123.118005,49.242988],[-123.117999,49.242996],[-123.117993,49.243005],[-123.117988,49.243013],[-123.117982,49.243021],[-123.117975,49.243029],[-123.117969,49.243037],[-123.117962,49.243045],[-123.117956,49.243053],[-123.117949,49.243061],[-123.117941,49.243069],[-123.117934,49.243077],[-123.117926,49.243084],[-123.117919,49.243092],[-123.117911,49.243099],[-123.117903,49.243107],[-123.117894,49.243114],[-123.117886,49.243121],[-123.117877,49.243129],[-123.117869,49.243136],[-123.11786,49.243143],[-123.117851,49.24315],[-123.117841,49.243156],[-123.117832,49.243163],[-123.117822,49.24317],[-123.117812,49.243176],[-123.117802,49.243183],[-123.117792,49.243189],[-123.117782,49.243195],[-123.117772,49.243201],[-123.117761,49.243207],[-123.11568,49.244365],[-123.115669,49.244371],[-123.115658,49.244377],[-123.115648,49.244383],[-123.115638,49.24439],[-123.115628,49.244396],[-123.115618,49.244403],[-123.115608,49.24441],[-123.115599,49.244417],[-123.11559,49.244424],[-123.11558,49.244431],[-123.115572,49.244439],[-123.115563,49.244446],[-123.115555,49.244453],[-123.115546,49.244461],[-123.115538,49.244469],[-123.115531,49.244477],[-123.115523,49.244485],[-123.115516,49.244493],[-123.115509,49.244501],[-123.115502,49.244509],[-123.115496,49.244517],[-123.115489,49.244525],[-123.115483,49.244534],[-123.115477,49.244542],[-123.115472,49.244551],[-123.115466,49.24456],[-123.115461,49.244568],[-123.115456,49.244577],[-123.115452,49.244586],[-123.115447,49.244595],[-123.115443,49.244604],[-123.11544,49.244613],[-123.115436,49.244622],[-123.115433,49.244631],[-123.11543,49.24464],[-123.115427,49.244649],[-123.115424,49.244658],[-123.115422,49.244667],[-123.11542,49.244677],[-123.115414,49.244685],[-123.115408,49.244693],[-123.115401,49.244701],[-123.115395,49.244709],[-123.115389,49.244718],[-123.115383,49.244726],[-123.115377,49.244734],[-123.115371,49.244742],[-123.115365,49.244751],[-123.11536,49.244759],[-123.115354,49.244767],[-123.115348,49.244776],[-123.115343,49.244784],[-123.115337,49.244793],[-123.115332,49.244801],[-123.115327,49.244809],[-123.115321,49.244818],[-123.115316,49.244826],[-123.115311,49.244835],[-123.115306,49.244843],[-123.115301,49.244852],[-123.115296,49.244861],[-123.115291,49.244869],[-123.115286,49.244878],[-123.115282,49.244886],[-123.115277,49.244895],[-123.115272,49.244904],[-123.115268,49.244912],[-123.115263,49.244921],[-123.115259,49.24493],[-123.115255,49.244938],[-123.11525,49.244947],[-123.115246,49.244956],[-123.115242,49.244965],[-123.115238,49.244973],[-123.115234,49.244982],[-123.11523,49.244991],[-123.115226,49.245],[-123.115223,49.245008],[-123.115219,49.245017],[-123.115205,49.245052],[-123.112657,49.245003],[-123.112643,49.245003],[-123.112629,49.245003],[-123.112615,49.245002],[-123.112601,49.245002],[-123.112587,49.245001],[-123.112574,49.245001],[-123.11256,49.245],[-123.112546,49.244999],[-123.112532,49.244999],[-123.112519,49.244998],[-123.112505,49.244997],[-123.112491,49.244996],[-123.112477,49.244995],[-123.112464,49.244994],[-123.11245,49.244993],[-123.112436,49.244992],[-123.112422,49.24499],[-123.112409,49.244989],[-123.112395,49.244988],[-123.112381,49.244987],[-123.112368,49.244985],[-123.112354,49.244984],[-123.11234,49.244982],[-123.112327,49.24498],[-123.112313,49.244979],[-123.1123,49.244977],[-123.112286,49.244975],[-123.112273,49.244973],[-123.112259,49.244972],[-123.112245,49.24497],[-123.112232,49.244968],[-123.112218,49.244966],[-123.112205,49.244963],[-123.112192,49.244961],[-123.112178,49.244959],[-123.112165,49.244957],[-123.112152,49.244954],[-123.112138,49.244952],[-123.112125,49.24495],[-123.112112,49.244947],[-123.112098,49.244945],[-123.112085,49.244942],[-123.112072,49.244939],[-123.112059,49.244937],[-123.112045,49.244934],[-123.112032,49.244931],[-123.112019,49.244928],[-123.112006,49.244925],[-123.111993,49.244922],[-123.11198,49.244919],[-123.111967,49.244916],[-123.111954,49.244913],[-123.111941,49.24491],[-123.111928,49.244906],[-123.111915,49.244903],[-123.111903,49.2449],[-123.11189,49.244896],[-123.111877,49.244893],[-123.111864,49.244889],[-123.111852,49.244886],[-123.111839,49.244882],[-123.111826,49.244878],[-123.111814,49.244874],[-123.111801,49.244871],[-123.111789,49.244867],[-123.111776,49.244863],[-123.111764,49.244859],[-123.111751,49.244855],[-123.111739,49.244851],[-123.111727,49.244847],[-123.111714,49.244843],[-123.111702,49.244838],[-123.11169,49.244834],[-123.111678,49.24483],[-123.111666,49.244825],[-123.111654,49.244821],[-123.111642,49.244817],[-123.11163,49.244812],[-123.111618,49.244808],[-123.111606,49.244803],[-123.111594,49.244798],[-123.111582,49.244794],[-123.11157,49.244789],[-123.111559,49.244784],[-123.111547,49.244779],[-123.111535,49.244774],[-123.111524,49.244769],[-123.111512,49.244764],[-123.111501,49.244759],[-123.111489,49.244754],[-123.111478,49.244749],[-123.111467,49.244744],[-123.111455,49.244739],[-123.111444,49.244733],[-123.111433,49.244728],[-123.111422,49.244722],[-123.111411,49.244717],[-123.1114,49.244712],[-123.111389,49.244706],[-123.111378,49.244701],[-123.111367,49.244695],[-123.111356,49.244689],[-123.111345,49.244684],[-123.111335,49.244678],[-123.111324,49.244672],[-123.111313,49.244666],[-123.111303,49.24466],[-123.111292,49.244654],[-123.111282,49.244648],[-123.111272,49.244642],[-123.111261,49.244636],[-123.111251,49.24463],[-123.111241,49.244624],[-123.111231,49.244618],[-123.11122,49.244611],[-123.11121,49.244605],[-123.1112,49.244598],[-123.11119,49.244592],[-123.11118,49.244585],[-123.11117,49.244579],[-123.11116,49.244572],[-123.11115,49.244565],[-123.11114,49.244558],[-123.11113,49.244552],[-123.11112,49.244545],[-123.111111,49.244538],[-123.111101,49.244531],[-123.111092,49.244524],[-123.111082,49.244517],[-123.111073,49.24451],[-123.111063,49.244503],[-123.111054,49.244495],[-123.111045,49.244488],[-123.111036,49.244481],[-123.111027,49.244474],[-123.111018,49.244466],[-123.111009,49.244459],[-123.111,49.244452],[-123.110991,49.244444],[-123.110983,49.244437],[-123.110974,49.244429],[-123.107374,49.24126],[-123.107359,49.24126],[-123.107344,49.241259],[-123.107329,49.241257],[-123.107315,49.241255],[-123.1073,49.241252],[-123.107286,49.241248],[-123.107273,49.241243],[-123.10726,49.241238],[-123.107248,49.241233],[-123.107236,49.241226],[-123.107225,49.24122],[-123.107215,49.241212],[-123.107206,49.241205],[-123.106422,49.240513],[-123.105494,49.240495]]]}},{"type":"Feature","properties":{"n":"Spanish Banks Extension","c":"Community","ha":7.99},"geometry":{"type":"Polygon","coordinates":[[[-123.223836,49.277483],[-123.224478,49.277522],[-123.22454,49.277527],[-123.224647,49.277532],[-123.224646,49.277528],[-123.224646,49.277524],[-123.224646,49.27752],[-123.224646,49.277516],[-123.224647,49.277512],[-123.224649,49.277508],[-123.224651,49.277505],[-123.224654,49.277501],[-123.224657,49.277498],[-123.22466,49.277495],[-123.224664,49.277492],[-123.224668,49.277489],[-123.224673,49.277486],[-123.224678,49.277484],[-123.224683,49.277482],[-123.224688,49.27748],[-123.224694,49.277479],[-123.2247,49.277478],[-123.224706,49.277477],[-123.224712,49.277476],[-123.225775,49.277544],[-123.226199,49.277589],[-123.226617,49.277655],[-123.227025,49.277743],[-123.227637,49.277863],[-123.227781,49.277894],[-123.227927,49.277923],[-123.228074,49.277948],[-123.228613,49.278057],[-123.229332,49.278162],[-123.230061,49.278231],[-123.230796,49.278264],[-123.231532,49.278261],[-123.233039,49.278174],[-123.233274,49.278156],[-123.233511,49.278149],[-123.233747,49.278153],[-123.233982,49.278168],[-123.234249,49.278197],[-123.234512,49.278238],[-123.23477,49.27829],[-123.235022,49.278353],[-123.235396,49.278453],[-123.235771,49.278552],[-123.236147,49.27865],[-123.236695,49.278797],[-123.236729,49.27883],[-123.236759,49.278866],[-123.236784,49.278902],[-123.236805,49.27894],[-123.236821,49.278979],[-123.23683,49.278998],[-123.236842,49.279015],[-123.236856,49.279032],[-123.236873,49.279047],[-123.236891,49.279062],[-123.236911,49.279076],[-123.236933,49.279089],[-123.236957,49.2791],[-123.236981,49.27911],[-123.237008,49.279118],[-123.237016,49.279117],[-123.237024,49.279117],[-123.237033,49.279117],[-123.237041,49.279117],[-123.23705,49.279118],[-123.237058,49.27912],[-123.237066,49.279122],[-123.237074,49.279124],[-123.237081,49.279127],[-123.237088,49.27913],[-123.237094,49.279133],[-123.2371,49.279137],[-123.237106,49.279142],[-123.237111,49.279146],[-123.237115,49.279151],[-123.237119,49.279156],[-123.237122,49.279161],[-123.237124,49.279166],[-123.237125,49.279172],[-123.237126,49.279177],[-123.237126,49.279183],[-123.237126,49.279189],[-123.237124,49.279194],[-123.237022,49.279228],[-123.236916,49.279258],[-123.236808,49.279283],[-123.236697,49.279303],[-123.236688,49.279308],[-123.236679,49.279312],[-123.236669,49.279316],[-123.236658,49.279319],[-123.236648,49.279321],[-123.236637,49.279323],[-123.236625,49.279324],[-123.236614,49.279325],[-123.236603,49.279325],[-123.236591,49.279324],[-123.23658,49.279323],[-123.236569,49.279321],[-123.236558,49.279319],[-123.236548,49.279316],[-123.236538,49.279312],[-123.236529,49.279308],[-123.23652,49.279304],[-123.236504,49.279285],[-123.236486,49.279267],[-123.236465,49.27925],[-123.236443,49.279235],[-123.236418,49.27922],[-123.236392,49.279208],[-123.236365,49.279196],[-123.236336,49.279186],[-123.236219,49.279139],[-123.236096,49.279098],[-123.235969,49.279063],[-123.235838,49.279036],[-123.235704,49.279016],[-123.235568,49.279004],[-123.23543,49.278999],[-123.235293,49.279002],[-123.235109,49.279042],[-123.23493,49.279092],[-123.234758,49.279151],[-123.234594,49.279219],[-123.234439,49.279295],[-123.234294,49.279379],[-123.234172,49.27948],[-123.234153,49.279485],[-123.234133,49.27949],[-123.234113,49.279493],[-123.234093,49.279495],[-123.234072,49.279496],[-123.234051,49.279496],[-123.234031,49.279495],[-123.23401,49.279492],[-123.233991,49.279489],[-123.233971,49.279484],[-123.233626,49.279406],[-123.23328,49.279332],[-123.232931,49.279262],[-123.23262,49.27922],[-123.232312,49.27917],[-123.232008,49.279111],[-123.231839,49.279069],[-123.231665,49.279036],[-123.231488,49.27901],[-123.231309,49.278993],[-123.231128,49.278985],[-123.231055,49.278983],[-123.230982,49.278985],[-123.23091,49.27899],[-123.230839,49.279],[-123.230769,49.279014],[-123.230701,49.279032],[-123.230694,49.279036],[-123.230686,49.27904],[-123.230678,49.279043],[-123.230669,49.279046],[-123.23066,49.279049],[-123.230651,49.279051],[-123.230642,49.279052],[-123.230632,49.279053],[-123.230622,49.279053],[-123.230613,49.279053],[-123.230603,49.279052],[-123.230594,49.279051],[-123.230584,49.279049],[-123.230575,49.279046],[-123.230567,49.279044],[-123.230559,49.27904],[-123.230551,49.279036],[-123.230544,49.279032],[-123.230537,49.279028],[-123.230531,49.279023],[-123.230526,49.279017],[-123.230521,49.279012],[-123.230517,49.279006],[-123.230514,49.279],[-123.230314,49.278958],[-123.23011,49.278926],[-123.229903,49.278905],[-123.229694,49.278893],[-123.229484,49.278892],[-123.229274,49.278901],[-123.229221,49.278915],[-123.229168,49.278927],[-123.229114,49.27894],[-123.229107,49.27894],[-123.229099,49.27894],[-123.229092,49.27894],[-123.229084,49.278939],[-123.229077,49.278938],[-123.22907,49.278937],[-123.229063,49.278935],[-123.229056,49.278932],[-123.22905,49.27893],[-123.229044,49.278927],[-123.229039,49.278923],[-123.229033,49.27892],[-123.229029,49.278916],[-123.229025,49.278912],[-123.229021,49.278908],[-123.228962,49.278879],[-123.2289,49.278854],[-123.228835,49.278832],[-123.228768,49.278814],[-123.228698,49.2788],[-123.228627,49.278789],[-123.228555,49.278783],[-123.22836,49.278765],[-123.228164,49.278758],[-123.227968,49.278761],[-123.227773,49.278774],[-123.22758,49.278798],[-123.227568,49.278801],[-123.227555,49.278803],[-123.227543,49.278804],[-123.22753,49.278804],[-123.227517,49.278804],[-123.227505,49.278803],[-123.227492,49.278802],[-123.22748,49.278799],[-123.227468,49.278796],[-123.227457,49.278792],[-123.227446,49.278788],[-123.227435,49.278783],[-123.227426,49.278778],[-123.227417,49.278772],[-123.227409,49.278765],[-123.227402,49.278758],[-123.227396,49.278751],[-123.227391,49.278743],[-123.227216,49.278627],[-123.227027,49.27852],[-123.226826,49.278423],[-123.226615,49.278337],[-123.226393,49.278262],[-123.226132,49.278165],[-123.225862,49.27808],[-123.225583,49.278008],[-123.225463,49.277981],[-123.22534,49.277961],[-123.225215,49.277948],[-123.225089,49.277941],[-123.224963,49.277942],[-123.224837,49.277949],[-123.224712,49.277963],[-123.224589,49.277985],[-123.22447,49.278012],[-123.224355,49.278047],[-123.224338,49.278054],[-123.224321,49.27806],[-123.224303,49.278065],[-123.224284,49.278069],[-123.224265,49.278072],[-123.224246,49.278074],[-123.224226,49.278075],[-123.224206,49.278075],[-123.224187,49.278074],[-123.224167,49.278072],[-123.224148,49.278069],[-123.224129,49.278065],[-123.224111,49.27806],[-123.224094,49.278054],[-123.223951,49.278031],[-123.223806,49.278013],[-123.223659,49.278],[-123.223836,49.277483]]]}},{"type":"Feature","properties":{"n":"Arbutus Village Park","c":"Local","ha":1.41},"geometry":{"type":"Polygon","coordinates":[[[-123.15821,49.248492],[-123.15849,49.248881],[-123.15849,49.248881],[-123.158168,49.248981],[-123.157834,49.248975],[-123.157741,49.248847],[-123.156936,49.248835],[-123.156853,49.248833],[-123.15566,49.249393],[-123.155408,49.249553],[-123.155396,49.249867],[-123.155383,49.249871],[-123.155371,49.249876],[-123.155358,49.249882],[-123.155346,49.249887],[-123.155334,49.249892],[-123.155322,49.249898],[-123.15531,49.249904],[-123.155299,49.24991],[-123.155287,49.249916],[-123.155276,49.249922],[-123.155265,49.249929],[-123.155254,49.249936],[-123.155244,49.249942],[-123.155234,49.249949],[-123.155224,49.249956],[-123.155205,49.24997],[-123.155196,49.249978],[-123.155187,49.249985],[-123.155179,49.249992],[-123.15517,49.25],[-123.155163,49.250007],[-123.155155,49.250015],[-123.155147,49.250022],[-123.15514,49.25003],[-123.155133,49.250038],[-123.155126,49.250046],[-123.15512,49.250054],[-123.155114,49.250063],[-123.155108,49.250071],[-123.155102,49.250079],[-123.155097,49.250088],[-123.155091,49.250096],[-123.155087,49.250105],[-123.155082,49.250113],[-123.155078,49.250122],[-123.155073,49.250131],[-123.15507,49.25014],[-123.155066,49.250149],[-123.155063,49.250157],[-123.15506,49.250166],[-123.155057,49.250175],[-123.155055,49.250184],[-123.155053,49.250193],[-123.155051,49.250203],[-123.155049,49.250212],[-123.155048,49.250221],[-123.155047,49.25023],[-123.155046,49.250239],[-123.155046,49.250248],[-123.155046,49.250257],[-123.155046,49.250267],[-123.155046,49.250276],[-123.155047,49.250285],[-123.155048,49.250294],[-123.155049,49.250303],[-123.155051,49.250312],[-123.155053,49.250321],[-123.155055,49.25033],[-123.155057,49.250339],[-123.15506,49.250348],[-123.155063,49.250357],[-123.155066,49.250366],[-123.15507,49.250375],[-123.155074,49.250384],[-123.155078,49.250393],[-123.155082,49.250401],[-123.155087,49.25041],[-123.155092,49.250419],[-123.155097,49.250427],[-123.155102,49.250435],[-123.155505,49.251038],[-123.155136,49.251182],[-123.155124,49.251186],[-123.155112,49.251191],[-123.1551,49.251195],[-123.155088,49.2512],[-123.155075,49.251204],[-123.155063,49.251209],[-123.155051,49.251213],[-123.155039,49.251217],[-123.155026,49.251222],[-123.155014,49.251226],[-123.155002,49.25123],[-123.154989,49.251234],[-123.154977,49.251238],[-123.154964,49.251243],[-123.154963,49.251243],[-123.154734,49.250899],[-123.154791,49.249368],[-123.154804,49.249368],[-123.155327,49.249377],[-123.156098,49.248885],[-123.156805,49.248613],[-123.157768,49.248629],[-123.15821,49.248492]]]}},{"type":"Feature","properties":{"n":"Earles Park","c":"Neighbourhood","ha":1.59},"geometry":{"type":"Polygon","coordinates":[[[-123.046688,49.233086],[-123.04669,49.233085],[-123.046692,49.233085],[-123.046693,49.233085],[-123.046695,49.233085],[-123.046697,49.233085],[-123.046699,49.233085],[-123.046701,49.233085],[-123.046703,49.233085],[-123.046705,49.233084],[-123.046707,49.233084],[-123.046708,49.233084],[-123.04671,49.233084],[-123.046712,49.233084],[-123.046714,49.233084],[-123.046716,49.233084],[-123.046718,49.233083],[-123.04672,49.233083],[-123.046721,49.233083],[-123.046723,49.233083],[-123.046725,49.233083],[-123.046727,49.233083],[-123.046729,49.233083],[-123.046731,49.233082],[-123.046733,49.233082],[-123.046735,49.233082],[-123.046736,49.233082],[-123.046738,49.233082],[-123.04674,49.233082],[-123.046742,49.233082],[-123.046744,49.233081],[-123.046746,49.233081],[-123.046748,49.233081],[-123.046749,49.233081],[-123.046751,49.233081],[-123.046753,49.233081],[-123.046755,49.23308],[-123.046757,49.23308],[-123.046759,49.23308],[-123.046761,49.23308],[-123.046763,49.23308],[-123.046764,49.23308],[-123.046766,49.23308],[-123.046768,49.233079],[-123.04677,49.233079],[-123.046772,49.233079],[-123.046774,49.233079],[-123.046776,49.233079],[-123.046777,49.233079],[-123.046779,49.233078],[-123.046781,49.233078],[-123.046783,49.233078],[-123.046785,49.233078],[-123.046787,49.233078],[-123.046789,49.233078],[-123.04679,49.233078],[-123.046792,49.233077],[-123.046794,49.233077],[-123.046796,49.233077],[-123.046798,49.233077],[-123.0468,49.233077],[-123.046802,49.233077],[-123.046804,49.233076],[-123.046805,49.233076],[-123.046807,49.233076],[-123.046809,49.233076],[-123.046811,49.233076],[-123.046813,49.233076],[-123.046815,49.233075],[-123.046817,49.233075],[-123.046818,49.233075],[-123.04682,49.233075],[-123.046822,49.233075],[-123.046824,49.233075],[-123.046826,49.233074],[-123.046828,49.233074],[-123.04683,49.233074],[-123.046831,49.233074],[-123.046833,49.233074],[-123.046835,49.233074],[-123.046837,49.233073],[-123.046839,49.233073],[-123.046841,49.233073],[-123.046843,49.233073],[-123.046845,49.233073],[-123.046846,49.233073],[-123.046848,49.233072],[-123.04685,49.233072],[-123.046852,49.233072],[-123.046854,49.233072],[-123.046856,49.233072],[-123.046858,49.233072],[-123.046859,49.233071],[-123.046861,49.233071],[-123.046863,49.233071],[-123.046865,49.233071],[-123.046867,49.233071],[-123.046869,49.233071],[-123.046871,49.23307],[-123.046872,49.23307],[-123.046874,49.23307],[-123.046876,49.23307],[-123.046878,49.23307],[-123.04688,49.233069],[-123.046882,49.233069],[-123.046884,49.233069],[-123.046885,49.233069],[-123.046887,49.233069],[-123.046889,49.233069],[-123.046891,49.233068],[-123.046893,49.233068],[-123.046895,49.233068],[-123.046897,49.233068],[-123.046898,49.233068],[-123.0469,49.233067],[-123.046902,49.233067],[-123.046904,49.233067],[-123.046906,49.233067],[-123.046908,49.233067],[-123.04691,49.233067],[-123.046911,49.233066],[-123.046913,49.233066],[-123.046915,49.233066],[-123.046917,49.233066],[-123.046919,49.233066],[-123.046921,49.233065],[-123.046923,49.233065],[-123.046924,49.233065],[-123.046926,49.233065],[-123.046928,49.233065],[-123.04693,49.233064],[-123.046932,49.233064],[-123.046934,49.233064],[-123.046936,49.233064],[-123.046937,49.233064],[-123.046939,49.233064],[-123.046941,49.233063],[-123.046943,49.233063],[-123.046945,49.233063],[-123.046947,49.233063],[-123.046949,49.233063],[-123.04695,49.233062],[-123.046952,49.233062],[-123.046954,49.233062],[-123.046956,49.233062],[-123.046958,49.233062],[-123.04696,49.233061],[-123.046962,49.233061],[-123.046963,49.233061],[-123.046965,49.233061],[-123.046967,49.233061],[-123.046969,49.23306],[-123.046971,49.23306],[-123.046973,49.23306],[-123.046975,49.23306],[-123.046976,49.23306],[-123.046978,49.233059],[-123.04698,49.233059],[-123.046982,49.233059],[-123.046984,49.233059],[-123.046986,49.233059],[-123.046988,49.233058],[-123.046989,49.233058],[-123.046991,49.233058],[-123.046993,49.233058],[-123.046995,49.233058],[-123.046997,49.233057],[-123.046999,49.233057],[-123.047001,49.233057],[-123.047002,49.233057],[-123.047004,49.233057],[-123.047006,49.233056],[-123.047008,49.233056],[-123.04701,49.233056],[-123.047012,49.233056],[-123.047014,49.233056],[-123.047015,49.233055],[-123.047017,49.233055],[-123.047019,49.233055],[-123.047021,49.233055],[-123.047023,49.233055],[-123.047025,49.233054],[-123.047026,49.233054],[-123.047028,49.233054],[-123.04703,49.233054],[-123.047032,49.233054],[-123.047034,49.233053],[-123.047036,49.233053],[-123.047038,49.233053],[-123.047039,49.233053],[-123.047041,49.233052],[-123.047043,49.233052],[-123.047045,49.233052],[-123.047047,49.233052],[-123.047049,49.233052],[-123.047051,49.233051],[-123.047052,49.233051],[-123.047054,49.233051],[-123.047056,49.233051],[-123.047058,49.233051],[-123.04706,49.23305],[-123.047062,49.23305],[-123.047064,49.23305],[-123.047065,49.23305],[-123.047067,49.233049],[-123.047069,49.233049],[-123.047071,49.233049],[-123.047073,49.233049],[-123.047075,49.233049],[-123.047076,49.233048],[-123.047078,49.233048],[-123.04708,49.233048],[-123.047082,49.233048],[-123.047084,49.233047],[-123.047086,49.233047],[-123.047088,49.233047],[-123.047089,49.233047],[-123.047091,49.233047],[-123.047093,49.233046],[-123.047095,49.233046],[-123.047097,49.233046],[-123.047099,49.233046],[-123.0471,49.233045],[-123.047102,49.233045],[-123.047104,49.233045],[-123.047106,49.233045],[-123.047108,49.233045],[-123.04711,49.233044],[-123.047112,49.233044],[-123.047113,49.233044],[-123.047115,49.233044],[-123.047117,49.233043],[-123.047119,49.233043],[-123.047121,49.233043],[-123.047123,49.233043],[-123.047125,49.233042],[-123.047126,49.233042],[-123.047128,49.233042],[-123.04713,49.233042],[-123.047132,49.233042],[-123.047134,49.233041],[-123.047136,49.233041],[-123.047137,49.233041],[-123.047139,49.233041],[-123.047141,49.23304],[-123.047143,49.23304],[-123.047145,49.23304],[-123.047147,49.23304],[-123.047148,49.233039],[-123.04715,49.233039],[-123.047152,49.233039],[-123.047154,49.233039],[-123.047156,49.233038],[-123.047158,49.233038],[-123.04716,49.233038],[-123.047161,49.233038],[-123.047163,49.233038],[-123.047165,49.233037],[-123.047167,49.233037],[-123.047169,49.233037],[-123.047171,49.233037],[-123.047172,49.233036],[-123.047174,49.233036],[-123.047176,49.233036],[-123.047178,49.233036],[-123.04718,49.233035],[-123.047182,49.233035],[-123.047184,49.233035],[-123.047185,49.233035],[-123.047187,49.233034],[-123.047189,49.233034],[-123.047191,49.233034],[-123.047193,49.233034],[-123.047195,49.233033],[-123.047196,49.233033],[-123.047198,49.233033],[-123.0472,49.233033],[-123.047202,49.233032],[-123.047204,49.233032],[-123.047206,49.233032],[-123.047207,49.233032],[-123.047209,49.233031],[-123.047211,49.233031],[-123.047213,49.233031],[-123.047215,49.233031],[-123.047217,49.23303],[-123.047219,49.23303],[-123.04722,49.23303],[-123.047222,49.23303],[-123.047224,49.233029],[-123.047226,49.233029],[-123.047228,49.233029],[-123.04723,49.233029],[-123.047231,49.233028],[-123.047233,49.233028],[-123.047235,49.233028],[-123.047237,49.233028],[-123.047239,49.233027],[-123.047241,49.233027],[-123.047242,49.233027],[-123.047244,49.233027],[-123.047246,49.233026],[-123.047248,49.233026],[-123.04725,49.233026],[-123.047252,49.233026],[-123.047253,49.233025],[-123.047255,49.233025],[-123.047257,49.233025],[-123.047259,49.233025],[-123.047261,49.233024],[-123.047263,49.233024],[-123.047264,49.233024],[-123.047266,49.233023],[-123.047268,49.233023],[-123.04727,49.233023],[-123.047272,49.233023],[-123.047274,49.233022],[-123.047275,49.233022],[-123.047277,49.233022],[-123.047279,49.233022],[-123.047281,49.233021],[-123.047283,49.233021],[-123.047285,49.233021],[-123.047287,49.233021],[-123.047288,49.23302],[-123.04729,49.23302],[-123.047292,49.23302],[-123.047294,49.23302],[-123.047296,49.233019],[-123.047298,49.233019],[-123.047299,49.233019],[-123.047301,49.233018],[-123.047303,49.233018],[-123.047305,49.233018],[-123.047307,49.233018],[-123.047309,49.233017],[-123.04731,49.233017],[-123.047312,49.233017],[-123.047314,49.233017],[-123.047316,49.233016],[-123.047318,49.233016],[-123.04732,49.233016],[-123.047321,49.233015],[-123.047323,49.233015],[-123.047325,49.233015],[-123.047327,49.233015],[-123.047329,49.233014],[-123.047331,49.233014],[-123.047332,49.233014],[-123.047334,49.233014],[-123.047336,49.233013],[-123.047338,49.233013],[-123.04734,49.233013],[-123.047342,49.233012],[-123.047343,49.233012],[-123.047345,49.233012],[-123.047347,49.233012],[-123.047349,49.233011],[-123.047351,49.233011],[-123.047352,49.233011],[-123.047366,49.233009],[-123.04738,49.233007],[-123.047393,49.233005],[-123.047407,49.233003],[-123.04742,49.233001],[-123.047434,49.232999],[-123.047447,49.232997],[-123.047461,49.232995],[-123.047475,49.232993],[-123.047488,49.232991],[-123.047502,49.232989],[-123.047515,49.232988],[-123.047529,49.232986],[-123.047543,49.232984],[-123.047556,49.232983],[-123.04757,49.232981],[-123.047583,49.232979],[-123.047597,49.232977],[-123.047611,49.232976],[-123.047624,49.232974],[-123.047638,49.232973],[-123.047652,49.232971],[-123.047665,49.23297],[-123.047679,49.232968],[-123.047693,49.232967],[-123.047707,49.232965],[-123.04772,49.232964],[-123.047734,49.232962],[-123.047748,49.232961],[-123.047761,49.232959],[-123.047775,49.232958],[-123.047789,49.232957],[-123.047803,49.232956],[-123.047816,49.232954],[-123.04783,49.232953],[-123.047844,49.232952],[-123.047858,49.232951],[-123.047872,49.232949],[-123.047885,49.232948],[-123.047899,49.232947],[-123.047913,49.232946],[-123.047927,49.232945],[-123.04794,49.232944],[-123.047954,49.232943],[-123.047968,49.232942],[-123.047982,49.232941],[-123.047996,49.23294],[-123.048009,49.232939],[-123.048023,49.232938],[-123.048037,49.232937],[-123.048051,49.232936],[-123.048065,49.232935],[-123.048079,49.232935],[-123.048092,49.232934],[-123.048106,49.232933],[-123.04812,49.232932],[-123.048134,49.232931],[-123.048148,49.232931],[-123.048162,49.23293],[-123.048175,49.232929],[-123.048189,49.232929],[-123.048203,49.232928],[-123.048217,49.232928],[-123.048231,49.232927],[-123.048245,49.232927],[-123.048259,49.232926],[-123.048272,49.232926],[-123.048286,49.232925],[-123.0483,49.232925],[-123.048314,49.232924],[-123.048328,49.232924],[-123.048342,49.232923],[-123.048356,49.232923],[-123.04837,49.232923],[-123.048383,49.232922],[-123.048397,49.232922],[-123.048411,49.232922],[-123.048425,49.232922],[-123.048439,49.232922],[-123.048453,49.232921],[-123.048467,49.232921],[-123.048481,49.232921],[-123.048494,49.232921],[-123.048508,49.232921],[-123.048522,49.232921],[-123.048536,49.232921],[-123.04855,49.232921],[-123.048564,49.232921],[-123.048578,49.232921],[-123.048592,49.232921],[-123.048606,49.232921],[-123.048619,49.232921],[-123.048633,49.232921],[-123.048614,49.233992],[-123.04751,49.233993],[-123.047233,49.233998],[-123.046675,49.234],[-123.046681,49.233586],[-123.046683,49.233476],[-123.046688,49.233086]]]}},{"type":"Feature","properties":{"n":"East Fraserlands Neighbourhood Park South","c":"Local","ha":0.12},"geometry":{"type":"Polygon","coordinates":[[[-123.039713,49.205444],[-123.039658,49.205435],[-123.039648,49.205221],[-123.039862,49.2053],[-123.040085,49.20535],[-123.040154,49.205352],[-123.040053,49.2055],[-123.039999,49.205491],[-123.039858,49.205697],[-123.039816,49.205844],[-123.039816,49.205844],[-123.039815,49.205844],[-123.039815,49.205844],[-123.039815,49.205844],[-123.039814,49.205844],[-123.039814,49.205844],[-123.039813,49.205844],[-123.039813,49.205844],[-123.039813,49.205844],[-123.039812,49.205844],[-123.039812,49.205844],[-123.039812,49.205844],[-123.039811,49.205843],[-123.039811,49.205843],[-123.03981,49.205843],[-123.03981,49.205843],[-123.03981,49.205843],[-123.039809,49.205843],[-123.039809,49.205843],[-123.039809,49.205843],[-123.039808,49.205843],[-123.039808,49.205843],[-123.039807,49.205843],[-123.039807,49.205843],[-123.039807,49.205843],[-123.039806,49.205843],[-123.039806,49.205843],[-123.039805,49.205843],[-123.039805,49.205843],[-123.039805,49.205843],[-123.039804,49.205843],[-123.039804,49.205843],[-123.039804,49.205843],[-123.039803,49.205843],[-123.039803,49.205843],[-123.039802,49.205842],[-123.039802,49.205842],[-123.039802,49.205842],[-123.039801,49.205842],[-123.039801,49.205842],[-123.039801,49.205842],[-123.0398,49.205842],[-123.0398,49.205842],[-123.039799,49.205842],[-123.039799,49.205842],[-123.039799,49.205842],[-123.039798,49.205842],[-123.039798,49.205842],[-123.039798,49.205842],[-123.039797,49.205842],[-123.039797,49.205842],[-123.039796,49.205842],[-123.039796,49.205842],[-123.039796,49.205842],[-123.039795,49.205842],[-123.039795,49.205842],[-123.039795,49.205842],[-123.039794,49.205842],[-123.039794,49.205841],[-123.039793,49.205841],[-123.039793,49.205841],[-123.039793,49.205841],[-123.039792,49.205841],[-123.039792,49.205841],[-123.039792,49.205841],[-123.039791,49.205841],[-123.039791,49.205841],[-123.03979,49.205841],[-123.03979,49.205841],[-123.03979,49.205841],[-123.039789,49.205841],[-123.039789,49.205841],[-123.039789,49.205841],[-123.039788,49.205841],[-123.039788,49.205841],[-123.039787,49.205841],[-123.039787,49.205841],[-123.039787,49.205841],[-123.039786,49.205841],[-123.039786,49.205841],[-123.039786,49.20584],[-123.039785,49.20584],[-123.039785,49.20584],[-123.039784,49.20584],[-123.039784,49.20584],[-123.039784,49.20584],[-123.039783,49.20584],[-123.039783,49.20584],[-123.039783,49.20584],[-123.039782,49.20584],[-123.039782,49.20584],[-123.039781,49.20584],[-123.039781,49.20584],[-123.039781,49.20584],[-123.03978,49.20584],[-123.03978,49.20584],[-123.03978,49.20584],[-123.039779,49.20584],[-123.039779,49.20584],[-123.039778,49.20584],[-123.039778,49.20584],[-123.039778,49.205839],[-123.039777,49.205839],[-123.039777,49.205839],[-123.039777,49.205839],[-123.039776,49.205839],[-123.039776,49.205839],[-123.039775,49.205839],[-123.039775,49.205839],[-123.039775,49.205839],[-123.039774,49.205839],[-123.039774,49.205839],[-123.039774,49.205839],[-123.039773,49.205839],[-123.039773,49.205839],[-123.039772,49.205839],[-123.039772,49.205839],[-123.039772,49.205839],[-123.039771,49.205839],[-123.039771,49.205839],[-123.039771,49.205839],[-123.03977,49.205838],[-123.03977,49.205838],[-123.039769,49.205838],[-123.039769,49.205838],[-123.039769,49.205838],[-123.039768,49.205838],[-123.039768,49.205838],[-123.039768,49.205838],[-123.039767,49.205838],[-123.039767,49.205838],[-123.039766,49.205838],[-123.039766,49.205838],[-123.039766,49.205838],[-123.039765,49.205838],[-123.039765,49.205838],[-123.039765,49.205838],[-123.039764,49.205838],[-123.039764,49.205838],[-123.039763,49.205838],[-123.039763,49.205838],[-123.039763,49.205838],[-123.039762,49.205837],[-123.039762,49.205837],[-123.039762,49.205837],[-123.039761,49.205837],[-123.039761,49.205837],[-123.03976,49.205837],[-123.03976,49.205837],[-123.03976,49.205837],[-123.039759,49.205837],[-123.039759,49.205837],[-123.039759,49.205837],[-123.039758,49.205837],[-123.039758,49.205837],[-123.039757,49.205837],[-123.039757,49.205837],[-123.039757,49.205837],[-123.039756,49.205837],[-123.039756,49.205837],[-123.039756,49.205837],[-123.039755,49.205836],[-123.039755,49.205836],[-123.039754,49.205836],[-123.039754,49.205836],[-123.039754,49.205836],[-123.039753,49.205836],[-123.039753,49.205836],[-123.039753,49.205836],[-123.039752,49.205836],[-123.039752,49.205836],[-123.039751,49.205836],[-123.039751,49.205836],[-123.039751,49.205836],[-123.03975,49.205836],[-123.03975,49.205836],[-123.03975,49.205836],[-123.039749,49.205836],[-123.039749,49.205836],[-123.039748,49.205836],[-123.039748,49.205835],[-123.039748,49.205835],[-123.039747,49.205835],[-123.039747,49.205835],[-123.039747,49.205835],[-123.039746,49.205835],[-123.039746,49.205835],[-123.039745,49.205835],[-123.039745,49.205835],[-123.039745,49.205835],[-123.039744,49.205835],[-123.039744,49.205835],[-123.039744,49.205835],[-123.039743,49.205835],[-123.039743,49.205835],[-123.039742,49.205835],[-123.039742,49.205835],[-123.039742,49.205835],[-123.039741,49.205835],[-123.039741,49.205834],[-123.039741,49.205834],[-123.03974,49.205834],[-123.03974,49.205834],[-123.039739,49.205834],[-123.039739,49.205834],[-123.039739,49.205834],[-123.039738,49.205834],[-123.039738,49.205834],[-123.039738,49.205834],[-123.039737,49.205834],[-123.039737,49.205834],[-123.039736,49.205834],[-123.039736,49.205834],[-123.039736,49.205834],[-123.039735,49.205834],[-123.039735,49.205834],[-123.039735,49.205834],[-123.039734,49.205834],[-123.039734,49.205833],[-123.039733,49.205833],[-123.039733,49.205833],[-123.039733,49.205833],[-123.039732,49.205833],[-123.039732,49.205833],[-123.039732,49.205833],[-123.039731,49.205833],[-123.039731,49.205833],[-123.03973,49.205833],[-123.03973,49.205833],[-123.03973,49.205833],[-123.039729,49.205833],[-123.039729,49.205833],[-123.039729,49.205833],[-123.039728,49.205833],[-123.039728,49.205833],[-123.039727,49.205833],[-123.039727,49.205832],[-123.039727,49.205832],[-123.039726,49.205832],[-123.039726,49.205832],[-123.039726,49.205832],[-123.039725,49.205832],[-123.039725,49.205832],[-123.039725,49.205832],[-123.039724,49.205832],[-123.039724,49.205832],[-123.039723,49.205832],[-123.039723,49.205832],[-123.039723,49.205832],[-123.039722,49.205832],[-123.039722,49.205832],[-123.039722,49.205832],[-123.039721,49.205832],[-123.039721,49.205831],[-123.03972,49.205831],[-123.03972,49.205831],[-123.03972,49.205831],[-123.039719,49.205831],[-123.039719,49.205831],[-123.039719,49.205831],[-123.039718,49.205831],[-123.039718,49.205831],[-123.039717,49.205831],[-123.039717,49.205831],[-123.039717,49.205831],[-123.039716,49.205831],[-123.039716,49.205831],[-123.039716,49.205831],[-123.039715,49.205831],[-123.039715,49.205831],[-123.039714,49.205831],[-123.039714,49.20583],[-123.039714,49.20583],[-123.039713,49.20583],[-123.039713,49.20583],[-123.039713,49.20583],[-123.039712,49.20583],[-123.039712,49.20583],[-123.039711,49.20583],[-123.039711,49.20583],[-123.039711,49.20583],[-123.03971,49.20583],[-123.03971,49.20583],[-123.03971,49.20583],[-123.039709,49.20583],[-123.039709,49.20583],[-123.039709,49.20583],[-123.039708,49.20583],[-123.039708,49.205829],[-123.039707,49.205829],[-123.039707,49.205829],[-123.039707,49.205829],[-123.039706,49.205829],[-123.039706,49.205829],[-123.039706,49.205829],[-123.039705,49.205829],[-123.039705,49.205829],[-123.039704,49.205829],[-123.039704,49.205829],[-123.039704,49.205829],[-123.039703,49.205829],[-123.039703,49.205829],[-123.039703,49.205829],[-123.039702,49.205829],[-123.039702,49.205828],[-123.039701,49.205828],[-123.039701,49.205828],[-123.039701,49.205828],[-123.0397,49.205828],[-123.0397,49.205828],[-123.0397,49.205828],[-123.039699,49.205828],[-123.039699,49.205828],[-123.039698,49.205828],[-123.039698,49.205828],[-123.039698,49.205828],[-123.039697,49.205828],[-123.039697,49.205828],[-123.039697,49.205828],[-123.039696,49.205828],[-123.039696,49.205828],[-123.039696,49.205827],[-123.039695,49.205827],[-123.039695,49.205827],[-123.039694,49.205827],[-123.039694,49.205827],[-123.039694,49.205827],[-123.039693,49.205827],[-123.039693,49.205827],[-123.039693,49.205827],[-123.039692,49.205827],[-123.039692,49.205827],[-123.039691,49.205827],[-123.039691,49.205827],[-123.039691,49.205827],[-123.03969,49.205827],[-123.03969,49.205827],[-123.03969,49.205826],[-123.039689,49.205826],[-123.039689,49.205826],[-123.039688,49.205826],[-123.039688,49.205826],[-123.039688,49.205826],[-123.039687,49.205826],[-123.039687,49.205826],[-123.039687,49.205826],[-123.039686,49.205826],[-123.039686,49.205826],[-123.039686,49.205826],[-123.039685,49.205826],[-123.039685,49.205826],[-123.039684,49.205826],[-123.039684,49.205826],[-123.039684,49.205825],[-123.039683,49.205825],[-123.039683,49.205825],[-123.039683,49.205825],[-123.039682,49.205825],[-123.039682,49.205825],[-123.039723,49.205681],[-123.039713,49.205444]]]}},{"type":"Feature","properties":{"n":"Kinross Corridor \u2013 North","c":"Local","ha":0.1},"geometry":{"type":"Polygon","coordinates":[[[-123.036817,49.206404],[-123.037158,49.206408],[-123.037085,49.206822],[-123.037085,49.206822],[-123.037084,49.206822],[-123.037083,49.206822],[-123.037083,49.206821],[-123.037082,49.206821],[-123.037081,49.206821],[-123.037081,49.206821],[-123.03708,49.206821],[-123.03708,49.206821],[-123.037079,49.20682],[-123.037078,49.20682],[-123.037078,49.20682],[-123.037077,49.20682],[-123.037076,49.20682],[-123.037076,49.20682],[-123.037075,49.20682],[-123.037074,49.206819],[-123.037074,49.206819],[-123.037073,49.206819],[-123.037072,49.206819],[-123.037072,49.206819],[-123.037071,49.206819],[-123.03707,49.206818],[-123.03707,49.206818],[-123.037069,49.206818],[-123.037068,49.206818],[-123.037068,49.206818],[-123.037067,49.206818],[-123.037066,49.206818],[-123.037066,49.206817],[-123.037065,49.206817],[-123.037064,49.206817],[-123.037064,49.206817],[-123.037063,49.206817],[-123.037062,49.206817],[-123.037062,49.206816],[-123.037061,49.206816],[-123.03706,49.206816],[-123.03706,49.206816],[-123.037059,49.206816],[-123.037058,49.206816],[-123.037058,49.206816],[-123.037057,49.206815],[-123.037056,49.206815],[-123.037056,49.206815],[-123.037055,49.206815],[-123.037054,49.206815],[-123.037054,49.206815],[-123.037053,49.206814],[-123.037053,49.206814],[-123.037052,49.206814],[-123.037051,49.206814],[-123.037051,49.206814],[-123.03705,49.206814],[-123.037049,49.206814],[-123.037049,49.206813],[-123.037048,49.206813],[-123.037047,49.206813],[-123.037047,49.206813],[-123.037046,49.206813],[-123.037045,49.206813],[-123.037045,49.206812],[-123.037044,49.206812],[-123.037043,49.206812],[-123.037043,49.206812],[-123.037042,49.206812],[-123.037041,49.206812],[-123.037041,49.206812],[-123.03704,49.206811],[-123.037039,49.206811],[-123.037039,49.206811],[-123.037038,49.206811],[-123.037037,49.206811],[-123.037037,49.206811],[-123.037036,49.206811],[-123.037035,49.20681],[-123.037035,49.20681],[-123.037034,49.20681],[-123.037033,49.20681],[-123.037033,49.20681],[-123.037032,49.20681],[-123.037031,49.206809],[-123.037031,49.206809],[-123.03703,49.206809],[-123.037029,49.206809],[-123.037029,49.206809],[-123.037028,49.206809],[-123.037027,49.206809],[-123.037027,49.206808],[-123.037026,49.206808],[-123.037025,49.206808],[-123.037025,49.206808],[-123.037024,49.206808],[-123.037023,49.206808],[-123.037023,49.206808],[-123.037022,49.206807],[-123.037021,49.206807],[-123.037021,49.206807],[-123.03702,49.206807],[-123.037019,49.206807],[-123.037019,49.206807],[-123.037018,49.206806],[-123.037017,49.206806],[-123.037017,49.206806],[-123.037016,49.206806],[-123.037016,49.206806],[-123.037015,49.206806],[-123.037014,49.206806],[-123.037014,49.206805],[-123.037013,49.206805],[-123.037012,49.206805],[-123.037012,49.206805],[-123.037011,49.206805],[-123.03701,49.206805],[-123.03701,49.206805],[-123.037009,49.206804],[-123.037008,49.206804],[-123.037008,49.206804],[-123.037007,49.206804],[-123.037006,49.206804],[-123.037006,49.206804],[-123.037005,49.206804],[-123.037004,49.206803],[-123.037004,49.206803],[-123.037003,49.206803],[-123.037002,49.206803],[-123.037002,49.206803],[-123.037001,49.206803],[-123.037,49.206803],[-123.037,49.206802],[-123.036999,49.206802],[-123.036998,49.206802],[-123.036998,49.206802],[-123.036997,49.206802],[-123.036996,49.206802],[-123.036996,49.206801],[-123.036995,49.206801],[-123.036994,49.206801],[-123.036994,49.206801],[-123.036993,49.206801],[-123.036992,49.206801],[-123.036992,49.206801],[-123.036991,49.2068],[-123.03699,49.2068],[-123.03699,49.2068],[-123.036989,49.2068],[-123.036988,49.2068],[-123.036988,49.2068],[-123.036987,49.2068],[-123.036986,49.206799],[-123.036986,49.206799],[-123.036985,49.206799],[-123.036984,49.206799],[-123.036984,49.206799],[-123.036983,49.206799],[-123.036982,49.206799],[-123.036982,49.206798],[-123.036981,49.206798],[-123.03698,49.206798],[-123.03698,49.206798],[-123.036979,49.206798],[-123.036978,49.206798],[-123.036978,49.206798],[-123.036977,49.206797],[-123.036976,49.206797],[-123.036976,49.206797],[-123.036975,49.206797],[-123.036974,49.206797],[-123.036974,49.206797],[-123.036973,49.206797],[-123.036972,49.206796],[-123.036972,49.206796],[-123.036971,49.206796],[-123.03697,49.206796],[-123.03697,49.206796],[-123.036969,49.206796],[-123.036968,49.206796],[-123.036968,49.206795],[-123.036967,49.206795],[-123.036966,49.206795],[-123.036966,49.206795],[-123.036965,49.206795],[-123.036964,49.206795],[-123.036964,49.206795],[-123.036963,49.206794],[-123.036962,49.206794],[-123.036962,49.206794],[-123.036961,49.206794],[-123.03696,49.206794],[-123.03696,49.206794],[-123.036959,49.206794],[-123.036958,49.206793],[-123.036958,49.206793],[-123.036957,49.206793],[-123.036956,49.206793],[-123.036956,49.206793],[-123.036955,49.206793],[-123.036954,49.206793],[-123.036954,49.206792],[-123.036953,49.206792],[-123.036952,49.206792],[-123.036952,49.206792],[-123.036951,49.206792],[-123.03695,49.206792],[-123.03695,49.206792],[-123.036949,49.206791],[-123.036948,49.206791],[-123.036948,49.206791],[-123.036947,49.206791],[-123.036946,49.206791],[-123.036946,49.206791],[-123.036945,49.206791],[-123.036944,49.20679],[-123.036944,49.20679],[-123.036943,49.20679],[-123.036943,49.20679],[-123.036942,49.20679],[-123.036941,49.20679],[-123.036941,49.20679],[-123.03694,49.206789],[-123.036939,49.206789],[-123.036939,49.206789],[-123.036938,49.206789],[-123.036937,49.206789],[-123.036937,49.206789],[-123.036936,49.206789],[-123.036935,49.206788],[-123.036935,49.206788],[-123.036934,49.206788],[-123.036933,49.206788],[-123.036933,49.206788],[-123.036932,49.206788],[-123.036931,49.206788],[-123.036931,49.206787],[-123.03693,49.206787],[-123.036929,49.206787],[-123.036929,49.206787],[-123.036928,49.206787],[-123.036927,49.206787],[-123.036927,49.206787],[-123.036926,49.206786],[-123.036925,49.206786],[-123.036925,49.206786],[-123.036924,49.206786],[-123.036923,49.206786],[-123.036923,49.206786],[-123.036922,49.206786],[-123.036921,49.206786],[-123.036921,49.206785],[-123.03692,49.206785],[-123.036919,49.206785],[-123.036919,49.206785],[-123.036918,49.206785],[-123.036917,49.206785],[-123.036917,49.206785],[-123.036916,49.206784],[-123.036915,49.206784],[-123.036915,49.206784],[-123.036914,49.206784],[-123.036913,49.206784],[-123.036913,49.206784],[-123.036912,49.206784],[-123.036911,49.206783],[-123.036911,49.206783],[-123.03691,49.206783],[-123.036909,49.206783],[-123.036909,49.206783],[-123.036908,49.206783],[-123.036907,49.206783],[-123.036907,49.206782],[-123.036906,49.206782],[-123.036905,49.206782],[-123.036905,49.206782],[-123.036904,49.206782],[-123.036903,49.206782],[-123.036903,49.206782],[-123.036902,49.206782],[-123.036901,49.206781],[-123.036901,49.206781],[-123.0369,49.206781],[-123.036899,49.206781],[-123.036899,49.206781],[-123.036898,49.206781],[-123.036897,49.206781],[-123.036896,49.20678],[-123.036896,49.20678],[-123.036895,49.20678],[-123.036894,49.20678],[-123.036894,49.20678],[-123.036893,49.20678],[-123.036892,49.20678],[-123.036892,49.206779],[-123.036891,49.206779],[-123.03689,49.206779],[-123.03689,49.206779],[-123.036889,49.206779],[-123.036888,49.206779],[-123.036888,49.206779],[-123.036887,49.206779],[-123.036886,49.206778],[-123.036886,49.206778],[-123.036885,49.206778],[-123.036884,49.206778],[-123.036884,49.206778],[-123.036883,49.206778],[-123.036882,49.206778],[-123.036882,49.206777],[-123.036881,49.206777],[-123.03688,49.206777],[-123.03688,49.206777],[-123.036879,49.206777],[-123.036878,49.206777],[-123.036878,49.206777],[-123.036877,49.206777],[-123.036876,49.206776],[-123.036876,49.206776],[-123.036875,49.206776],[-123.036874,49.206776],[-123.036874,49.206776],[-123.036873,49.206776],[-123.036872,49.206776],[-123.036872,49.206775],[-123.036871,49.206775],[-123.03687,49.206775],[-123.03687,49.206775],[-123.036869,49.206775],[-123.036868,49.206775],[-123.036868,49.206775],[-123.036867,49.206775],[-123.036866,49.206774],[-123.036866,49.206774],[-123.036865,49.206774],[-123.036864,49.206774],[-123.036864,49.206774],[-123.036863,49.206774],[-123.036862,49.206774],[-123.036862,49.206773],[-123.036861,49.206773],[-123.03686,49.206773],[-123.03686,49.206773],[-123.036859,49.206773],[-123.036858,49.206773],[-123.036858,49.206773],[-123.036857,49.206773],[-123.036856,49.206772],[-123.036856,49.206772],[-123.036855,49.206772],[-123.036854,49.206772],[-123.036854,49.206772],[-123.036853,49.206772],[-123.036852,49.206772],[-123.036852,49.206771],[-123.036851,49.206771],[-123.03685,49.206771],[-123.03685,49.206771],[-123.036849,49.206771],[-123.036848,49.206771],[-123.036848,49.206771],[-123.036847,49.206771],[-123.036808,49.206736],[-123.036817,49.206404]]]}},{"type":"Feature","properties":{"n":"New Brighton Park","c":"Community","ha":10.38},"geometry":{"type":"Polygon","coordinates":[[[-123.034399,49.290181],[-123.034313,49.290131],[-123.034257,49.290112],[-123.034257,49.290081],[-123.034257,49.290067],[-123.034257,49.290067],[-123.034258,49.289198],[-123.034139,49.289163],[-123.034126,49.289159],[-123.034232,49.289103],[-123.035122,49.288879],[-123.035262,49.288853],[-123.035404,49.288833],[-123.035548,49.28882],[-123.035692,49.288814],[-123.035837,49.288814],[-123.03592,49.288815],[-123.036003,49.288817],[-123.036085,49.288819],[-123.036104,49.288786],[-123.036109,49.288776],[-123.036141,49.288472],[-123.036396,49.28811],[-123.036406,49.288111],[-123.03651,49.288124],[-123.036576,49.288132],[-123.036657,49.288145],[-123.036741,49.288157],[-123.036788,49.288166],[-123.036875,49.288181],[-123.036922,49.28819],[-123.036954,49.288196],[-123.037179,49.288248],[-123.037279,49.288273],[-123.037636,49.288354],[-123.037832,49.288404],[-123.0382,49.288502],[-123.038195,49.288513],[-123.039462,49.288858],[-123.039717,49.288916],[-123.039656,49.288959],[-123.03962,49.288984],[-123.039478,49.289082],[-123.039449,49.289071],[-123.039417,49.28906],[-123.039405,49.289056],[-123.039393,49.289051],[-123.039381,49.289047],[-123.039369,49.289042],[-123.039356,49.289038],[-123.039344,49.289034],[-123.039332,49.28903],[-123.03932,49.289025],[-123.039307,49.289021],[-123.039295,49.289017],[-123.039283,49.289013],[-123.03927,49.289008],[-123.039258,49.289004],[-123.039246,49.289],[-123.039233,49.288996],[-123.039221,49.288992],[-123.039209,49.288987],[-123.039196,49.288983],[-123.039184,49.288979],[-123.039172,49.288975],[-123.039159,49.288971],[-123.039147,49.288967],[-123.039134,49.288963],[-123.039122,49.288959],[-123.039109,49.288955],[-123.039097,49.288951],[-123.039085,49.288947],[-123.039072,49.288943],[-123.039059,49.288939],[-123.039047,49.288935],[-123.039034,49.288931],[-123.039022,49.288927],[-123.039009,49.288923],[-123.038997,49.288919],[-123.038984,49.288915],[-123.038972,49.288912],[-123.038959,49.288908],[-123.038947,49.288904],[-123.038934,49.2889],[-123.038921,49.288896],[-123.038909,49.288892],[-123.038896,49.288889],[-123.038883,49.288885],[-123.038871,49.288881],[-123.038858,49.288878],[-123.038845,49.288874],[-123.038833,49.28887],[-123.03882,49.288866],[-123.038807,49.288863],[-123.038795,49.288859],[-123.038782,49.288855],[-123.038769,49.288852],[-123.038756,49.288848],[-123.038744,49.288845],[-123.038731,49.288841],[-123.038718,49.288838],[-123.038705,49.288834],[-123.038693,49.28883],[-123.03868,49.288827],[-123.038667,49.288823],[-123.038654,49.28882],[-123.038641,49.288816],[-123.038628,49.288813],[-123.038615,49.28881],[-123.038595,49.288804],[-123.038414,49.288693],[-123.038108,49.288624],[-123.038099,49.288622],[-123.038086,49.288619],[-123.038073,49.288616],[-123.03806,49.288614],[-123.038046,49.288611],[-123.038033,49.288608],[-123.03802,49.288606],[-123.038007,49.288603],[-123.037994,49.2886],[-123.03798,49.288598],[-123.037967,49.288595],[-123.037954,49.288592],[-123.037941,49.28859],[-123.037927,49.288587],[-123.037901,49.288582],[-123.037887,49.28858],[-123.037874,49.288577],[-123.037861,49.288575],[-123.037848,49.288572],[-123.037834,49.28857],[-123.037821,49.288567],[-123.037807,49.288565],[-123.037794,49.288562],[-123.037781,49.28856],[-123.037767,49.288558],[-123.037754,49.288555],[-123.037741,49.288553],[-123.037727,49.288551],[-123.037714,49.288548],[-123.037701,49.288546],[-123.037687,49.288544],[-123.037674,49.288541],[-123.03766,49.288539],[-123.037647,49.288537],[-123.037633,49.288535],[-123.03762,49.288532],[-123.037607,49.28853],[-123.037593,49.288528],[-123.03758,49.288526],[-123.037566,49.288524],[-123.037553,49.288522],[-123.037539,49.28852],[-123.037526,49.288517],[-123.037512,49.288515],[-123.037499,49.288513],[-123.037485,49.288511],[-123.037472,49.288509],[-123.037459,49.288507],[-123.037445,49.288505],[-123.037431,49.288503],[-123.037418,49.288501],[-123.037404,49.288499],[-123.037391,49.288497],[-123.037377,49.288495],[-123.037364,49.288494],[-123.03735,49.288492],[-123.037337,49.28849],[-123.037323,49.288488],[-123.03731,49.288486],[-123.037296,49.288484],[-123.037283,49.288482],[-123.037269,49.288481],[-123.037255,49.288479],[-123.037242,49.288477],[-123.037228,49.288475],[-123.037215,49.288473],[-123.037187,49.28847],[-123.037174,49.288468],[-123.037153,49.288467],[-123.037167,49.288445],[-123.037167,49.288445],[-123.036994,49.288416],[-123.036613,49.288385],[-123.036593,49.288393],[-123.036534,49.288415],[-123.036521,49.288414],[-123.036507,49.288413],[-123.036493,49.288412],[-123.036479,49.288412],[-123.036466,49.288411],[-123.036452,49.28841],[-123.036438,49.288409],[-123.036424,49.288408],[-123.03641,49.288407],[-123.036397,49.288407],[-123.036397,49.28847],[-123.036397,49.28849],[-123.036397,49.288536],[-123.036396,49.288691],[-123.036396,49.288729],[-123.036396,49.288834],[-123.036668,49.288856],[-123.036939,49.288886],[-123.037207,49.288923],[-123.037213,49.288925],[-123.037218,49.288927],[-123.037224,49.288929],[-123.037228,49.288932],[-123.037233,49.288935],[-123.037237,49.288938],[-123.037241,49.288941],[-123.037244,49.288945],[-123.037247,49.288949],[-123.037255,49.288951],[-123.037264,49.288953],[-123.037272,49.288954],[-123.037281,49.288955],[-123.037819,49.289054],[-123.038345,49.289176],[-123.038857,49.289321],[-123.039352,49.289488],[-123.039733,49.289661],[-123.039739,49.289663],[-123.039744,49.289664],[-123.03975,49.289665],[-123.039756,49.289666],[-123.039762,49.289666],[-123.039768,49.289666],[-123.039774,49.289666],[-123.039801,49.289666],[-123.039807,49.289666],[-123.039814,49.289667],[-123.039821,49.289668],[-123.039827,49.28967],[-123.039834,49.289671],[-123.039939,49.289717],[-123.040044,49.289764],[-123.040149,49.28981],[-123.040108,49.289962],[-123.04009,49.290023],[-123.040081,49.290086],[-123.04008,49.290149],[-123.040087,49.290212],[-123.040102,49.290274],[-123.040126,49.290335],[-123.040156,49.290395],[-123.040195,49.290452],[-123.040241,49.290508],[-123.040293,49.29056],[-123.040353,49.29061],[-123.040418,49.290656],[-123.040644,49.290744],[-123.04088,49.290821],[-123.041123,49.290886],[-123.041696,49.291027],[-123.041722,49.291041],[-123.041729,49.292206],[-123.041843,49.292205],[-123.041848,49.292253],[-123.041125,49.292205],[-123.040451,49.292136],[-123.040373,49.292123],[-123.040297,49.292105],[-123.040224,49.292084],[-123.040153,49.292058],[-123.040086,49.292029],[-123.040023,49.291996],[-123.039965,49.29196],[-123.039911,49.291921],[-123.039862,49.291879],[-123.039819,49.291835],[-123.039781,49.291788],[-123.03975,49.29174],[-123.039725,49.29169],[-123.039706,49.291638],[-123.039694,49.291556],[-123.039686,49.291474],[-123.039684,49.291392],[-123.039683,49.29139],[-123.039682,49.291388],[-123.039681,49.291386],[-123.03968,49.291384],[-123.039678,49.291382],[-123.039676,49.29138],[-123.039674,49.291379],[-123.039672,49.291377],[-123.039669,49.291376],[-123.039667,49.291375],[-123.039664,49.291374],[-123.039661,49.291373],[-123.039658,49.291372],[-123.039655,49.291372],[-123.039652,49.291371],[-123.039648,49.291371],[-123.039645,49.291371],[-123.039589,49.2914],[-123.039537,49.291432],[-123.039489,49.291467],[-123.039297,49.291356],[-123.039115,49.291238],[-123.038943,49.291113],[-123.038941,49.291102],[-123.03894,49.291091],[-123.03894,49.29108],[-123.038941,49.291069],[-123.038944,49.291058],[-123.038948,49.291047],[-123.038954,49.291036],[-123.03896,49.291026],[-123.038968,49.291016],[-123.038985,49.290997],[-123.039,49.290978],[-123.039015,49.290958],[-123.039013,49.290956],[-123.039012,49.290953],[-123.03901,49.290951],[-123.039008,49.290949],[-123.039005,49.290947],[-123.039002,49.290945],[-123.038999,49.290943],[-123.038996,49.290942],[-123.038993,49.290941],[-123.038989,49.29094],[-123.038986,49.290939],[-123.038982,49.290938],[-123.038978,49.290937],[-123.038974,49.290937],[-123.03897,49.290937],[-123.038966,49.290937],[-123.038902,49.290944],[-123.038837,49.290947],[-123.038771,49.290946],[-123.038706,49.290942],[-123.038439,49.290944],[-123.038172,49.290942],[-123.037905,49.290936],[-123.037803,49.290931],[-123.037701,49.29092],[-123.037601,49.290905],[-123.037504,49.290883],[-123.03746,49.290872],[-123.037418,49.290858],[-123.037378,49.290841],[-123.03734,49.290823],[-123.037304,49.290803],[-123.037275,49.290784],[-123.037243,49.290783],[-123.037231,49.290788],[-123.037163,49.290912],[-123.037103,49.290896],[-123.037176,49.290785],[-123.037183,49.290767],[-123.037156,49.290663],[-123.037146,49.290624],[-123.037105,49.290564],[-123.037055,49.290547],[-123.036974,49.290558],[-123.036946,49.290618],[-123.036937,49.290657],[-123.036924,49.290678],[-123.036887,49.290675],[-123.036824,49.29065],[-123.036759,49.29063],[-123.036691,49.290612],[-123.036621,49.290599],[-123.03655,49.290589],[-123.036478,49.290583],[-123.036405,49.290581],[-123.036332,49.290583],[-123.036325,49.290588],[-123.036317,49.290593],[-123.036308,49.290597],[-123.036299,49.290601],[-123.036289,49.290605],[-123.036279,49.290608],[-123.036269,49.29061],[-123.036258,49.290612],[-123.036247,49.290613],[-123.036236,49.290613],[-123.036225,49.290613],[-123.036214,49.290612],[-123.036203,49.290611],[-123.036192,49.290609],[-123.036182,49.290606],[-123.036172,49.290603],[-123.036163,49.290599],[-123.036154,49.290595],[-123.036145,49.290591],[-123.036137,49.290585],[-123.03613,49.29058],[-123.036124,49.290574],[-123.036118,49.290568],[-123.035929,49.290553],[-123.035739,49.290547],[-123.035548,49.290551],[-123.035359,49.290565],[-123.03534,49.290565],[-123.035322,49.290564],[-123.035304,49.290562],[-123.035286,49.290559],[-123.035269,49.290555],[-123.035252,49.29055],[-123.035236,49.290544],[-123.035221,49.290537],[-123.035207,49.290529],[-123.035193,49.290521],[-123.035181,49.290511],[-123.034968,49.290387],[-123.034808,49.290324],[-123.034695,49.290294],[-123.034549,49.290238],[-123.034399,49.290181]]]}},{"type":"Feature","properties":{"n":"English Bay Beach Park","c":"Community","ha":9.97},"geometry":{"type":"Polygon","coordinates":[[[-123.145712,49.290288],[-123.142944,49.288493],[-123.142594,49.288109],[-123.142488,49.287012],[-123.14298,49.284549],[-123.142049,49.283107],[-123.140279,49.281961],[-123.139494,49.281453],[-123.1384,49.280375],[-123.137326,49.279304],[-123.137432,49.279216],[-123.138183,49.278719],[-123.138289,49.278655],[-123.138344,49.278769],[-123.13839,49.278808],[-123.138437,49.278838],[-123.138497,49.27886],[-123.138557,49.278886],[-123.13865,49.278882],[-123.138723,49.278842],[-123.138796,49.278803],[-123.138929,49.278794],[-123.139115,49.278816],[-123.139181,49.278837],[-123.139381,49.278859],[-123.139447,49.278876],[-123.139447,49.278889],[-123.139401,49.278924],[-123.139348,49.278985],[-123.139342,49.279094],[-123.139342,49.279202],[-123.139309,49.279363],[-123.139343,49.279459],[-123.139376,49.279594],[-123.139436,49.279654],[-123.13947,49.279707],[-123.139569,49.279737],[-123.139622,49.279737],[-123.139662,49.279737],[-123.139702,49.279698],[-123.139735,49.279667],[-123.139795,49.279658],[-123.139881,49.279658],[-123.140034,49.279667],[-123.140174,49.279693],[-123.140121,49.279758],[-123.140048,49.279854],[-123.140015,49.280019],[-123.139983,49.280149],[-123.139963,49.280284],[-123.139997,49.280397],[-123.14001,49.28051],[-123.140037,49.280615],[-123.140104,49.280749],[-123.140404,49.280966],[-123.140683,49.281144],[-123.140763,49.281183],[-123.140849,49.281201],[-123.140962,49.281196],[-123.141029,49.281166],[-123.141095,49.281122],[-123.141148,49.281096],[-123.141181,49.281074],[-123.141201,49.281135],[-123.141188,49.281183],[-123.141129,49.281235],[-123.141056,49.281296],[-123.140996,49.281313],[-123.141109,49.2814],[-123.141335,49.281513],[-123.141529,49.281704],[-123.141703,49.28206],[-123.141856,49.282273],[-123.142196,49.282651],[-123.142303,49.282794],[-123.142376,49.282951],[-123.142597,49.283307],[-123.14271,49.283476],[-123.14285,49.283637],[-123.142964,49.283759],[-123.14311,49.283933],[-123.143184,49.284006],[-123.143356,49.284041],[-123.143543,49.284106],[-123.143742,49.284167],[-123.143948,49.284197],[-123.144101,49.284249],[-123.144161,49.284309],[-123.144168,49.284379],[-123.144142,49.284436],[-123.144082,49.284479],[-123.144016,49.284492],[-123.143949,49.284492],[-123.143936,49.284549],[-123.143923,49.284601],[-123.143917,49.284653],[-123.143904,49.284784],[-123.143884,49.284918],[-123.143852,49.285149],[-123.143688,49.28598],[-123.143603,49.28641],[-123.143479,49.287223],[-123.143459,49.287476],[-123.14346,49.287771],[-123.143481,49.287945],[-123.143509,49.288358],[-123.143522,49.288471],[-123.143549,49.288554],[-123.143616,49.288571],[-123.143695,49.28861],[-123.143762,49.288632],[-123.143842,49.288701],[-123.143895,49.288753],[-123.143922,49.28881],[-123.143955,49.288849],[-123.144029,49.288897],[-123.144142,49.28894],[-123.144295,49.289035],[-123.144541,49.289196],[-123.144655,49.289291],[-123.144741,49.289317],[-123.144807,49.289317],[-123.144861,49.289326],[-123.144927,49.289356],[-123.144987,49.289369],[-123.145074,49.289391],[-123.145153,49.289391],[-123.145213,49.289382],[-123.14524,49.289382],[-123.145286,49.289382],[-123.145346,49.289404],[-123.145366,49.289425],[-123.145373,49.289443],[-123.145553,49.28956],[-123.145732,49.289668],[-123.145806,49.28972],[-123.145892,49.289764],[-123.145912,49.289807],[-123.145966,49.289846],[-123.145999,49.289872],[-123.146119,49.28995],[-123.146174,49.289979],[-123.145712,49.290288]]]}},{"type":"Feature","properties":{"n":"Clark Park","c":"Community","ha":4.3},"geometry":{"type":"Polygon","coordinates":[[[-123.07002,49.257661],[-123.070043,49.256458],[-123.070109,49.25646],[-123.070121,49.256467],[-123.070134,49.256472],[-123.070148,49.256476],[-123.070163,49.25648],[-123.070179,49.256482],[-123.070194,49.256482],[-123.070209,49.256482],[-123.070225,49.25648],[-123.07024,49.256477],[-123.070254,49.256472],[-123.070267,49.256467],[-123.073605,49.256603],[-123.074894,49.256655],[-123.074874,49.257701],[-123.074409,49.257698],[-123.074412,49.257517],[-123.074329,49.257516],[-123.073864,49.257512],[-123.073588,49.25751],[-123.073584,49.257691],[-123.07002,49.257661]]]}},{"type":"Feature","properties":{"n":"Chaldecott Park","c":"Neighbourhood","ha":3.45},"geometry":{"type":"Polygon","coordinates":[[[-123.193473,49.249911],[-123.190986,49.2499],[-123.191004,49.248183],[-123.19349,49.248194],[-123.193473,49.249911]]]}},{"type":"Feature","properties":{"n":"Cedar Cottage Park","c":"Neighbourhood","ha":0.47},"geometry":{"type":"Polygon","coordinates":[[[-123.077352,49.26095],[-123.075593,49.260936],[-123.0756,49.260602],[-123.077336,49.260616],[-123.077352,49.26095]]]}},{"type":"Feature","properties":{"n":"Cardero Park","c":"Local","ha":0.33},"geometry":{"type":"Polygon","coordinates":[[[-123.127807,49.292724],[-123.127494,49.292623],[-123.127247,49.292787],[-123.127192,49.292751],[-123.128484,49.291895],[-123.128633,49.291991],[-123.128775,49.292082],[-123.127807,49.292724]]]}},{"type":"Feature","properties":{"n":"Brewers Park","c":"Neighbourhood","ha":1.39},"geometry":{"type":"Polygon","coordinates":[[[-123.065971,49.248035],[-123.065694,49.248033],[-123.06524,49.24803],[-123.065258,49.247305],[-123.065742,49.247309],[-123.065741,49.247364],[-123.06646,49.247371],[-123.066461,49.247343],[-123.067718,49.247357],[-123.067716,49.248053],[-123.067232,49.248048],[-123.066423,49.248038],[-123.065971,49.248035]]]}},{"type":"Feature","properties":{"n":"Beaconsfield Park","c":"Neighbourhood","ha":4.44},"geometry":{"type":"Polygon","coordinates":[[[-123.052847,49.254562],[-123.052841,49.256269],[-123.052841,49.256269],[-123.051487,49.256269],[-123.04969,49.256269],[-123.049689,49.254522],[-123.052784,49.254534],[-123.052847,49.254562]]]}},{"type":"Feature","properties":{"n":"Ash Park","c":"Local","ha":0.51},"geometry":{"type":"Polygon","coordinates":[[[-123.120153,49.209976],[-123.120129,49.210502],[-123.118776,49.210469],[-123.118792,49.210082],[-123.119081,49.210123],[-123.119466,49.209962],[-123.120153,49.209976]]]}},{"type":"Feature","properties":{"n":"Granville Island Water Park","c":"Community","ha":0.26},"geometry":{"type":"Polygon","coordinates":[[[-123.13484,49.269733],[-123.134786,49.269739],[-123.134747,49.26976],[-123.134472,49.269703],[-123.134593,49.269425],[-123.134571,49.269398],[-123.134638,49.269258],[-123.134691,49.269176],[-123.134985,49.269306],[-123.135414,49.269554],[-123.135164,49.269744],[-123.135033,49.269748],[-123.135007,49.269743],[-123.134997,49.269765],[-123.13484,49.269733]]]}},{"type":"Feature","properties":{"n":"Devonian Harbour Park","c":"Neighbourhood","ha":4.44},"geometry":{"type":"Polygon","coordinates":[[[-123.136116,49.294977],[-123.136101,49.294976],[-123.136093,49.294966],[-123.136072,49.294789],[-123.135947,49.294872],[-123.135528,49.29515],[-123.135381,49.295125],[-123.135315,49.295114],[-123.134958,49.29521],[-123.134809,49.295281],[-123.134732,49.295303],[-123.134611,49.29532],[-123.13451,49.295313],[-123.134464,49.295299],[-123.134288,49.29522],[-123.134072,49.29513],[-123.133968,49.295077],[-123.133817,49.294991],[-123.133742,49.294923],[-123.133674,49.294833],[-123.133596,49.294883],[-123.133572,49.294874],[-123.133506,49.294785],[-123.133525,49.294677],[-123.133528,49.294672],[-123.13372,49.294545],[-123.133739,49.294494],[-123.133656,49.294389],[-123.1332,49.294182],[-123.13273,49.293928],[-123.132524,49.293716],[-123.132388,49.293625],[-123.132501,49.293549],[-123.132574,49.2935],[-123.132603,49.293481],[-123.13275,49.293385],[-123.133155,49.293117],[-123.133661,49.292781],[-123.135038,49.293672],[-123.135041,49.293674],[-123.135234,49.293798],[-123.135234,49.293799],[-123.136414,49.294563],[-123.136449,49.294539],[-123.136613,49.294644],[-123.136488,49.294726],[-123.136418,49.294773],[-123.136342,49.294825],[-123.136275,49.294872],[-123.136226,49.294905],[-123.136181,49.294936],[-123.136131,49.294971],[-123.136116,49.294977]]]}},{"type":"Feature","properties":{"n":"Major Matthews Park","c":"Local","ha":0.07},"geometry":{"type":"Polygon","coordinates":[[[-123.107439,49.2617],[-123.107301,49.261698],[-123.107231,49.261696],[-123.107024,49.261693],[-123.107026,49.261638],[-123.107033,49.261471],[-123.107448,49.261479],[-123.107441,49.261645],[-123.107439,49.2617]]]}},{"type":"Feature","properties":{"n":"Sunnyside Park","c":"Neighbourhood","ha":1.13},"geometry":{"type":"Polygon","coordinates":[[[-123.081574,49.255306],[-123.079916,49.255281],[-123.079943,49.254558],[-123.081601,49.254582],[-123.081574,49.255306]]]}},{"type":"Feature","properties":{"n":"Choklit Park","c":"Local","ha":0.07},"geometry":{"type":"Polygon","coordinates":[[[-123.129058,49.265287],[-123.129047,49.265588],[-123.128771,49.265584],[-123.128782,49.265282],[-123.129058,49.265287]]]}},{"type":"Feature","properties":{"n":"Carnarvon Park","c":"Community","ha":4.24},"geometry":{"type":"Polygon","coordinates":[[[-123.172981,49.257556],[-123.172708,49.257552],[-123.170493,49.257518],[-123.170222,49.256996],[-123.170238,49.255607],[-123.172727,49.255618],[-123.173001,49.255619],[-123.172994,49.256434],[-123.172981,49.257556]]]}},{"type":"Feature","properties":{"n":"Winona Park","c":"Neighbourhood","ha":5.32},"geometry":{"type":"Polygon","coordinates":[[[-123.115214,49.216829],[-123.11274,49.2168],[-123.112839,49.21415],[-123.115322,49.214176],[-123.115214,49.216829]]]}},{"type":"Feature","properties":{"n":"Trafalgar Park","c":"Neighbourhood","ha":4.86},"geometry":{"type":"Polygon","coordinates":[[[-123.165144,49.251059],[-123.165118,49.251782],[-123.163909,49.251763],[-123.160837,49.251716],[-123.160117,49.250715],[-123.163222,49.249506],[-123.163165,49.251028],[-123.163936,49.25104],[-123.165144,49.251059]]]}},{"type":"Feature","properties":{"n":"Thunderbird Park","c":"Local","ha":0.89},"geometry":{"type":"Polygon","coordinates":[[[-123.029496,49.269305],[-123.028741,49.269305],[-123.028585,49.269246],[-123.02831,49.269141],[-123.027821,49.268554],[-123.027699,49.268374],[-123.028328,49.268374],[-123.028323,49.268554],[-123.028599,49.268554],[-123.02951,49.268554],[-123.029496,49.269278],[-123.029496,49.269305]]]}},{"type":"Feature","properties":{"n":"Templeton Park","c":"Community","ha":1.93},"geometry":{"type":"Polygon","coordinates":[[[-123.059665,49.27902],[-123.058006,49.27901],[-123.058014,49.277568],[-123.059672,49.277581],[-123.059665,49.27902]]]}},{"type":"Feature","properties":{"n":"Tatlow Park","c":"Neighbourhood","ha":1.4},"geometry":{"type":"Polygon","coordinates":[[[-123.170035,49.270979],[-123.169199,49.270968],[-123.16921,49.270655],[-123.169053,49.270653],[-123.168896,49.270652],[-123.1689,49.270542],[-123.168732,49.270541],[-123.168377,49.270537],[-123.168391,49.27011],[-123.169228,49.27012],[-123.169236,49.269906],[-123.169239,49.2698],[-123.169254,49.269365],[-123.170092,49.269375],[-123.170081,49.26969],[-123.170078,49.269772],[-123.170064,49.270169],[-123.170035,49.270979]]]}},{"type":"Feature","properties":{"n":"Sunset Beach Park","c":"Community","ha":3.64},"geometry":{"type":"Polygon","coordinates":[[[-123.138289,49.278655],[-123.138183,49.278719],[-123.137432,49.279216],[-123.137326,49.279304],[-123.137161,49.279138],[-123.135454,49.277438],[-123.134679,49.276665],[-123.135176,49.276336],[-123.135135,49.276296],[-123.135333,49.276232],[-123.135712,49.27611],[-123.135947,49.276034],[-123.136139,49.275972],[-123.136037,49.276055],[-123.135991,49.276138],[-123.135958,49.276225],[-123.135985,49.276294],[-123.136031,49.276368],[-123.136091,49.276442],[-123.136138,49.276494],[-123.136231,49.276568],[-123.136305,49.276659],[-123.136325,49.276703],[-123.136438,49.276911],[-123.136472,49.276981],[-123.136545,49.277041],[-123.136598,49.277102],[-123.136685,49.277176],[-123.136758,49.277237],[-123.136791,49.27728],[-123.136845,49.277363],[-123.136931,49.27745],[-123.136985,49.277519],[-123.137091,49.27761],[-123.137158,49.277688],[-123.137258,49.27774],[-123.137338,49.277775],[-123.137411,49.277788],[-123.13759,49.277818],[-123.137697,49.277818],[-123.137783,49.277766],[-123.137862,49.277731],[-123.137969,49.27774],[-123.138055,49.277761],[-123.138341,49.277883],[-123.138341,49.277952],[-123.138322,49.278017],[-123.138269,49.278104],[-123.138229,49.278157],[-123.138203,49.278239],[-123.138203,49.278326],[-123.138203,49.278474],[-123.138257,49.2786],[-123.138289,49.278655]]]}},{"type":"Feature","properties":{"n":"Ross Park","c":"Neighbourhood","ha":1.51},"geometry":{"type":"Polygon","coordinates":[[[-123.082955,49.218031],[-123.081731,49.218022],[-123.08175,49.216506],[-123.082988,49.216514],[-123.082955,49.218031]]]}},{"type":"Feature","properties":{"n":"Renfrew Community Park","c":"Community","ha":5.01},"geometry":{"type":"Polygon","coordinates":[[[-123.044126,49.25335],[-123.041733,49.253338],[-123.041737,49.250746],[-123.044063,49.250759],[-123.044128,49.250883],[-123.044126,49.25335]]]}},{"type":"Feature","properties":{"n":"Fraser River Trail Park","c":"Local","ha":0.5},"geometry":{"type":"Polygon","coordinates":[[[-123.135683,49.200581],[-123.135609,49.200572],[-123.135575,49.200562],[-123.135511,49.200541],[-123.135528,49.200488],[-123.13556,49.200493],[-123.135645,49.200288],[-123.135686,49.200176],[-123.135647,49.200167],[-123.135659,49.200135],[-123.135731,49.200153],[-123.135739,49.200125],[-123.135763,49.200131],[-123.136126,49.200223],[-123.136462,49.200275],[-123.136492,49.200187],[-123.136652,49.200209],[-123.136648,49.200223],[-123.136639,49.200251],[-123.136622,49.200307],[-123.136726,49.200318],[-123.136803,49.200344],[-123.136896,49.200341],[-123.136994,49.200379],[-123.137209,49.200392],[-123.13723,49.200334],[-123.137255,49.200309],[-123.137297,49.200309],[-123.137694,49.200529],[-123.13772,49.200509],[-123.137878,49.200591],[-123.139278,49.200826],[-123.139254,49.200891],[-123.139895,49.20102],[-123.139751,49.201188],[-123.139716,49.201141],[-123.138783,49.200802],[-123.13799,49.200658],[-123.13767,49.200581],[-123.137646,49.200574],[-123.136775,49.200421],[-123.136358,49.200355],[-123.136286,49.200342],[-123.136064,49.20031],[-123.135994,49.200331],[-123.135963,49.200348],[-123.135852,49.200389],[-123.135812,49.200402],[-123.135754,49.20043],[-123.135735,49.200448],[-123.135711,49.200519],[-123.135698,49.200517],[-123.13569,49.200534],[-123.135703,49.200535],[-123.135683,49.200581]]]}},{"type":"Feature","properties":{"n":"Oppenheimer Park","c":"Neighbourhood","ha":0.98},"geometry":{"type":"Polygon","coordinates":[[[-123.095169,49.283017],[-123.093494,49.282986],[-123.093526,49.282263],[-123.095199,49.282294],[-123.095169,49.283017]]]}},{"type":"Feature","properties":{"n":"Montgomery Park","c":"Neighbourhood","ha":4.03},"geometry":{"type":"Polygon","coordinates":[[[-123.131906,49.232134],[-123.128977,49.232034],[-123.129035,49.230338],[-123.131966,49.230438],[-123.131906,49.232134]]]}},{"type":"Feature","properties":{"n":"Melbourne Park","c":"Neighbourhood","ha":0.49},"geometry":{"type":"Polygon","coordinates":[[[-123.029664,49.236316],[-123.029088,49.236855],[-123.028335,49.236511],[-123.02891,49.235972],[-123.029664,49.236316]]]}},{"type":"Feature","properties":{"n":"Jonathan Rogers Park","c":"Neighbourhood","ha":1.4},"geometry":{"type":"Polygon","coordinates":[[[-123.109306,49.264666],[-123.106902,49.264622],[-123.106932,49.263898],[-123.109309,49.26394],[-123.109306,49.264666]]]}},{"type":"Feature","properties":{"n":"Humm Park","c":"Neighbourhood","ha":0.47},"geometry":{"type":"Polygon","coordinates":[[[-123.063905,49.218946],[-123.063862,49.218973],[-123.062739,49.218955],[-123.062697,49.218927],[-123.062713,49.218498],[-123.062756,49.218471],[-123.063879,49.218488],[-123.06392,49.218517],[-123.063905,49.218946]]]}},{"type":"Feature","properties":{"n":"Guelph Park","c":"Neighbourhood","ha":1.04},"geometry":{"type":"Polygon","coordinates":[[[-123.096819,49.264437],[-123.095962,49.264421],[-123.095835,49.264291],[-123.095033,49.264285],[-123.095045,49.263562],[-123.095765,49.263568],[-123.095892,49.263695],[-123.096849,49.263713],[-123.096819,49.264437]]]}},{"type":"Feature","properties":{"n":"Grimmett Park","c":"Local","ha":0.24},"geometry":{"type":"Polygon","coordinates":[[[-123.102401,49.254149],[-123.101547,49.254135],[-123.101506,49.254106],[-123.101518,49.2538],[-123.102415,49.253814],[-123.102411,49.253898],[-123.102408,49.253981],[-123.102404,49.254065],[-123.102401,49.254149]]]}},{"type":"Feature","properties":{"n":"Grandview Park","c":"Community","ha":0.89},"geometry":{"type":"Polygon","coordinates":[[[-123.071349,49.273865],[-123.06972,49.273851],[-123.069727,49.273174],[-123.071357,49.273187],[-123.071349,49.273865]]]}},{"type":"Feature","properties":{"n":"Garden Park","c":"Neighbourhood","ha":0.97},"geometry":{"type":"Polygon","coordinates":[[[-123.059835,49.268529],[-123.058179,49.268516],[-123.058194,49.267792],[-123.059849,49.267805],[-123.059835,49.268529]]]}},{"type":"Feature","properties":{"n":"Fraserview Park","c":"Neighbourhood","ha":1.27},"geometry":{"type":"Polygon","coordinates":[[[-123.068358,49.215747],[-123.066665,49.215716],[-123.066163,49.215707],[-123.066177,49.215],[-123.066678,49.215005],[-123.068372,49.215022],[-123.068358,49.215747]]]}},{"type":"Feature","properties":{"n":"Foster Park","c":"Local","ha":0.3},"geometry":{"type":"Polygon","coordinates":[[[-123.029162,49.234243],[-123.028732,49.234244],[-123.02827,49.234244],[-123.02827,49.234107],[-123.02827,49.234095],[-123.028272,49.23392],[-123.028272,49.233834],[-123.028718,49.233834],[-123.028732,49.233834],[-123.029165,49.233835],[-123.029165,49.233919],[-123.029162,49.234107],[-123.029162,49.234243]]]}},{"type":"Feature","properties":{"n":"Hastings Community Park","c":"Community","ha":4.2},"geometry":{"type":"MultiPolygon","coordinates":[[[[-123.04,49.280071],[-123.040001,49.27971],[-123.041246,49.279712],[-123.041244,49.280073],[-123.04,49.280071]]],[[[-123.036408,49.281013],[-123.03641,49.280339],[-123.03862,49.280341],[-123.038618,49.281015],[-123.036408,49.281013]]],[[[-123.039034,49.281014],[-123.039036,49.280342],[-123.04387,49.280346],[-123.043869,49.281019],[-123.039034,49.281014]]]]}},{"type":"Feature","properties":{"n":"Kingcrest Park","c":"Neighbourhood","ha":2.47},"geometry":{"type":"Polygon","coordinates":[[[-123.07594,49.247577],[-123.07592,49.248138],[-123.075778,49.248136],[-123.07564,49.248135],[-123.075642,49.24808],[-123.074739,49.248067],[-123.07474,49.248122],[-123.07473,49.248393],[-123.074592,49.248391],[-123.074454,49.248389],[-123.074464,49.248119],[-123.074325,49.248117],[-123.074187,49.248115],[-123.074049,49.248113],[-123.07405,49.248058],[-123.073513,49.24805],[-123.073555,49.246851],[-123.073867,49.246854],[-123.074018,49.246856],[-123.074471,49.24686],[-123.074648,49.246862],[-123.075568,49.24687],[-123.076042,49.246875],[-123.07594,49.247577]]]}},{"type":"Feature","properties":{"n":"Sahalli Park","c":"Neighbourhood","ha":0.55},"geometry":{"type":"Polygon","coordinates":[[[-123.089435,49.263517],[-123.089433,49.263717],[-123.08939,49.263744],[-123.089389,49.263851],[-123.08939,49.263906],[-123.089462,49.263906],[-123.089512,49.263907],[-123.089506,49.264241],[-123.089456,49.264241],[-123.08923,49.264239],[-123.088954,49.264237],[-123.08876,49.264235],[-123.088766,49.263901],[-123.088766,49.263846],[-123.088242,49.263842],[-123.088248,49.263507],[-123.088965,49.263513],[-123.089241,49.263515],[-123.089379,49.263516],[-123.089435,49.263517]]]}},{"type":"Feature","properties":{"n":"Thornton Park","c":"Neighbourhood","ha":1.64},"geometry":{"type":"MultiPolygon","coordinates":[[[[-123.098616,49.275293],[-123.098629,49.275011],[-123.098885,49.275015],[-123.098871,49.275336],[-123.098616,49.275293]]],[[[-123.098758,49.273117],[-123.098951,49.273121],[-123.098955,49.273029],[-123.099449,49.273113],[-123.099804,49.273173],[-123.09973,49.274806],[-123.098684,49.274786],[-123.098758,49.273117]]]]}},{"type":"Feature","properties":{"n":"Charleson Park","c":"Community","ha":7.32},"geometry":{"type":"Polygon","coordinates":[[[-123.12126,49.268105],[-123.121885,49.268115],[-123.12205,49.268035],[-123.122433,49.267849],[-123.122378,49.267753],[-123.12218,49.267409],[-123.122835,49.266869],[-123.122846,49.266598],[-123.12256,49.266513],[-123.122084,49.266643],[-123.121567,49.266537],[-123.121414,49.266505],[-123.120729,49.26666],[-123.12052,49.266558],[-123.120681,49.266282],[-123.120694,49.266278],[-123.120707,49.266274],[-123.120719,49.26627],[-123.120732,49.266266],[-123.120745,49.266263],[-123.120758,49.26626],[-123.120771,49.266257],[-123.120784,49.266253],[-123.120798,49.26625],[-123.120811,49.266248],[-123.120824,49.266245],[-123.120838,49.266242],[-123.120851,49.26624],[-123.120865,49.266238],[-123.120878,49.266235],[-123.120892,49.266233],[-123.120905,49.266231],[-123.120919,49.266229],[-123.120933,49.266228],[-123.120947,49.266226],[-123.12096,49.266225],[-123.120974,49.266224],[-123.120988,49.266222],[-123.121002,49.266221],[-123.121016,49.26622],[-123.12103,49.26622],[-123.121044,49.266219],[-123.121057,49.266219],[-123.121071,49.266218],[-123.121085,49.266218],[-123.121099,49.266218],[-123.121113,49.266218],[-123.121127,49.266218],[-123.121294,49.266221],[-123.121578,49.266219],[-123.121855,49.266217],[-123.122551,49.266213],[-123.123947,49.266236],[-123.124223,49.26624],[-123.124416,49.266243],[-123.126316,49.266272],[-123.126314,49.266325],[-123.126312,49.266402],[-123.126817,49.266417],[-123.126926,49.266527],[-123.126298,49.266793],[-123.126272,49.266927],[-123.126245,49.267073],[-123.126231,49.267439],[-123.126848,49.26766],[-123.127548,49.26754],[-123.127691,49.267614],[-123.127681,49.267885],[-123.127672,49.268083],[-123.127669,49.268161],[-123.127491,49.268158],[-123.125763,49.26813],[-123.125539,49.268029],[-123.125351,49.267848],[-123.125271,49.267806],[-123.125187,49.26777],[-123.125098,49.267737],[-123.125005,49.26771],[-123.124934,49.267691],[-123.124861,49.267676],[-123.124786,49.267665],[-123.124736,49.26766],[-123.124686,49.267657],[-123.124636,49.267655],[-123.124621,49.267655],[-123.124607,49.267655],[-123.124592,49.267655],[-123.124529,49.267657],[-123.124466,49.267662],[-123.124404,49.26767],[-123.124343,49.267681],[-123.124301,49.267692],[-123.124262,49.267706],[-123.124224,49.267722],[-123.124188,49.267739],[-123.124155,49.267759],[-123.124124,49.26778],[-123.124095,49.267803],[-123.12407,49.267827],[-123.124069,49.267827],[-123.124044,49.267894],[-123.124004,49.267997],[-123.123885,49.268304],[-123.123878,49.268324],[-123.123391,49.268188],[-123.122681,49.26828],[-123.12244,49.268419],[-123.122216,49.268547],[-123.122083,49.268623],[-123.12201,49.268614],[-123.121568,49.268559],[-123.121568,49.268558],[-123.121517,49.268577],[-123.121472,49.268558],[-123.121429,49.268536],[-123.121388,49.268512],[-123.12135,49.268487],[-123.121335,49.268475],[-123.12132,49.268463],[-123.121305,49.268451],[-123.121298,49.268445],[-123.121291,49.268439],[-123.121284,49.268432],[-123.121266,49.268407],[-123.121249,49.268381],[-123.121234,49.268354],[-123.121233,49.268352],[-123.121232,49.26835],[-123.121231,49.268348],[-123.121221,49.268324],[-123.121212,49.2683],[-123.121203,49.268275],[-123.121187,49.268218],[-123.121174,49.268161],[-123.121165,49.268103],[-123.12126,49.268105]]]}},{"type":"Feature","properties":{"n":"Sutcliffe Park","c":"Community","ha":2.52},"geometry":{"type":"Polygon","coordinates":[[[-123.133999,49.269083],[-123.133744,49.269716],[-123.133501,49.269673],[-123.133632,49.269351],[-123.133126,49.269256],[-123.133241,49.26894],[-123.133995,49.269078],[-123.134001,49.269076],[-123.134067,49.268921],[-123.134128,49.268789],[-123.134081,49.268722],[-123.134096,49.268665],[-123.134167,49.268655],[-123.134215,49.26865],[-123.134238,49.268608],[-123.134198,49.268531],[-123.134151,49.268469],[-123.134072,49.268423],[-123.133961,49.268371],[-123.133851,49.268346],[-123.133788,49.26833],[-123.133693,49.268325],[-123.133661,49.268335],[-123.13363,49.268356],[-123.133583,49.268392],[-123.133527,49.268418],[-123.133464,49.268418],[-123.133417,49.268413],[-123.133406,49.268388],[-123.133406,49.268375],[-123.13327,49.268183],[-123.133273,49.267989],[-123.13349,49.268047],[-123.133688,49.267946],[-123.134061,49.268046],[-123.134009,49.26813],[-123.13428,49.268202],[-123.134262,49.26823],[-123.134561,49.26831],[-123.135198,49.26848],[-123.135593,49.268801],[-123.135685,49.26916],[-123.135872,49.269139],[-123.136074,49.269117],[-123.136085,49.269158],[-123.136417,49.269122],[-123.136468,49.269087],[-123.136814,49.268819],[-123.136848,49.268951],[-123.137297,49.268902],[-123.137302,49.268912],[-123.137307,49.268923],[-123.137311,49.268934],[-123.137315,49.268944],[-123.137319,49.268955],[-123.137329,49.26898],[-123.136676,49.269052],[-123.13664,49.269079],[-123.136686,49.26926],[-123.13653,49.269278],[-123.136636,49.269689],[-123.136967,49.269653],[-123.137127,49.269756],[-123.137032,49.26982],[-123.13663,49.270092],[-123.13659,49.270038],[-123.136525,49.269988],[-123.136389,49.269882],[-123.136252,49.269775],[-123.135897,49.27005],[-123.135531,49.269833],[-123.135696,49.269705],[-123.135599,49.269671],[-123.135501,49.269599],[-123.135414,49.269554],[-123.134985,49.269306],[-123.134691,49.269176],[-123.134638,49.269258],[-123.134571,49.269398],[-123.134593,49.269425],[-123.134472,49.269703],[-123.134628,49.269736],[-123.134576,49.26986],[-123.134472,49.269842],[-123.134229,49.2698],[-123.134404,49.26937],[-123.134474,49.269383],[-123.134564,49.269172],[-123.134005,49.26908],[-123.133999,49.269083]]]}},{"type":"Feature","properties":{"n":"Riverfront Park","c":"Neighbourhood","ha":4.21},"geometry":{"type":"MultiPolygon","coordinates":[[[[-123.050368,49.205614],[-123.050368,49.205412],[-123.050265,49.205357],[-123.049806,49.205359],[-123.049632,49.205332],[-123.049477,49.205318],[-123.04916,49.205304],[-123.049041,49.205295],[-123.049028,49.205253],[-123.049166,49.205259],[-123.049274,49.205272],[-123.049353,49.205272],[-123.049422,49.205259],[-123.049501,49.205253],[-123.049728,49.205259],[-123.049846,49.205278],[-123.049915,49.205246],[-123.049994,49.205227],[-123.050162,49.205194],[-123.05033,49.205168],[-123.050478,49.205155],[-123.050586,49.205149],[-123.050714,49.205129],[-123.050951,49.205149],[-123.051069,49.205174],[-123.051188,49.205194],[-123.051276,49.205219],[-123.051355,49.205219],[-123.051484,49.205206],[-123.051848,49.205206],[-123.052046,49.205213],[-123.052233,49.205245],[-123.052342,49.205258],[-123.05245,49.205238],[-123.052549,49.205232],[-123.052707,49.205271],[-123.052795,49.205283],[-123.052864,49.20527],[-123.053002,49.205283],[-123.053091,49.205321],[-123.053412,49.205525],[-123.053412,49.205525],[-123.053414,49.205693],[-123.054331,49.205618],[-123.05482,49.205578],[-123.055101,49.205556],[-123.05512,49.205555],[-123.05512,49.205479],[-123.055117,49.20524],[-123.055148,49.205238],[-123.055241,49.205249],[-123.055404,49.205235],[-123.055714,49.205226],[-123.055895,49.20524],[-123.056112,49.20524],[-123.056267,49.205237],[-123.056347,49.20524],[-123.05651,49.205257],[-123.056648,49.205327],[-123.056702,49.20535],[-123.056703,49.205468],[-123.056705,49.205581],[-123.056532,49.205583],[-123.056437,49.205585],[-123.056251,49.205588],[-123.056174,49.205591],[-123.05597,49.205597],[-123.055911,49.2056],[-123.055689,49.205609],[-123.055409,49.205625],[-123.055129,49.205643],[-123.055121,49.205644],[-123.054849,49.205663],[-123.054332,49.205707],[-123.053873,49.205744],[-123.053414,49.205782],[-123.052905,49.205824],[-123.052914,49.205819],[-123.052923,49.205814],[-123.052932,49.205808],[-123.052938,49.205803],[-123.052947,49.205795],[-123.052953,49.205789],[-123.052959,49.205782],[-123.052965,49.205774],[-123.052969,49.205767],[-123.052973,49.20576],[-123.052976,49.205753],[-123.052977,49.205749],[-123.052978,49.205745],[-123.052978,49.205737],[-123.052977,49.205729],[-123.052977,49.205727],[-123.052977,49.205725],[-123.052977,49.205722],[-123.052977,49.20572],[-123.052976,49.205718],[-123.052976,49.205716],[-123.052976,49.205714],[-123.052976,49.205712],[-123.052975,49.20571],[-123.052975,49.205708],[-123.052974,49.205706],[-123.052974,49.205704],[-123.052973,49.205702],[-123.052972,49.2057],[-123.052972,49.205698],[-123.052971,49.205696],[-123.05297,49.205694],[-123.052969,49.205692],[-123.052968,49.20569],[-123.052967,49.205688],[-123.052966,49.205686],[-123.052965,49.205684],[-123.052964,49.205682],[-123.052963,49.20568],[-123.052962,49.205678],[-123.05296,49.205676],[-123.052959,49.205674],[-123.052958,49.205672],[-123.052956,49.20567],[-123.052955,49.205668],[-123.052953,49.205667],[-123.052952,49.205665],[-123.05295,49.205663],[-123.052948,49.205661],[-123.052946,49.20566],[-123.052945,49.205658],[-123.052943,49.205656],[-123.052941,49.205654],[-123.052939,49.205653],[-123.052937,49.205651],[-123.052935,49.205649],[-123.052933,49.205648],[-123.052931,49.205646],[-123.052929,49.205645],[-123.052927,49.205643],[-123.052924,49.205642],[-123.052922,49.20564],[-123.05292,49.205639],[-123.052918,49.205637],[-123.052915,49.205636],[-123.052913,49.205635],[-123.05291,49.205633],[-123.052908,49.205632],[-123.052905,49.205631],[-123.052903,49.205629],[-123.0529,49.205628],[-123.052897,49.205627],[-123.052895,49.205626],[-123.052892,49.205625],[-123.052889,49.205624],[-123.052887,49.205622],[-123.052884,49.205621],[-123.052881,49.20562],[-123.052878,49.205619],[-123.052875,49.205618],[-123.052873,49.205617],[-123.05287,49.205617],[-123.052867,49.205616],[-123.052864,49.205615],[-123.052861,49.205614],[-123.052858,49.205613],[-123.052855,49.205613],[-123.052852,49.205612],[-123.052849,49.205611],[-123.052846,49.205611],[-123.052843,49.20561],[-123.05284,49.20561],[-123.052837,49.205609],[-123.052833,49.205609],[-123.05283,49.205608],[-123.052827,49.205608],[-123.052824,49.205607],[-123.052821,49.205607],[-123.052818,49.205607],[-123.052815,49.205607],[-123.052811,49.205606],[-123.052808,49.205606],[-123.052805,49.205606],[-123.052802,49.205606],[-123.052799,49.205606],[-123.052796,49.205606],[-123.052792,49.205606],[-123.052789,49.205606],[-123.052786,49.205606],[-123.052783,49.205606],[-123.05278,49.205606],[-123.052776,49.205606],[-123.052773,49.205607],[-123.05277,49.205607],[-123.052767,49.205607],[-123.052764,49.205607],[-123.052761,49.205608],[-123.052757,49.205608],[-123.052754,49.205609],[-123.052751,49.205609],[-123.052748,49.20561],[-123.052745,49.20561],[-123.052742,49.205611],[-123.052739,49.205611],[-123.052736,49.205612],[-123.052733,49.205613],[-123.05273,49.205613],[-123.052727,49.205614],[-123.052724,49.205615],[-123.052721,49.205616],[-123.052718,49.205617],[-123.052715,49.205617],[-123.052712,49.205618],[-123.05271,49.205619],[-123.052707,49.20562],[-123.052704,49.205621],[-123.052701,49.205622],[-123.052698,49.205624],[-123.052696,49.205625],[-123.052693,49.205626],[-123.05269,49.205627],[-123.052688,49.205628],[-123.052685,49.205629],[-123.052683,49.205631],[-123.05268,49.205632],[-123.052678,49.205633],[-123.052675,49.205635],[-123.052673,49.205636],[-123.05267,49.205637],[-123.052668,49.205639],[-123.052666,49.20564],[-123.052663,49.205642],[-123.052661,49.205643],[-123.052659,49.205645],[-123.052657,49.205646],[-123.052655,49.205648],[-123.052653,49.205649],[-123.052651,49.205651],[-123.052649,49.205653],[-123.052647,49.205654],[-123.052645,49.205656],[-123.052643,49.205658],[-123.052641,49.20566],[-123.05264,49.205661],[-123.052638,49.205663],[-123.052636,49.205665],[-123.052635,49.205667],[-123.052633,49.205669],[-123.052632,49.20567],[-123.05263,49.205672],[-123.052629,49.205674],[-123.052627,49.205676],[-123.052625,49.205679],[-123.052623,49.205681],[-123.052621,49.205683],[-123.05262,49.205686],[-123.052617,49.205688],[-123.052615,49.20569],[-123.052613,49.205692],[-123.052611,49.205694],[-123.052609,49.205697],[-123.052606,49.205699],[-123.052604,49.205701],[-123.052601,49.205703],[-123.052599,49.205705],[-123.052596,49.205707],[-123.052594,49.205709],[-123.052591,49.205711],[-123.052588,49.205713],[-123.052585,49.205715],[-123.052583,49.205716],[-123.05258,49.205718],[-123.052577,49.20572],[-123.052574,49.205722],[-123.052571,49.205724],[-123.052568,49.205725],[-123.052565,49.205727],[-123.052561,49.205728],[-123.052558,49.20573],[-123.052555,49.205732],[-123.052552,49.205733],[-123.052548,49.205735],[-123.052545,49.205736],[-123.052542,49.205737],[-123.052538,49.205739],[-123.052535,49.20574],[-123.052531,49.205741],[-123.052528,49.205742],[-123.052524,49.205744],[-123.052521,49.205745],[-123.052517,49.205746],[-123.052513,49.205747],[-123.05251,49.205748],[-123.052506,49.205749],[-123.052502,49.20575],[-123.052498,49.205751],[-123.052495,49.205752],[-123.052491,49.205752],[-123.052487,49.205753],[-123.052483,49.205754],[-123.052479,49.205755],[-123.052476,49.205755],[-123.052472,49.205756],[-123.052468,49.205756],[-123.052464,49.205757],[-123.05246,49.205757],[-123.052459,49.205758],[-123.052312,49.20577],[-123.051135,49.205866],[-123.050372,49.205928],[-123.050368,49.205619],[-123.050368,49.205614]]],[[[-123.043959,49.205614],[-123.043625,49.205611],[-123.043209,49.205821],[-123.042967,49.205788],[-123.04242,49.205713],[-123.042424,49.205512],[-123.042973,49.205518],[-123.043118,49.20549],[-123.043388,49.205352],[-123.043786,49.205355],[-123.04384,49.205345],[-123.043978,49.205319],[-123.044126,49.205339],[-123.044264,49.205397],[-123.044422,49.205397],[-123.04456,49.205371],[-123.044718,49.20528],[-123.044856,49.205248],[-123.045112,49.20517],[-123.045349,49.205099],[-123.045536,49.205086],[-123.045763,49.205086],[-123.045931,49.205112],[-123.0461,49.205144],[-123.046199,49.205163],[-123.046266,49.205176],[-123.046463,49.205228],[-123.046611,49.205267],[-123.046671,49.205273],[-123.04743,49.205266],[-123.047573,49.205197],[-123.047574,49.205251],[-123.04754,49.20528],[-123.047489,49.205324],[-123.047509,49.205389],[-123.04751,49.205392],[-123.047428,49.205401],[-123.047016,49.205409],[-123.046731,49.205387],[-123.046193,49.205742],[-123.04618,49.206271],[-123.044943,49.206372],[-123.044955,49.205815],[-123.044761,49.205733],[-123.044202,49.205727],[-123.043959,49.205614]]]]}},{"type":"Feature","properties":{"n":"West End minipark - BUTE ST @ HARO ST","c":"Local","ha":0.08},"geometry":{"type":"Polygon","coordinates":[[[-123.128624,49.285045],[-123.128238,49.2853],[-123.128042,49.285173],[-123.128429,49.284917],[-123.128624,49.285045]]]}},{"type":"Feature","properties":{"n":"West End minipark - CHILCO ST @ COMOX ST","c":"Local","ha":0.08},"geometry":{"type":"Polygon","coordinates":[[[-123.142248,49.290953],[-123.142051,49.290826],[-123.142438,49.29057],[-123.142634,49.290697],[-123.142248,49.290953]]]}},{"type":"Feature","properties":{"n":"Jericho Beach Park","c":"Community","ha":48.2},"geometry":{"type":"MultiPolygon","coordinates":[[[[-123.201935,49.269013],[-123.201924,49.269007],[-123.202559,49.269018],[-123.202689,49.269152],[-123.202611,49.271237],[-123.202487,49.271236],[-123.202481,49.271227],[-123.202476,49.271219],[-123.202471,49.27121],[-123.202466,49.271202],[-123.202462,49.271193],[-123.202457,49.271184],[-123.202452,49.271176],[-123.202448,49.271167],[-123.202443,49.271158],[-123.202439,49.271149],[-123.202435,49.271141],[-123.20243,49.271132],[-123.202426,49.271123],[-123.202423,49.271114],[-123.202419,49.271105],[-123.202415,49.271097],[-123.202411,49.271088],[-123.202408,49.271079],[-123.202404,49.27107],[-123.202401,49.271061],[-123.202398,49.271052],[-123.202394,49.271043],[-123.202391,49.271034],[-123.202388,49.271025],[-123.202385,49.271016],[-123.202383,49.271007],[-123.20238,49.270998],[-123.202377,49.270989],[-123.202375,49.27098],[-123.202373,49.270971],[-123.20237,49.270962],[-123.202368,49.270953],[-123.202366,49.270944],[-123.202364,49.270934],[-123.202362,49.270925],[-123.20236,49.270916],[-123.202359,49.270907],[-123.202357,49.270898],[-123.202356,49.270889],[-123.202354,49.27088],[-123.202353,49.270871],[-123.202352,49.270861],[-123.202351,49.270852],[-123.20235,49.270843],[-123.202349,49.270834],[-123.202348,49.270825],[-123.202348,49.270815],[-123.202347,49.270806],[-123.202347,49.270797],[-123.202346,49.270788],[-123.202346,49.270779],[-123.202346,49.27077],[-123.202346,49.27076],[-123.202346,49.270751],[-123.202345,49.270742],[-123.202346,49.270733],[-123.202345,49.270723],[-123.202346,49.270714],[-123.202346,49.270705],[-123.202346,49.270696],[-123.202346,49.270687],[-123.202347,49.270678],[-123.202347,49.270668],[-123.202347,49.270659],[-123.202348,49.27065],[-123.202348,49.270641],[-123.202349,49.270632],[-123.202349,49.270622],[-123.20235,49.270613],[-123.202351,49.270604],[-123.202352,49.270595],[-123.202352,49.270586],[-123.202353,49.270576],[-123.202354,49.270567],[-123.202355,49.270558],[-123.202356,49.270549],[-123.202357,49.27054],[-123.202358,49.270531],[-123.20236,49.270521],[-123.202361,49.270512],[-123.202362,49.270503],[-123.202364,49.270494],[-123.202365,49.270485],[-123.202366,49.270476],[-123.202368,49.270466],[-123.202369,49.270457],[-123.202371,49.270448],[-123.202373,49.270439],[-123.202374,49.27043],[-123.202376,49.270421],[-123.202378,49.270412],[-123.20238,49.270402],[-123.202381,49.270393],[-123.202383,49.270384],[-123.202385,49.270375],[-123.202387,49.270366],[-123.20239,49.270357],[-123.202392,49.270348],[-123.202435,49.270161],[-123.202437,49.270152],[-123.202439,49.270143],[-123.202441,49.270134],[-123.202443,49.270125],[-123.202445,49.270116],[-123.202447,49.270107],[-123.202448,49.270098],[-123.20245,49.270089],[-123.202451,49.27008],[-123.202453,49.270071],[-123.202454,49.270062],[-123.202456,49.270052],[-123.202457,49.270043],[-123.202458,49.270034],[-123.202459,49.270025],[-123.20246,49.270016],[-123.202461,49.270007],[-123.202462,49.269998],[-123.202463,49.269989],[-123.202464,49.26998],[-123.202465,49.269971],[-123.202465,49.269961],[-123.202466,49.269952],[-123.202466,49.269943],[-123.202467,49.269934],[-123.202467,49.269925],[-123.202467,49.269916],[-123.202467,49.269907],[-123.202467,49.269898],[-123.202467,49.269889],[-123.202467,49.269879],[-123.202467,49.26987],[-123.202467,49.269861],[-123.202467,49.269852],[-123.202467,49.269843],[-123.202466,49.269834],[-123.202466,49.269825],[-123.202465,49.269816],[-123.202465,49.269806],[-123.202464,49.269797],[-123.202463,49.269788],[-123.202462,49.269779],[-123.202462,49.26977],[-123.202461,49.269761],[-123.20246,49.269752],[-123.202459,49.269743],[-123.202457,49.269734],[-123.202456,49.269725],[-123.202455,49.269715],[-123.202453,49.269706],[-123.202452,49.269697],[-123.20245,49.269688],[-123.202449,49.269679],[-123.202447,49.26967],[-123.202445,49.269661],[-123.202444,49.269652],[-123.202442,49.269643],[-123.20244,49.269634],[-123.202438,49.269625],[-123.202436,49.269616],[-123.202433,49.269607],[-123.202431,49.269598],[-123.202429,49.269589],[-123.202426,49.26958],[-123.202424,49.269571],[-123.202421,49.269562],[-123.202418,49.269553],[-123.202415,49.269544],[-123.202412,49.269535],[-123.202409,49.269527],[-123.202406,49.269518],[-123.202403,49.269509],[-123.202399,49.2695],[-123.202395,49.269491],[-123.202391,49.269483],[-123.202388,49.269474],[-123.202384,49.269465],[-123.202379,49.269456],[-123.202375,49.269448],[-123.202371,49.269439],[-123.202366,49.269431],[-123.202361,49.269422],[-123.202357,49.269413],[-123.202352,49.269405],[-123.202347,49.269396],[-123.202342,49.269388],[-123.202336,49.269379],[-123.202331,49.269371],[-123.202326,49.269363],[-123.20232,49.269354],[-123.202314,49.269346],[-123.202308,49.269338],[-123.202302,49.26933],[-123.202296,49.269321],[-123.20229,49.269313],[-123.202284,49.269305],[-123.202277,49.269297],[-123.202271,49.269289],[-123.202264,49.269281],[-123.202258,49.269273],[-123.202251,49.269265],[-123.202244,49.269257],[-123.202237,49.26925],[-123.202229,49.269242],[-123.202222,49.269234],[-123.202215,49.269226],[-123.202207,49.269219],[-123.2022,49.269211],[-123.202192,49.269203],[-123.202184,49.269196],[-123.202176,49.269188],[-123.202168,49.269181],[-123.20216,49.269174],[-123.202152,49.269166],[-123.202143,49.269159],[-123.202135,49.269152],[-123.202126,49.269145],[-123.202117,49.269138],[-123.202109,49.26913],[-123.2021,49.269123],[-123.202091,49.269117],[-123.202082,49.26911],[-123.202073,49.269103],[-123.202063,49.269096],[-123.202054,49.269089],[-123.202045,49.269083],[-123.202035,49.269076],[-123.202025,49.269069],[-123.202016,49.269063],[-123.202006,49.269056],[-123.201996,49.26905],[-123.201986,49.269044],[-123.201976,49.269037],[-123.201966,49.269031],[-123.201956,49.269025],[-123.201945,49.269019],[-123.201935,49.269013]]],[[[-123.199339,49.275238],[-123.199268,49.275228],[-123.199166,49.275229],[-123.199027,49.275232],[-123.198871,49.27525],[-123.198769,49.275261],[-123.198614,49.275293],[-123.198426,49.275367],[-123.198357,49.275419],[-123.198341,49.275462],[-123.198309,49.275486],[-123.198276,49.275455],[-123.198249,49.275406],[-123.198265,49.275328],[-123.198302,49.275251],[-123.198168,49.275181],[-123.197824,49.275013],[-123.197334,49.274635],[-123.196925,49.274285],[-123.196855,49.274253],[-123.196791,49.274218],[-123.196678,49.27419],[-123.196758,49.274183],[-123.196871,49.274148],[-123.196957,49.274109],[-123.197021,49.274049],[-123.197084,49.273902],[-123.197068,49.27381],[-123.196982,49.273712],[-123.196826,49.273583],[-123.196761,49.27352],[-123.196567,49.273337],[-123.196384,49.273204],[-123.196142,49.273047],[-123.19553,49.272809],[-123.195224,49.272708],[-123.195084,49.272669],[-123.194832,49.272617],[-123.194579,49.272597],[-123.194375,49.272586],[-123.194204,49.272583],[-123.193978,49.272577],[-123.193828,49.272577],[-123.193592,49.272574],[-123.193195,49.27256],[-123.192997,49.272547],[-123.192659,49.272547],[-123.191902,49.272587],[-123.191672,49.272619],[-123.1915,49.272658],[-123.191184,49.272694],[-123.190857,49.272715],[-123.190599,49.272733],[-123.190315,49.272769],[-123.190084,49.272794],[-123.189956,49.272818],[-123.189958,49.272655],[-123.189958,49.272654],[-123.189959,49.272642],[-123.189976,49.271574],[-123.191955,49.271079],[-123.191957,49.270886],[-123.191561,49.270984],[-123.191166,49.271083],[-123.19117,49.270732],[-123.191172,49.270579],[-123.191177,49.270195],[-123.191571,49.270197],[-123.191964,49.2702],[-123.191966,49.270019],[-123.191978,49.268839],[-123.19511,49.268892],[-123.197505,49.268932],[-123.197865,49.268939],[-123.200974,49.268991],[-123.201365,49.268998],[-123.201378,49.269001],[-123.201391,49.269004],[-123.201404,49.269007],[-123.201417,49.269011],[-123.20143,49.269014],[-123.201442,49.269018],[-123.201455,49.269022],[-123.201467,49.269026],[-123.20148,49.26903],[-123.201493,49.269034],[-123.201505,49.269038],[-123.201517,49.269042],[-123.20153,49.269046],[-123.201542,49.269051],[-123.201554,49.269055],[-123.201566,49.26906],[-123.201578,49.269064],[-123.20159,49.269069],[-123.201602,49.269074],[-123.201613,49.269079],[-123.201625,49.269084],[-123.201637,49.269089],[-123.201648,49.269094],[-123.201659,49.269099],[-123.201671,49.269105],[-123.201682,49.26911],[-123.201693,49.269116],[-123.201704,49.269121],[-123.201715,49.269127],[-123.201726,49.269133],[-123.201736,49.269138],[-123.201747,49.269144],[-123.201757,49.26915],[-123.201768,49.269156],[-123.201778,49.269163],[-123.201788,49.269169],[-123.201798,49.269175],[-123.201808,49.269181],[-123.201818,49.269188],[-123.201828,49.269194],[-123.201838,49.269201],[-123.201847,49.269208],[-123.201856,49.269214],[-123.201866,49.269221],[-123.201875,49.269228],[-123.201884,49.269235],[-123.201893,49.269242],[-123.201902,49.269249],[-123.20191,49.269256],[-123.201919,49.269263],[-123.201927,49.26927],[-123.201936,49.269278],[-123.201944,49.269285],[-123.201952,49.269292],[-123.20196,49.2693],[-123.201968,49.269308],[-123.201975,49.269315],[-123.201983,49.269323],[-123.20199,49.269331],[-123.201997,49.269338],[-123.202005,49.269346],[-123.202012,49.269354],[-123.202019,49.269362],[-123.202025,49.26937],[-123.202032,49.269378],[-123.202038,49.269386],[-123.202045,49.269394],[-123.202051,49.269402],[-123.202057,49.26941],[-123.202063,49.269419],[-123.202068,49.269427],[-123.202074,49.269435],[-123.20208,49.269444],[-123.202085,49.269452],[-123.20209,49.269461],[-123.202095,49.269469],[-123.2021,49.269478],[-123.202105,49.269486],[-123.202109,49.269495],[-123.202114,49.269503],[-123.202118,49.269512],[-123.202122,49.269521],[-123.202126,49.26953],[-123.20213,49.269538],[-123.202134,49.269547],[-123.202137,49.269556],[-123.20214,49.269565],[-123.202144,49.269574],[-123.202147,49.269582],[-123.20215,49.269591],[-123.202152,49.2696],[-123.202155,49.269609],[-123.202157,49.269618],[-123.20216,49.269627],[-123.202162,49.269636],[-123.202164,49.269645],[-123.202166,49.269654],[-123.202168,49.269663],[-123.20217,49.269672],[-123.202172,49.269681],[-123.202174,49.26969],[-123.202176,49.269699],[-123.202177,49.269708],[-123.202179,49.269717],[-123.20218,49.269726],[-123.202181,49.269735],[-123.202183,49.269744],[-123.202184,49.269753],[-123.202185,49.269762],[-123.202186,49.269771],[-123.202187,49.269781],[-123.202188,49.26979],[-123.202189,49.269799],[-123.202189,49.269808],[-123.20219,49.269817],[-123.202191,49.269826],[-123.202191,49.269835],[-123.202192,49.269844],[-123.202192,49.269853],[-123.202192,49.269862],[-123.202192,49.269871],[-123.202192,49.26988],[-123.202193,49.269889],[-123.202192,49.269899],[-123.202192,49.269908],[-123.202192,49.269917],[-123.202192,49.269926],[-123.202191,49.269935],[-123.202191,49.269944],[-123.20219,49.269953],[-123.20219,49.269962],[-123.202189,49.269971],[-123.202188,49.26998],[-123.202188,49.269989],[-123.202187,49.269998],[-123.202186,49.270007],[-123.202185,49.270016],[-123.202183,49.270025],[-123.202182,49.270034],[-123.202181,49.270044],[-123.202179,49.270053],[-123.202178,49.270062],[-123.202176,49.270071],[-123.202175,49.27008],[-123.202173,49.270089],[-123.202171,49.270098],[-123.202169,49.270107],[-123.202167,49.270116],[-123.202165,49.270125],[-123.202163,49.270134],[-123.20212,49.27032],[-123.202118,49.27033],[-123.202116,49.270339],[-123.202114,49.270348],[-123.202112,49.270357],[-123.20211,49.270366],[-123.202108,49.270375],[-123.202106,49.270385],[-123.202104,49.270394],[-123.202102,49.270403],[-123.202101,49.270412],[-123.202099,49.270421],[-123.202097,49.27043],[-123.202096,49.27044],[-123.202094,49.270449],[-123.202093,49.270458],[-123.202091,49.270467],[-123.20209,49.270476],[-123.202089,49.270486],[-123.202087,49.270495],[-123.202086,49.270504],[-123.202085,49.270513],[-123.202084,49.270523],[-123.202083,49.270532],[-123.202081,49.270541],[-123.20208,49.27055],[-123.20208,49.270559],[-123.202079,49.270569],[-123.202078,49.270578],[-123.202077,49.270587],[-123.202076,49.270596],[-123.202075,49.270606],[-123.202075,49.270615],[-123.202074,49.270624],[-123.202074,49.270633],[-123.202073,49.270643],[-123.202073,49.270652],[-123.202072,49.270661],[-123.202072,49.27067],[-123.202071,49.27068],[-123.202071,49.270689],[-123.202071,49.270698],[-123.202071,49.270707],[-123.202071,49.270717],[-123.202071,49.270726],[-123.20207,49.270735],[-123.202071,49.270744],[-123.202071,49.270754],[-123.202071,49.270763],[-123.202071,49.270772],[-123.202071,49.270781],[-123.202071,49.270791],[-123.202072,49.2708],[-123.202072,49.270809],[-123.202072,49.270818],[-123.202073,49.270827],[-123.202074,49.270836],[-123.202074,49.270845],[-123.202075,49.270854],[-123.202076,49.270863],[-123.202077,49.270873],[-123.202078,49.270882],[-123.202079,49.270891],[-123.202081,49.2709],[-123.202082,49.270909],[-123.202084,49.270918],[-123.202085,49.270927],[-123.202087,49.270936],[-123.202089,49.270945],[-123.20209,49.270954],[-123.202092,49.270963],[-123.202094,49.270972],[-123.202096,49.270981],[-123.202098,49.27099],[-123.202101,49.270999],[-123.202103,49.271008],[-123.202105,49.271017],[-123.202108,49.271026],[-123.202111,49.271035],[-123.202113,49.271044],[-123.202116,49.271053],[-123.202119,49.271062],[-123.202122,49.271071],[-123.202125,49.27108],[-123.202128,49.271089],[-123.202131,49.271098],[-123.202134,49.271106],[-123.202138,49.271115],[-123.202141,49.271124],[-123.202145,49.271133],[-123.202148,49.271142],[-123.202152,49.27115],[-123.202156,49.271159],[-123.20216,49.271168],[-123.202164,49.271177],[-123.202168,49.271185],[-123.202172,49.271194],[-123.202176,49.271203],[-123.20218,49.271211],[-123.202185,49.27122],[-123.202189,49.271229],[-123.202194,49.271237],[-123.202199,49.271246],[-123.202203,49.271255],[-123.202208,49.271263],[-123.202213,49.271272],[-123.202218,49.27128],[-123.202223,49.271289],[-123.202228,49.271297],[-123.202233,49.271306],[-123.202239,49.271314],[-123.202244,49.271322],[-123.20225,49.271331],[-123.202255,49.271339],[-123.202261,49.271348],[-123.202266,49.271356],[-123.202272,49.271364],[-123.202278,49.271372],[-123.202284,49.271381],[-123.20229,49.271389],[-123.202296,49.271397],[-123.202302,49.271405],[-123.202309,49.271413],[-123.202315,49.271421],[-123.202321,49.27143],[-123.202328,49.271438],[-123.202335,49.271446],[-123.202341,49.271454],[-123.202348,49.271462],[-123.202355,49.27147],[-123.202362,49.271478],[-123.202369,49.271485],[-123.202376,49.271493],[-123.202383,49.271501],[-123.20239,49.271509],[-123.202397,49.271517],[-123.202405,49.271525],[-123.202412,49.271532],[-123.202419,49.27154],[-123.202427,49.271548],[-123.202429,49.271549],[-123.202435,49.271555],[-123.202442,49.271563],[-123.20245,49.27157],[-123.202458,49.271578],[-123.202466,49.271585],[-123.202474,49.271593],[-123.202482,49.2716],[-123.20249,49.271608],[-123.202499,49.271615],[-123.202507,49.271622],[-123.202515,49.27163],[-123.202524,49.271637],[-123.202532,49.271644],[-123.202541,49.271651],[-123.202549,49.271658],[-123.202558,49.271665],[-123.202567,49.271673],[-123.202576,49.27168],[-123.202585,49.271687],[-123.202594,49.271694],[-123.202865,49.271864],[-123.202744,49.275107],[-123.202737,49.275279],[-123.202712,49.275961],[-123.202527,49.275974],[-123.202518,49.276308],[-123.202314,49.276346],[-123.202148,49.276385],[-123.202084,49.276382],[-123.201982,49.276329],[-123.201879,49.276242],[-123.201589,49.276067],[-123.201358,49.275927],[-123.200998,49.275783],[-123.200804,49.275714],[-123.200391,49.275584],[-123.200299,49.275553],[-123.20002,49.275434],[-123.199816,49.275368],[-123.199687,49.275336],[-123.199612,49.275316],[-123.199547,49.275298],[-123.199507,49.275283],[-123.199454,49.275271],[-123.199412,49.27526],[-123.199375,49.275249],[-123.199339,49.275238]]]]}},{"type":"Feature","properties":{"n":"China Creek South Park","c":"Neighbourhood","ha":1.52},"geometry":{"type":"MultiPolygon","coordinates":[[[[-123.079597,49.261192],[-123.079598,49.261108],[-123.080013,49.261112],[-123.080011,49.261195],[-123.080007,49.261362],[-123.079593,49.261359],[-123.079597,49.261192]]],[[[-123.078208,49.261527],[-123.078211,49.261347],[-123.077776,49.261344],[-123.077781,49.261083],[-123.077768,49.26062],[-123.078362,49.260625],[-123.078356,49.260968],[-123.078355,49.261014],[-123.07873,49.261017],[-123.07877,49.261045],[-123.078767,49.261209],[-123.078725,49.261236],[-123.078588,49.261236],[-123.078587,49.261289],[-123.078724,49.26129],[-123.078765,49.261317],[-123.078764,49.261352],[-123.078848,49.261353],[-123.078851,49.261228],[-123.079319,49.261231],[-123.079317,49.261356],[-123.079309,49.261536],[-123.080005,49.261542],[-123.079998,49.261876],[-123.079996,49.261931],[-123.080411,49.261934],[-123.080405,49.262268],[-123.080405,49.262268],[-123.078608,49.262254],[-123.078615,49.26192],[-123.078616,49.261865],[-123.078623,49.26153],[-123.078208,49.261527]]]]}},{"type":"Feature","properties":{"n":"McSpadden Park","c":"Neighbourhood","ha":1.63},"geometry":{"type":"Polygon","coordinates":[[[-123.067047,49.267017],[-123.066804,49.267015],[-123.065971,49.267009],[-123.066002,49.265412],[-123.066308,49.265414],[-123.066409,49.265415],[-123.066513,49.265416],[-123.066618,49.265417],[-123.066723,49.265417],[-123.066827,49.265418],[-123.066932,49.265419],[-123.067037,49.26542],[-123.067141,49.265421],[-123.067246,49.265421],[-123.067351,49.265422],[-123.067456,49.265423],[-123.06756,49.265424],[-123.067555,49.265697],[-123.067345,49.265696],[-123.067334,49.266264],[-123.067209,49.266263],[-123.06706,49.266355],[-123.067058,49.266469],[-123.067053,49.266743],[-123.067052,49.266803],[-123.067047,49.267017]]]}},{"type":"Feature","properties":{"n":"Park Site On Trinity Street","c":"Local","ha":0.16},"geometry":{"type":"Polygon","coordinates":[[[-123.059372,49.289428],[-123.0595,49.289269],[-123.05988,49.289402],[-123.059709,49.289546],[-123.0597,49.289553],[-123.059691,49.28956],[-123.059683,49.289568],[-123.059674,49.289575],[-123.059665,49.289582],[-123.059656,49.289589],[-123.059647,49.289596],[-123.059638,49.289603],[-123.059629,49.289609],[-123.05962,49.289616],[-123.05961,49.289623],[-123.059601,49.28963],[-123.059592,49.289637],[-123.059583,49.289644],[-123.059574,49.289651],[-123.059564,49.289657],[-123.059555,49.289664],[-123.059546,49.289671],[-123.059536,49.289678],[-123.059527,49.289684],[-123.059517,49.289691],[-123.059508,49.289698],[-123.059498,49.289704],[-123.059489,49.289711],[-123.059479,49.289718],[-123.059469,49.289724],[-123.05946,49.289731],[-123.05945,49.289737],[-123.05944,49.289744],[-123.05944,49.289744],[-123.05943,49.28975],[-123.059421,49.289757],[-123.059411,49.289763],[-123.059401,49.28977],[-123.059391,49.289776],[-123.059381,49.289783],[-123.059371,49.289789],[-123.059361,49.289795],[-123.059351,49.289802],[-123.059341,49.289808],[-123.059331,49.289814],[-123.059321,49.28982],[-123.05931,49.289827],[-123.0593,49.289833],[-123.05929,49.289839],[-123.059289,49.28984],[-123.059061,49.289655],[-123.059061,49.289655],[-123.059229,49.289572],[-123.059277,49.289548],[-123.059372,49.289428]]]}},{"type":"Feature","properties":{"n":"Champlain Heights Park","c":"Community","ha":7.86},"geometry":{"type":"MultiPolygon","coordinates":[[[[-123.030725,49.214805],[-123.030064,49.214736],[-123.030064,49.214736],[-123.030063,49.214734],[-123.030061,49.214725],[-123.030059,49.214716],[-123.030057,49.214707],[-123.030055,49.214698],[-123.030053,49.214689],[-123.030052,49.21468],[-123.03005,49.214671],[-123.030048,49.214662],[-123.030851,49.214745],[-123.030885,49.214603],[-123.031081,49.214509],[-123.03117,49.214519],[-123.031394,49.21359],[-123.029896,49.213435],[-123.029862,49.213144],[-123.032268,49.21336],[-123.03255,49.213385],[-123.033945,49.213511],[-123.033945,49.213525],[-123.033945,49.213525],[-123.033934,49.213526],[-123.033921,49.213529],[-123.033907,49.213531],[-123.033893,49.213533],[-123.033879,49.213536],[-123.033865,49.213538],[-123.033852,49.213541],[-123.033838,49.213544],[-123.033825,49.213547],[-123.033811,49.21355],[-123.033798,49.213553],[-123.033784,49.213556],[-123.033771,49.21356],[-123.033758,49.213563],[-123.033745,49.213567],[-123.033731,49.213571],[-123.033718,49.213575],[-123.033705,49.213579],[-123.033693,49.213583],[-123.03368,49.213587],[-123.033677,49.213588],[-123.033665,49.213592],[-123.033653,49.213596],[-123.03364,49.2136],[-123.033628,49.213605],[-123.033616,49.213609],[-123.033604,49.213614],[-123.033592,49.213619],[-123.033581,49.213623],[-123.033569,49.213628],[-123.033557,49.213633],[-123.033546,49.213638],[-123.033534,49.213643],[-123.033523,49.213649],[-123.033512,49.213654],[-123.033501,49.213659],[-123.03349,49.213665],[-123.033479,49.213671],[-123.033468,49.213676],[-123.033457,49.213682],[-123.033447,49.213688],[-123.033436,49.213694],[-123.033426,49.2137],[-123.033416,49.213706],[-123.033405,49.213712],[-123.033395,49.213718],[-123.033385,49.213725],[-123.033376,49.213731],[-123.033366,49.213738],[-123.033356,49.213744],[-123.033347,49.213751],[-123.033337,49.213757],[-123.033328,49.213764],[-123.033319,49.213771],[-123.03331,49.213778],[-123.033302,49.213785],[-123.033293,49.213792],[-123.033284,49.213799],[-123.033276,49.213806],[-123.033268,49.213814],[-123.033259,49.213821],[-123.033251,49.213828],[-123.033243,49.213836],[-123.033236,49.213843],[-123.033228,49.213851],[-123.03322,49.213859],[-123.033213,49.213866],[-123.033206,49.213874],[-123.033199,49.213882],[-123.033192,49.21389],[-123.033185,49.213898],[-123.033179,49.213906],[-123.033172,49.213914],[-123.033166,49.213922],[-123.03316,49.21393],[-123.033154,49.213938],[-123.033148,49.213946],[-123.033142,49.213955],[-123.033136,49.213963],[-123.033131,49.213971],[-123.033126,49.21398],[-123.033121,49.213988],[-123.033116,49.213997],[-123.033111,49.214005],[-123.033106,49.214014],[-123.033102,49.214022],[-123.033097,49.214031],[-123.033093,49.21404],[-123.033089,49.214048],[-123.033085,49.214057],[-123.033082,49.214066],[-123.033078,49.214074],[-123.033075,49.214083],[-123.033071,49.214092],[-123.033068,49.214101],[-123.033065,49.21411],[-123.033063,49.214119],[-123.03306,49.214128],[-123.033058,49.214137],[-123.033055,49.214146],[-123.033053,49.214155],[-123.033052,49.214164],[-123.03305,49.214173],[-123.033048,49.214182],[-123.033047,49.214191],[-123.033046,49.2142],[-123.033045,49.214209],[-123.033044,49.214218],[-123.033043,49.214227],[-123.033042,49.214236],[-123.033042,49.214245],[-123.033042,49.214254],[-123.033042,49.214263],[-123.033042,49.214272],[-123.033042,49.214281],[-123.033042,49.21429],[-123.033043,49.214299],[-123.033044,49.214309],[-123.033044,49.214318],[-123.033046,49.214327],[-123.033047,49.214336],[-123.033048,49.214345],[-123.03305,49.214354],[-123.033052,49.214363],[-123.033053,49.214372],[-123.033055,49.214381],[-123.033058,49.21439],[-123.03306,49.214399],[-123.033063,49.214408],[-123.033065,49.214416],[-123.033068,49.214425],[-123.033071,49.214434],[-123.033075,49.214443],[-123.033078,49.214452],[-123.033082,49.214461],[-123.033085,49.214469],[-123.033256,49.214865],[-123.033459,49.215532],[-123.033463,49.215542],[-123.033468,49.215552],[-123.033472,49.215562],[-123.033477,49.215572],[-123.033482,49.215582],[-123.033468,49.215583],[-123.033454,49.215584],[-123.033439,49.215585],[-123.033425,49.215586],[-123.033411,49.215586],[-123.033396,49.215587],[-123.033382,49.215587],[-123.033368,49.215587],[-123.033353,49.215587],[-123.033339,49.215587],[-123.033324,49.215587],[-123.03331,49.215587],[-123.033296,49.215586],[-123.033281,49.215586],[-123.033267,49.215585],[-123.033253,49.215584],[-123.033238,49.215583],[-123.033224,49.215582],[-123.03321,49.215581],[-123.033196,49.215579],[-123.033181,49.215578],[-123.031606,49.215415],[-123.031701,49.215024],[-123.031349,49.214988],[-123.031359,49.214943],[-123.030708,49.214876],[-123.030725,49.214805]]],[[[-123.03122,49.216567],[-123.031212,49.21656],[-123.031163,49.216582],[-123.031155,49.216574],[-123.031147,49.216566],[-123.03114,49.216559],[-123.031132,49.216551],[-123.031124,49.216544],[-123.031116,49.216536],[-123.031109,49.216529],[-123.031101,49.216521],[-123.031093,49.216513],[-123.031086,49.216506],[-123.031078,49.216498],[-123.03107,49.21649],[-123.031063,49.216483],[-123.031055,49.216475],[-123.031048,49.216467],[-123.03104,49.21646],[-123.031033,49.216452],[-123.031026,49.216444],[-123.031018,49.216437],[-123.031011,49.216429],[-123.031004,49.216421],[-123.030996,49.216413],[-123.030989,49.216406],[-123.030982,49.216398],[-123.030974,49.21639],[-123.030967,49.216382],[-123.03096,49.216374],[-123.030953,49.216367],[-123.030946,49.216359],[-123.030939,49.216351],[-123.030931,49.216343],[-123.030924,49.216335],[-123.030917,49.216327],[-123.03091,49.216319],[-123.030903,49.216312],[-123.030896,49.216304],[-123.030889,49.216296],[-123.030882,49.216288],[-123.030875,49.21628],[-123.030869,49.216272],[-123.030862,49.216264],[-123.030855,49.216256],[-123.030848,49.216248],[-123.030841,49.21624],[-123.030835,49.216232],[-123.030828,49.216224],[-123.030821,49.216216],[-123.030814,49.216208],[-123.030808,49.2162],[-123.030801,49.216192],[-123.030795,49.216184],[-123.030788,49.216176],[-123.030781,49.216168],[-123.030775,49.21616],[-123.030768,49.216152],[-123.030762,49.216144],[-123.030756,49.216136],[-123.030749,49.216128],[-123.030743,49.21612],[-123.030736,49.216112],[-123.03073,49.216103],[-123.030724,49.216095],[-123.030717,49.216087],[-123.030711,49.216079],[-123.030705,49.216071],[-123.030699,49.216063],[-123.030693,49.216055],[-123.030686,49.216046],[-123.03068,49.216038],[-123.030674,49.21603],[-123.030668,49.216022],[-123.030662,49.216014],[-123.030656,49.216005],[-123.03065,49.215997],[-123.030644,49.215989],[-123.030638,49.215981],[-123.030632,49.215972],[-123.030626,49.215964],[-123.03062,49.215956],[-123.030614,49.215948],[-123.030609,49.215939],[-123.030603,49.215931],[-123.030597,49.215923],[-123.030591,49.215915],[-123.030586,49.215906],[-123.03058,49.215898],[-123.030574,49.21589],[-123.030569,49.215881],[-123.030563,49.215873],[-123.030557,49.215865],[-123.030552,49.215856],[-123.030546,49.215848],[-123.030541,49.215839],[-123.030535,49.215831],[-123.03053,49.215823],[-123.030524,49.215814],[-123.030519,49.215806],[-123.030514,49.215797],[-123.030508,49.215789],[-123.030503,49.215781],[-123.030498,49.215772],[-123.030492,49.215764],[-123.030487,49.215755],[-123.030482,49.215747],[-123.030477,49.215738],[-123.030472,49.21573],[-123.030877,49.215624],[-123.03089,49.215621],[-123.030904,49.215617],[-123.030917,49.215614],[-123.03093,49.215611],[-123.030943,49.215608],[-123.030957,49.215606],[-123.03097,49.215603],[-123.030984,49.2156],[-123.030997,49.215598],[-123.031011,49.215596],[-123.031024,49.215593],[-123.031038,49.215591],[-123.031051,49.215589],[-123.031065,49.215587],[-123.031079,49.215585],[-123.031093,49.215584],[-123.031107,49.215582],[-123.03112,49.215581],[-123.031134,49.215579],[-123.031148,49.215578],[-123.031162,49.215577],[-123.031176,49.215576],[-123.03119,49.215575],[-123.031204,49.215575],[-123.031218,49.215574],[-123.031232,49.215574],[-123.031246,49.215573],[-123.03126,49.215573],[-123.031274,49.215573],[-123.031288,49.215573],[-123.031302,49.215573],[-123.031316,49.215573],[-123.03133,49.215573],[-123.031344,49.215574],[-123.031358,49.215574],[-123.031372,49.215575],[-123.031386,49.215576],[-123.0314,49.215577],[-123.031414,49.215578],[-123.031428,49.215579],[-123.031442,49.21558],[-123.031455,49.215582],[-123.033139,49.215756],[-123.033153,49.215757],[-123.033167,49.215758],[-123.033181,49.21576],[-123.033195,49.215761],[-123.033209,49.215762],[-123.033223,49.215763],[-123.033237,49.215764],[-123.033251,49.215764],[-123.033265,49.215765],[-123.033279,49.215766],[-123.033294,49.215766],[-123.033308,49.215766],[-123.033322,49.215767],[-123.033336,49.215767],[-123.03335,49.215767],[-123.033364,49.215767],[-123.033378,49.215767],[-123.033393,49.215767],[-123.033407,49.215766],[-123.033421,49.215766],[-123.033435,49.215765],[-123.033449,49.215765],[-123.033463,49.215764],[-123.033477,49.215763],[-123.033491,49.215762],[-123.033505,49.215761],[-123.033519,49.21576],[-123.033534,49.215759],[-123.033548,49.215758],[-123.033562,49.215756],[-123.033575,49.215755],[-123.033589,49.215753],[-123.033596,49.215762],[-123.033602,49.21577],[-123.033608,49.215778],[-123.033615,49.215786],[-123.033622,49.215794],[-123.033629,49.215802],[-123.033635,49.21581],[-123.033642,49.215818],[-123.033649,49.215826],[-123.033656,49.215834],[-123.033664,49.215842],[-123.033671,49.21585],[-123.033678,49.215857],[-123.033686,49.215865],[-123.033693,49.215873],[-123.033701,49.215881],[-123.033709,49.215888],[-123.033716,49.215896],[-123.033724,49.215904],[-123.033732,49.215911],[-123.03374,49.215919],[-123.033748,49.215926],[-123.033756,49.215933],[-123.033765,49.215941],[-123.033773,49.215948],[-123.033781,49.215956],[-123.03379,49.215963],[-123.033799,49.21597],[-123.033807,49.215977],[-123.033816,49.215984],[-123.033825,49.215992],[-123.033834,49.215999],[-123.033843,49.216006],[-123.033852,49.216013],[-123.033861,49.21602],[-123.03387,49.216026],[-123.033879,49.216033],[-123.033889,49.21604],[-123.033898,49.216047],[-123.033908,49.216054],[-123.033917,49.21606],[-123.033927,49.216067],[-123.033937,49.216074],[-123.033947,49.21608],[-123.033957,49.216087],[-123.033967,49.216093],[-123.033976,49.216099],[-123.033987,49.216106],[-123.033997,49.216112],[-123.03456,49.21646],[-123.033718,49.217045],[-123.033709,49.217051],[-123.033699,49.217058],[-123.033689,49.217064],[-123.03368,49.217071],[-123.03367,49.217077],[-123.033661,49.217084],[-123.033651,49.21709],[-123.033641,49.217097],[-123.033631,49.217103],[-123.033622,49.21711],[-123.033612,49.217116],[-123.033602,49.217123],[-123.033592,49.217129],[-123.033582,49.217135],[-123.033573,49.217142],[-123.033563,49.217148],[-123.033553,49.217154],[-123.033543,49.217161],[-123.033533,49.217167],[-123.033523,49.217173],[-123.033513,49.217179],[-123.033503,49.217186],[-123.033492,49.217192],[-123.033482,49.217198],[-123.033472,49.217204],[-123.033462,49.21721],[-123.033452,49.217216],[-123.033442,49.217223],[-123.033431,49.217229],[-123.033421,49.217235],[-123.033411,49.217241],[-123.0334,49.217247],[-123.03339,49.217253],[-123.03338,49.217259],[-123.033369,49.217265],[-123.033359,49.217271],[-123.033348,49.217277],[-123.033338,49.217283],[-123.033327,49.217289],[-123.033317,49.217294],[-123.033306,49.2173],[-123.033296,49.217306],[-123.033285,49.217312],[-123.033275,49.217318],[-123.033264,49.217324],[-123.033253,49.21733],[-123.033243,49.217335],[-123.033232,49.217341],[-123.033221,49.217347],[-123.03321,49.217352],[-123.0332,49.217358],[-123.033189,49.217364],[-123.033178,49.217369],[-123.033167,49.217375],[-123.033156,49.217381],[-123.033145,49.217386],[-123.033134,49.217392],[-123.033123,49.217397],[-123.033112,49.217403],[-123.033101,49.217408],[-123.03309,49.217414],[-123.033079,49.217419],[-123.033068,49.217425],[-123.033057,49.21743],[-123.033046,49.217436],[-123.033035,49.217441],[-123.033024,49.217446],[-123.033013,49.217452],[-123.033002,49.217457],[-123.03299,49.217462],[-123.032979,49.217468],[-123.032968,49.217473],[-123.032956,49.217478],[-123.032945,49.217483],[-123.032934,49.217489],[-123.032923,49.217494],[-123.032911,49.217499],[-123.0329,49.217504],[-123.032888,49.217509],[-123.032877,49.217514],[-123.032865,49.21752],[-123.032854,49.217525],[-123.032843,49.21753],[-123.032831,49.217535],[-123.032819,49.21754],[-123.032808,49.217545],[-123.032796,49.21755],[-123.032785,49.217555],[-123.032773,49.21756],[-123.032761,49.217565],[-123.03275,49.217569],[-123.032738,49.217574],[-123.032726,49.217579],[-123.032715,49.217584],[-123.032703,49.217589],[-123.032691,49.217594],[-123.032679,49.217598],[-123.032668,49.217603],[-123.032656,49.217608],[-123.032644,49.217612],[-123.032632,49.217617],[-123.03262,49.217622],[-123.032608,49.217626],[-123.032596,49.217631],[-123.032584,49.217636],[-123.032572,49.21764],[-123.03256,49.217645],[-123.032548,49.217649],[-123.032536,49.217654],[-123.032524,49.217658],[-123.032512,49.217663],[-123.0325,49.217667],[-123.032488,49.217672],[-123.032476,49.217676],[-123.032464,49.21768],[-123.032452,49.217685],[-123.03244,49.217689],[-123.032428,49.217693],[-123.032415,49.217698],[-123.032403,49.217702],[-123.032391,49.217706],[-123.032379,49.217711],[-123.032366,49.217715],[-123.032354,49.217719],[-123.032342,49.217723],[-123.03233,49.217727],[-123.032317,49.217731],[-123.032305,49.217735],[-123.032292,49.217739],[-123.03228,49.217744],[-123.032268,49.217748],[-123.032255,49.217752],[-123.032243,49.217756],[-123.03223,49.21776],[-123.032218,49.217764],[-123.032205,49.217767],[-123.032193,49.217771],[-123.032193,49.217771],[-123.032188,49.217763],[-123.032184,49.217755],[-123.032179,49.217746],[-123.032174,49.217738],[-123.03217,49.217729],[-123.032165,49.217721],[-123.03216,49.217712],[-123.032155,49.217704],[-123.032151,49.217695],[-123.032146,49.217687],[-123.032141,49.217678],[-123.032136,49.21767],[-123.032131,49.217661],[-123.032126,49.217653],[-123.032121,49.217644],[-123.032116,49.217636],[-123.032111,49.217627],[-123.032106,49.217619],[-123.032101,49.217611],[-123.032096,49.217602],[-123.032091,49.217594],[-123.032086,49.217585],[-123.032081,49.217577],[-123.032075,49.217568],[-123.03207,49.21756],[-123.032065,49.217552],[-123.03206,49.217543],[-123.032054,49.217535],[-123.032049,49.217527],[-123.032044,49.217518],[-123.032039,49.21751],[-123.032033,49.217502],[-123.032028,49.217493],[-123.032022,49.217485],[-123.032017,49.217477],[-123.032011,49.217468],[-123.032006,49.21746],[-123.032,49.217452],[-123.031995,49.217443],[-123.031989,49.217435],[-123.031984,49.217427],[-123.031978,49.217419],[-123.031972,49.21741],[-123.031966,49.217402],[-123.031961,49.217394],[-123.031955,49.217386],[-123.031949,49.217377],[-123.031944,49.217369],[-123.031938,49.217361],[-123.031932,49.217353],[-123.031926,49.217344],[-123.03192,49.217336],[-123.031914,49.217328],[-123.031908,49.21732],[-123.031902,49.217312],[-123.031896,49.217304],[-123.03189,49.217295],[-123.031884,49.217287],[-123.031878,49.217279],[-123.031872,49.217271],[-123.031866,49.217263],[-123.03186,49.217255],[-123.031854,49.217246],[-123.031848,49.217238],[-123.031841,49.21723],[-123.031835,49.217222],[-123.031829,49.217214],[-123.031823,49.217206],[-123.031816,49.217198],[-123.03181,49.21719],[-123.031804,49.217182],[-123.031797,49.217174],[-123.031791,49.217166],[-123.031785,49.217158],[-123.031778,49.21715],[-123.031772,49.217142],[-123.031765,49.217134],[-123.031759,49.217126],[-123.031752,49.217118],[-123.031745,49.21711],[-123.031739,49.217102],[-123.031732,49.217094],[-123.031726,49.217086],[-123.031719,49.217078],[-123.031712,49.21707],[-123.031706,49.217062],[-123.031699,49.217054],[-123.031692,49.217046],[-123.031685,49.217038],[-123.031679,49.217031],[-123.031672,49.217023],[-123.031665,49.217015],[-123.031658,49.217007],[-123.031651,49.216999],[-123.031644,49.216991],[-123.031637,49.216983],[-123.03163,49.216976],[-123.031623,49.216968],[-123.031616,49.21696],[-123.031609,49.216952],[-123.031602,49.216944],[-123.031595,49.216937],[-123.031588,49.216929],[-123.031581,49.216921],[-123.031574,49.216913],[-123.031567,49.216906],[-123.031559,49.216898],[-123.031552,49.21689],[-123.031545,49.216882],[-123.031538,49.216875],[-123.03153,49.216867],[-123.031523,49.216859],[-123.031516,49.216852],[-123.031508,49.216844],[-123.031501,49.216836],[-123.031493,49.216829],[-123.031486,49.216821],[-123.031479,49.216813],[-123.031471,49.216806],[-123.031464,49.216798],[-123.031456,49.216791],[-123.031449,49.216783],[-123.031441,49.216775],[-123.031433,49.216768],[-123.031426,49.21676],[-123.031418,49.216753],[-123.03141,49.216745],[-123.031403,49.216738],[-123.031395,49.21673],[-123.031387,49.216723],[-123.03138,49.216715],[-123.031372,49.216708],[-123.031364,49.2167],[-123.031356,49.216693],[-123.031348,49.216685],[-123.031341,49.216678],[-123.031333,49.21667],[-123.031325,49.216663],[-123.031317,49.216655],[-123.031309,49.216648],[-123.031301,49.216641],[-123.031293,49.216633],[-123.031285,49.216626],[-123.031277,49.216619],[-123.031269,49.216611],[-123.031261,49.216604],[-123.031252,49.216596],[-123.031244,49.216589],[-123.031236,49.216582],[-123.031228,49.216575],[-123.03122,49.216567]]]]}},{"type":"Feature","properties":{"n":"McBride Park","c":"Neighbourhood","ha":1.71},"geometry":{"type":"MultiPolygon","coordinates":[[[[-123.179902,49.268421],[-123.179926,49.267783],[-123.181585,49.267809],[-123.181561,49.268447],[-123.179902,49.268421]]],[[[-123.177829,49.268389],[-123.177853,49.267751],[-123.179512,49.267777],[-123.179488,49.268414],[-123.177829,49.268389]]]]}},{"type":"Feature","properties":{"n":"McGill Park","c":"Local","ha":0.26},"geometry":{"type":"Polygon","coordinates":[[[-123.056705,49.288852],[-123.05671,49.288517],[-123.057543,49.288519],[-123.057662,49.288519],[-123.057654,49.288853],[-123.057537,49.288854],[-123.056705,49.288852]]]}},{"type":"Feature","properties":{"n":"Captain Cook Park","c":"Neighbourhood","ha":5.5},"geometry":{"type":"Polygon","coordinates":[[[-123.033963,49.217195],[-123.034862,49.216571],[-123.035596,49.217025],[-123.035606,49.217031],[-123.035616,49.217037],[-123.035626,49.217043],[-123.035637,49.217049],[-123.035647,49.217055],[-123.035657,49.217061],[-123.035668,49.217067],[-123.035679,49.217073],[-123.035689,49.217079],[-123.0357,49.217085],[-123.035711,49.21709],[-123.035721,49.217096],[-123.035723,49.217096],[-123.034876,49.217916],[-123.034782,49.220012],[-123.033837,49.220003],[-123.032568,49.219992],[-123.03259,49.219412],[-123.03259,49.219403],[-123.03259,49.219394],[-123.03259,49.219385],[-123.032591,49.219376],[-123.032591,49.219367],[-123.032591,49.219358],[-123.032591,49.219349],[-123.032591,49.21934],[-123.032591,49.219331],[-123.032591,49.219322],[-123.032592,49.219313],[-123.032591,49.219304],[-123.032591,49.219295],[-123.032591,49.219286],[-123.032591,49.219277],[-123.032591,49.219267],[-123.032591,49.219258],[-123.032591,49.219249],[-123.032591,49.21924],[-123.032591,49.219231],[-123.03259,49.219222],[-123.03259,49.219213],[-123.03259,49.219204],[-123.032589,49.219195],[-123.032589,49.219186],[-123.032589,49.219177],[-123.032589,49.219168],[-123.032588,49.219159],[-123.032588,49.21915],[-123.032587,49.219141],[-123.032587,49.219132],[-123.032586,49.219123],[-123.032586,49.219113],[-123.032585,49.219104],[-123.032584,49.219095],[-123.032584,49.219086],[-123.032583,49.219077],[-123.032582,49.219068],[-123.032582,49.219059],[-123.032581,49.21905],[-123.03258,49.219041],[-123.032579,49.219032],[-123.032579,49.219023],[-123.032578,49.219014],[-123.032577,49.219005],[-123.032576,49.218996],[-123.032575,49.218987],[-123.032574,49.218978],[-123.032573,49.218969],[-123.032572,49.21896],[-123.032571,49.218951],[-123.03257,49.218942],[-123.032569,49.218933],[-123.032568,49.218924],[-123.032567,49.218914],[-123.032565,49.218905],[-123.032564,49.218896],[-123.032563,49.218887],[-123.032562,49.218878],[-123.03256,49.218869],[-123.032559,49.21886],[-123.032558,49.218851],[-123.032556,49.218842],[-123.032555,49.218833],[-123.032554,49.218824],[-123.032552,49.218815],[-123.032551,49.218806],[-123.032549,49.218797],[-123.032548,49.218788],[-123.032546,49.218779],[-123.032545,49.21877],[-123.032543,49.218761],[-123.032541,49.218752],[-123.03254,49.218743],[-123.032538,49.218734],[-123.032536,49.218725],[-123.032535,49.218716],[-123.032533,49.218707],[-123.032531,49.218698],[-123.032529,49.218689],[-123.032527,49.21868],[-123.032525,49.218671],[-123.032523,49.218662],[-123.032522,49.218653],[-123.03252,49.218644],[-123.032518,49.218635],[-123.032516,49.218626],[-123.032514,49.218617],[-123.032512,49.218609],[-123.032509,49.2186],[-123.032507,49.218591],[-123.032505,49.218582],[-123.032503,49.218573],[-123.032501,49.218564],[-123.032499,49.218555],[-123.032496,49.218546],[-123.032494,49.218537],[-123.032492,49.218528],[-123.032489,49.218519],[-123.032487,49.21851],[-123.032485,49.218501],[-123.032482,49.218492],[-123.03248,49.218483],[-123.032477,49.218474],[-123.032475,49.218466],[-123.032472,49.218457],[-123.03247,49.218448],[-123.032467,49.218439],[-123.032465,49.21843],[-123.032462,49.218421],[-123.032459,49.218412],[-123.032457,49.218403],[-123.032454,49.218394],[-123.032451,49.218385],[-123.032448,49.218377],[-123.032446,49.218368],[-123.032443,49.218359],[-123.03244,49.21835],[-123.032437,49.218341],[-123.032434,49.218332],[-123.032431,49.218323],[-123.032428,49.218315],[-123.032425,49.218306],[-123.032423,49.218297],[-123.03242,49.218288],[-123.032417,49.218279],[-123.032413,49.21827],[-123.03241,49.218261],[-123.032407,49.218253],[-123.032404,49.218244],[-123.032401,49.218235],[-123.032398,49.218226],[-123.032394,49.218217],[-123.032391,49.218209],[-123.032388,49.2182],[-123.032385,49.218191],[-123.032381,49.218182],[-123.032378,49.218173],[-123.032374,49.218165],[-123.032371,49.218156],[-123.032368,49.218147],[-123.032364,49.218138],[-123.032361,49.21813],[-123.032357,49.218121],[-123.032354,49.218112],[-123.03235,49.218103],[-123.032346,49.218094],[-123.032343,49.218086],[-123.032342,49.218085],[-123.032338,49.218075],[-123.032334,49.218066],[-123.03233,49.218057],[-123.032326,49.218047],[-123.032322,49.218038],[-123.032318,49.218029],[-123.032314,49.218019],[-123.03231,49.21801],[-123.032306,49.218001],[-123.032302,49.217991],[-123.032297,49.217982],[-123.03231,49.217978],[-123.032323,49.217974],[-123.032335,49.21797],[-123.032348,49.217966],[-123.03236,49.217962],[-123.032373,49.217959],[-123.032385,49.217955],[-123.032397,49.217951],[-123.03241,49.217947],[-123.032422,49.217943],[-123.032435,49.217939],[-123.032447,49.217934],[-123.03246,49.21793],[-123.032472,49.217926],[-123.032484,49.217922],[-123.032497,49.217918],[-123.032509,49.217914],[-123.032521,49.21791],[-123.032534,49.217905],[-123.032546,49.217901],[-123.032558,49.217897],[-123.03257,49.217893],[-123.032583,49.217888],[-123.032595,49.217884],[-123.032607,49.21788],[-123.032619,49.217875],[-123.032631,49.217871],[-123.032643,49.217867],[-123.032655,49.217862],[-123.032668,49.217858],[-123.03268,49.217853],[-123.032692,49.217849],[-123.032704,49.217844],[-123.032716,49.21784],[-123.032728,49.217835],[-123.03274,49.217831],[-123.032752,49.217826],[-123.032764,49.217822],[-123.032776,49.217817],[-123.032788,49.217812],[-123.032799,49.217808],[-123.032811,49.217803],[-123.032823,49.217798],[-123.032835,49.217794],[-123.032847,49.217789],[-123.032859,49.217784],[-123.03287,49.217779],[-123.032882,49.217775],[-123.032894,49.21777],[-123.032906,49.217765],[-123.032918,49.21776],[-123.032929,49.217755],[-123.032941,49.21775],[-123.032953,49.217745],[-123.032964,49.21774],[-123.032976,49.217736],[-123.032987,49.217731],[-123.032999,49.217726],[-123.033011,49.217721],[-123.033022,49.217716],[-123.033034,49.217711],[-123.033045,49.217705],[-123.033057,49.2177],[-123.033068,49.217695],[-123.03308,49.21769],[-123.033091,49.217685],[-123.033102,49.21768],[-123.033114,49.217675],[-123.033125,49.217669],[-123.033136,49.217664],[-123.033148,49.217659],[-123.033159,49.217654],[-123.03317,49.217648],[-123.033182,49.217643],[-123.033193,49.217638],[-123.033204,49.217633],[-123.033215,49.217627],[-123.033227,49.217622],[-123.033238,49.217616],[-123.033249,49.217611],[-123.03326,49.217606],[-123.033271,49.2176],[-123.033282,49.217595],[-123.033293,49.217589],[-123.033304,49.217584],[-123.033315,49.217578],[-123.033326,49.217573],[-123.033337,49.217567],[-123.033348,49.217562],[-123.033359,49.217556],[-123.03337,49.21755],[-123.033381,49.217545],[-123.033392,49.217539],[-123.033403,49.217533],[-123.033413,49.217528],[-123.033424,49.217522],[-123.033435,49.217516],[-123.033446,49.217511],[-123.033456,49.217505],[-123.033467,49.217499],[-123.033478,49.217493],[-123.033488,49.217487],[-123.033499,49.217482],[-123.03351,49.217476],[-123.03352,49.21747],[-123.033531,49.217464],[-123.033541,49.217458],[-123.033552,49.217452],[-123.033562,49.217446],[-123.033573,49.21744],[-123.033583,49.217434],[-123.033594,49.217428],[-123.033604,49.217422],[-123.033614,49.217416],[-123.033625,49.21741],[-123.033635,49.217404],[-123.033645,49.217398],[-123.033656,49.217392],[-123.033666,49.217386],[-123.033676,49.21738],[-123.033687,49.217374],[-123.033697,49.217368],[-123.033707,49.217361],[-123.033717,49.217355],[-123.033727,49.217349],[-123.033737,49.217343],[-123.033747,49.217337],[-123.033757,49.21733],[-123.033767,49.217324],[-123.033777,49.217318],[-123.033787,49.217312],[-123.033797,49.217305],[-123.033807,49.217299],[-123.033817,49.217292],[-123.033827,49.217286],[-123.033837,49.21728],[-123.033847,49.217273],[-123.033856,49.217267],[-123.033866,49.21726],[-123.033876,49.217254],[-123.033886,49.217248],[-123.033895,49.217241],[-123.033905,49.217235],[-123.033915,49.217228],[-123.033924,49.217221],[-123.033934,49.217215],[-123.033943,49.217208],[-123.033953,49.217202],[-123.033963,49.217195]]]}},{"type":"Feature","properties":{"n":"Rosemont Park","c":"Local","ha":1.36},"geometry":{"type":"Polygon","coordinates":[[[-123.041321,49.215982],[-123.041321,49.215982],[-123.038415,49.215924],[-123.036628,49.215888],[-123.035855,49.216157],[-123.035203,49.216533],[-123.035203,49.216533],[-123.03505,49.216439],[-123.03506,49.216433],[-123.035069,49.216426],[-123.035079,49.21642],[-123.035089,49.216413],[-123.035098,49.216407],[-123.035108,49.2164],[-123.035117,49.216394],[-123.035127,49.216387],[-123.035137,49.216381],[-123.035147,49.216374],[-123.035157,49.216368],[-123.035167,49.216362],[-123.035176,49.216355],[-123.035186,49.216349],[-123.035196,49.216343],[-123.035206,49.216337],[-123.035216,49.216331],[-123.035227,49.216324],[-123.035237,49.216318],[-123.035247,49.216312],[-123.035257,49.216306],[-123.035267,49.2163],[-123.035278,49.216294],[-123.035288,49.216288],[-123.035298,49.216282],[-123.035308,49.216276],[-123.035319,49.21627],[-123.035329,49.216264],[-123.03534,49.216258],[-123.03535,49.216252],[-123.035361,49.216246],[-123.035371,49.21624],[-123.035382,49.216234],[-123.035392,49.216228],[-123.035403,49.216223],[-123.035414,49.216217],[-123.035424,49.216211],[-123.035435,49.216205],[-123.035446,49.2162],[-123.035457,49.216194],[-123.035467,49.216189],[-123.035478,49.216183],[-123.035489,49.216177],[-123.0355,49.216172],[-123.035511,49.216166],[-123.035522,49.216161],[-123.035533,49.216155],[-123.035544,49.21615],[-123.035555,49.216144],[-123.035566,49.216139],[-123.035577,49.216133],[-123.035588,49.216128],[-123.0356,49.216123],[-123.035611,49.216117],[-123.035622,49.216112],[-123.035633,49.216107],[-123.035644,49.216102],[-123.035656,49.216096],[-123.035667,49.216091],[-123.035678,49.216086],[-123.03569,49.216081],[-123.035701,49.216076],[-123.035713,49.216071],[-123.035724,49.216066],[-123.035736,49.216061],[-123.035747,49.216056],[-123.035759,49.216051],[-123.03577,49.216046],[-123.035782,49.216041],[-123.035794,49.216036],[-123.035805,49.216031],[-123.035817,49.216026],[-123.035829,49.216022],[-123.03584,49.216017],[-123.035852,49.216012],[-123.035864,49.216007],[-123.035876,49.216003],[-123.035888,49.215998],[-123.035899,49.215993],[-123.035911,49.215989],[-123.035923,49.215984],[-123.035935,49.215979],[-123.035947,49.215975],[-123.035959,49.21597],[-123.035971,49.215966],[-123.035983,49.215961],[-123.035995,49.215957],[-123.036007,49.215953],[-123.036019,49.215948],[-123.036031,49.215944],[-123.036044,49.21594],[-123.036056,49.215935],[-123.036068,49.215931],[-123.03608,49.215927],[-123.036093,49.215923],[-123.036105,49.215918],[-123.036117,49.215914],[-123.036129,49.21591],[-123.036142,49.215906],[-123.036154,49.215902],[-123.036166,49.215898],[-123.036179,49.215894],[-123.036191,49.21589],[-123.036204,49.215886],[-123.036216,49.215882],[-123.036229,49.215878],[-123.036241,49.215874],[-123.036254,49.215871],[-123.036266,49.215867],[-123.036279,49.215863],[-123.036291,49.215859],[-123.036304,49.215856],[-123.036317,49.215852],[-123.036329,49.215848],[-123.036342,49.215845],[-123.036354,49.215841],[-123.036367,49.215837],[-123.03638,49.215834],[-123.036393,49.21583],[-123.036405,49.215827],[-123.036418,49.215823],[-123.036431,49.21582],[-123.036444,49.215817],[-123.036457,49.215813],[-123.03647,49.21581],[-123.036482,49.215807],[-123.036495,49.215803],[-123.036508,49.2158],[-123.036521,49.215797],[-123.036534,49.215794],[-123.036547,49.21579],[-123.03656,49.215787],[-123.036573,49.215784],[-123.036586,49.215781],[-123.036599,49.215778],[-123.036612,49.215775],[-123.036625,49.215772],[-123.036638,49.215769],[-123.036651,49.215766],[-123.036664,49.215763],[-123.036677,49.215761],[-123.036691,49.215758],[-123.036704,49.215755],[-123.036717,49.215752],[-123.03673,49.215749],[-123.036743,49.215747],[-123.036756,49.215744],[-123.03677,49.215741],[-123.036783,49.215739],[-123.036796,49.215736],[-123.036809,49.215734],[-123.036823,49.215731],[-123.036836,49.215729],[-123.036849,49.215726],[-123.036863,49.215724],[-123.036876,49.215721],[-123.036889,49.215719],[-123.036903,49.215717],[-123.036916,49.215714],[-123.036929,49.215712],[-123.036943,49.21571],[-123.036956,49.215707],[-123.03697,49.215705],[-123.036983,49.215703],[-123.036996,49.215701],[-123.03701,49.215699],[-123.037023,49.215697],[-123.037037,49.215695],[-123.03705,49.215693],[-123.037064,49.215691],[-123.037077,49.215689],[-123.037091,49.215687],[-123.037104,49.215685],[-123.037118,49.215683],[-123.037131,49.215682],[-123.037145,49.21568],[-123.037158,49.215678],[-123.037172,49.215676],[-123.037186,49.215675],[-123.037199,49.215673],[-123.037213,49.215671],[-123.037226,49.21567],[-123.03724,49.215668],[-123.037254,49.215667],[-123.037267,49.215665],[-123.037281,49.215664],[-123.037295,49.215662],[-123.037308,49.215661],[-123.037322,49.215659],[-123.037336,49.215658],[-123.037349,49.215657],[-123.037363,49.215655],[-123.037377,49.215654],[-123.03739,49.215653],[-123.037404,49.215652],[-123.037418,49.215651],[-123.037431,49.215649],[-123.037445,49.215648],[-123.037459,49.215647],[-123.037473,49.215646],[-123.037486,49.215645],[-123.0375,49.215644],[-123.037514,49.215643],[-123.037528,49.215642],[-123.037541,49.215642],[-123.037555,49.215641],[-123.037569,49.21564],[-123.037583,49.215639],[-123.037596,49.215638],[-123.03761,49.215638],[-123.037624,49.215637],[-123.037638,49.215636],[-123.037652,49.215636],[-123.037665,49.215635],[-123.037679,49.215635],[-123.037693,49.215634],[-123.037707,49.215634],[-123.03772,49.215633],[-123.037734,49.215633],[-123.037748,49.215632],[-123.037762,49.215632],[-123.037776,49.215632],[-123.03779,49.215631],[-123.037803,49.215631],[-123.039801,49.215595],[-123.041338,49.215626],[-123.041321,49.215982]]]}},{"type":"Feature","properties":{"n":"Park Site On Shaughnessy Street","c":"Neighbourhood","ha":0.56},"geometry":{"type":"Polygon","coordinates":[[[-123.125484,49.201787],[-123.125784,49.202092],[-123.124462,49.202653],[-123.12409,49.202274],[-123.124119,49.202235],[-123.124148,49.202193],[-123.124215,49.202152],[-123.124338,49.202136],[-123.12441,49.202104],[-123.124525,49.202074],[-123.124605,49.202045],[-123.124714,49.202015],[-123.124789,49.201983],[-123.124904,49.201958],[-123.12498,49.201927],[-123.125092,49.201898],[-123.125177,49.201868],[-123.125295,49.201837],[-123.125359,49.201814],[-123.125484,49.201787]]]}},{"type":"Feature","properties":{"n":"Maple Grove Park","c":"Community","ha":4.2},"geometry":{"type":"Polygon","coordinates":[[[-123.159097,49.22494],[-123.159176,49.222726],[-123.159176,49.222716],[-123.159177,49.222707],[-123.159177,49.222698],[-123.159177,49.222689],[-123.159177,49.222679],[-123.159177,49.22267],[-123.159177,49.222661],[-123.159177,49.222652],[-123.159177,49.222642],[-123.159176,49.222633],[-123.159176,49.222624],[-123.159176,49.222615],[-123.159175,49.222605],[-123.159175,49.222596],[-123.159174,49.222587],[-123.159173,49.222578],[-123.159173,49.222568],[-123.159172,49.222559],[-123.159171,49.22255],[-123.15917,49.222541],[-123.159169,49.222531],[-123.159168,49.222522],[-123.159167,49.222513],[-123.159166,49.222504],[-123.159165,49.222495],[-123.159163,49.222485],[-123.159162,49.222476],[-123.159161,49.222467],[-123.159159,49.222457],[-123.159157,49.222448],[-123.159156,49.222438],[-123.159154,49.222429],[-123.159152,49.222419],[-123.15915,49.22241],[-123.159149,49.2224],[-123.159147,49.222391],[-123.159145,49.222382],[-123.159143,49.222372],[-123.15914,49.222363],[-123.159139,49.222351],[-123.159139,49.22234],[-123.159142,49.222329],[-123.159147,49.222318],[-123.159154,49.222307],[-123.159166,49.222313],[-123.159178,49.222318],[-123.159189,49.222323],[-123.159201,49.222328],[-123.159213,49.222333],[-123.159225,49.222338],[-123.159237,49.222343],[-123.159249,49.222348],[-123.159261,49.222352],[-123.159274,49.222357],[-123.159286,49.222362],[-123.159298,49.222366],[-123.15931,49.222371],[-123.159323,49.222375],[-123.159335,49.22238],[-123.159348,49.222384],[-123.15936,49.222389],[-123.159373,49.222393],[-123.159385,49.222397],[-123.159398,49.222401],[-123.159411,49.222405],[-123.159424,49.22241],[-123.159436,49.222413],[-123.159449,49.222417],[-123.159462,49.222421],[-123.159475,49.222425],[-123.159488,49.222429],[-123.159501,49.222433],[-123.159514,49.222436],[-123.159527,49.22244],[-123.15954,49.222443],[-123.159553,49.222447],[-123.159566,49.22245],[-123.15958,49.222454],[-123.159593,49.222457],[-123.159606,49.22246],[-123.159619,49.222463],[-123.159633,49.222466],[-123.159646,49.222469],[-123.15966,49.222472],[-123.159673,49.222475],[-123.159686,49.222478],[-123.1597,49.222481],[-123.159713,49.222484],[-123.159726,49.222486],[-123.15974,49.222489],[-123.159753,49.222491],[-123.159767,49.222494],[-123.15978,49.222496],[-123.159794,49.222499],[-123.159808,49.222501],[-123.159821,49.222503],[-123.159835,49.222505],[-123.159848,49.222508],[-123.159862,49.22251],[-123.159876,49.222512],[-123.159889,49.222513],[-123.159903,49.222515],[-123.159917,49.222517],[-123.15993,49.222519],[-123.159944,49.222521],[-123.159958,49.222522],[-123.159972,49.222524],[-123.159986,49.222525],[-123.16,49.222527],[-123.160013,49.222528],[-123.160027,49.222529],[-123.160041,49.22253],[-123.160055,49.222532],[-123.160069,49.222533],[-123.160083,49.222534],[-123.160097,49.222535],[-123.160111,49.222536],[-123.160125,49.222537],[-123.160139,49.222537],[-123.160153,49.222538],[-123.160167,49.222539],[-123.160181,49.222539],[-123.160195,49.22254],[-123.160209,49.22254],[-123.160223,49.222541],[-123.160237,49.222541],[-123.160251,49.222541],[-123.160265,49.222542],[-123.160279,49.222542],[-123.160293,49.222542],[-123.160801,49.222544],[-123.161101,49.222564],[-123.161392,49.222622],[-123.161386,49.22263],[-123.16138,49.222639],[-123.161374,49.222647],[-123.161368,49.222656],[-123.161363,49.222665],[-123.161357,49.222673],[-123.161352,49.222682],[-123.161347,49.222691],[-123.161343,49.2227],[-123.161338,49.222709],[-123.161334,49.222718],[-123.16133,49.222727],[-123.161326,49.222736],[-123.161322,49.222745],[-123.161318,49.222754],[-123.161315,49.222763],[-123.161312,49.222772],[-123.161309,49.222781],[-123.161306,49.222791],[-123.161304,49.2228],[-123.161301,49.222809],[-123.161299,49.222818],[-123.161298,49.222828],[-123.161296,49.222837],[-123.161294,49.222846],[-123.161293,49.222856],[-123.161292,49.222865],[-123.161291,49.222874],[-123.16129,49.222884],[-123.16129,49.222893],[-123.161215,49.224967],[-123.159097,49.22494]]]}},{"type":"Feature","properties":{"n":"Deering Island Park","c":"Neighbourhood","ha":0.64},"geometry":{"type":"Polygon","coordinates":[[[-123.185101,49.217821],[-123.185106,49.217824],[-123.18522,49.217877],[-123.185264,49.217898],[-123.185449,49.217993],[-123.185526,49.218041],[-123.18556,49.218065],[-123.185571,49.218072],[-123.185719,49.218179],[-123.185812,49.218245],[-123.185855,49.21827],[-123.186122,49.218394],[-123.186203,49.218427],[-123.186254,49.218449],[-123.186288,49.21848],[-123.186312,49.218553],[-123.186313,49.218573],[-123.186311,49.218585],[-123.186299,49.218601],[-123.186269,49.218617],[-123.185711,49.218587],[-123.185271,49.218507],[-123.184771,49.218453],[-123.184426,49.218349],[-123.18425,49.218356],[-123.18433,49.218161],[-123.184643,49.218149],[-123.185101,49.217821]]]}},{"type":"Feature","properties":{"n":"Almond Park","c":"Neighbourhood","ha":1.61},"geometry":{"type":"MultiPolygon","coordinates":[[[[-123.185895,49.260977],[-123.185548,49.26074],[-123.185851,49.260745],[-123.185857,49.260753],[-123.185865,49.260761],[-123.185873,49.260768],[-123.185882,49.260776],[-123.185891,49.260783],[-123.185901,49.260789],[-123.185912,49.260796],[-123.185923,49.260802],[-123.185934,49.260807],[-123.185946,49.260812],[-123.185958,49.260817],[-123.185971,49.260821],[-123.185984,49.260825],[-123.185997,49.260829],[-123.186011,49.260832],[-123.186025,49.260834],[-123.186039,49.260836],[-123.186053,49.260837],[-123.186067,49.260838],[-123.186081,49.260839],[-123.186074,49.26102],[-123.186042,49.261019],[-123.186027,49.261019],[-123.186012,49.261017],[-123.185998,49.261015],[-123.185983,49.261013],[-123.185969,49.26101],[-123.185956,49.261006],[-123.185942,49.261001],[-123.18593,49.260996],[-123.185918,49.26099],[-123.185906,49.260984],[-123.185895,49.260977]]],[[[-123.183518,49.260228],[-123.18353,49.259895],[-123.183838,49.259899],[-123.185693,49.261163],[-123.185723,49.261223],[-123.185797,49.261368],[-123.18579,49.261558],[-123.185677,49.261556],[-123.185539,49.261554],[-123.185401,49.261552],[-123.184024,49.26153],[-123.184057,49.260626],[-123.183588,49.260618],[-123.183602,49.26023],[-123.183518,49.260228]]]]}},{"type":"Feature","properties":{"n":"Park Site On Puget Drive","c":"Local","ha":0.09},"geometry":{"type":"MultiPolygon","coordinates":[[[[-123.16887,49.247327],[-123.16887,49.247327],[-123.168875,49.24733],[-123.168884,49.247337],[-123.168894,49.247344],[-123.168903,49.247351],[-123.168913,49.247358],[-123.168922,49.247365],[-123.168932,49.247371],[-123.168941,49.247378],[-123.168948,49.247383],[-123.168948,49.247383],[-123.168554,49.247629],[-123.168552,49.247627],[-123.168542,49.247621],[-123.168533,49.247614],[-123.168523,49.247608],[-123.168514,49.247601],[-123.168504,49.247594],[-123.168495,49.247587],[-123.168486,49.247581],[-123.168476,49.247574],[-123.168467,49.247567],[-123.168458,49.24756],[-123.168458,49.24756],[-123.16887,49.247327]]],[[[-123.167926,49.247784],[-123.168347,49.247558],[-123.16835,49.247561],[-123.168359,49.247568],[-123.168368,49.247575],[-123.168376,49.247582],[-123.168385,49.247589],[-123.168395,49.247596],[-123.168404,49.247603],[-123.168413,49.247609],[-123.168422,49.247616],[-123.168431,49.247623],[-123.168441,49.24763],[-123.16845,49.247636],[-123.168459,49.247643],[-123.168464,49.247647],[-123.168065,49.247889],[-123.168065,49.247889],[-123.168061,49.247886],[-123.168051,49.247879],[-123.168042,49.247873],[-123.168032,49.247866],[-123.168023,49.247859],[-123.168014,49.247852],[-123.168005,49.247846],[-123.167996,49.247839],[-123.167987,49.247832],[-123.167978,49.247825],[-123.167968,49.247818],[-123.16796,49.247811],[-123.167951,49.247804],[-123.167942,49.247797],[-123.167933,49.24779],[-123.167925,49.247784],[-123.167926,49.247784]]]]}},{"type":"Feature","properties":{"n":"George Wainborn Park","c":"Neighbourhood","ha":2.36},"geometry":{"type":"Polygon","coordinates":[[[-123.128813,49.271689],[-123.128843,49.27167],[-123.129217,49.271912],[-123.129646,49.271628],[-123.130716,49.272321],[-123.130455,49.272494],[-123.130721,49.272666],[-123.130691,49.272686],[-123.129783,49.273287],[-123.129745,49.273262],[-123.129743,49.27326],[-123.129735,49.273256],[-123.129727,49.273251],[-123.129719,49.273246],[-123.129711,49.273241],[-123.129703,49.273237],[-123.129694,49.273232],[-123.129686,49.273228],[-123.129677,49.273224],[-123.129668,49.27322],[-123.12966,49.273216],[-123.129651,49.273212],[-123.129642,49.273208],[-123.129632,49.273204],[-123.129623,49.273201],[-123.129614,49.273197],[-123.129604,49.273194],[-123.129595,49.27319],[-123.129585,49.273187],[-123.129575,49.273184],[-123.129566,49.273181],[-123.129556,49.273178],[-123.129546,49.273176],[-123.129536,49.273173],[-123.129526,49.27317],[-123.129516,49.273168],[-123.129505,49.273166],[-123.129495,49.273164],[-123.129485,49.273161],[-123.129474,49.27316],[-123.129464,49.273158],[-123.129453,49.273156],[-123.129443,49.273154],[-123.129432,49.273153],[-123.129422,49.273152],[-123.129411,49.27315],[-123.1294,49.273149],[-123.12939,49.273148],[-123.129379,49.273148],[-123.129368,49.273147],[-123.129358,49.273146],[-123.129347,49.273146],[-123.129336,49.273145],[-123.129325,49.273145],[-123.129314,49.273145],[-123.129304,49.273145],[-123.129293,49.273145],[-123.129282,49.273145],[-123.129271,49.273146],[-123.129261,49.273146],[-123.12925,49.273147],[-123.129239,49.273148],[-123.129228,49.273149],[-123.129218,49.27315],[-123.129207,49.273151],[-123.129196,49.273152],[-123.129186,49.273153],[-123.129175,49.273155],[-123.129165,49.273156],[-123.129154,49.273158],[-123.129144,49.27316],[-123.129133,49.273162],[-123.129123,49.273164],[-123.129113,49.273166],[-123.129103,49.273169],[-123.129093,49.273171],[-123.129083,49.273174],[-123.129073,49.273176],[-123.129063,49.273179],[-123.129054,49.273181],[-123.129044,49.273183],[-123.129035,49.273186],[-123.129025,49.273188],[-123.129016,49.273189],[-123.129006,49.273191],[-123.128996,49.273193],[-123.128986,49.273195],[-123.128977,49.273196],[-123.128967,49.273198],[-123.128957,49.273199],[-123.128947,49.2732],[-123.128937,49.273201],[-123.128927,49.273202],[-123.128917,49.273203],[-123.128907,49.273203],[-123.128897,49.273204],[-123.128887,49.273205],[-123.128877,49.273205],[-123.128867,49.273205],[-123.128857,49.273205],[-123.128847,49.273205],[-123.128837,49.273205],[-123.128827,49.273205],[-123.128817,49.273205],[-123.128806,49.273204],[-123.128796,49.273204],[-123.128786,49.273203],[-123.128776,49.273202],[-123.128766,49.273201],[-123.128756,49.2732],[-123.128747,49.273199],[-123.128737,49.273198],[-123.128727,49.273197],[-123.128717,49.273195],[-123.128707,49.273193],[-123.128697,49.273192],[-123.128688,49.27319],[-123.128678,49.273188],[-123.128669,49.273186],[-123.128659,49.273184],[-123.12865,49.273182],[-123.12864,49.273179],[-123.128631,49.273177],[-123.128622,49.273174],[-123.128612,49.273172],[-123.128603,49.273169],[-123.128594,49.273166],[-123.128585,49.273163],[-123.128576,49.27316],[-123.128567,49.273157],[-123.128559,49.273153],[-123.12855,49.27315],[-123.128541,49.273147],[-123.128533,49.273143],[-123.128525,49.273139],[-123.128516,49.273136],[-123.128508,49.273132],[-123.1285,49.273128],[-123.128492,49.273124],[-123.128484,49.27312],[-123.128477,49.273115],[-123.128469,49.273111],[-123.128462,49.273107],[-123.128454,49.273102],[-123.128447,49.273098],[-123.12844,49.273093],[-123.128433,49.273088],[-123.128426,49.273083],[-123.128419,49.273079],[-123.128412,49.273074],[-123.128406,49.273069],[-123.1284,49.273063],[-123.128393,49.273058],[-123.128387,49.273053],[-123.128381,49.273048],[-123.128376,49.273042],[-123.12837,49.273037],[-123.128364,49.273031],[-123.128359,49.273026],[-123.128354,49.27302],[-123.128349,49.273014],[-123.128344,49.273009],[-123.128339,49.273003],[-123.128335,49.272997],[-123.12833,49.272991],[-123.128326,49.272985],[-123.128322,49.272979],[-123.128318,49.272973],[-123.128314,49.272967],[-123.12831,49.272961],[-123.128307,49.272955],[-123.128304,49.272948],[-123.1283,49.272942],[-123.128297,49.272936],[-123.128295,49.272929],[-123.128292,49.272923],[-123.12829,49.272917],[-123.128287,49.27291],[-123.128285,49.272904],[-123.128283,49.272897],[-123.128281,49.272891],[-123.12828,49.272884],[-123.128278,49.272878],[-123.128277,49.272871],[-123.128276,49.272865],[-123.128275,49.272858],[-123.128274,49.272852],[-123.128274,49.272845],[-123.128274,49.272838],[-123.128273,49.272832],[-123.128273,49.272825],[-123.128273,49.272819],[-123.128274,49.272812],[-123.128274,49.272805],[-123.128275,49.272799],[-123.128276,49.272792],[-123.128277,49.272786],[-123.128278,49.272779],[-123.128279,49.272773],[-123.128281,49.272766],[-123.128283,49.27276],[-123.128285,49.272753],[-123.128287,49.272747],[-123.128289,49.27274],[-123.128291,49.272734],[-123.128294,49.272728],[-123.128297,49.272721],[-123.1283,49.272715],[-123.128303,49.272709],[-123.128306,49.272702],[-123.128309,49.272696],[-123.128311,49.272694],[-123.128311,49.272694],[-123.128314,49.272687],[-123.128318,49.272681],[-123.128321,49.272674],[-123.128325,49.272667],[-123.128328,49.27266],[-123.12833,49.272653],[-123.128333,49.272647],[-123.128336,49.27264],[-123.128338,49.272633],[-123.12834,49.272626],[-123.128342,49.272619],[-123.128344,49.272612],[-123.128345,49.272605],[-123.128346,49.272598],[-123.128348,49.272591],[-123.128349,49.272584],[-123.128349,49.272577],[-123.12835,49.27257],[-123.12835,49.272563],[-123.128351,49.272556],[-123.128351,49.272549],[-123.12835,49.272542],[-123.12835,49.272535],[-123.12835,49.272528],[-123.128349,49.27252],[-123.128348,49.272513],[-123.128347,49.272506],[-123.128346,49.272499],[-123.128344,49.272492],[-123.128342,49.272485],[-123.128341,49.272478],[-123.128339,49.272472],[-123.128336,49.272465],[-123.128334,49.272458],[-123.128331,49.272451],[-123.128329,49.272444],[-123.128326,49.272437],[-123.128323,49.27243],[-123.128319,49.272424],[-123.128316,49.272417],[-123.128312,49.27241],[-123.128308,49.272404],[-123.128304,49.272397],[-123.1283,49.272391],[-123.128296,49.272384],[-123.128291,49.272378],[-123.128286,49.272372],[-123.128282,49.272365],[-123.128277,49.272359],[-123.128271,49.272353],[-123.128266,49.272347],[-123.12826,49.272341],[-123.128255,49.272335],[-123.128249,49.272329],[-123.128243,49.272323],[-123.128237,49.272317],[-123.12823,49.272311],[-123.128224,49.272306],[-123.128217,49.2723],[-123.128211,49.272295],[-123.128204,49.272289],[-123.128197,49.272284],[-123.128189,49.272279],[-123.128182,49.272273],[-123.128175,49.272268],[-123.128167,49.272263],[-123.128055,49.272191],[-123.128813,49.271689]]]}},{"type":"Feature","properties":{"n":"Andy Livingstone Park","c":"Community","ha":4.22},"geometry":{"type":"MultiPolygon","coordinates":[[[[-123.106178,49.278184],[-123.106187,49.278176],[-123.1062,49.278179],[-123.106213,49.278183],[-123.106226,49.278186],[-123.106239,49.278189],[-123.106252,49.278193],[-123.106265,49.278196],[-123.106278,49.278199],[-123.106291,49.278203],[-123.106304,49.278206],[-123.106317,49.27821],[-123.10633,49.278214],[-123.106343,49.278217],[-123.106355,49.278221],[-123.106368,49.278225],[-123.106381,49.278228],[-123.106394,49.278232],[-123.106406,49.278236],[-123.106419,49.27824],[-123.106431,49.278244],[-123.106444,49.278248],[-123.106457,49.278252],[-123.106469,49.278256],[-123.106481,49.27826],[-123.106494,49.278265],[-123.106506,49.278269],[-123.106519,49.278273],[-123.106531,49.278277],[-123.106543,49.278282],[-123.106556,49.278286],[-123.106568,49.278291],[-123.10658,49.278295],[-123.106592,49.2783],[-123.106604,49.278304],[-123.106616,49.278309],[-123.106628,49.278314],[-123.10664,49.278318],[-123.106652,49.278323],[-123.106664,49.278328],[-123.106669,49.27833],[-123.106676,49.278333],[-123.106688,49.278338],[-123.1067,49.278343],[-123.106711,49.278348],[-123.106723,49.278353],[-123.10673,49.278355],[-123.106286,49.279404],[-123.104998,49.279197],[-123.104709,49.279161],[-123.104658,49.279111],[-123.104663,49.279103],[-123.104668,49.279094],[-123.104674,49.279086],[-123.104679,49.279077],[-123.104684,49.279069],[-123.10469,49.27906],[-123.104695,49.279052],[-123.104701,49.279044],[-123.104707,49.279035],[-123.104713,49.279027],[-123.104719,49.279019],[-123.104726,49.27901],[-123.104732,49.279002],[-123.104739,49.278994],[-123.104745,49.278986],[-123.104752,49.278978],[-123.104759,49.27897],[-123.104766,49.278962],[-123.104773,49.278954],[-123.10478,49.278946],[-123.104788,49.278939],[-123.104795,49.278931],[-123.104803,49.278923],[-123.104811,49.278915],[-123.104818,49.278908],[-123.104826,49.2789],[-123.104834,49.278893],[-123.104842,49.278885],[-123.104851,49.278878],[-123.104859,49.27887],[-123.104868,49.278863],[-123.104876,49.278856],[-123.104885,49.278849],[-123.104894,49.278841],[-123.104903,49.278834],[-123.104912,49.278827],[-123.104921,49.27882],[-123.10493,49.278813],[-123.104939,49.278807],[-123.104949,49.2788],[-123.104958,49.278793],[-123.104968,49.278786],[-123.104978,49.27878],[-123.104988,49.278773],[-123.104997,49.278767],[-123.105007,49.27876],[-123.105018,49.278754],[-123.105028,49.278748],[-123.105038,49.278741],[-123.105049,49.278735],[-123.105059,49.278729],[-123.10507,49.278723],[-123.10508,49.278717],[-123.105091,49.278711],[-123.105102,49.278705],[-123.105113,49.2787],[-123.105124,49.278694],[-123.105135,49.278688],[-123.105146,49.278683],[-123.105157,49.278677],[-123.105169,49.278672],[-123.10518,49.278667],[-123.105192,49.278661],[-123.105203,49.278656],[-123.105215,49.278651],[-123.105227,49.278646],[-123.105238,49.278641],[-123.10525,49.278636],[-123.105262,49.278631],[-123.105274,49.278627],[-123.105286,49.278622],[-123.105695,49.278466],[-123.105707,49.278462],[-123.105719,49.278457],[-123.105731,49.278452],[-123.105743,49.278448],[-123.105754,49.278443],[-123.105766,49.278438],[-123.105778,49.278433],[-123.105789,49.278428],[-123.105801,49.278423],[-123.105812,49.278417],[-123.105823,49.278412],[-123.105835,49.278407],[-123.105846,49.278402],[-123.105857,49.278396],[-123.105868,49.278391],[-123.105879,49.278385],[-123.10589,49.278379],[-123.105901,49.278374],[-123.105911,49.278368],[-123.105922,49.278362],[-123.105933,49.278356],[-123.105943,49.27835],[-123.105954,49.278344],[-123.105964,49.278338],[-123.105974,49.278332],[-123.105984,49.278326],[-123.105995,49.27832],[-123.106005,49.278313],[-123.106015,49.278307],[-123.106024,49.278301],[-123.106034,49.278294],[-123.106044,49.278288],[-123.106054,49.278281],[-123.106063,49.278274],[-123.106072,49.278268],[-123.106082,49.278261],[-123.106091,49.278254],[-123.1061,49.278247],[-123.106109,49.278241],[-123.106118,49.278234],[-123.106127,49.278227],[-123.106136,49.27822],[-123.106145,49.278213],[-123.106153,49.278205],[-123.106162,49.278198],[-123.10617,49.278191],[-123.106178,49.278184]]],[[[-123.10311,49.277664],[-123.103124,49.277664],[-123.103138,49.277664],[-123.103152,49.277665],[-123.103166,49.277665],[-123.10318,49.277665],[-123.103194,49.277665],[-123.103208,49.277666],[-123.103222,49.277667],[-123.103236,49.277667],[-123.10325,49.277668],[-123.103264,49.277669],[-123.103278,49.27767],[-123.103292,49.277671],[-123.103306,49.277672],[-123.10332,49.277673],[-123.103334,49.277674],[-123.103348,49.277675],[-123.103361,49.277677],[-123.103375,49.277678],[-123.103389,49.27768],[-123.103403,49.277681],[-123.103417,49.277683],[-123.10343,49.277685],[-123.103444,49.277687],[-123.103458,49.277689],[-123.103472,49.277691],[-123.103485,49.277693],[-123.103499,49.277695],[-123.103513,49.277697],[-123.103526,49.2777],[-123.10354,49.277702],[-123.103553,49.277705],[-123.103567,49.277707],[-123.10358,49.27771],[-123.103594,49.277712],[-123.103607,49.277715],[-123.10362,49.277718],[-123.103634,49.277721],[-123.103647,49.277724],[-123.10366,49.277727],[-123.103673,49.27773],[-123.103686,49.277734],[-123.103699,49.277737],[-123.103712,49.277741],[-123.104137,49.277853],[-123.104356,49.277887],[-123.105877,49.278116],[-123.105877,49.278116],[-123.105886,49.278134],[-123.105877,49.278141],[-123.105867,49.278148],[-123.105857,49.278155],[-123.105847,49.278162],[-123.105838,49.278168],[-123.105827,49.278175],[-123.105817,49.278181],[-123.105807,49.278188],[-123.105797,49.278194],[-123.105786,49.278201],[-123.105776,49.278207],[-123.105765,49.278213],[-123.105754,49.278219],[-123.105743,49.278225],[-123.105732,49.278231],[-123.105721,49.278237],[-123.10571,49.278243],[-123.105699,49.278249],[-123.105688,49.278254],[-123.105676,49.27826],[-123.105665,49.278265],[-123.105653,49.278271],[-123.105641,49.278276],[-123.10563,49.278281],[-123.105618,49.278286],[-123.105606,49.278291],[-123.105594,49.278296],[-123.105582,49.278301],[-123.105569,49.278306],[-123.105557,49.278311],[-123.105148,49.278466],[-123.105136,49.278471],[-123.105124,49.278476],[-123.105112,49.278481],[-123.1051,49.278485],[-123.105088,49.27849],[-123.105077,49.278495],[-123.105065,49.2785],[-123.105053,49.278505],[-123.105042,49.27851],[-123.10503,49.278516],[-123.105019,49.278521],[-123.105008,49.278526],[-123.104996,49.278532],[-123.104985,49.278537],[-123.104974,49.278542],[-123.104963,49.278548],[-123.104952,49.278554],[-123.104941,49.278559],[-123.10493,49.278565],[-123.104919,49.278571],[-123.104909,49.278577],[-123.104898,49.278582],[-123.104887,49.278589],[-123.104877,49.278594],[-123.104866,49.278601],[-123.104856,49.278607],[-123.104846,49.278613],[-123.104836,49.278619],[-123.104826,49.278625],[-123.104816,49.278632],[-123.104806,49.278638],[-123.104796,49.278645],[-123.104786,49.278651],[-123.104776,49.278658],[-123.104767,49.278664],[-123.104757,49.278671],[-123.104747,49.278678],[-123.104738,49.278684],[-123.104729,49.278691],[-123.10472,49.278698],[-123.10471,49.278705],[-123.104701,49.278712],[-123.104692,49.278719],[-123.104683,49.278726],[-123.104675,49.278733],[-123.104666,49.27874],[-123.104657,49.278747],[-123.104649,49.278754],[-123.10464,49.278762],[-123.104632,49.278769],[-123.104624,49.278776],[-123.104616,49.278784],[-123.104608,49.278791],[-123.1046,49.278799],[-123.104592,49.278806],[-123.104584,49.278814],[-123.104576,49.278821],[-123.104569,49.278829],[-123.104561,49.278837],[-123.104554,49.278844],[-123.104546,49.278852],[-123.104539,49.27886],[-123.104532,49.278868],[-123.104525,49.278876],[-123.104518,49.278884],[-123.104511,49.278892],[-123.104504,49.2789],[-123.104498,49.278908],[-123.104491,49.278916],[-123.104485,49.278924],[-123.104479,49.278932],[-123.104472,49.27894],[-123.104466,49.278948],[-123.10446,49.278956],[-123.104454,49.278965],[-123.104448,49.278973],[-123.104443,49.278981],[-123.104437,49.27899],[-123.104432,49.278998],[-123.104426,49.279007],[-123.104421,49.279015],[-123.104416,49.279023],[-123.104411,49.279032],[-123.104406,49.27904],[-123.104401,49.279049],[-123.104396,49.279058],[-123.104391,49.279066],[-123.104387,49.279075],[-123.104382,49.279083],[-123.104378,49.279092],[-123.104374,49.279101],[-123.104369,49.27911],[-123.104365,49.279118],[-123.104362,49.279127],[-123.104327,49.279146],[-123.104139,49.27916],[-123.104125,49.279161],[-123.104111,49.279162],[-123.104097,49.279163],[-123.104083,49.279164],[-123.104068,49.279164],[-123.104054,49.279165],[-123.10404,49.279166],[-123.104026,49.279166],[-123.104012,49.279167],[-123.103998,49.279167],[-123.103984,49.279168],[-123.103969,49.279168],[-123.103955,49.279168],[-123.103941,49.279168],[-123.103927,49.279168],[-123.103913,49.279168],[-123.103899,49.279168],[-123.103885,49.279168],[-123.103871,49.279168],[-123.103856,49.279168],[-123.102316,49.279141],[-123.102283,49.279123],[-123.102281,49.279114],[-123.102278,49.279104],[-123.102276,49.279095],[-123.102274,49.279086],[-123.102272,49.279077],[-123.10227,49.279068],[-123.102268,49.279059],[-123.102266,49.27905],[-123.102265,49.279041],[-123.102263,49.279031],[-123.102262,49.279022],[-123.10226,49.279013],[-123.102259,49.279004],[-123.102258,49.278995],[-123.102257,49.278986],[-123.102256,49.278976],[-123.102255,49.278967],[-123.102255,49.278958],[-123.102254,49.278949],[-123.102254,49.27894],[-123.102254,49.27893],[-123.102253,49.278921],[-123.102252,49.278315],[-123.102255,49.278241],[-123.102274,49.277749],[-123.102344,49.277699],[-123.102997,49.277667],[-123.103011,49.277666],[-123.103025,49.277666],[-123.103039,49.277665],[-123.103053,49.277665],[-123.103067,49.277665],[-123.103081,49.277664],[-123.103096,49.277664],[-123.10311,49.277664]]]]}},{"type":"Feature","properties":{"n":"Killarney Park","c":"Community","ha":13.39},"geometry":{"type":"Polygon","coordinates":[[[-123.045463,49.226317],[-123.04574,49.226317],[-123.045758,49.225971],[-123.047603,49.225983],[-123.047479,49.228331],[-123.045358,49.228308],[-123.04531,49.229214],[-123.043302,49.2292],[-123.043302,49.229143],[-123.043303,49.229143],[-123.043303,49.229134],[-123.043303,49.229125],[-123.043303,49.229116],[-123.043303,49.229107],[-123.043302,49.229098],[-123.043302,49.229089],[-123.043301,49.22908],[-123.043301,49.229071],[-123.0433,49.229062],[-123.0433,49.229053],[-123.043299,49.229044],[-123.043298,49.229035],[-123.043297,49.229026],[-123.043296,49.229017],[-123.043295,49.229008],[-123.043293,49.228998],[-123.043292,49.228989],[-123.043291,49.22898],[-123.043289,49.228971],[-123.043288,49.228962],[-123.043286,49.228954],[-123.043284,49.228945],[-123.043283,49.228936],[-123.043281,49.228927],[-123.043279,49.228918],[-123.043277,49.228909],[-123.043274,49.2289],[-123.043272,49.228891],[-123.04327,49.228882],[-123.043267,49.228873],[-123.043265,49.228864],[-123.043262,49.228855],[-123.04326,49.228846],[-123.043257,49.228838],[-123.043254,49.228829],[-123.043251,49.22882],[-123.043248,49.228811],[-123.043245,49.228802],[-123.043242,49.228793],[-123.043239,49.228785],[-123.043236,49.228776],[-123.043232,49.228767],[-123.043229,49.228758],[-123.043225,49.228749],[-123.043222,49.228741],[-123.043218,49.228732],[-123.043214,49.228723],[-123.04321,49.228715],[-123.043206,49.228706],[-123.043202,49.228697],[-123.043198,49.228689],[-123.043194,49.22868],[-123.04319,49.228672],[-123.043185,49.228663],[-123.043181,49.228654],[-123.043176,49.228646],[-123.043172,49.228637],[-123.043167,49.228629],[-123.043163,49.22862],[-123.043158,49.228612],[-123.043153,49.228603],[-123.043148,49.228595],[-123.043143,49.228587],[-123.043138,49.228578],[-123.043132,49.22857],[-123.043127,49.228561],[-123.043122,49.228553],[-123.043116,49.228545],[-123.043111,49.228536],[-123.043105,49.228528],[-123.0431,49.22852],[-123.043094,49.228512],[-123.043088,49.228504],[-123.043082,49.228495],[-123.043076,49.228487],[-123.04307,49.228479],[-123.043064,49.228471],[-123.043058,49.228463],[-123.043051,49.228455],[-123.043045,49.228447],[-123.043039,49.228439],[-123.043032,49.228431],[-123.043026,49.228423],[-123.043019,49.228415],[-123.043012,49.228407],[-123.043005,49.228399],[-123.042999,49.228391],[-123.042992,49.228383],[-123.042985,49.228376],[-123.042977,49.228368],[-123.04297,49.22836],[-123.042963,49.228352],[-123.042956,49.228345],[-123.042948,49.228337],[-123.042941,49.22833],[-123.042933,49.228322],[-123.042926,49.228314],[-123.042918,49.228307],[-123.042911,49.228299],[-123.042903,49.228292],[-123.042895,49.228284],[-123.042887,49.228277],[-123.042879,49.22827],[-123.042871,49.228262],[-123.042863,49.228255],[-123.042854,49.228248],[-123.042846,49.228241],[-123.042838,49.228233],[-123.042829,49.228226],[-123.042821,49.228219],[-123.042812,49.228212],[-123.042804,49.228205],[-123.042795,49.228198],[-123.042786,49.228191],[-123.042778,49.228184],[-123.042769,49.228177],[-123.04276,49.22817],[-123.042751,49.228163],[-123.042742,49.228156],[-123.042733,49.22815],[-123.042723,49.228143],[-123.042714,49.228136],[-123.042705,49.228129],[-123.042696,49.228123],[-123.042686,49.228116],[-123.042677,49.22811],[-123.042667,49.228103],[-123.042658,49.228096],[-123.042648,49.22809],[-123.042638,49.228084],[-123.042628,49.228077],[-123.042618,49.228071],[-123.042608,49.228065],[-123.042599,49.228058],[-123.042589,49.228052],[-123.041728,49.22752],[-123.041717,49.227514],[-123.041707,49.227508],[-123.041697,49.227501],[-123.041687,49.227495],[-123.041678,49.227488],[-123.041668,49.227482],[-123.041658,49.227475],[-123.041649,49.227469],[-123.041639,49.227462],[-123.04163,49.227455],[-123.04162,49.227448],[-123.041611,49.227442],[-123.041602,49.227435],[-123.041592,49.227428],[-123.041583,49.227421],[-123.041574,49.227414],[-123.041565,49.227407],[-123.041556,49.2274],[-123.041548,49.227393],[-123.041539,49.227386],[-123.04153,49.227378],[-123.041522,49.227371],[-123.041513,49.227364],[-123.041505,49.227356],[-123.041497,49.227349],[-123.041488,49.227342],[-123.04148,49.227334],[-123.041472,49.227327],[-123.041464,49.227319],[-123.041456,49.227312],[-123.041449,49.227304],[-123.041441,49.227296],[-123.041433,49.227289],[-123.041426,49.227281],[-123.041418,49.227273],[-123.041411,49.227266],[-123.041404,49.227258],[-123.041396,49.22725],[-123.041389,49.227242],[-123.041382,49.227234],[-123.041375,49.227226],[-123.041368,49.227218],[-123.041362,49.22721],[-123.041355,49.227202],[-123.041348,49.227194],[-123.041342,49.227186],[-123.041335,49.227178],[-123.041329,49.22717],[-123.041323,49.227161],[-123.041317,49.227153],[-123.041311,49.227145],[-123.041305,49.227137],[-123.041299,49.227128],[-123.041293,49.22712],[-123.041287,49.227112],[-123.041282,49.227103],[-123.041276,49.227095],[-123.041271,49.227086],[-123.041266,49.227078],[-123.041266,49.227077],[-123.041261,49.227069],[-123.041255,49.22706],[-123.04125,49.227051],[-123.041246,49.227043],[-123.041241,49.227034],[-123.041236,49.227026],[-123.041231,49.227017],[-123.041227,49.227008],[-123.041222,49.226999],[-123.041218,49.226991],[-123.041214,49.226982],[-123.04121,49.226973],[-123.041205,49.226964],[-123.041202,49.226956],[-123.041198,49.226947],[-123.041194,49.226938],[-123.04119,49.226929],[-123.041187,49.22692],[-123.041183,49.226911],[-123.04118,49.226902],[-123.041177,49.226893],[-123.041174,49.226884],[-123.041171,49.226875],[-123.041168,49.226866],[-123.041165,49.226857],[-123.041162,49.226848],[-123.041159,49.226839],[-123.041157,49.22683],[-123.041154,49.226821],[-123.041152,49.226812],[-123.04115,49.226803],[-123.041148,49.226794],[-123.041146,49.226785],[-123.041144,49.226776],[-123.041142,49.226767],[-123.04114,49.226758],[-123.041139,49.226748],[-123.041137,49.226739],[-123.041136,49.22673],[-123.041134,49.226721],[-123.041133,49.226712],[-123.041132,49.226703],[-123.041131,49.226693],[-123.04113,49.226684],[-123.041129,49.226675],[-123.041129,49.226666],[-123.041128,49.226657],[-123.041128,49.226648],[-123.041127,49.226638],[-123.041127,49.226629],[-123.041127,49.22662],[-123.041127,49.226611],[-123.041127,49.226602],[-123.041127,49.226592],[-123.041127,49.226583],[-123.041128,49.226574],[-123.041128,49.226565],[-123.04122,49.224861],[-123.041234,49.224852],[-123.042821,49.22485],[-123.042744,49.22632],[-123.045463,49.226317]]]}},{"type":"Feature","properties":{"n":"Nelson Park","c":"Community","ha":1.17},"geometry":{"type":"Polygon","coordinates":[[[-123.130367,49.283614],[-123.130375,49.283606],[-123.130382,49.283598],[-123.130389,49.28359],[-123.130396,49.283582],[-123.130403,49.283574],[-123.13041,49.283565],[-123.130416,49.283557],[-123.130422,49.283548],[-123.130428,49.28354],[-123.130434,49.283531],[-123.130439,49.283523],[-123.130445,49.283514],[-123.13045,49.283505],[-123.130455,49.283496],[-123.13046,49.283487],[-123.130464,49.283478],[-123.130468,49.28347],[-123.130472,49.283461],[-123.130476,49.283451],[-123.13048,49.283442],[-123.130483,49.283433],[-123.130486,49.283424],[-123.130489,49.283415],[-123.130492,49.283406],[-123.130495,49.283396],[-123.130497,49.283387],[-123.130499,49.283378],[-123.130501,49.283368],[-123.130503,49.283359],[-123.130504,49.28335],[-123.1295,49.2827],[-123.129172,49.282697],[-123.128849,49.282911],[-123.128203,49.282493],[-123.129071,49.281918],[-123.131037,49.283191],[-123.130382,49.283624],[-123.130367,49.283614]]]}},{"type":"Feature","properties":{"n":"Shannon Mews Park","c":"Local","ha":0.27},"geometry":{"type":"Polygon","coordinates":[[[-123.141279,49.219924],[-123.14125,49.219923],[-123.141247,49.219923],[-123.141221,49.219923],[-123.141222,49.219912],[-123.141234,49.219475],[-123.141343,49.219477],[-123.141718,49.219482],[-123.141839,49.219483],[-123.141925,49.219484],[-123.142008,49.219485],[-123.141995,49.219933],[-123.141938,49.219932],[-123.141937,49.219953],[-123.141921,49.219953],[-123.141905,49.219953],[-123.141712,49.219951],[-123.141704,49.219945],[-123.141696,49.219939],[-123.141687,49.219935],[-123.141677,49.21993],[-123.141667,49.219926],[-123.141656,49.219923],[-123.141645,49.219921],[-123.141633,49.219919],[-123.141622,49.219918],[-123.14161,49.219917],[-123.141598,49.219918],[-123.141586,49.219918],[-123.141575,49.21992],[-123.141563,49.219922],[-123.141552,49.219925],[-123.141542,49.219928],[-123.141532,49.219933],[-123.141522,49.219937],[-123.141514,49.219942],[-123.141506,49.219948],[-123.141279,49.219945],[-123.141279,49.219924]]]}},{"type":"Feature","properties":{"n":"Devonshire Park","c":"Neighbourhood","ha":1.53},"geometry":{"type":"Polygon","coordinates":[[[-123.132291,49.245163],[-123.132292,49.245154],[-123.132293,49.245145],[-123.132294,49.245136],[-123.132296,49.245126],[-123.132297,49.245117],[-123.132299,49.245108],[-123.132301,49.245099],[-123.132303,49.24509],[-123.132305,49.24508],[-123.132307,49.245071],[-123.132309,49.245062],[-123.132311,49.245053],[-123.132314,49.245044],[-123.132316,49.245035],[-123.132319,49.245026],[-123.132322,49.245017],[-123.132325,49.245008],[-123.132328,49.244999],[-123.132331,49.244989],[-123.132335,49.24498],[-123.132338,49.24497],[-123.132342,49.244961],[-123.132346,49.244952],[-123.13235,49.244943],[-123.132354,49.244933],[-123.132358,49.244924],[-123.132362,49.244915],[-123.132366,49.244906],[-123.132371,49.244896],[-123.132376,49.244887],[-123.13238,49.244878],[-123.132385,49.244869],[-123.13239,49.24486],[-123.132395,49.244851],[-123.1324,49.244842],[-123.132406,49.244833],[-123.132411,49.244824],[-123.132732,49.244361],[-123.133213,49.244498],[-123.135134,49.245044],[-123.135125,49.245051],[-123.135117,49.245059],[-123.135108,49.245066],[-123.135099,49.245073],[-123.13509,49.245081],[-123.135082,49.245088],[-123.135073,49.245095],[-123.135064,49.245102],[-123.135055,49.24511],[-123.135046,49.245117],[-123.135036,49.245124],[-123.135027,49.245131],[-123.135018,49.245138],[-123.135008,49.245145],[-123.134999,49.245152],[-123.134989,49.245159],[-123.13498,49.245165],[-123.13497,49.245172],[-123.13496,49.245179],[-123.134951,49.245186],[-123.134941,49.245192],[-123.134931,49.245199],[-123.134921,49.245206],[-123.134911,49.245212],[-123.1349,49.245219],[-123.13489,49.245225],[-123.13488,49.245232],[-123.134867,49.24524],[-123.134857,49.245247],[-123.134847,49.245253],[-123.134837,49.24526],[-123.134828,49.245266],[-123.134818,49.245273],[-123.134808,49.24528],[-123.134799,49.245286],[-123.134789,49.245293],[-123.13478,49.2453],[-123.134771,49.245307],[-123.134762,49.245314],[-123.134752,49.245321],[-123.134743,49.245328],[-123.134735,49.245335],[-123.134726,49.245342],[-123.134717,49.245349],[-123.134708,49.245356],[-123.1347,49.245364],[-123.134691,49.245371],[-123.134683,49.245378],[-123.134674,49.245386],[-123.134666,49.245393],[-123.134658,49.2454],[-123.13465,49.245408],[-123.134642,49.245415],[-123.134634,49.245423],[-123.134627,49.245431],[-123.134619,49.245438],[-123.134611,49.245446],[-123.134604,49.245454],[-123.134596,49.245462],[-123.134589,49.24547],[-123.134582,49.245477],[-123.134575,49.245485],[-123.134568,49.245493],[-123.134561,49.245501],[-123.134554,49.245509],[-123.134547,49.245517],[-123.134541,49.245525],[-123.134534,49.245533],[-123.134528,49.245542],[-123.134521,49.24555],[-123.134515,49.245558],[-123.134509,49.245566],[-123.134503,49.245575],[-123.134497,49.245583],[-123.134491,49.245591],[-123.134486,49.2456],[-123.13448,49.245608],[-123.134475,49.245616],[-123.134469,49.245625],[-123.134464,49.245633],[-123.134459,49.245642],[-123.134364,49.245613],[-123.134235,49.245575],[-123.134104,49.245539],[-123.133973,49.245504],[-123.13384,49.245471],[-123.133707,49.245439],[-123.133573,49.245408],[-123.133438,49.24538],[-123.133302,49.245352],[-123.133166,49.245327],[-123.133028,49.245303],[-123.132891,49.24528],[-123.132753,49.245259],[-123.13273,49.245256],[-123.132716,49.245254],[-123.132702,49.245252],[-123.132689,49.24525],[-123.132675,49.245248],[-123.132661,49.245246],[-123.132648,49.245244],[-123.132634,49.245242],[-123.132621,49.245239],[-123.132607,49.245237],[-123.132593,49.245235],[-123.13258,49.245232],[-123.132567,49.24523],[-123.132553,49.245227],[-123.13254,49.245224],[-123.132526,49.245222],[-123.132513,49.245219],[-123.1325,49.245216],[-123.132486,49.245213],[-123.132473,49.24521],[-123.13246,49.245207],[-123.132447,49.245204],[-123.132433,49.245201],[-123.13242,49.245198],[-123.132407,49.245195],[-123.132394,49.245192],[-123.132381,49.245188],[-123.132368,49.245185],[-123.132355,49.245181],[-123.132342,49.245178],[-123.132329,49.245174],[-123.132316,49.245171],[-123.132303,49.245167],[-123.132291,49.245163]]]}},{"type":"Feature","properties":{"n":"Nat Bailey Stadium Park","c":"Destination","ha":6.22},"geometry":{"type":"Polygon","coordinates":[[[-123.106544,49.24098],[-123.108841,49.242998],[-123.105995,49.244385],[-123.105994,49.244385],[-123.105993,49.244385],[-123.105992,49.244386],[-123.105991,49.244386],[-123.105991,49.244387],[-123.10599,49.244387],[-123.105989,49.244387],[-123.105988,49.244388],[-123.105987,49.244388],[-123.105986,49.244389],[-123.105985,49.244389],[-123.105984,49.24439],[-123.105983,49.24439],[-123.105983,49.24439],[-123.105982,49.244391],[-123.105981,49.244391],[-123.10598,49.244392],[-123.105979,49.244392],[-123.105978,49.244392],[-123.105977,49.244393],[-123.105976,49.244393],[-123.105975,49.244394],[-123.105975,49.244394],[-123.105974,49.244394],[-123.105973,49.244395],[-123.105972,49.244395],[-123.105971,49.244396],[-123.10597,49.244396],[-123.105969,49.244396],[-123.105968,49.244397],[-123.105967,49.244397],[-123.105966,49.244398],[-123.105965,49.244398],[-123.105965,49.244398],[-123.105964,49.244399],[-123.105963,49.244399],[-123.105962,49.2444],[-123.105961,49.2444],[-123.10596,49.2444],[-123.105959,49.244401],[-123.105958,49.244401],[-123.105957,49.244401],[-123.105956,49.244402],[-123.105955,49.244402],[-123.105954,49.244403],[-123.105954,49.244403],[-123.105953,49.244403],[-123.105952,49.244404],[-123.105951,49.244404],[-123.10595,49.244404],[-123.105949,49.244405],[-123.105948,49.244405],[-123.105947,49.244406],[-123.105946,49.244406],[-123.105945,49.244406],[-123.105944,49.244407],[-123.105943,49.244407],[-123.105942,49.244407],[-123.105941,49.244408],[-123.10594,49.244408],[-123.10594,49.244408],[-123.105939,49.244409],[-123.105938,49.244409],[-123.105937,49.24441],[-123.105936,49.24441],[-123.105935,49.24441],[-123.105934,49.244411],[-123.105933,49.244411],[-123.105932,49.244411],[-123.105931,49.244412],[-123.10593,49.244412],[-123.105929,49.244412],[-123.105928,49.244413],[-123.105927,49.244413],[-123.105926,49.244413],[-123.105925,49.244414],[-123.105924,49.244414],[-123.105923,49.244414],[-123.105922,49.244415],[-123.105921,49.244415],[-123.10592,49.244415],[-123.10592,49.244416],[-123.105919,49.244416],[-123.105918,49.244416],[-123.105917,49.244417],[-123.105916,49.244417],[-123.105915,49.244417],[-123.105914,49.244418],[-123.105913,49.244418],[-123.105912,49.244418],[-123.105911,49.244419],[-123.10591,49.244419],[-123.105909,49.244419],[-123.105908,49.24442],[-123.105907,49.24442],[-123.105906,49.24442],[-123.105905,49.244421],[-123.105904,49.244421],[-123.105903,49.244421],[-123.105902,49.244422],[-123.105901,49.244422],[-123.1059,49.244422],[-123.105899,49.244422],[-123.105898,49.244423],[-123.105897,49.244423],[-123.105896,49.244423],[-123.105895,49.244424],[-123.105894,49.244424],[-123.105893,49.244424],[-123.105892,49.244425],[-123.105891,49.244425],[-123.10589,49.244425],[-123.105889,49.244425],[-123.105888,49.244426],[-123.105887,49.244426],[-123.105886,49.244426],[-123.105885,49.244427],[-123.105884,49.244427],[-123.105883,49.244427],[-123.105882,49.244428],[-123.105881,49.244428],[-123.10588,49.244428],[-123.105879,49.244428],[-123.105878,49.244429],[-123.105877,49.244429],[-123.105876,49.244429],[-123.105875,49.24443],[-123.105874,49.24443],[-123.105873,49.24443],[-123.105872,49.24443],[-123.105871,49.244431],[-123.10587,49.244431],[-123.105869,49.244431],[-123.105868,49.244431],[-123.105867,49.244432],[-123.105866,49.244432],[-123.105865,49.244432],[-123.105864,49.244433],[-123.105863,49.244433],[-123.105862,49.244433],[-123.105861,49.244433],[-123.10586,49.244434],[-123.105859,49.244434],[-123.105858,49.244434],[-123.105857,49.244434],[-123.105856,49.244435],[-123.105855,49.244435],[-123.105854,49.244435],[-123.105853,49.244435],[-123.105852,49.244436],[-123.105851,49.244436],[-123.10585,49.244436],[-123.105849,49.244436],[-123.105848,49.244437],[-123.105847,49.244437],[-123.105846,49.244437],[-123.105845,49.244437],[-123.105844,49.244438],[-123.105843,49.244438],[-123.105842,49.244438],[-123.105841,49.244438],[-123.10584,49.244439],[-123.105839,49.244439],[-123.105838,49.244439],[-123.105837,49.244439],[-123.105836,49.24444],[-123.105835,49.24444],[-123.105834,49.24444],[-123.105833,49.24444],[-123.105832,49.24444],[-123.105831,49.244441],[-123.10583,49.244441],[-123.105829,49.244441],[-123.105827,49.244441],[-123.105826,49.244442],[-123.105825,49.244442],[-123.105824,49.244442],[-123.105823,49.244442],[-123.105822,49.244442],[-123.105821,49.244443],[-123.10582,49.244443],[-123.105819,49.244443],[-123.105818,49.244443],[-123.105817,49.244443],[-123.105816,49.244444],[-123.105815,49.244444],[-123.105814,49.244444],[-123.105813,49.244444],[-123.105812,49.244445],[-123.105811,49.244445],[-123.10581,49.244445],[-123.105809,49.244445],[-123.105808,49.244445],[-123.105807,49.244446],[-123.105806,49.244446],[-123.105805,49.244446],[-123.105804,49.244446],[-123.105802,49.244446],[-123.105801,49.244446],[-123.1058,49.244447],[-123.105799,49.244447],[-123.105798,49.244447],[-123.105797,49.244447],[-123.105796,49.244447],[-123.105795,49.244448],[-123.105794,49.244448],[-123.105793,49.244448],[-123.105792,49.244448],[-123.105791,49.244448],[-123.10579,49.244448],[-123.105789,49.244449],[-123.105788,49.244449],[-123.105787,49.244449],[-123.105786,49.244449],[-123.105785,49.244449],[-123.105784,49.24445],[-123.105782,49.24445],[-123.105781,49.24445],[-123.10578,49.24445],[-123.105779,49.24445],[-123.105778,49.24445],[-123.105777,49.244451],[-123.105776,49.244451],[-123.105775,49.244451],[-123.105774,49.244451],[-123.105773,49.244451],[-123.105772,49.244451],[-123.105771,49.244451],[-123.10577,49.244452],[-123.105769,49.244452],[-123.105768,49.244452],[-123.105767,49.244452],[-123.105765,49.244452],[-123.105764,49.244452],[-123.105763,49.244452],[-123.105762,49.244453],[-123.105761,49.244453],[-123.10576,49.244453],[-123.105759,49.244453],[-123.105758,49.244453],[-123.105757,49.244453],[-123.105756,49.244453],[-123.105755,49.244454],[-123.105754,49.244454],[-123.105753,49.244454],[-123.105752,49.244454],[-123.105751,49.244454],[-123.105749,49.244454],[-123.105748,49.244454],[-123.105747,49.244454],[-123.105746,49.244455],[-123.105745,49.244455],[-123.105744,49.244455],[-123.105743,49.244455],[-123.105742,49.244455],[-123.105741,49.244455],[-123.10574,49.244455],[-123.105739,49.244455],[-123.105738,49.244456],[-123.105737,49.244456],[-123.105735,49.244456],[-123.105734,49.244456],[-123.105733,49.244456],[-123.105732,49.244456],[-123.105731,49.244456],[-123.10573,49.244456],[-123.105729,49.244456],[-123.105728,49.244457],[-123.105727,49.244457],[-123.105726,49.244457],[-123.105725,49.244457],[-123.105724,49.244457],[-123.105723,49.244457],[-123.105721,49.244457],[-123.10572,49.244457],[-123.105719,49.244457],[-123.105718,49.244457],[-123.105717,49.244457],[-123.105716,49.244458],[-123.105715,49.244458],[-123.105714,49.244458],[-123.105713,49.244458],[-123.105712,49.244458],[-123.105711,49.244458],[-123.10571,49.244458],[-123.105709,49.244458],[-123.105707,49.244458],[-123.105706,49.244458],[-123.105705,49.244458],[-123.105704,49.244458],[-123.105703,49.244458],[-123.105702,49.244459],[-123.105701,49.244459],[-123.1057,49.244459],[-123.105699,49.244459],[-123.105698,49.244459],[-123.105697,49.244459],[-123.105695,49.244459],[-123.105694,49.244459],[-123.105693,49.244459],[-123.105692,49.244459],[-123.105691,49.244459],[-123.10569,49.244459],[-123.105689,49.244459],[-123.105688,49.244459],[-123.105687,49.244459],[-123.105686,49.244459],[-123.105685,49.24446],[-123.105684,49.24446],[-123.105682,49.24446],[-123.105681,49.24446],[-123.10568,49.24446],[-123.105679,49.24446],[-123.105678,49.24446],[-123.105677,49.24446],[-123.105676,49.24446],[-123.105675,49.24446],[-123.105674,49.24446],[-123.105673,49.24446],[-123.105672,49.24446],[-123.105671,49.24446],[-123.105669,49.24446],[-123.105668,49.24446],[-123.105667,49.24446],[-123.105666,49.24446],[-123.105665,49.24446],[-123.105664,49.24446],[-123.105663,49.24446],[-123.105662,49.24446],[-123.105661,49.24446],[-123.10566,49.24446],[-123.105659,49.24446],[-123.105657,49.24446],[-123.105656,49.24446],[-123.105655,49.24446],[-123.105654,49.24446],[-123.105653,49.24446],[-123.105652,49.24446],[-123.105651,49.24446],[-123.10565,49.24446],[-123.105649,49.24446],[-123.105648,49.24446],[-123.105647,49.24446],[-123.105645,49.24446],[-123.105644,49.24446],[-123.105643,49.24446],[-123.105642,49.24446],[-123.105641,49.24446],[-123.10564,49.24446],[-123.105639,49.24446],[-123.105638,49.24446],[-123.105637,49.24446],[-123.105636,49.24446],[-123.105635,49.24446],[-123.105634,49.24446],[-123.105632,49.24446],[-123.105631,49.24446],[-123.10563,49.24446],[-123.105629,49.24446],[-123.105626,49.24446],[-123.105323,49.244455],[-123.10537,49.243444],[-123.105489,49.240689],[-123.105704,49.240693],[-123.105706,49.240693],[-123.105709,49.240694],[-123.105712,49.240694],[-123.105715,49.240694],[-123.105717,49.240694],[-123.10572,49.240694],[-123.105723,49.240694],[-123.105726,49.240694],[-123.105728,49.240694],[-123.105731,49.240694],[-123.105734,49.240694],[-123.105736,49.240694],[-123.105739,49.240695],[-123.105742,49.240695],[-123.105745,49.240695],[-123.105747,49.240695],[-123.10575,49.240695],[-123.105753,49.240695],[-123.105755,49.240695],[-123.105758,49.240695],[-123.105761,49.240696],[-123.105764,49.240696],[-123.105766,49.240696],[-123.105769,49.240696],[-123.105772,49.240696],[-123.105775,49.240696],[-123.105777,49.240697],[-123.10578,49.240697],[-123.105783,49.240697],[-123.105785,49.240697],[-123.105788,49.240697],[-123.105791,49.240697],[-123.105794,49.240698],[-123.105796,49.240698],[-123.105799,49.240698],[-123.105802,49.240698],[-123.105804,49.240698],[-123.105807,49.240699],[-123.10581,49.240699],[-123.105812,49.240699],[-123.105815,49.240699],[-123.105818,49.2407],[-123.105821,49.2407],[-123.105823,49.2407],[-123.105826,49.2407],[-123.105829,49.240701],[-123.105831,49.240701],[-123.105834,49.240701],[-123.105837,49.240701],[-123.105839,49.240702],[-123.105842,49.240702],[-123.105845,49.240702],[-123.105848,49.240703],[-123.10585,49.240703],[-123.105853,49.240703],[-123.105856,49.240703],[-123.105858,49.240704],[-123.105861,49.240704],[-123.105864,49.240704],[-123.105866,49.240705],[-123.105869,49.240705],[-123.105872,49.240705],[-123.105874,49.240706],[-123.105877,49.240706],[-123.10588,49.240706],[-123.105882,49.240707],[-123.105885,49.240707],[-123.105888,49.240707],[-123.105891,49.240708],[-123.105893,49.240708],[-123.105896,49.240708],[-123.105899,49.240709],[-123.105901,49.240709],[-123.105904,49.24071],[-123.105907,49.24071],[-123.105909,49.24071],[-123.105912,49.240711],[-123.105915,49.240711],[-123.105917,49.240712],[-123.10592,49.240712],[-123.105922,49.240712],[-123.105925,49.240713],[-123.105928,49.240713],[-123.10593,49.240714],[-123.105933,49.240714],[-123.105936,49.240714],[-123.105938,49.240715],[-123.105941,49.240715],[-123.105944,49.240716],[-123.105946,49.240716],[-123.105949,49.240717],[-123.105952,49.240717],[-123.105954,49.240718],[-123.105957,49.240718],[-123.10596,49.240719],[-123.105962,49.240719],[-123.105965,49.24072],[-123.105967,49.24072],[-123.10597,49.240721],[-123.105973,49.240721],[-123.105975,49.240722],[-123.105978,49.240722],[-123.105981,49.240723],[-123.105983,49.240723],[-123.105986,49.240724],[-123.105988,49.240724],[-123.105991,49.240725],[-123.105994,49.240725],[-123.105996,49.240726],[-123.105999,49.240726],[-123.106001,49.240727],[-123.106004,49.240727],[-123.106007,49.240728],[-123.106009,49.240728],[-123.106012,49.240729],[-123.106014,49.240729],[-123.106017,49.24073],[-123.10602,49.240731],[-123.106022,49.240731],[-123.106025,49.240732],[-123.106027,49.240732],[-123.10603,49.240733],[-123.106032,49.240734],[-123.106035,49.240734],[-123.106038,49.240735],[-123.10604,49.240735],[-123.106043,49.240736],[-123.106045,49.240737],[-123.106048,49.240737],[-123.10605,49.240738],[-123.106053,49.240738],[-123.106056,49.240739],[-123.106058,49.24074],[-123.106061,49.24074],[-123.106063,49.240741],[-123.106066,49.240742],[-123.106068,49.240742],[-123.106071,49.240743],[-123.106073,49.240744],[-123.106076,49.240744],[-123.106078,49.240745],[-123.106081,49.240746],[-123.106083,49.240746],[-123.106086,49.240747],[-123.106089,49.240748],[-123.106091,49.240748],[-123.106094,49.240749],[-123.106096,49.24075],[-123.106099,49.24075],[-123.106101,49.240751],[-123.106104,49.240752],[-123.106106,49.240752],[-123.106109,49.240753],[-123.106111,49.240754],[-123.106114,49.240755],[-123.106116,49.240755],[-123.106119,49.240756],[-123.106121,49.240757],[-123.106124,49.240758],[-123.106126,49.240758],[-123.106128,49.240759],[-123.106131,49.24076],[-123.106133,49.240761],[-123.106136,49.240761],[-123.106138,49.240762],[-123.106141,49.240763],[-123.106143,49.240764],[-123.106146,49.240764],[-123.106148,49.240765],[-123.106151,49.240766],[-123.106153,49.240767],[-123.106156,49.240768],[-123.106158,49.240768],[-123.10616,49.240769],[-123.106163,49.24077],[-123.106165,49.240771],[-123.106168,49.240772],[-123.10617,49.240772],[-123.106173,49.240773],[-123.106175,49.240774],[-123.106177,49.240775],[-123.10618,49.240776],[-123.106182,49.240777],[-123.106185,49.240777],[-123.106187,49.240778],[-123.106189,49.240779],[-123.106192,49.24078],[-123.106194,49.240781],[-123.106197,49.240782],[-123.106199,49.240783],[-123.106201,49.240783],[-123.106204,49.240784],[-123.106206,49.240785],[-123.106209,49.240786],[-123.106211,49.240787],[-123.106213,49.240788],[-123.106216,49.240789],[-123.106218,49.24079],[-123.10622,49.240791],[-123.106223,49.240791],[-123.106225,49.240792],[-123.106227,49.240793],[-123.10623,49.240794],[-123.106232,49.240795],[-123.106234,49.240796],[-123.106237,49.240797],[-123.106239,49.240798],[-123.106241,49.240799],[-123.106244,49.2408],[-123.106246,49.240801],[-123.106248,49.240802],[-123.106251,49.240803],[-123.106253,49.240804],[-123.106255,49.240804],[-123.106258,49.240805],[-123.10626,49.240806],[-123.106262,49.240807],[-123.106265,49.240808],[-123.106267,49.240809],[-123.106269,49.24081],[-123.106271,49.240811],[-123.106274,49.240812],[-123.106276,49.240813],[-123.106278,49.240814],[-123.10628,49.240815],[-123.106283,49.240816],[-123.106285,49.240817],[-123.106287,49.240818],[-123.106289,49.240819],[-123.106292,49.24082],[-123.106294,49.240821],[-123.106296,49.240822],[-123.106298,49.240823],[-123.106301,49.240824],[-123.106303,49.240825],[-123.106305,49.240826],[-123.106307,49.240828],[-123.10631,49.240829],[-123.106312,49.24083],[-123.106314,49.240831],[-123.106316,49.240832],[-123.106318,49.240833],[-123.106321,49.240834],[-123.106323,49.240835],[-123.106325,49.240836],[-123.106327,49.240837],[-123.106329,49.240838],[-123.106331,49.240839],[-123.106334,49.24084],[-123.106336,49.240841],[-123.106338,49.240843],[-123.10634,49.240844],[-123.106342,49.240845],[-123.106344,49.240846],[-123.106347,49.240847],[-123.106349,49.240848],[-123.106351,49.240849],[-123.106353,49.24085],[-123.106355,49.240851],[-123.106357,49.240853],[-123.106359,49.240854],[-123.106361,49.240855],[-123.106363,49.240856],[-123.106366,49.240857],[-123.106368,49.240858],[-123.10637,49.240859],[-123.106372,49.24086],[-123.106374,49.240862],[-123.106376,49.240863],[-123.106378,49.240864],[-123.10638,49.240865],[-123.106382,49.240866],[-123.106384,49.240867],[-123.106386,49.240869],[-123.106388,49.24087],[-123.10639,49.240871],[-123.106393,49.240872],[-123.106395,49.240873],[-123.106397,49.240875],[-123.106399,49.240876],[-123.106401,49.240877],[-123.106403,49.240878],[-123.106405,49.240879],[-123.106407,49.240881],[-123.106409,49.240882],[-123.106411,49.240883],[-123.106413,49.240884],[-123.106415,49.240885],[-123.106417,49.240887],[-123.106419,49.240888],[-123.106421,49.240889],[-123.106423,49.24089],[-123.106425,49.240892],[-123.106427,49.240893],[-123.106429,49.240894],[-123.106431,49.240895],[-123.106432,49.240897],[-123.106434,49.240898],[-123.106436,49.240899],[-123.106438,49.2409],[-123.10644,49.240902],[-123.106442,49.240903],[-123.106444,49.240904],[-123.106446,49.240905],[-123.106448,49.240907],[-123.10645,49.240908],[-123.106452,49.240909],[-123.106454,49.24091],[-123.106456,49.240912],[-123.106457,49.240913],[-123.106459,49.240914],[-123.106461,49.240916],[-123.106463,49.240917],[-123.106465,49.240918],[-123.106467,49.24092],[-123.106469,49.240921],[-123.106471,49.240922],[-123.106472,49.240923],[-123.106474,49.240925],[-123.106476,49.240926],[-123.106478,49.240927],[-123.10648,49.240929],[-123.106482,49.24093],[-123.106483,49.240931],[-123.106485,49.240933],[-123.106487,49.240934],[-123.106489,49.240935],[-123.106491,49.240937],[-123.106492,49.240938],[-123.106494,49.240939],[-123.106496,49.240941],[-123.106498,49.240942],[-123.1065,49.240944],[-123.106501,49.240945],[-123.106503,49.240946],[-123.106505,49.240948],[-123.106507,49.240949],[-123.106508,49.24095],[-123.10651,49.240952],[-123.106512,49.240953],[-123.106514,49.240954],[-123.106515,49.240956],[-123.106517,49.240957],[-123.106519,49.240959],[-123.10652,49.24096],[-123.106522,49.240961],[-123.106524,49.240963],[-123.106525,49.240964],[-123.106527,49.240966],[-123.106529,49.240967],[-123.106531,49.240968],[-123.106532,49.24097],[-123.106534,49.240971],[-123.106536,49.240973],[-123.106537,49.240974],[-123.106539,49.240976],[-123.10654,49.240977],[-123.106542,49.240978],[-123.106544,49.24098]]]}},{"type":"Feature","properties":{"n":"May & Lorne Brown Park","c":"Local","ha":0.25},"geometry":{"type":"Polygon","coordinates":[[[-123.131515,49.27506],[-123.131822,49.274857],[-123.131899,49.274907],[-123.131976,49.274957],[-123.132054,49.275008],[-123.132131,49.275058],[-123.132208,49.275108],[-123.132301,49.275168],[-123.13244,49.275258],[-123.132517,49.275308],[-123.132595,49.275358],[-123.132288,49.275561],[-123.132211,49.275511],[-123.132133,49.275461],[-123.131994,49.27537],[-123.131901,49.275311],[-123.131824,49.275261],[-123.131747,49.27521],[-123.131669,49.27516],[-123.131592,49.27511],[-123.131515,49.27506]]]}},{"type":"Feature","properties":{"n":"Street End - Wall St @ Slocan","c":"Local","ha":0.12},"geometry":{"type":"Polygon","coordinates":[[[-123.049094,49.292595],[-123.049095,49.2925],[-123.049096,49.292313],[-123.049102,49.292206],[-123.049431,49.292273],[-123.049451,49.292276],[-123.04947,49.292273],[-123.049514,49.292265],[-123.049513,49.292317],[-123.049512,49.292499],[-123.049511,49.292585],[-123.049373,49.292593],[-123.049233,49.292596],[-123.049094,49.292595]]]}},{"type":"Feature","properties":{"n":"W.C. Shelly Park","c":"Neighbourhood","ha":0.3},"geometry":{"type":"Polygon","coordinates":[[[-123.073482,49.262873],[-123.073476,49.263207],[-123.072371,49.263198],[-123.071818,49.263196],[-123.071825,49.262861],[-123.072377,49.262865],[-123.073482,49.262873]]]}},{"type":"Feature","properties":{"n":"CRAB Park at Portside","c":"Community","ha":3.3},"geometry":{"type":"Polygon","coordinates":[[[-123.103271,49.286306],[-123.103182,49.286264],[-123.103134,49.286217],[-123.103102,49.286107],[-123.103102,49.286033],[-123.103117,49.28586],[-123.103117,49.285739],[-123.103101,49.285671],[-123.103044,49.285582],[-123.102972,49.285519],[-123.102859,49.285461],[-123.102723,49.285409],[-123.102434,49.285362],[-123.102177,49.285357],[-123.101968,49.285388],[-123.101759,49.285409],[-123.101607,49.285436],[-123.101494,49.285457],[-123.101286,49.285478],[-123.101037,49.285505],[-123.100804,49.285521],[-123.100322,49.285521],[-123.099889,49.285527],[-123.099535,49.285501],[-123.09931,49.285454],[-123.099167,49.2854],[-123.098892,49.285123],[-123.098884,49.284987],[-123.09906,49.284944],[-123.099149,49.28506],[-123.099237,49.285154],[-123.099342,49.285233],[-123.099527,49.285301],[-123.09976,49.285348],[-123.099977,49.285364],[-123.100201,49.285343],[-123.10037,49.285295],[-123.100538,49.285216],[-123.100683,49.285106],[-123.100819,49.284896],[-123.100859,49.284775],[-123.10089,49.284612],[-123.100939,49.28457],[-123.100979,49.284533],[-123.101091,49.284517],[-123.101308,49.284512],[-123.103034,49.284547],[-123.103171,49.284552],[-123.103315,49.284568],[-123.10354,49.284604],[-123.10407,49.284764],[-123.104015,49.286055],[-123.103951,49.286065],[-123.103897,49.286122],[-123.103849,49.286222],[-123.103777,49.286311],[-123.103696,49.286343],[-123.10356,49.286374],[-123.103423,49.286364],[-123.103359,49.286348],[-123.103271,49.286306]]]}},{"type":"Feature","properties":{"n":"Barclay Heritage Square","c":"Neighbourhood","ha":0.63},"geometry":{"type":"MultiPolygon","coordinates":[[[[-123.131863,49.286761],[-123.132055,49.286633],[-123.132252,49.28676],[-123.132059,49.286888],[-123.131953,49.286959],[-123.131757,49.286831],[-123.131863,49.286761]]],[[[-123.132095,49.287379],[-123.131797,49.287191],[-123.131482,49.2874],[-123.131383,49.287336],[-123.131186,49.287209],[-123.131283,49.287145],[-123.131479,49.287272],[-123.131524,49.287296],[-123.13181,49.287107],[-123.131867,49.287144],[-123.131892,49.28716],[-123.131987,49.287095],[-123.131983,49.287092],[-123.132374,49.28684],[-123.132448,49.286888],[-123.132645,49.287015],[-123.132841,49.287142],[-123.133038,49.28727],[-123.132765,49.28745],[-123.132652,49.287525],[-123.132555,49.28759],[-123.132402,49.287691],[-123.132169,49.287845],[-123.131875,49.287655],[-123.131776,49.287591],[-123.132095,49.287379]]]]}},{"type":"Feature","properties":{"n":"Gladstone-Riverside Park","c":"Local","ha":1.13},"geometry":{"type":"Polygon","coordinates":[[[-123.05969,49.205747],[-123.059415,49.205717],[-123.059401,49.205715],[-123.059388,49.205714],[-123.059374,49.205713],[-123.05936,49.205711],[-123.059347,49.20571],[-123.059333,49.205708],[-123.059319,49.205707],[-123.059306,49.205706],[-123.059292,49.205704],[-123.059279,49.205703],[-123.059265,49.205702],[-123.059251,49.2057],[-123.059237,49.205699],[-123.059224,49.205698],[-123.05921,49.205696],[-123.059197,49.205695],[-123.059183,49.205694],[-123.059169,49.205692],[-123.059155,49.205691],[-123.059142,49.20569],[-123.059128,49.205689],[-123.059114,49.205687],[-123.059101,49.205686],[-123.059101,49.205686],[-123.059087,49.205685],[-123.059073,49.205684],[-123.05906,49.205682],[-123.059046,49.205681],[-123.059032,49.20568],[-123.059019,49.205679],[-123.059005,49.205678],[-123.058991,49.205676],[-123.058978,49.205675],[-123.058964,49.205674],[-123.05895,49.205673],[-123.058937,49.205672],[-123.058923,49.20567],[-123.058909,49.205669],[-123.058895,49.205668],[-123.058882,49.205667],[-123.058868,49.205666],[-123.058854,49.205665],[-123.058841,49.205664],[-123.058837,49.205663],[-123.058827,49.205663],[-123.058813,49.205662],[-123.058799,49.20566],[-123.058786,49.205659],[-123.058772,49.205658],[-123.058758,49.205657],[-123.058745,49.205656],[-123.058731,49.205655],[-123.058717,49.205654],[-123.058703,49.205653],[-123.05869,49.205652],[-123.058676,49.205651],[-123.058662,49.20565],[-123.058648,49.205649],[-123.058635,49.205648],[-123.058621,49.205647],[-123.058607,49.205646],[-123.058594,49.205645],[-123.05858,49.205644],[-123.058573,49.205644],[-123.058566,49.205643],[-123.058552,49.205642],[-123.058539,49.205641],[-123.058525,49.20564],[-123.058511,49.205639],[-123.058497,49.205639],[-123.058484,49.205638],[-123.05847,49.205637],[-123.058456,49.205636],[-123.058442,49.205635],[-123.058429,49.205634],[-123.058415,49.205633],[-123.058401,49.205632],[-123.058387,49.205632],[-123.058374,49.205631],[-123.05836,49.20563],[-123.058346,49.205629],[-123.058332,49.205628],[-123.058319,49.205627],[-123.058305,49.205627],[-123.058291,49.205626],[-123.058277,49.205625],[-123.058264,49.205624],[-123.05825,49.205623],[-123.058236,49.205623],[-123.058222,49.205622],[-123.058209,49.205621],[-123.058195,49.20562],[-123.058181,49.20562],[-123.058167,49.205619],[-123.058154,49.205618],[-123.05814,49.205617],[-123.058126,49.205617],[-123.058112,49.205616],[-123.058098,49.205615],[-123.058085,49.205615],[-123.058071,49.205614],[-123.058057,49.205613],[-123.058043,49.205613],[-123.05803,49.205612],[-123.058016,49.205611],[-123.058002,49.205611],[-123.057988,49.20561],[-123.057974,49.205609],[-123.057961,49.205609],[-123.057947,49.205608],[-123.057933,49.205608],[-123.057919,49.205607],[-123.057906,49.205607],[-123.057892,49.205606],[-123.057878,49.205605],[-123.057864,49.205605],[-123.05785,49.205604],[-123.057837,49.205604],[-123.057823,49.205603],[-123.057809,49.205603],[-123.057795,49.205602],[-123.057781,49.205602],[-123.057776,49.205601],[-123.057768,49.205601],[-123.057754,49.205601],[-123.05774,49.2056],[-123.057735,49.2056],[-123.057726,49.2056],[-123.057713,49.205599],[-123.057699,49.205599],[-123.057685,49.205598],[-123.057671,49.205598],[-123.057657,49.205597],[-123.057644,49.205597],[-123.05763,49.205596],[-123.057616,49.205596],[-123.057602,49.205596],[-123.057588,49.205595],[-123.057575,49.205595],[-123.057561,49.205594],[-123.057547,49.205594],[-123.057533,49.205594],[-123.057519,49.205593],[-123.057508,49.205593],[-123.057506,49.205593],[-123.057492,49.205593],[-123.057478,49.205592],[-123.057464,49.205592],[-123.05745,49.205592],[-123.057436,49.205591],[-123.057423,49.205591],[-123.057409,49.205591],[-123.057395,49.20559],[-123.057381,49.20559],[-123.057368,49.20559],[-123.057354,49.205589],[-123.05734,49.205589],[-123.057326,49.205589],[-123.057312,49.205589],[-123.057298,49.205588],[-123.057285,49.205588],[-123.057271,49.205588],[-123.057257,49.205588],[-123.057244,49.205588],[-123.057243,49.205588],[-123.057229,49.205587],[-123.057216,49.205587],[-123.057202,49.205587],[-123.057188,49.205587],[-123.057174,49.205587],[-123.05716,49.205586],[-123.057147,49.205586],[-123.057133,49.205586],[-123.057119,49.205586],[-123.057105,49.205586],[-123.057091,49.205586],[-123.057077,49.205586],[-123.057064,49.205585],[-123.05705,49.205585],[-123.057036,49.205585],[-123.057022,49.205585],[-123.057008,49.205585],[-123.056995,49.205585],[-123.056981,49.205585],[-123.056705,49.205581],[-123.056703,49.205468],[-123.056702,49.20535],[-123.056706,49.205351],[-123.056716,49.205354],[-123.056735,49.205359],[-123.056752,49.205366],[-123.05678,49.205378],[-123.056807,49.205396],[-123.056829,49.205413],[-123.056839,49.205428],[-123.056843,49.205436],[-123.056845,49.205439],[-123.056851,49.205441],[-123.056857,49.205442],[-123.056866,49.205442],[-123.056874,49.205441],[-123.056881,49.205439],[-123.056884,49.205433],[-123.056885,49.205423],[-123.056888,49.205404],[-123.056893,49.205395],[-123.056979,49.205376],[-123.056979,49.205376],[-123.057043,49.205361],[-123.057343,49.205358],[-123.057727,49.205376],[-123.058183,49.205403],[-123.0587,49.205428],[-123.059146,49.205457],[-123.059674,49.205512],[-123.06014,49.205561],[-123.060589,49.205613],[-123.061006,49.205661],[-123.061483,49.205698],[-123.061824,49.205704],[-123.062003,49.205723],[-123.06218,49.205716],[-123.062175,49.205982],[-123.062172,49.206167],[-123.06216,49.206164],[-123.062147,49.206161],[-123.062134,49.206158],[-123.062121,49.206155],[-123.062108,49.206152],[-123.062094,49.20615],[-123.062081,49.206147],[-123.062068,49.206144],[-123.062055,49.206141],[-123.062042,49.206138],[-123.062034,49.206136],[-123.062029,49.206135],[-123.062016,49.206132],[-123.062003,49.206129],[-123.06199,49.206127],[-123.061977,49.206124],[-123.061964,49.206121],[-123.06195,49.206118],[-123.061937,49.206115],[-123.061924,49.206112],[-123.061911,49.20611],[-123.061898,49.206107],[-123.061896,49.206107],[-123.061885,49.206104],[-123.061872,49.206101],[-123.061859,49.206099],[-123.061845,49.206096],[-123.061832,49.206093],[-123.061819,49.20609],[-123.061806,49.206088],[-123.061793,49.206085],[-123.06178,49.206082],[-123.061767,49.206079],[-123.061758,49.206077],[-123.061753,49.206077],[-123.06174,49.206074],[-123.061727,49.206071],[-123.061714,49.206069],[-123.061701,49.206066],[-123.061687,49.206063],[-123.061674,49.206061],[-123.061661,49.206058],[-123.061648,49.206055],[-123.061635,49.206053],[-123.061622,49.20605],[-123.061618,49.206049],[-123.061608,49.206047],[-123.061595,49.206045],[-123.061582,49.206042],[-123.061569,49.206039],[-123.061556,49.206037],[-123.061542,49.206034],[-123.061529,49.206032],[-123.061516,49.206029],[-123.061503,49.206026],[-123.061489,49.206024],[-123.061479,49.206022],[-123.061476,49.206021],[-123.061463,49.206019],[-123.06145,49.206016],[-123.061436,49.206014],[-123.061423,49.206011],[-123.06141,49.206009],[-123.061397,49.206006],[-123.061383,49.206004],[-123.06137,49.206001],[-123.061357,49.205999],[-123.061344,49.205996],[-123.061339,49.205995],[-123.06133,49.205994],[-123.061317,49.205991],[-123.061304,49.205989],[-123.061291,49.205986],[-123.061277,49.205984],[-123.061264,49.205981],[-123.061251,49.205979],[-123.061237,49.205976],[-123.061224,49.205974],[-123.061211,49.205972],[-123.061198,49.205969],[-123.061184,49.205967],[-123.061171,49.205964],[-123.061158,49.205962],[-123.061144,49.20596],[-123.061131,49.205957],[-123.061118,49.205955],[-123.061104,49.205953],[-123.061091,49.20595],[-123.061078,49.205948],[-123.061067,49.205946],[-123.061064,49.205946],[-123.061051,49.205943],[-123.061038,49.205941],[-123.061024,49.205939],[-123.061011,49.205936],[-123.060998,49.205934],[-123.060984,49.205932],[-123.060971,49.205929],[-123.060958,49.205927],[-123.060944,49.205925],[-123.060931,49.205923],[-123.060917,49.20592],[-123.060904,49.205918],[-123.060891,49.205916],[-123.060877,49.205914],[-123.060864,49.205912],[-123.060851,49.205909],[-123.060837,49.205907],[-123.060824,49.205905],[-123.06081,49.205903],[-123.060797,49.205901],[-123.060794,49.2059],[-123.060784,49.205898],[-123.06077,49.205896],[-123.060757,49.205894],[-123.060743,49.205892],[-123.06073,49.20589],[-123.060717,49.205888],[-123.060703,49.205885],[-123.06069,49.205883],[-123.060676,49.205881],[-123.060663,49.205879],[-123.06065,49.205877],[-123.060636,49.205875],[-123.060623,49.205873],[-123.060609,49.205871],[-123.060596,49.205869],[-123.060582,49.205867],[-123.060569,49.205865],[-123.060555,49.205863],[-123.060542,49.20586],[-123.060529,49.205858],[-123.06052,49.205857],[-123.060515,49.205856],[-123.060502,49.205854],[-123.060488,49.205852],[-123.060475,49.20585],[-123.060461,49.205848],[-123.060448,49.205846],[-123.060434,49.205844],[-123.060421,49.205842],[-123.060408,49.20584],[-123.060394,49.205838],[-123.060381,49.205837],[-123.060367,49.205835],[-123.060354,49.205833],[-123.06034,49.205831],[-123.060327,49.205829],[-123.060313,49.205827],[-123.0603,49.205825],[-123.060286,49.205823],[-123.060273,49.205821],[-123.060259,49.205819],[-123.060246,49.205817],[-123.060244,49.205817],[-123.060232,49.205816],[-123.060219,49.205814],[-123.060205,49.205812],[-123.060192,49.20581],[-123.060178,49.205808],[-123.060165,49.205806],[-123.060151,49.205804],[-123.060138,49.205803],[-123.060124,49.205801],[-123.060111,49.205799],[-123.060097,49.205797],[-123.060084,49.205795],[-123.06007,49.205794],[-123.060056,49.205792],[-123.060043,49.20579],[-123.060029,49.205788],[-123.060016,49.205787],[-123.060002,49.205785],[-123.059989,49.205783],[-123.059975,49.205781],[-123.059968,49.20578],[-123.059962,49.20578],[-123.059948,49.205778],[-123.059935,49.205776],[-123.059921,49.205775],[-123.059907,49.205773],[-123.059894,49.205771],[-123.05988,49.205769],[-123.059867,49.205768],[-123.059853,49.205766],[-123.05984,49.205765],[-123.059826,49.205763],[-123.059812,49.205761],[-123.059799,49.20576],[-123.059785,49.205758],[-123.059772,49.205756],[-123.059758,49.205755],[-123.059745,49.205753],[-123.059731,49.205752],[-123.059717,49.20575],[-123.059704,49.205748],[-123.05969,49.205747]]]}},{"type":"Feature","properties":{"n":"Roundhouse Turntable Plaza","c":"Neighbourhood","ha":0.91},"geometry":{"type":"Polygon","coordinates":[[[-123.122189,49.272592],[-123.122456,49.272765],[-123.122192,49.27294],[-123.122526,49.273485],[-123.122246,49.273559],[-123.122276,49.273609],[-123.121351,49.273852],[-123.12081,49.273504],[-123.120911,49.273437],[-123.120908,49.273436],[-123.120906,49.273434],[-123.120903,49.273432],[-123.120901,49.27343],[-123.120898,49.273428],[-123.120896,49.273427],[-123.120894,49.273425],[-123.120892,49.273423],[-123.12089,49.273421],[-123.120888,49.273419],[-123.120886,49.273417],[-123.120884,49.273415],[-123.120882,49.273413],[-123.12088,49.273411],[-123.120878,49.273409],[-123.120876,49.273407],[-123.120874,49.273405],[-123.120873,49.273402],[-123.120871,49.2734],[-123.12087,49.273398],[-123.120868,49.273396],[-123.120867,49.273394],[-123.120865,49.273391],[-123.120864,49.273389],[-123.120863,49.273387],[-123.120862,49.273385],[-123.120861,49.273382],[-123.120859,49.27338],[-123.120858,49.273378],[-123.120858,49.273376],[-123.120857,49.273373],[-123.120856,49.273371],[-123.120855,49.273369],[-123.120854,49.273366],[-123.120854,49.273364],[-123.120853,49.273361],[-123.120853,49.273359],[-123.120852,49.273357],[-123.120852,49.273354],[-123.120852,49.273352],[-123.120851,49.27335],[-123.120851,49.273347],[-123.120851,49.273345],[-123.120851,49.273342],[-123.120851,49.27334],[-123.120851,49.273338],[-123.120851,49.273335],[-123.120851,49.273333],[-123.120852,49.27333],[-123.120852,49.273328],[-123.120852,49.273326],[-123.120853,49.273323],[-123.120853,49.273321],[-123.120854,49.273319],[-123.120855,49.273316],[-123.120855,49.273314],[-123.120856,49.273312],[-123.120857,49.273309],[-123.120858,49.273307],[-123.120859,49.273305],[-123.12086,49.273302],[-123.120861,49.2733],[-123.120862,49.273298],[-123.120863,49.273296],[-123.120864,49.273293],[-123.120866,49.273291],[-123.120867,49.273289],[-123.120868,49.273287],[-123.12087,49.273284],[-123.120871,49.273282],[-123.120873,49.27328],[-123.120875,49.273278],[-123.120876,49.273276],[-123.120878,49.273274],[-123.12088,49.273272],[-123.120882,49.27327],[-123.120884,49.273268],[-123.120886,49.273266],[-123.120888,49.273264],[-123.12089,49.273262],[-123.120892,49.27326],[-123.120894,49.273258],[-123.120897,49.273256],[-123.120899,49.273254],[-123.120901,49.273252],[-123.120904,49.273251],[-123.120906,49.273249],[-123.120909,49.273247],[-123.120911,49.273245],[-123.120914,49.273244],[-123.120916,49.273242],[-123.120919,49.27324],[-123.120922,49.273239],[-123.120925,49.273237],[-123.120927,49.273236],[-123.12093,49.273234],[-123.120933,49.273233],[-123.120936,49.273231],[-123.120939,49.27323],[-123.120942,49.273228],[-123.120945,49.273227],[-123.120948,49.273226],[-123.120951,49.273225],[-123.120954,49.273223],[-123.120958,49.273222],[-123.120961,49.273221],[-123.120964,49.27322],[-123.120967,49.273219],[-123.12097,49.273218],[-123.120974,49.273217],[-123.120977,49.273216],[-123.120981,49.273215],[-123.120984,49.273214],[-123.120987,49.273213],[-123.120991,49.273212],[-123.120994,49.273211],[-123.120998,49.273211],[-123.121001,49.27321],[-123.121005,49.273209],[-123.121008,49.273209],[-123.121012,49.273208],[-123.121015,49.273208],[-123.121019,49.273207],[-123.121022,49.273207],[-123.121026,49.273206],[-123.12103,49.273206],[-123.121033,49.273206],[-123.121037,49.273205],[-123.121041,49.273205],[-123.121044,49.273205],[-123.121048,49.273205],[-123.121052,49.273205],[-123.121055,49.273205],[-123.121059,49.273204],[-123.121062,49.273205],[-123.121066,49.273205],[-123.12107,49.273205],[-123.121073,49.273205],[-123.121077,49.273205],[-123.121081,49.273205],[-123.121084,49.273205],[-123.121088,49.273206],[-123.121092,49.273206],[-123.121095,49.273206],[-123.121099,49.273207],[-123.121102,49.273207],[-123.121106,49.273208],[-123.12111,49.273208],[-123.121113,49.273209],[-123.121117,49.27321],[-123.12112,49.27321],[-123.121124,49.273211],[-123.121127,49.273212],[-123.121131,49.273212],[-123.121134,49.273213],[-123.121137,49.273214],[-123.121141,49.273215],[-123.121144,49.273216],[-123.121147,49.273217],[-123.121151,49.273218],[-123.121154,49.273219],[-123.121157,49.27322],[-123.12116,49.273221],[-123.121164,49.273222],[-123.121167,49.273224],[-123.12117,49.273225],[-123.121173,49.273226],[-123.121176,49.273227],[-123.121179,49.273229],[-123.121182,49.27323],[-123.121185,49.273232],[-123.121188,49.273233],[-123.121191,49.273234],[-123.121194,49.273236],[-123.121197,49.273237],[-123.121199,49.273239],[-123.121202,49.273241],[-123.121205,49.273242],[-123.121205,49.273243],[-123.121761,49.272875],[-123.122189,49.272592]]]}},{"type":"Feature","properties":{"n":"Empire Fields - Hastings Park","c":"Neighbourhood","ha":6.2},"geometry":{"type":"Polygon","coordinates":[[[-123.034997,49.281547],[-123.034123,49.281555],[-123.034313,49.281771],[-123.034325,49.281783],[-123.034335,49.281796],[-123.034344,49.281809],[-123.03435,49.281822],[-123.034355,49.281836],[-123.034359,49.28185],[-123.03436,49.281864],[-123.03436,49.281878],[-123.034358,49.281892],[-123.034336,49.282075],[-123.034301,49.282192],[-123.034272,49.282281],[-123.034245,49.282357],[-123.034254,49.282785],[-123.034265,49.283184],[-123.034269,49.283208],[-123.03427,49.283231],[-123.034268,49.283255],[-123.034262,49.283279],[-123.034254,49.283302],[-123.034243,49.283325],[-123.034228,49.283346],[-123.034211,49.283367],[-123.034192,49.283387],[-123.034169,49.283406],[-123.034145,49.283424],[-123.034082,49.283457],[-123.034017,49.283489],[-123.033951,49.283519],[-123.033942,49.283524],[-123.033934,49.283528],[-123.033926,49.283534],[-123.033919,49.283539],[-123.033913,49.283545],[-123.033907,49.283551],[-123.033902,49.283558],[-123.033898,49.283565],[-123.033895,49.283572],[-123.033893,49.283579],[-123.033892,49.283586],[-123.033892,49.283594],[-123.033893,49.283601],[-123.033894,49.283608],[-123.033897,49.283615],[-123.0339,49.283622],[-123.033905,49.283629],[-123.03391,49.283635],[-123.033916,49.283641],[-123.033932,49.283651],[-123.03395,49.28366],[-123.033968,49.283668],[-123.033988,49.283675],[-123.034008,49.28368],[-123.034029,49.283685],[-123.03405,49.283688],[-123.034072,49.28369],[-123.034094,49.283691],[-123.034116,49.283691],[-123.033914,49.283815],[-123.03377,49.283932],[-123.033735,49.28396],[-123.033706,49.28399],[-123.033682,49.284023],[-123.033664,49.284057],[-123.033544,49.284081],[-123.03338,49.284114],[-123.033362,49.284101],[-123.033312,49.284046],[-123.033255,49.283994],[-123.03319,49.283947],[-123.033118,49.283903],[-123.033039,49.283865],[-123.032956,49.283831],[-123.032842,49.283798],[-123.032724,49.28377],[-123.032604,49.283747],[-123.032481,49.28373],[-123.032419,49.283712],[-123.032362,49.283688],[-123.032311,49.283658],[-123.032268,49.283624],[-123.032234,49.283585],[-123.03221,49.283544],[-123.032159,49.283447],[-123.032062,49.283263],[-123.03199,49.283125],[-123.031929,49.282986],[-123.031877,49.282845],[-123.031835,49.282703],[-123.031804,49.282559],[-123.031784,49.282414],[-123.031771,49.282163],[-123.03177,49.281445],[-123.031778,49.281415],[-123.031794,49.281387],[-123.031816,49.281361],[-123.031845,49.281338],[-123.031879,49.281318],[-123.031918,49.281302],[-123.03196,49.281291],[-123.032005,49.281284],[-123.032132,49.281284],[-123.032529,49.281286],[-123.032811,49.281285],[-123.032945,49.281269],[-123.033082,49.281267],[-123.033606,49.281269],[-123.034272,49.281268],[-123.035002,49.28127],[-123.034999,49.281288],[-123.034997,49.281547]]]}},{"type":"Feature","properties":{"n":"McAuley Park","c":"Local","ha":0.08},"geometry":{"type":"Polygon","coordinates":[[[-123.089845,49.256913],[-123.089922,49.256906],[-123.090317,49.257087],[-123.090478,49.257158],[-123.090475,49.25717],[-123.090086,49.257143],[-123.08969,49.257126],[-123.089677,49.257097],[-123.089747,49.25702],[-123.089845,49.256913]]]}},{"type":"Feature","properties":{"n":"Street End - Wall St @ Penticton","c":"Local","ha":0.11},"geometry":{"type":"Polygon","coordinates":[[[-123.052138,49.29175],[-123.052136,49.292071],[-123.051723,49.292149],[-123.051724,49.291841],[-123.052138,49.29175]]]}},{"type":"Feature","properties":{"n":"Lilian To","c":"Local","ha":0.07},"geometry":{"type":"Polygon","coordinates":[[[-123.112173,49.255891],[-123.11239,49.255895],[-123.112639,49.2559],[-123.112618,49.256276],[-123.112373,49.256271],[-123.112156,49.256267],[-123.112173,49.255891]]]}},{"type":"Feature","properties":{"n":"West End minipark - CARDERO ST @ BURNABY ST","c":"Local","ha":0.08},"geometry":{"type":"Polygon","coordinates":[[[-123.139729,49.284642],[-123.139343,49.284898],[-123.139147,49.28477],[-123.139533,49.284515],[-123.139729,49.284642]]]}},{"type":"Feature","properties":{"n":"Balaclava Park","c":"Community","ha":4.89},"geometry":{"type":"Polygon","coordinates":[[[-123.175584,49.246041],[-123.173099,49.246032],[-123.173116,49.244313],[-123.175735,49.244321],[-123.177908,49.244332],[-123.177901,49.245101],[-123.17559,49.245093],[-123.175584,49.246041]]]}},{"type":"Feature","properties":{"n":"Jean Beaty Park","c":"Local","ha":0.13},"geometry":{"type":"Polygon","coordinates":[[[-123.17978,49.271852],[-123.179769,49.272167],[-123.179692,49.272097],[-123.179568,49.27208],[-123.179517,49.272096],[-123.179483,49.272102],[-123.179452,49.272097],[-123.179427,49.272088],[-123.179406,49.272064],[-123.179386,49.272045],[-123.179375,49.272042],[-123.179359,49.272041],[-123.179359,49.272034],[-123.179286,49.272026],[-123.179218,49.272019],[-123.179149,49.272013],[-123.179128,49.272012],[-123.179181,49.271791],[-123.179367,49.27181],[-123.17978,49.271852]]]}},{"type":"Feature","properties":{"n":"Angus Park","c":"Local","ha":0.9},"geometry":{"type":"Polygon","coordinates":[[[-123.14192,49.254267],[-123.141934,49.254267],[-123.141948,49.254266],[-123.141962,49.254265],[-123.141976,49.254264],[-123.14199,49.254263],[-123.142004,49.254262],[-123.142018,49.254261],[-123.142032,49.25426],[-123.142046,49.254259],[-123.14206,49.254258],[-123.142074,49.254256],[-123.142087,49.254255],[-123.142101,49.254253],[-123.142115,49.254252],[-123.142129,49.25425],[-123.142143,49.254248],[-123.142157,49.254246],[-123.142171,49.254245],[-123.142184,49.254243],[-123.142198,49.254241],[-123.142212,49.254239],[-123.142225,49.254236],[-123.142239,49.254234],[-123.142253,49.254232],[-123.142266,49.25423],[-123.14228,49.254227],[-123.142294,49.254225],[-123.142307,49.254222],[-123.142321,49.25422],[-123.142334,49.254217],[-123.142348,49.254214],[-123.142361,49.254211],[-123.142374,49.254209],[-123.142388,49.254206],[-123.142401,49.254203],[-123.142414,49.2542],[-123.142428,49.254196],[-123.142441,49.254193],[-123.142454,49.25419],[-123.142467,49.254187],[-123.14248,49.254183],[-123.142493,49.25418],[-123.142506,49.254176],[-123.142519,49.254173],[-123.142532,49.254169],[-123.142545,49.254165],[-123.142558,49.254162],[-123.142571,49.254158],[-123.142584,49.254154],[-123.142596,49.25415],[-123.142609,49.254146],[-123.142622,49.254142],[-123.142634,49.254138],[-123.142647,49.254133],[-123.142659,49.254129],[-123.142672,49.254125],[-123.142684,49.25412],[-123.142696,49.254116],[-123.142709,49.254111],[-123.143031,49.253982],[-123.143045,49.253975],[-123.143057,49.253971],[-123.143069,49.253966],[-123.14308,49.25396],[-123.143092,49.253956],[-123.143104,49.25395],[-123.143115,49.253945],[-123.143127,49.25394],[-123.143138,49.253935],[-123.14315,49.25393],[-123.143161,49.253925],[-123.143173,49.25392],[-123.143184,49.253915],[-123.143196,49.25391],[-123.143207,49.253905],[-123.143219,49.253899],[-123.14323,49.253894],[-123.143242,49.253889],[-123.143253,49.253884],[-123.143265,49.253879],[-123.143276,49.253873],[-123.143287,49.253868],[-123.143299,49.253863],[-123.14331,49.253858],[-123.143322,49.253852],[-123.143333,49.253847],[-123.143344,49.253842],[-123.143355,49.253837],[-123.143367,49.253831],[-123.143378,49.253826],[-123.143389,49.253821],[-123.1434,49.253815],[-123.143412,49.25381],[-123.143423,49.253804],[-123.143434,49.253799],[-123.143445,49.253794],[-123.143456,49.253788],[-123.143468,49.253783],[-123.143479,49.253777],[-123.14349,49.253772],[-123.143501,49.253766],[-123.143512,49.253761],[-123.143523,49.253755],[-123.143534,49.25375],[-123.143545,49.253744],[-123.143556,49.253739],[-123.143567,49.253733],[-123.143578,49.253728],[-123.143589,49.253722],[-123.1436,49.253716],[-123.143611,49.253711],[-123.143622,49.253705],[-123.143633,49.253699],[-123.143644,49.253694],[-123.143655,49.253688],[-123.143666,49.253683],[-123.143677,49.253677],[-123.143687,49.253671],[-123.143698,49.253665],[-123.143709,49.25366],[-123.14372,49.253654],[-123.143731,49.253648],[-123.143742,49.253642],[-123.143752,49.253637],[-123.143763,49.253631],[-123.143774,49.253625],[-123.143784,49.253619],[-123.143795,49.253613],[-123.143806,49.253608],[-123.143817,49.253602],[-123.143827,49.253596],[-123.143838,49.25359],[-123.143849,49.253584],[-123.143859,49.253578],[-123.14387,49.253572],[-123.14388,49.253566],[-123.143891,49.253561],[-123.143901,49.253555],[-123.143912,49.253549],[-123.143922,49.253543],[-123.143933,49.253537],[-123.143943,49.253531],[-123.143954,49.253525],[-123.143964,49.253519],[-123.143975,49.253513],[-123.143985,49.253507],[-123.143996,49.253501],[-123.144006,49.253495],[-123.144016,49.253489],[-123.144027,49.253482],[-123.144037,49.253476],[-123.144047,49.25347],[-123.144058,49.253464],[-123.144068,49.253458],[-123.144078,49.253452],[-123.144088,49.253446],[-123.144099,49.253439],[-123.144109,49.253433],[-123.144119,49.253427],[-123.144129,49.253421],[-123.144139,49.253415],[-123.14415,49.253408],[-123.14416,49.253402],[-123.14417,49.253396],[-123.14418,49.25339],[-123.14419,49.253383],[-123.1442,49.253377],[-123.14421,49.253371],[-123.14422,49.253365],[-123.144562,49.253137],[-123.144571,49.25313],[-123.14458,49.253123],[-123.144589,49.253116],[-123.144599,49.25311],[-123.144608,49.253103],[-123.144617,49.253096],[-123.144626,49.253089],[-123.144634,49.253082],[-123.144643,49.253075],[-123.144652,49.253068],[-123.14466,49.25306],[-123.144669,49.253053],[-123.144677,49.253046],[-123.144686,49.253039],[-123.144694,49.253031],[-123.144702,49.253024],[-123.14471,49.253017],[-123.144718,49.253009],[-123.144726,49.253002],[-123.144734,49.252994],[-123.144742,49.252987],[-123.14475,49.252979],[-123.144757,49.252972],[-123.144765,49.252964],[-123.144772,49.252956],[-123.14478,49.252949],[-123.144787,49.252941],[-123.144794,49.252933],[-123.144801,49.252925],[-123.144808,49.252917],[-123.144815,49.252909],[-123.144822,49.252901],[-123.144828,49.252893],[-123.144835,49.252886],[-123.144842,49.252878],[-123.144848,49.252869],[-123.144854,49.252861],[-123.144861,49.252853],[-123.144867,49.252845],[-123.144873,49.252837],[-123.144879,49.252829],[-123.144885,49.25282],[-123.14489,49.252812],[-123.144896,49.252804],[-123.144902,49.252795],[-123.144907,49.252787],[-123.144913,49.252779],[-123.144918,49.25277],[-123.144923,49.252762],[-123.144928,49.252754],[-123.144933,49.252745],[-123.144938,49.252737],[-123.144943,49.252728],[-123.144948,49.252719],[-123.144952,49.252711],[-123.144957,49.252702],[-123.144961,49.252694],[-123.144966,49.252685],[-123.14497,49.252676],[-123.144974,49.252668],[-123.144978,49.252659],[-123.144982,49.25265],[-123.144986,49.252642],[-123.14499,49.252633],[-123.144993,49.252624],[-123.144997,49.252615],[-123.145,49.252606],[-123.145004,49.252598],[-123.145007,49.252589],[-123.14501,49.25258],[-123.145013,49.252571],[-123.145016,49.252562],[-123.144739,49.253412],[-123.144736,49.253421],[-123.144733,49.25343],[-123.14473,49.253439],[-123.144727,49.253448],[-123.144723,49.253457],[-123.14472,49.253466],[-123.144716,49.253474],[-123.144712,49.253483],[-123.144709,49.253492],[-123.144705,49.253501],[-123.144701,49.253509],[-123.144697,49.253518],[-123.144692,49.253527],[-123.144688,49.253535],[-123.144683,49.253544],[-123.144679,49.253553],[-123.144674,49.253561],[-123.14467,49.25357],[-123.144665,49.253578],[-123.14466,49.253587],[-123.144655,49.253595],[-123.144649,49.253604],[-123.144644,49.253612],[-123.144639,49.25362],[-123.144633,49.253629],[-123.144628,49.253637],[-123.144622,49.253645],[-123.144616,49.253654],[-123.14461,49.253662],[-123.144604,49.25367],[-123.144598,49.253678],[-123.144592,49.253686],[-123.144586,49.253694],[-123.144579,49.253702],[-123.144573,49.25371],[-123.144566,49.253718],[-123.144559,49.253726],[-123.144553,49.253734],[-123.144546,49.253742],[-123.144539,49.25375],[-123.144531,49.253758],[-123.144524,49.253766],[-123.144517,49.253773],[-123.14451,49.253781],[-123.144502,49.253789],[-123.144494,49.253796],[-123.144487,49.253804],[-123.144479,49.253812],[-123.144471,49.253819],[-123.144463,49.253827],[-123.144455,49.253834],[-123.144447,49.253841],[-123.144439,49.253849],[-123.14443,49.253856],[-123.144422,49.253863],[-123.144414,49.25387],[-123.144405,49.253877],[-123.144396,49.253885],[-123.144388,49.253892],[-123.144379,49.253899],[-123.14437,49.253906],[-123.144361,49.253912],[-123.144352,49.253919],[-123.144342,49.253926],[-123.144333,49.253933],[-123.144324,49.25394],[-123.144314,49.253946],[-123.144305,49.253953],[-123.144295,49.25396],[-123.144285,49.253966],[-123.144276,49.253972],[-123.144249,49.25399],[-123.144222,49.254006],[-123.144212,49.254012],[-123.144201,49.254018],[-123.144191,49.254024],[-123.144181,49.25403],[-123.14417,49.254036],[-123.144159,49.254042],[-123.144149,49.254048],[-123.144138,49.254054],[-123.144127,49.254059],[-123.144116,49.254065],[-123.144105,49.254071],[-123.144094,49.254076],[-123.144083,49.254082],[-123.144072,49.254087],[-123.144061,49.254092],[-123.144049,49.254098],[-123.144038,49.254103],[-123.144027,49.254108],[-123.144015,49.254113],[-123.144003,49.254118],[-123.143992,49.254123],[-123.14398,49.254128],[-123.143968,49.254133],[-123.143957,49.254138],[-123.143945,49.254142],[-123.143933,49.254147],[-123.143921,49.254152],[-123.143909,49.254156],[-123.143897,49.254161],[-123.143885,49.254165],[-123.143872,49.254169],[-123.14386,49.254174],[-123.143848,49.254178],[-123.143835,49.254182],[-123.143823,49.254186],[-123.14381,49.25419],[-123.143798,49.254194],[-123.143785,49.254198],[-123.143773,49.254202],[-123.14376,49.254206],[-123.143747,49.254209],[-123.143735,49.254213],[-123.143722,49.254216],[-123.143709,49.25422],[-123.143696,49.254223],[-123.143683,49.254227],[-123.14367,49.25423],[-123.143657,49.254233],[-123.143644,49.254236],[-123.143631,49.254239],[-123.143618,49.254242],[-123.143605,49.254245],[-123.143592,49.254248],[-123.143579,49.254251],[-123.143565,49.254254],[-123.143552,49.254256],[-123.143539,49.254259],[-123.143525,49.254261],[-123.143512,49.254264],[-123.143499,49.254266],[-123.143485,49.254268],[-123.143472,49.254271],[-123.143458,49.254273],[-123.143445,49.254275],[-123.143431,49.254277],[-123.143418,49.254279],[-123.143404,49.254281],[-123.14339,49.254282],[-123.143377,49.254284],[-123.143363,49.254286],[-123.143349,49.254287],[-123.143336,49.254289],[-123.143322,49.25429],[-123.143308,49.254292],[-123.143294,49.254293],[-123.143281,49.254294],[-123.143267,49.254295],[-123.143253,49.254296],[-123.143239,49.254297],[-123.143225,49.254298],[-123.143212,49.254299],[-123.143198,49.2543],[-123.143184,49.2543],[-123.14317,49.254301],[-123.143156,49.254302],[-123.143142,49.254302],[-123.143128,49.254303],[-123.143114,49.254303],[-123.143101,49.254303],[-123.143087,49.254303],[-123.143073,49.254303],[-123.143059,49.254303],[-123.143045,49.254303],[-123.143031,49.254303],[-123.143017,49.254303],[-123.143003,49.254303],[-123.14299,49.254303],[-123.142976,49.254302],[-123.14192,49.254267]]]}},{"type":"Feature","properties":{"n":"John Hendry (Trout Lake) Park","c":"Community","ha":27.37},"geometry":{"type":"Polygon","coordinates":[[[-123.059418,49.252404],[-123.05943,49.252387],[-123.060198,49.252599],[-123.065946,49.2542],[-123.065837,49.256728],[-123.065267,49.256724],[-123.06524,49.258143],[-123.060032,49.258104],[-123.060018,49.258855],[-123.058373,49.258195],[-123.058398,49.256853],[-123.059071,49.256859],[-123.05909,49.252738],[-123.059184,49.252764],[-123.059216,49.252714],[-123.059418,49.252404]]]}},{"type":"Feature","properties":{"n":"Strathcona Park","c":"Community","ha":10.09},"geometry":{"type":"MultiPolygon","coordinates":[[[[-123.087498,49.276449],[-123.087566,49.274867],[-123.088161,49.275064],[-123.088173,49.275068],[-123.088185,49.275072],[-123.088197,49.275076],[-123.08821,49.27508],[-123.088222,49.275084],[-123.088235,49.275088],[-123.088247,49.275092],[-123.08826,49.275096],[-123.088272,49.2751],[-123.088285,49.275104],[-123.088298,49.275107],[-123.08831,49.275111],[-123.088323,49.275115],[-123.088336,49.275118],[-123.088348,49.275122],[-123.088361,49.275126],[-123.088374,49.275129],[-123.088386,49.275133],[-123.088399,49.275136],[-123.088412,49.27514],[-123.088425,49.275143],[-123.088438,49.275146],[-123.088451,49.27515],[-123.088464,49.275153],[-123.088477,49.275156],[-123.088489,49.27516],[-123.088502,49.275163],[-123.088515,49.275166],[-123.088528,49.275169],[-123.088541,49.275172],[-123.088555,49.275175],[-123.088568,49.275178],[-123.088581,49.275181],[-123.088594,49.275184],[-123.088607,49.275187],[-123.08862,49.27519],[-123.088633,49.275193],[-123.088646,49.275196],[-123.08866,49.275198],[-123.088673,49.275201],[-123.088686,49.275204],[-123.088699,49.275207],[-123.088713,49.275209],[-123.088726,49.275212],[-123.088739,49.275214],[-123.088752,49.275217],[-123.088766,49.275219],[-123.088779,49.275222],[-123.088792,49.275224],[-123.088806,49.275227],[-123.088819,49.275229],[-123.088833,49.275231],[-123.088846,49.275234],[-123.088859,49.275236],[-123.088873,49.275238],[-123.088886,49.27524],[-123.0889,49.275242],[-123.088913,49.275244],[-123.088927,49.275246],[-123.08894,49.275248],[-123.088954,49.27525],[-123.088967,49.275252],[-123.088981,49.275254],[-123.088994,49.275256],[-123.089008,49.275258],[-123.089022,49.27526],[-123.089035,49.275262],[-123.089049,49.275263],[-123.089063,49.275265],[-123.089076,49.275267],[-123.08909,49.275268],[-123.089103,49.27527],[-123.089117,49.275271],[-123.089131,49.275273],[-123.089144,49.275274],[-123.089158,49.275276],[-123.089172,49.275277],[-123.089186,49.275278],[-123.089199,49.27528],[-123.089213,49.275281],[-123.089227,49.275282],[-123.089371,49.275295],[-123.089085,49.275897],[-123.088286,49.275734],[-123.088255,49.276463],[-123.087498,49.276449]]],[[[-123.082743,49.276739],[-123.082847,49.274344],[-123.082854,49.274163],[-123.082885,49.273437],[-123.082899,49.273439],[-123.082912,49.273441],[-123.082926,49.273443],[-123.082939,49.273445],[-123.082953,49.273448],[-123.082966,49.27345],[-123.08298,49.273452],[-123.082993,49.273454],[-123.083007,49.273456],[-123.08302,49.273459],[-123.083034,49.273461],[-123.083047,49.273463],[-123.083061,49.273466],[-123.083074,49.273468],[-123.083088,49.273471],[-123.083101,49.273473],[-123.083114,49.273476],[-123.083128,49.273478],[-123.083141,49.273481],[-123.083154,49.273483],[-123.083168,49.273486],[-123.083181,49.273489],[-123.083194,49.273491],[-123.083208,49.273494],[-123.083221,49.273497],[-123.083234,49.2735],[-123.083247,49.273503],[-123.083261,49.273505],[-123.083274,49.273508],[-123.083287,49.273511],[-123.0833,49.273514],[-123.083313,49.273517],[-123.083326,49.27352],[-123.08334,49.273523],[-123.083353,49.273526],[-123.083366,49.273529],[-123.083379,49.273533],[-123.083392,49.273536],[-123.083405,49.273539],[-123.083418,49.273542],[-123.083431,49.273545],[-123.083444,49.273549],[-123.083457,49.273552],[-123.08347,49.273555],[-123.083483,49.273559],[-123.083496,49.273562],[-123.083509,49.273566],[-123.083521,49.273569],[-123.083534,49.273573],[-123.083547,49.273576],[-123.08356,49.27358],[-123.083573,49.273583],[-123.083586,49.273587],[-123.083598,49.27359],[-123.083611,49.273594],[-123.083624,49.273598],[-123.083637,49.273602],[-123.083649,49.273605],[-123.083662,49.273609],[-123.083674,49.273613],[-123.083687,49.273617],[-123.0837,49.273621],[-123.083712,49.273625],[-123.083725,49.273629],[-123.083737,49.273633],[-123.08375,49.273636],[-123.083762,49.273641],[-123.083775,49.273645],[-123.083787,49.273649],[-123.0838,49.273653],[-123.085108,49.274088],[-123.085821,49.274285],[-123.087295,49.274775],[-123.087224,49.276444],[-123.084854,49.276401],[-123.08484,49.2764],[-123.084826,49.2764],[-123.084813,49.2764],[-123.084799,49.2764],[-123.084785,49.2764],[-123.084771,49.2764],[-123.084757,49.2764],[-123.084743,49.2764],[-123.084729,49.276401],[-123.084716,49.276401],[-123.084702,49.276401],[-123.084688,49.276402],[-123.084674,49.276402],[-123.08466,49.276403],[-123.084646,49.276403],[-123.084633,49.276404],[-123.084619,49.276405],[-123.084605,49.276405],[-123.084591,49.276406],[-123.084577,49.276407],[-123.084564,49.276408],[-123.08455,49.276409],[-123.084536,49.27641],[-123.084522,49.276411],[-123.084509,49.276412],[-123.084495,49.276413],[-123.084481,49.276415],[-123.084467,49.276416],[-123.084454,49.276417],[-123.08444,49.276419],[-123.084426,49.27642],[-123.084413,49.276422],[-123.084399,49.276423],[-123.084385,49.276425],[-123.084372,49.276427],[-123.084358,49.276428],[-123.084345,49.27643],[-123.084331,49.276432],[-123.084318,49.276434],[-123.084304,49.276436],[-123.084291,49.276438],[-123.084277,49.27644],[-123.084264,49.276442],[-123.08425,49.276444],[-123.084237,49.276447],[-123.084223,49.276449],[-123.08421,49.276451],[-123.084197,49.276454],[-123.084183,49.276456],[-123.08417,49.276459],[-123.084157,49.276461],[-123.084144,49.276464],[-123.08413,49.276467],[-123.084117,49.276469],[-123.084104,49.276472],[-123.084091,49.276475],[-123.084078,49.276478],[-123.084065,49.276481],[-123.084051,49.276484],[-123.084038,49.276487],[-123.084025,49.27649],[-123.084012,49.276493],[-123.084,49.276496],[-123.083987,49.2765],[-123.083974,49.276503],[-123.083961,49.276506],[-123.083948,49.27651],[-123.083935,49.276513],[-123.083922,49.276517],[-123.08391,49.27652],[-123.083897,49.276524],[-123.083884,49.276528],[-123.083722,49.276581],[-123.08371,49.276585],[-123.083698,49.27659],[-123.083685,49.276594],[-123.083673,49.276598],[-123.083661,49.276602],[-123.083648,49.276606],[-123.083636,49.27661],[-123.083623,49.276614],[-123.08361,49.276618],[-123.083598,49.276622],[-123.083585,49.276626],[-123.083572,49.27663],[-123.083559,49.276634],[-123.083547,49.276637],[-123.083534,49.276641],[-123.083521,49.276644],[-123.083508,49.276648],[-123.083495,49.276651],[-123.083482,49.276654],[-123.083469,49.276658],[-123.083456,49.276661],[-123.083443,49.276664],[-123.083429,49.276667],[-123.083416,49.27667],[-123.083403,49.276673],[-123.08339,49.276676],[-123.083376,49.276679],[-123.083363,49.276682],[-123.08335,49.276684],[-123.083336,49.276687],[-123.083323,49.27669],[-123.08331,49.276692],[-123.083296,49.276695],[-123.083283,49.276697],[-123.083269,49.276699],[-123.083256,49.276702],[-123.083242,49.276704],[-123.083228,49.276706],[-123.083215,49.276708],[-123.083201,49.27671],[-123.083187,49.276712],[-123.083174,49.276714],[-123.08316,49.276716],[-123.083146,49.276717],[-123.083133,49.276719],[-123.083119,49.276721],[-123.083105,49.276722],[-123.083091,49.276723],[-123.083077,49.276725],[-123.083064,49.276726],[-123.08305,49.276728],[-123.083036,49.276729],[-123.083022,49.27673],[-123.083008,49.276731],[-123.082994,49.276732],[-123.08298,49.276733],[-123.082966,49.276734],[-123.082952,49.276735],[-123.082939,49.276735],[-123.082925,49.276736],[-123.082911,49.276737],[-123.082897,49.276737],[-123.082883,49.276738],[-123.082869,49.276738],[-123.082855,49.276739],[-123.082841,49.276739],[-123.082827,49.276739],[-123.082813,49.276739],[-123.082799,49.276739],[-123.082785,49.276739],[-123.082771,49.276739],[-123.082757,49.276739],[-123.082743,49.276739]]]]}},{"type":"Feature","properties":{"n":"Spanish Banks Beach Park","c":"Community","ha":6.51},"geometry":{"type":"Polygon","coordinates":[[[-123.221842,49.278047],[-123.221701,49.277955],[-123.221498,49.277915],[-123.221208,49.277904],[-123.220989,49.277905],[-123.22076,49.277923],[-123.22076,49.2779],[-123.220725,49.277825],[-123.220663,49.277767],[-123.220531,49.277716],[-123.220249,49.277648],[-123.219968,49.277625],[-123.219687,49.277637],[-123.219529,49.27766],[-123.21952,49.277609],[-123.219431,49.277482],[-123.219334,49.277425],[-123.219158,49.277345],[-123.218947,49.277288],[-123.218604,49.277277],[-123.218183,49.277306],[-123.217717,49.277365],[-123.217129,49.277446],[-123.216751,49.27751],[-123.216417,49.277551],[-123.216346,49.277442],[-123.216249,49.277327],[-123.215985,49.27715],[-123.2158,49.277058],[-123.215562,49.276984],[-123.215219,49.276927],[-123.214868,49.27691],[-123.21457,49.276913],[-123.214592,49.276322],[-123.214601,49.276094],[-123.214607,49.275911],[-123.214608,49.275889],[-123.214625,49.275895],[-123.214641,49.275901],[-123.214658,49.275908],[-123.214674,49.275914],[-123.214691,49.275921],[-123.214707,49.275928],[-123.214723,49.275935],[-123.214739,49.275942],[-123.214754,49.275949],[-123.214769,49.275957],[-123.214785,49.275965],[-123.2148,49.275973],[-123.214814,49.275981],[-123.214829,49.275989],[-123.214836,49.275994],[-123.214849,49.276001],[-123.214861,49.276008],[-123.214883,49.27602],[-123.214905,49.276033],[-123.214928,49.276045],[-123.214951,49.276056],[-123.214974,49.276068],[-123.214997,49.276079],[-123.215021,49.27609],[-123.215046,49.276101],[-123.21507,49.276111],[-123.215095,49.276121],[-123.21512,49.276131],[-123.215145,49.276141],[-123.215171,49.27615],[-123.215196,49.276159],[-123.215222,49.276168],[-123.215249,49.276176],[-123.215275,49.276184],[-123.215302,49.276192],[-123.215328,49.276199],[-123.215356,49.276207],[-123.215383,49.276214],[-123.21541,49.27622],[-123.215438,49.276226],[-123.215466,49.276232],[-123.215493,49.276238],[-123.215521,49.276243],[-123.21555,49.276248],[-123.215578,49.276253],[-123.215606,49.276257],[-123.215635,49.276261],[-123.215664,49.276265],[-123.215692,49.276268],[-123.215721,49.276271],[-123.21575,49.276274],[-123.215779,49.276276],[-123.215808,49.276278],[-123.21642,49.276317],[-123.216469,49.276321],[-123.216518,49.276325],[-123.216567,49.276329],[-123.216616,49.276334],[-123.216664,49.27634],[-123.216713,49.276346],[-123.216761,49.276353],[-123.21681,49.276361],[-123.216857,49.276369],[-123.216905,49.276377],[-123.216953,49.276386],[-123.216962,49.276388],[-123.21699,49.276393],[-123.217004,49.276396],[-123.217017,49.276399],[-123.21703,49.276401],[-123.217044,49.276404],[-123.217057,49.276406],[-123.217071,49.276408],[-123.217084,49.27641],[-123.217098,49.276413],[-123.217111,49.276415],[-123.217125,49.276417],[-123.217138,49.276419],[-123.217152,49.276421],[-123.217165,49.276423],[-123.217179,49.276425],[-123.217192,49.276426],[-123.217206,49.276428],[-123.21722,49.27643],[-123.217233,49.276431],[-123.217247,49.276433],[-123.217261,49.276435],[-123.217275,49.276436],[-123.217288,49.276437],[-123.217302,49.276439],[-123.217316,49.27644],[-123.21733,49.276441],[-123.217343,49.276443],[-123.217357,49.276444],[-123.217371,49.276445],[-123.217385,49.276446],[-123.217399,49.276447],[-123.217412,49.276448],[-123.217426,49.276448],[-123.21744,49.276449],[-123.217454,49.27645],[-123.217468,49.276451],[-123.217482,49.276451],[-123.217496,49.276452],[-123.217496,49.276452],[-123.217509,49.276452],[-123.217523,49.276453],[-123.217537,49.276453],[-123.217551,49.276453],[-123.217565,49.276454],[-123.217579,49.276454],[-123.217593,49.276454],[-123.217607,49.276454],[-123.217621,49.276454],[-123.217634,49.276454],[-123.217648,49.276454],[-123.217662,49.276454],[-123.217676,49.276453],[-123.21769,49.276453],[-123.217704,49.276453],[-123.217718,49.276452],[-123.217732,49.276452],[-123.217746,49.276451],[-123.217759,49.276451],[-123.217773,49.27645],[-123.217787,49.27645],[-123.217801,49.276449],[-123.217815,49.276448],[-123.217815,49.276448],[-123.217925,49.276442],[-123.217939,49.276441],[-123.217953,49.27644],[-123.217967,49.276439],[-123.21798,49.276439],[-123.217994,49.276438],[-123.218008,49.276437],[-123.218022,49.276437],[-123.218036,49.276436],[-123.21805,49.276436],[-123.218064,49.276435],[-123.218078,49.276435],[-123.218092,49.276435],[-123.218106,49.276434],[-123.21812,49.276434],[-123.218134,49.276434],[-123.218148,49.276434],[-123.218162,49.276434],[-123.218176,49.276434],[-123.21819,49.276434],[-123.218204,49.276434],[-123.218218,49.276434],[-123.218232,49.276434],[-123.218246,49.276434],[-123.218259,49.276434],[-123.218274,49.276435],[-123.218287,49.276435],[-123.218301,49.276435],[-123.218315,49.276436],[-123.218329,49.276436],[-123.218343,49.276437],[-123.218357,49.276437],[-123.218371,49.276438],[-123.218385,49.276438],[-123.218399,49.276439],[-123.218413,49.27644],[-123.218427,49.276441],[-123.218441,49.276441],[-123.218455,49.276442],[-123.218469,49.276443],[-123.218482,49.276444],[-123.218496,49.276445],[-123.21851,49.276446],[-123.218524,49.276447],[-123.218538,49.276448],[-123.218552,49.27645],[-123.218566,49.276451],[-123.218579,49.276452],[-123.218593,49.276453],[-123.218607,49.276455],[-123.218621,49.276456],[-123.218635,49.276458],[-123.218648,49.276459],[-123.218662,49.276461],[-123.218676,49.276462],[-123.21869,49.276464],[-123.218703,49.276465],[-123.218717,49.276467],[-123.218731,49.276469],[-123.218745,49.276471],[-123.218758,49.276473],[-123.218772,49.276474],[-123.218786,49.276476],[-123.218997,49.276506],[-123.219198,49.276536],[-123.219399,49.276569],[-123.219599,49.276603],[-123.219797,49.27664],[-123.219995,49.276679],[-123.220192,49.27672],[-123.220387,49.276764],[-123.22058,49.276809],[-123.220582,49.276809],[-123.22088,49.276881],[-123.221654,49.277073],[-123.221793,49.277109],[-123.2218,49.277111],[-123.222464,49.277281],[-123.222521,49.277296],[-123.222595,49.277314],[-123.22267,49.277331],[-123.222745,49.277347],[-123.222821,49.277362],[-123.222897,49.277376],[-123.222973,49.27739],[-123.22305,49.277403],[-123.223127,49.277414],[-123.223204,49.277425],[-123.223282,49.277435],[-123.22336,49.277445],[-123.223438,49.277453],[-123.223516,49.27746],[-123.223595,49.277467],[-123.223673,49.277472],[-123.223836,49.277483],[-123.223659,49.278],[-123.223564,49.277998],[-123.223353,49.277969],[-123.223019,49.277987],[-123.222703,49.278017],[-123.222404,49.278075],[-123.222141,49.278138],[-123.22193,49.278208],[-123.22193,49.278133],[-123.221842,49.278047]]]}},{"type":"Feature","properties":{"n":"Douglas Park","c":"Community","ha":5.33},"geometry":{"type":"Polygon","coordinates":[[[-123.124396,49.25339],[-123.122169,49.253343],[-123.120357,49.253305],[-123.120387,49.252491],[-123.120416,49.251677],[-123.122227,49.251715],[-123.124468,49.251762],[-123.124432,49.252576],[-123.124396,49.25339]]]}},{"type":"Feature","properties":{"n":"Connaught Park","c":"Community","ha":5.99},"geometry":{"type":"Polygon","coordinates":[[[-123.162305,49.26292],[-123.157845,49.262851],[-123.157905,49.26119],[-123.162367,49.261261],[-123.162305,49.26292]]]}},{"type":"Feature","properties":{"n":"Collingwood Park","c":"Neighbourhood","ha":1.27},"geometry":{"type":"Polygon","coordinates":[[[-123.037932,49.23691],[-123.037119,49.237748],[-123.035825,49.237227],[-123.036712,49.236312],[-123.037065,49.236455],[-123.037298,49.236549],[-123.037224,49.236626],[-123.037932,49.23691]]]}},{"type":"Feature","properties":{"n":"Adanac Park","c":"Neighbourhood","ha":4.18},"geometry":{"type":"Polygon","coordinates":[[[-123.027158,49.275378],[-123.027118,49.277342],[-123.025391,49.277339],[-123.025393,49.276969],[-123.025395,49.276485],[-123.023815,49.276483],[-123.02382,49.275355],[-123.024243,49.275355],[-123.024243,49.275382],[-123.027158,49.275378]]]}},{"type":"Feature","properties":{"n":"Burrard View Park","c":"Neighbourhood","ha":2.77},"geometry":{"type":"Polygon","coordinates":[[[-123.051726,49.291557],[-123.049913,49.291947],[-123.049515,49.292],[-123.049517,49.290856],[-123.049518,49.290243],[-123.05173,49.290245],[-123.051727,49.290858],[-123.051726,49.291557]]]}},{"type":"Feature","properties":{"n":"Charles Park","c":"Neighbourhood","ha":1.54},"geometry":{"type":"Polygon","coordinates":[[[-123.026371,49.273672],[-123.026246,49.273672],[-123.026245,49.273672],[-123.025969,49.273671],[-123.025973,49.273375],[-123.025977,49.273104],[-123.026583,49.273105],[-123.02756,49.273107],[-123.027842,49.273107],[-123.02908,49.273109],[-123.029323,49.27338],[-123.029331,49.273388],[-123.029339,49.273396],[-123.029347,49.273404],[-123.029354,49.273412],[-123.029362,49.27342],[-123.02937,49.273428],[-123.029378,49.273436],[-123.029386,49.273444],[-123.029389,49.273447],[-123.029394,49.273451],[-123.029402,49.273459],[-123.02941,49.273467],[-123.029418,49.273475],[-123.029426,49.273483],[-123.029435,49.273491],[-123.029443,49.273498],[-123.029451,49.273506],[-123.029459,49.273514],[-123.029467,49.273522],[-123.029475,49.273529],[-123.029484,49.273537],[-123.029492,49.273545],[-123.0295,49.273553],[-123.029509,49.27356],[-123.029517,49.273568],[-123.029525,49.273576],[-123.029523,49.273679],[-123.029385,49.273678],[-123.029247,49.273677],[-123.029109,49.273677],[-123.028971,49.273676],[-123.028833,49.273676],[-123.028694,49.273675],[-123.02853,49.273674],[-123.02853,49.273674],[-123.028253,49.273674],[-123.028123,49.273673],[-123.027988,49.273673],[-123.027853,49.273673],[-123.027719,49.273673],[-123.027584,49.273673],[-123.027449,49.273673],[-123.027314,49.273673],[-123.02718,49.273673],[-123.027045,49.273672],[-123.02691,49.273672],[-123.026775,49.273672],[-123.026641,49.273672],[-123.026505,49.273672],[-123.026371,49.273672]]]}},{"type":"Feature","properties":{"n":"Laurel Landbridge Park","c":"Local","ha":0.15},"geometry":{"type":"Polygon","coordinates":[[[-123.12426,49.26521],[-123.12442,49.265212],[-123.124414,49.265396],[-123.12444,49.265516],[-123.124416,49.266243],[-123.124223,49.26624],[-123.124225,49.266185],[-123.124231,49.266048],[-123.124236,49.265867],[-123.124244,49.265627],[-123.12426,49.26521]]]}},{"type":"Feature","properties":{"n":"Arbutus Greenway Park","c":"Neighbourhood","ha":0.69},"geometry":{"type":"Polygon","coordinates":[[[-123.155233,49.261888],[-123.155246,49.261558],[-123.155247,49.261517],[-123.155522,49.261522],[-123.155508,49.261892],[-123.155508,49.261903],[-123.155992,49.261911],[-123.157186,49.26193],[-123.157601,49.261936],[-123.157595,49.262098],[-123.15566,49.262067],[-123.155502,49.262065],[-123.155489,49.262415],[-123.155215,49.26241],[-123.155228,49.26207],[-123.154599,49.26206],[-123.153762,49.262046],[-123.153767,49.261864],[-123.155233,49.261888]]]}},{"type":"Feature","properties":{"n":"Salsbury Park","c":"Neighbourhood","ha":0.24},"geometry":{"type":"Polygon","coordinates":[[[-123.068489,49.277457],[-123.068213,49.277452],[-123.067598,49.277445],[-123.067604,49.277111],[-123.06822,49.277118],[-123.068496,49.277124],[-123.068489,49.277457]]]}},{"type":"Feature","properties":{"n":"Valdez Park","c":"Local","ha":0.77},"geometry":{"type":"Polygon","coordinates":[[[-123.177107,49.252741],[-123.175794,49.252735],[-123.175802,49.252013],[-123.177116,49.252018],[-123.177111,49.252352],[-123.177111,49.252406],[-123.177107,49.252741]]]}},{"type":"Feature","properties":{"n":"Shannon Park","c":"Neighbourhood","ha":0.94},"geometry":{"type":"Polygon","coordinates":[[[-123.143293,49.215843],[-123.141777,49.215819],[-123.141777,49.215817],[-123.141806,49.215051],[-123.143322,49.215076],[-123.143293,49.215843]]]}},{"type":"Feature","properties":{"n":"Mount Pleasant Park","c":"Neighbourhood","ha":1.12},"geometry":{"type":"Polygon","coordinates":[[[-123.107209,49.257506],[-123.105272,49.257472],[-123.105303,49.256751],[-123.107235,49.2568],[-123.107209,49.257506]]]}},{"type":"Feature","properties":{"n":"Memorial West Park","c":"Community","ha":7.51},"geometry":{"type":"Polygon","coordinates":[[[-123.190759,49.244211],[-123.188137,49.244198],[-123.185378,49.244184],[-123.1854,49.24246],[-123.188156,49.242473],[-123.190774,49.242485],[-123.190759,49.244211]]]}},{"type":"Feature","properties":{"n":"Grays Park","c":"Neighbourhood","ha":1.62},"geometry":{"type":"Polygon","coordinates":[[[-123.085861,49.24159],[-123.084204,49.241577],[-123.084251,49.240371],[-123.085901,49.24038],[-123.085887,49.240802],[-123.085861,49.24159]]]}},{"type":"Feature","properties":{"n":"Granville Loop Park","c":"Neighbourhood","ha":1.06},"geometry":{"type":"Polygon","coordinates":[[[-123.136206,49.266827],[-123.138146,49.266856],[-123.138141,49.267742],[-123.137908,49.267742],[-123.137722,49.267738],[-123.137578,49.267729],[-123.137426,49.267707],[-123.137316,49.267684],[-123.137179,49.267635],[-123.137062,49.267572],[-123.13691,49.267482],[-123.136821,49.267423],[-123.136745,49.267371],[-123.136686,49.267331],[-123.136648,49.267306],[-123.1366,49.267272],[-123.136559,49.267243],[-123.136507,49.267207],[-123.136445,49.267165],[-123.13639,49.267111],[-123.136339,49.267038],[-123.136305,49.266996],[-123.136264,49.266939],[-123.136206,49.266827]]]}},{"type":"Feature","properties":{"n":"George Park","c":"Neighbourhood","ha":1.44},"geometry":{"type":"Polygon","coordinates":[[[-123.095221,49.21317],[-123.093396,49.213057],[-123.093418,49.212111],[-123.093767,49.212115],[-123.094137,49.212118],[-123.094137,49.212155],[-123.095243,49.212165],[-123.095221,49.21317]]]}},{"type":"Feature","properties":{"n":"Hillcrest Park","c":"Community","ha":7.53},"geometry":{"type":"Polygon","coordinates":[[[-123.110645,49.244585],[-123.110646,49.244586],[-123.110647,49.244587],[-123.110648,49.244588],[-123.110649,49.244589],[-123.11065,49.24459],[-123.110651,49.24459],[-123.110652,49.244591],[-123.110653,49.244592],[-123.110654,49.244593],[-123.110655,49.244594],[-123.110656,49.244595],[-123.110657,49.244596],[-123.110658,49.244597],[-123.110659,49.244598],[-123.11066,49.244598],[-123.110661,49.244599],[-123.110663,49.2446],[-123.110664,49.244601],[-123.110665,49.244602],[-123.110666,49.244603],[-123.110667,49.244604],[-123.110668,49.244605],[-123.110669,49.244605],[-123.11067,49.244606],[-123.110671,49.244607],[-123.110672,49.244608],[-123.110673,49.244609],[-123.110674,49.24461],[-123.110675,49.244611],[-123.110676,49.244612],[-123.110677,49.244612],[-123.110678,49.244613],[-123.110679,49.244614],[-123.11068,49.244615],[-123.110681,49.244616],[-123.110682,49.244617],[-123.110683,49.244618],[-123.110684,49.244619],[-123.110685,49.244619],[-123.110686,49.24462],[-123.110687,49.244621],[-123.110688,49.244622],[-123.110689,49.244623],[-123.11069,49.244624],[-123.110692,49.244625],[-123.110693,49.244626],[-123.110694,49.244626],[-123.110695,49.244627],[-123.110696,49.244628],[-123.110697,49.244629],[-123.110698,49.24463],[-123.110699,49.244631],[-123.1107,49.244632],[-123.110701,49.244632],[-123.110702,49.244633],[-123.110703,49.244634],[-123.110704,49.244635],[-123.110705,49.244636],[-123.110706,49.244637],[-123.110707,49.244638],[-123.110708,49.244638],[-123.110709,49.244639],[-123.110711,49.24464],[-123.110712,49.244641],[-123.110713,49.244642],[-123.110714,49.244643],[-123.110715,49.244644],[-123.110716,49.244644],[-123.110717,49.244645],[-123.110718,49.244646],[-123.110719,49.244647],[-123.11072,49.244648],[-123.110721,49.244649],[-123.110722,49.24465],[-123.110723,49.24465],[-123.110724,49.244651],[-123.110726,49.244652],[-123.110727,49.244653],[-123.110728,49.244654],[-123.110729,49.244655],[-123.11073,49.244656],[-123.110731,49.244656],[-123.110732,49.244657],[-123.110733,49.244658],[-123.110734,49.244659],[-123.110735,49.24466],[-123.110736,49.244661],[-123.110737,49.244662],[-123.110738,49.244662],[-123.11074,49.244663],[-123.110741,49.244664],[-123.110742,49.244665],[-123.110743,49.244666],[-123.110744,49.244667],[-123.110745,49.244667],[-123.110746,49.244668],[-123.110747,49.244669],[-123.110748,49.24467],[-123.110749,49.244671],[-123.11075,49.244672],[-123.110752,49.244673],[-123.110753,49.244673],[-123.110754,49.244674],[-123.110755,49.244675],[-123.110756,49.244676],[-123.110757,49.244677],[-123.110758,49.244678],[-123.110759,49.244678],[-123.11076,49.244679],[-123.110761,49.24468],[-123.110763,49.244681],[-123.110764,49.244682],[-123.110765,49.244683],[-123.110766,49.244683],[-123.110767,49.244684],[-123.110768,49.244685],[-123.110769,49.244686],[-123.11077,49.244687],[-123.110771,49.244688],[-123.110773,49.244688],[-123.110774,49.244689],[-123.110775,49.24469],[-123.110776,49.244691],[-123.110777,49.244692],[-123.110778,49.244693],[-123.110779,49.244693],[-123.11078,49.244694],[-123.110781,49.244695],[-123.110783,49.244696],[-123.110784,49.244697],[-123.110785,49.244698],[-123.110786,49.244698],[-123.110787,49.244699],[-123.110788,49.2447],[-123.110789,49.244701],[-123.11079,49.244702],[-123.110792,49.244703],[-123.110793,49.244703],[-123.110794,49.244704],[-123.110795,49.244705],[-123.110796,49.244706],[-123.110797,49.244707],[-123.110798,49.244707],[-123.110799,49.244708],[-123.110801,49.244709],[-123.110802,49.24471],[-123.110803,49.244711],[-123.110804,49.244712],[-123.110805,49.244712],[-123.110806,49.244713],[-123.110807,49.244714],[-123.110809,49.244715],[-123.11081,49.244716],[-123.110811,49.244716],[-123.110812,49.244717],[-123.110813,49.244718],[-123.110814,49.244719],[-123.110815,49.24472],[-123.110817,49.244721],[-123.110818,49.244721],[-123.110819,49.244722],[-123.11082,49.244723],[-123.110821,49.244724],[-123.110822,49.244725],[-123.110823,49.244725],[-123.110825,49.244726],[-123.110826,49.244727],[-123.110827,49.244728],[-123.110828,49.244729],[-123.110829,49.244729],[-123.11083,49.24473],[-123.110831,49.244731],[-123.110833,49.244732],[-123.110834,49.244733],[-123.110835,49.244734],[-123.110836,49.244734],[-123.110837,49.244735],[-123.110838,49.244736],[-123.11084,49.244737],[-123.110841,49.244738],[-123.110842,49.244738],[-123.110843,49.244739],[-123.110844,49.24474],[-123.110845,49.244741],[-123.110847,49.244742],[-123.110848,49.244742],[-123.110849,49.244743],[-123.11085,49.244744],[-123.110851,49.244745],[-123.110852,49.244746],[-123.110854,49.244746],[-123.110855,49.244747],[-123.110856,49.244748],[-123.110857,49.244749],[-123.110858,49.24475],[-123.110859,49.24475],[-123.110861,49.244751],[-123.110862,49.244752],[-123.110863,49.244753],[-123.110864,49.244754],[-123.110865,49.244754],[-123.110866,49.244755],[-123.110868,49.244756],[-123.110869,49.244757],[-123.11087,49.244758],[-123.110871,49.244758],[-123.110872,49.244759],[-123.110873,49.24476],[-123.110875,49.244761],[-123.110876,49.244761],[-123.110877,49.244762],[-123.110878,49.244763],[-123.110879,49.244764],[-123.110881,49.244765],[-123.110882,49.244765],[-123.110883,49.244766],[-123.110884,49.244767],[-123.110885,49.244768],[-123.110887,49.244769],[-123.110888,49.244769],[-123.110889,49.24477],[-123.11089,49.244771],[-123.110891,49.244772],[-123.110893,49.244772],[-123.110894,49.244773],[-123.110895,49.244774],[-123.110896,49.244775],[-123.110897,49.244776],[-123.110899,49.244776],[-123.1109,49.244777],[-123.110901,49.244778],[-123.110902,49.244779],[-123.110903,49.244779],[-123.110905,49.24478],[-123.110906,49.244781],[-123.110907,49.244782],[-123.110908,49.244783],[-123.110909,49.244783],[-123.110911,49.244784],[-123.110912,49.244785],[-123.110913,49.244786],[-123.110914,49.244786],[-123.110915,49.244787],[-123.110917,49.244788],[-123.110918,49.244789],[-123.110919,49.24479],[-123.11092,49.24479],[-123.110921,49.244791],[-123.110923,49.244792],[-123.110924,49.244793],[-123.110925,49.244793],[-123.110926,49.244794],[-123.110927,49.244795],[-123.110929,49.244796],[-123.11093,49.244796],[-123.110931,49.244797],[-123.110932,49.244798],[-123.110934,49.244799],[-123.110935,49.2448],[-123.110936,49.2448],[-123.110937,49.244801],[-123.110938,49.244802],[-123.11094,49.244803],[-123.110941,49.244803],[-123.110942,49.244804],[-123.110943,49.244805],[-123.110945,49.244806],[-123.110946,49.244806],[-123.110947,49.244807],[-123.110948,49.244808],[-123.11095,49.244809],[-123.110951,49.244809],[-123.110952,49.24481],[-123.110953,49.244811],[-123.110954,49.244812],[-123.110956,49.244812],[-123.110957,49.244813],[-123.110958,49.244814],[-123.110959,49.244815],[-123.110961,49.244815],[-123.110962,49.244816],[-123.110963,49.244817],[-123.110964,49.244818],[-123.110966,49.244818],[-123.110967,49.244819],[-123.110968,49.24482],[-123.110969,49.244821],[-123.110971,49.244821],[-123.110972,49.244822],[-123.110973,49.244823],[-123.110974,49.244824],[-123.110976,49.244824],[-123.110977,49.244825],[-123.110978,49.244826],[-123.110979,49.244827],[-123.110981,49.244827],[-123.110982,49.244828],[-123.110983,49.244829],[-123.110984,49.24483],[-123.110986,49.24483],[-123.110987,49.244831],[-123.110988,49.244832],[-123.110989,49.244833],[-123.110991,49.244833],[-123.110992,49.244834],[-123.110993,49.244835],[-123.110994,49.244836],[-123.110996,49.244836],[-123.110997,49.244837],[-123.110998,49.244838],[-123.110999,49.244839],[-123.111001,49.244839],[-123.111002,49.24484],[-123.111003,49.244841],[-123.111004,49.244841],[-123.111006,49.244842],[-123.111007,49.244843],[-123.111008,49.244844],[-123.111009,49.244844],[-123.111011,49.244845],[-123.111012,49.244846],[-123.111013,49.244847],[-123.111015,49.244847],[-123.111016,49.244848],[-123.111017,49.244849],[-123.111018,49.24485],[-123.11102,49.24485],[-123.111021,49.244851],[-123.111022,49.244852],[-123.111023,49.244852],[-123.111025,49.244853],[-123.111026,49.244854],[-123.111027,49.244855],[-123.111029,49.244855],[-123.11103,49.244856],[-123.111031,49.244857],[-123.111032,49.244857],[-123.111034,49.244858],[-123.111035,49.244859],[-123.111036,49.24486],[-123.111038,49.24486],[-123.111039,49.244861],[-123.11104,49.244862],[-123.111041,49.244863],[-123.111043,49.244863],[-123.111044,49.244864],[-123.111045,49.244865],[-123.111047,49.244865],[-123.111048,49.244866],[-123.111049,49.244867],[-123.11105,49.244868],[-123.111052,49.244868],[-123.111053,49.244869],[-123.111054,49.24487],[-123.111056,49.24487],[-123.111057,49.244871],[-123.111058,49.244872],[-123.111059,49.244873],[-123.111061,49.244873],[-123.108169,49.246283],[-123.108168,49.246284],[-123.108167,49.246284],[-123.108166,49.246285],[-123.108165,49.246285],[-123.108164,49.246285],[-123.108164,49.246286],[-123.108163,49.246286],[-123.108162,49.246287],[-123.108161,49.246287],[-123.10816,49.246288],[-123.108159,49.246288],[-123.108158,49.246288],[-123.108158,49.246289],[-123.108157,49.246289],[-123.108156,49.24629],[-123.108155,49.24629],[-123.108154,49.24629],[-123.108153,49.246291],[-123.108153,49.246291],[-123.108152,49.246292],[-123.108151,49.246292],[-123.10815,49.246293],[-123.108149,49.246293],[-123.108148,49.246293],[-123.108148,49.246294],[-123.108147,49.246294],[-123.108146,49.246295],[-123.108145,49.246295],[-123.108144,49.246296],[-123.108143,49.246296],[-123.108143,49.246296],[-123.108142,49.246297],[-123.108141,49.246297],[-123.10814,49.246298],[-123.108139,49.246298],[-123.108138,49.246298],[-123.108138,49.246299],[-123.108137,49.246299],[-123.108136,49.2463],[-123.108135,49.2463],[-123.108134,49.246301],[-123.108133,49.246301],[-123.108133,49.246301],[-123.108132,49.246302],[-123.108131,49.246302],[-123.10813,49.246303],[-123.108129,49.246303],[-123.108128,49.246304],[-123.108128,49.246304],[-123.108127,49.246304],[-123.108126,49.246305],[-123.108125,49.246305],[-123.108124,49.246306],[-123.108123,49.246306],[-123.108123,49.246307],[-123.108122,49.246307],[-123.108121,49.246307],[-123.10812,49.246308],[-123.108119,49.246308],[-123.108118,49.246309],[-123.108118,49.246309],[-123.108117,49.24631],[-123.108116,49.24631],[-123.108115,49.24631],[-123.108114,49.246311],[-123.108114,49.246311],[-123.108113,49.246312],[-123.108112,49.246312],[-123.108111,49.246313],[-123.10811,49.246313],[-123.108109,49.246313],[-123.108109,49.246314],[-123.108108,49.246314],[-123.108107,49.246315],[-123.108106,49.246315],[-123.108105,49.246316],[-123.108105,49.246316],[-123.108104,49.246317],[-123.108103,49.246317],[-123.108102,49.246317],[-123.108101,49.246318],[-123.1081,49.246318],[-123.1081,49.246319],[-123.108099,49.246319],[-123.108098,49.24632],[-123.108097,49.24632],[-123.108096,49.24632],[-123.108096,49.246321],[-123.108095,49.246321],[-123.108094,49.246322],[-123.108093,49.246322],[-123.108092,49.246323],[-123.108091,49.246323],[-123.108091,49.246324],[-123.10809,49.246324],[-123.108089,49.246324],[-123.108088,49.246325],[-123.108087,49.246325],[-123.108087,49.246326],[-123.108086,49.246326],[-123.108085,49.246327],[-123.108084,49.246327],[-123.108083,49.246328],[-123.108083,49.246328],[-123.108082,49.246328],[-123.108081,49.246329],[-123.10808,49.246329],[-123.108079,49.24633],[-123.108078,49.24633],[-123.108078,49.246331],[-123.108077,49.246331],[-123.108076,49.246332],[-123.108075,49.246332],[-123.108074,49.246332],[-123.108074,49.246333],[-123.108073,49.246333],[-123.108072,49.246334],[-123.108071,49.246334],[-123.10807,49.246335],[-123.10807,49.246335],[-123.108069,49.246336],[-123.108068,49.246336],[-123.108067,49.246336],[-123.108066,49.246337],[-123.108066,49.246337],[-123.108065,49.246338],[-123.108064,49.246338],[-123.108063,49.246339],[-123.108062,49.246339],[-123.108062,49.24634],[-123.108061,49.24634],[-123.10806,49.24634],[-123.108059,49.246341],[-123.108058,49.246341],[-123.108058,49.246342],[-123.108057,49.246342],[-123.108056,49.246343],[-123.108055,49.246343],[-123.108054,49.246344],[-123.108054,49.246344],[-123.108053,49.246345],[-123.108052,49.246345],[-123.108051,49.246345],[-123.10805,49.246346],[-123.10805,49.246346],[-123.108049,49.246347],[-123.108048,49.246347],[-123.108047,49.246348],[-123.108046,49.246348],[-123.108046,49.246349],[-123.108045,49.246349],[-123.108044,49.24635],[-123.108043,49.24635],[-123.108043,49.24635],[-123.108042,49.246351],[-123.108041,49.246351],[-123.10804,49.246352],[-123.108039,49.246352],[-123.108039,49.246353],[-123.108038,49.246353],[-123.108037,49.246354],[-123.108036,49.246354],[-123.108035,49.246355],[-123.108035,49.246355],[-123.108034,49.246356],[-123.108033,49.246356],[-123.108032,49.246356],[-123.108031,49.246357],[-123.108031,49.246357],[-123.10803,49.246358],[-123.108029,49.246358],[-123.108028,49.246359],[-123.108028,49.246359],[-123.108027,49.24636],[-123.108026,49.24636],[-123.108025,49.246361],[-123.108024,49.246361],[-123.108024,49.246362],[-123.108023,49.246362],[-123.108022,49.246362],[-123.108021,49.246363],[-123.108021,49.246363],[-123.10802,49.246364],[-123.108019,49.246364],[-123.108018,49.246365],[-123.108017,49.246365],[-123.108017,49.246366],[-123.108016,49.246366],[-123.108015,49.246367],[-123.108014,49.246367],[-123.108014,49.246368],[-123.108013,49.246368],[-123.108012,49.246369],[-123.108011,49.246369],[-123.10801,49.246369],[-123.10801,49.24637],[-123.108009,49.24637],[-123.108008,49.246371],[-123.108007,49.246371],[-123.108007,49.246372],[-123.108006,49.246372],[-123.108005,49.246373],[-123.108004,49.246373],[-123.108003,49.246374],[-123.108003,49.246374],[-123.108002,49.246375],[-123.108001,49.246375],[-123.108,49.246376],[-123.108,49.246376],[-123.107999,49.246377],[-123.107998,49.246377],[-123.107997,49.246377],[-123.107997,49.246378],[-123.107996,49.246378],[-123.107995,49.246379],[-123.107994,49.246379],[-123.107993,49.24638],[-123.107993,49.24638],[-123.107992,49.246381],[-123.107991,49.246381],[-123.10799,49.246382],[-123.10799,49.246382],[-123.107989,49.246383],[-123.107988,49.246383],[-123.107987,49.246384],[-123.107987,49.246384],[-123.107986,49.246385],[-123.107985,49.246385],[-123.107984,49.246386],[-123.107984,49.246386],[-123.107983,49.246387],[-123.107982,49.246387],[-123.107981,49.246388],[-123.10798,49.246388],[-123.10798,49.246388],[-123.107979,49.246389],[-123.107978,49.246389],[-123.107977,49.24639],[-123.107977,49.24639],[-123.107976,49.246391],[-123.107975,49.246391],[-123.107974,49.246392],[-123.107974,49.246392],[-123.107973,49.246393],[-123.107972,49.246393],[-123.107971,49.246394],[-123.107971,49.246394],[-123.10797,49.246395],[-123.107969,49.246395],[-123.107968,49.246396],[-123.107968,49.246396],[-123.107967,49.246397],[-123.107966,49.246397],[-123.107965,49.246398],[-123.107965,49.246398],[-123.107964,49.246399],[-123.107963,49.246399],[-123.107962,49.2464],[-123.107962,49.2464],[-123.107961,49.246401],[-123.10796,49.246401],[-123.107959,49.246402],[-123.107959,49.246402],[-123.107958,49.246402],[-123.107957,49.246403],[-123.107956,49.246403],[-123.107956,49.246404],[-123.107955,49.246404],[-123.107954,49.246405],[-123.107953,49.246405],[-123.107953,49.246406],[-123.107952,49.246406],[-123.107951,49.246407],[-123.10795,49.246407],[-123.10795,49.246408],[-123.107949,49.246408],[-123.107948,49.246409],[-123.107947,49.246409],[-123.107947,49.24641],[-123.107946,49.24641],[-123.107945,49.246411],[-123.107944,49.246411],[-123.107944,49.246412],[-123.107943,49.246412],[-123.107942,49.246413],[-123.107942,49.246413],[-123.107941,49.246414],[-123.10794,49.246414],[-123.107939,49.246415],[-123.107939,49.246415],[-123.107938,49.246416],[-123.107937,49.246416],[-123.107936,49.246417],[-123.107936,49.246417],[-123.107935,49.246418],[-123.107934,49.246418],[-123.107933,49.246419],[-123.107933,49.246419],[-123.107932,49.24642],[-123.107931,49.24642],[-123.10793,49.246421],[-123.10793,49.246421],[-123.107929,49.246422],[-123.107928,49.246422],[-123.107928,49.246423],[-123.107927,49.246423],[-123.107926,49.246424],[-123.107925,49.246424],[-123.107925,49.246425],[-123.107924,49.246425],[-123.107923,49.246426],[-123.107922,49.246426],[-123.107922,49.246427],[-123.107921,49.246427],[-123.10792,49.246428],[-123.10792,49.246428],[-123.107919,49.246429],[-123.107918,49.246429],[-123.107917,49.24643],[-123.107917,49.24643],[-123.107916,49.246431],[-123.107915,49.246431],[-123.107914,49.246432],[-123.107914,49.246432],[-123.107913,49.246433],[-123.107912,49.246433],[-123.107912,49.246434],[-123.107911,49.246434],[-123.10791,49.246435],[-123.107909,49.246435],[-123.107909,49.246436],[-123.107908,49.246436],[-123.107907,49.246437],[-123.107907,49.246437],[-123.107906,49.246438],[-123.107905,49.246438],[-123.107904,49.246439],[-123.107904,49.246439],[-123.107903,49.24644],[-123.107902,49.24644],[-123.107902,49.246441],[-123.107901,49.246441],[-123.1079,49.246442],[-123.107899,49.246442],[-123.107899,49.246443],[-123.107898,49.246443],[-123.107897,49.246444],[-123.107896,49.246444],[-123.107896,49.246445],[-123.107895,49.246445],[-123.107894,49.246446],[-123.107894,49.246446],[-123.107893,49.246447],[-123.107892,49.246447],[-123.107892,49.246448],[-123.107891,49.246448],[-123.10789,49.246449],[-123.107889,49.246449],[-123.107889,49.24645],[-123.105626,49.24446],[-123.105629,49.24446],[-123.10563,49.24446],[-123.105631,49.24446],[-123.105632,49.24446],[-123.105634,49.24446],[-123.105635,49.24446],[-123.105636,49.24446],[-123.105637,49.24446],[-123.105638,49.24446],[-123.105639,49.24446],[-123.10564,49.24446],[-123.105641,49.24446],[-123.105642,49.24446],[-123.105643,49.24446],[-123.105644,49.24446],[-123.105645,49.24446],[-123.105647,49.24446],[-123.105648,49.24446],[-123.105649,49.24446],[-123.10565,49.24446],[-123.105651,49.24446],[-123.105652,49.24446],[-123.105653,49.24446],[-123.105654,49.24446],[-123.105655,49.24446],[-123.105656,49.24446],[-123.105657,49.24446],[-123.105659,49.24446],[-123.10566,49.24446],[-123.105661,49.24446],[-123.105662,49.24446],[-123.105663,49.24446],[-123.105664,49.24446],[-123.105665,49.24446],[-123.105666,49.24446],[-123.105667,49.24446],[-123.105668,49.24446],[-123.105669,49.24446],[-123.105671,49.24446],[-123.105672,49.24446],[-123.105673,49.24446],[-123.105674,49.24446],[-123.105675,49.24446],[-123.105676,49.24446],[-123.105677,49.24446],[-123.105678,49.24446],[-123.105679,49.24446],[-123.10568,49.24446],[-123.105681,49.24446],[-123.105682,49.24446],[-123.105684,49.24446],[-123.105685,49.24446],[-123.105686,49.244459],[-123.105687,49.244459],[-123.105688,49.244459],[-123.105689,49.244459],[-123.10569,49.244459],[-123.105691,49.244459],[-123.105692,49.244459],[-123.105693,49.244459],[-123.105694,49.244459],[-123.105695,49.244459],[-123.105697,49.244459],[-123.105698,49.244459],[-123.105699,49.244459],[-123.1057,49.244459],[-123.105701,49.244459],[-123.105702,49.244459],[-123.105703,49.244458],[-123.105704,49.244458],[-123.105705,49.244458],[-123.105706,49.244458],[-123.105707,49.244458],[-123.105709,49.244458],[-123.10571,49.244458],[-123.105711,49.244458],[-123.105712,49.244458],[-123.105713,49.244458],[-123.105714,49.244458],[-123.105715,49.244458],[-123.105716,49.244458],[-123.105717,49.244457],[-123.105718,49.244457],[-123.105719,49.244457],[-123.10572,49.244457],[-123.105721,49.244457],[-123.105723,49.244457],[-123.105724,49.244457],[-123.105725,49.244457],[-123.105726,49.244457],[-123.105727,49.244457],[-123.105728,49.244457],[-123.105729,49.244456],[-123.10573,49.244456],[-123.105731,49.244456],[-123.105732,49.244456],[-123.105733,49.244456],[-123.105734,49.244456],[-123.105735,49.244456],[-123.105737,49.244456],[-123.105738,49.244456],[-123.105739,49.244455],[-123.10574,49.244455],[-123.105741,49.244455],[-123.105742,49.244455],[-123.105743,49.244455],[-123.105744,49.244455],[-123.105745,49.244455],[-123.105746,49.244455],[-123.105747,49.244454],[-123.105748,49.244454],[-123.105749,49.244454],[-123.105751,49.244454],[-123.105752,49.244454],[-123.105753,49.244454],[-123.105754,49.244454],[-123.105755,49.244454],[-123.105756,49.244453],[-123.105757,49.244453],[-123.105758,49.244453],[-123.105759,49.244453],[-123.10576,49.244453],[-123.105761,49.244453],[-123.105762,49.244453],[-123.105763,49.244452],[-123.105764,49.244452],[-123.105765,49.244452],[-123.105767,49.244452],[-123.105768,49.244452],[-123.105769,49.244452],[-123.10577,49.244452],[-123.105771,49.244451],[-123.105772,49.244451],[-123.105773,49.244451],[-123.105774,49.244451],[-123.105775,49.244451],[-123.105776,49.244451],[-123.105777,49.244451],[-123.105778,49.24445],[-123.105779,49.24445],[-123.10578,49.24445],[-123.105781,49.24445],[-123.105782,49.24445],[-123.105784,49.24445],[-123.105785,49.244449],[-123.105786,49.244449],[-123.105787,49.244449],[-123.105788,49.244449],[-123.105789,49.244449],[-123.10579,49.244448],[-123.105791,49.244448],[-123.105792,49.244448],[-123.105793,49.244448],[-123.105794,49.244448],[-123.105795,49.244448],[-123.105796,49.244447],[-123.105797,49.244447],[-123.105798,49.244447],[-123.105799,49.244447],[-123.1058,49.244447],[-123.105801,49.244446],[-123.105802,49.244446],[-123.105804,49.244446],[-123.105805,49.244446],[-123.105806,49.244446],[-123.105807,49.244446],[-123.105808,49.244445],[-123.105809,49.244445],[-123.10581,49.244445],[-123.105811,49.244445],[-123.105812,49.244445],[-123.105813,49.244444],[-123.105814,49.244444],[-123.105815,49.244444],[-123.105816,49.244444],[-123.105817,49.244443],[-123.105818,49.244443],[-123.105819,49.244443],[-123.10582,49.244443],[-123.105821,49.244443],[-123.105822,49.244442],[-123.105823,49.244442],[-123.105824,49.244442],[-123.105825,49.244442],[-123.105826,49.244442],[-123.105827,49.244441],[-123.105829,49.244441],[-123.10583,49.244441],[-123.105831,49.244441],[-123.105832,49.24444],[-123.105833,49.24444],[-123.105834,49.24444],[-123.105835,49.24444],[-123.105836,49.24444],[-123.105837,49.244439],[-123.105838,49.244439],[-123.105839,49.244439],[-123.10584,49.244439],[-123.105841,49.244438],[-123.105842,49.244438],[-123.105843,49.244438],[-123.105844,49.244438],[-123.105845,49.244437],[-123.105846,49.244437],[-123.105847,49.244437],[-123.105848,49.244437],[-123.105849,49.244436],[-123.10585,49.244436],[-123.105851,49.244436],[-123.105852,49.244436],[-123.105853,49.244435],[-123.105854,49.244435],[-123.105855,49.244435],[-123.105856,49.244435],[-123.105857,49.244434],[-123.105858,49.244434],[-123.105859,49.244434],[-123.10586,49.244434],[-123.105861,49.244433],[-123.105862,49.244433],[-123.105863,49.244433],[-123.105864,49.244433],[-123.105865,49.244432],[-123.105866,49.244432],[-123.105867,49.244432],[-123.105868,49.244431],[-123.105869,49.244431],[-123.10587,49.244431],[-123.105871,49.244431],[-123.105872,49.24443],[-123.105873,49.24443],[-123.105874,49.24443],[-123.105875,49.24443],[-123.105876,49.244429],[-123.105877,49.244429],[-123.105878,49.244429],[-123.105879,49.244428],[-123.10588,49.244428],[-123.105881,49.244428],[-123.105882,49.244428],[-123.105883,49.244427],[-123.105884,49.244427],[-123.105885,49.244427],[-123.105886,49.244426],[-123.105887,49.244426],[-123.105888,49.244426],[-123.105889,49.244425],[-123.10589,49.244425],[-123.105891,49.244425],[-123.105892,49.244425],[-123.105893,49.244424],[-123.105894,49.244424],[-123.105895,49.244424],[-123.105896,49.244423],[-123.105897,49.244423],[-123.105898,49.244423],[-123.105899,49.244422],[-123.1059,49.244422],[-123.105901,49.244422],[-123.105902,49.244422],[-123.105903,49.244421],[-123.105904,49.244421],[-123.105905,49.244421],[-123.105906,49.24442],[-123.105907,49.24442],[-123.105908,49.24442],[-123.105909,49.244419],[-123.10591,49.244419],[-123.105911,49.244419],[-123.105912,49.244418],[-123.105913,49.244418],[-123.105914,49.244418],[-123.105915,49.244417],[-123.105916,49.244417],[-123.105917,49.244417],[-123.105918,49.244416],[-123.105919,49.244416],[-123.10592,49.244416],[-123.10592,49.244415],[-123.105921,49.244415],[-123.105922,49.244415],[-123.105923,49.244414],[-123.105924,49.244414],[-123.105925,49.244414],[-123.105926,49.244413],[-123.105927,49.244413],[-123.105928,49.244413],[-123.105929,49.244412],[-123.10593,49.244412],[-123.105931,49.244412],[-123.105932,49.244411],[-123.105933,49.244411],[-123.105934,49.244411],[-123.105935,49.24441],[-123.105936,49.24441],[-123.105937,49.24441],[-123.105938,49.244409],[-123.105939,49.244409],[-123.10594,49.244408],[-123.10594,49.244408],[-123.105941,49.244408],[-123.105942,49.244407],[-123.105943,49.244407],[-123.105944,49.244407],[-123.105945,49.244406],[-123.105946,49.244406],[-123.105947,49.244406],[-123.105948,49.244405],[-123.105949,49.244405],[-123.10595,49.244404],[-123.105951,49.244404],[-123.105952,49.244404],[-123.105953,49.244403],[-123.105954,49.244403],[-123.105954,49.244403],[-123.105955,49.244402],[-123.105956,49.244402],[-123.105957,49.244401],[-123.105958,49.244401],[-123.105959,49.244401],[-123.10596,49.2444],[-123.105961,49.2444],[-123.105962,49.2444],[-123.105963,49.244399],[-123.105964,49.244399],[-123.105965,49.244398],[-123.105965,49.244398],[-123.105966,49.244398],[-123.105967,49.244397],[-123.105968,49.244397],[-123.105969,49.244396],[-123.10597,49.244396],[-123.105971,49.244396],[-123.105972,49.244395],[-123.105973,49.244395],[-123.105974,49.244394],[-123.105975,49.244394],[-123.105975,49.244394],[-123.105976,49.244393],[-123.105977,49.244393],[-123.105978,49.244392],[-123.105979,49.244392],[-123.10598,49.244392],[-123.105981,49.244391],[-123.105982,49.244391],[-123.105983,49.24439],[-123.105983,49.24439],[-123.105984,49.24439],[-123.105985,49.244389],[-123.105986,49.244389],[-123.105987,49.244388],[-123.105988,49.244388],[-123.105989,49.244387],[-123.10599,49.244387],[-123.105991,49.244387],[-123.105991,49.244386],[-123.105992,49.244386],[-123.105993,49.244385],[-123.105994,49.244385],[-123.105995,49.244385],[-123.108841,49.242998],[-123.110645,49.244585]]]}},{"type":"Feature","properties":{"n":"Habitat Island Park","c":"Community","ha":0.6},"geometry":{"type":"Polygon","coordinates":[[[-123.111539,49.27157],[-123.111642,49.271861],[-123.111356,49.271915],[-123.111342,49.271876],[-123.11125,49.271904],[-123.111239,49.271912],[-123.11123,49.271921],[-123.111222,49.271929],[-123.111215,49.271939],[-123.11121,49.271948],[-123.111205,49.271958],[-123.111202,49.271968],[-123.1112,49.271979],[-123.1112,49.271989],[-123.111201,49.271999],[-123.111203,49.272009],[-123.111207,49.272019],[-123.111211,49.272029],[-123.111218,49.272039],[-123.111225,49.272048],[-123.111233,49.272057],[-123.111243,49.272065],[-123.111254,49.272072],[-123.111265,49.272079],[-123.111278,49.272086],[-123.111291,49.272091],[-123.111305,49.272096],[-123.111319,49.2721],[-123.111364,49.272104],[-123.111409,49.27211],[-123.111453,49.272119],[-123.111496,49.272129],[-123.111537,49.272142],[-123.111577,49.272156],[-123.111579,49.272158],[-123.11158,49.272161],[-123.111582,49.272163],[-123.111583,49.272165],[-123.111583,49.272168],[-123.111584,49.27217],[-123.111584,49.272172],[-123.111584,49.272175],[-123.111583,49.272177],[-123.111582,49.27218],[-123.111581,49.272182],[-123.11158,49.272184],[-123.111578,49.272186],[-123.111576,49.272188],[-123.111574,49.27219],[-123.111571,49.272192],[-123.111569,49.272194],[-123.111566,49.272195],[-123.111562,49.272196],[-123.111559,49.272197],[-123.111556,49.272198],[-123.111552,49.272199],[-123.111549,49.2722],[-123.111545,49.2722],[-123.110772,49.272417],[-123.110721,49.272424],[-123.110669,49.272428],[-123.110616,49.27243],[-123.110143,49.272425],[-123.110132,49.272423],[-123.110122,49.272421],[-123.110113,49.272418],[-123.110103,49.272415],[-123.110095,49.272411],[-123.110086,49.272406],[-123.110079,49.272401],[-123.110072,49.272396],[-123.110066,49.27239],[-123.11006,49.272384],[-123.110056,49.272378],[-123.110052,49.272372],[-123.110049,49.272365],[-123.110047,49.272358],[-123.110046,49.272351],[-123.110046,49.272344],[-123.110046,49.272337],[-123.110048,49.27233],[-123.110051,49.272324],[-123.110081,49.272286],[-123.110117,49.272249],[-123.110156,49.272215],[-123.1102,49.272183],[-123.110248,49.272154],[-123.110299,49.272127],[-123.110353,49.272103],[-123.11041,49.272081],[-123.11047,49.272063],[-123.110531,49.272049],[-123.110594,49.272037],[-123.110659,49.272029],[-123.110681,49.27203],[-123.110703,49.272029],[-123.110726,49.272028],[-123.110748,49.272025],[-123.110769,49.27202],[-123.11079,49.272015],[-123.11081,49.272009],[-123.110829,49.272001],[-123.110847,49.271992],[-123.110864,49.271983],[-123.110879,49.271972],[-123.110893,49.271961],[-123.110906,49.271949],[-123.110916,49.271936],[-123.110925,49.271923],[-123.110933,49.271909],[-123.110938,49.271895],[-123.110942,49.27188],[-123.110944,49.27187],[-123.110944,49.27186],[-123.110943,49.27185],[-123.110941,49.27184],[-123.110938,49.27183],[-123.110933,49.271821],[-123.110927,49.271812],[-123.11092,49.271803],[-123.110912,49.271794],[-123.110902,49.271786],[-123.110892,49.271779],[-123.110881,49.271772],[-123.110869,49.271765],[-123.110856,49.27176],[-123.110843,49.271755],[-123.110829,49.271751],[-123.110814,49.271748],[-123.110799,49.271745],[-123.110784,49.271743],[-123.110769,49.271743],[-123.110754,49.271743],[-123.110738,49.271743],[-123.110723,49.271745],[-123.110708,49.271748],[-123.110561,49.271769],[-123.110519,49.271801],[-123.110473,49.271831],[-123.110424,49.271858],[-123.110371,49.271882],[-123.110315,49.271904],[-123.110257,49.271922],[-123.110196,49.271937],[-123.110134,49.271948],[-123.110071,49.271956],[-123.110068,49.271956],[-123.110066,49.271955],[-123.110063,49.271955],[-123.110061,49.271954],[-123.110058,49.271953],[-123.110056,49.271952],[-123.110054,49.271951],[-123.110052,49.27195],[-123.11005,49.271948],[-123.110048,49.271947],[-123.110047,49.271946],[-123.110046,49.271944],[-123.110045,49.271942],[-123.110044,49.271941],[-123.110043,49.271939],[-123.110043,49.271937],[-123.110043,49.271935],[-123.110043,49.271932],[-123.110044,49.27193],[-123.110044,49.271927],[-123.110046,49.271925],[-123.110047,49.271923],[-123.110049,49.27192],[-123.110107,49.271864],[-123.110129,49.271845],[-123.110152,49.271828],[-123.110178,49.271811],[-123.110206,49.271796],[-123.110235,49.271783],[-123.110266,49.271771],[-123.110298,49.271761],[-123.110332,49.271753],[-123.110366,49.271747],[-123.110402,49.271742],[-123.110437,49.271739],[-123.110468,49.271741],[-123.1105,49.27174],[-123.110531,49.271738],[-123.110562,49.271735],[-123.110592,49.27173],[-123.110622,49.271724],[-123.110871,49.271664],[-123.110908,49.271653],[-123.110943,49.27164],[-123.110977,49.271625],[-123.111009,49.271609],[-123.11105,49.271599],[-123.111091,49.271591],[-123.111134,49.271586],[-123.111177,49.271584],[-123.11122,49.271584],[-123.111263,49.271586],[-123.111306,49.27159],[-123.111333,49.271592],[-123.111359,49.271592],[-123.111385,49.271591],[-123.111412,49.271589],[-123.111539,49.27157]]]}},{"type":"Feature","properties":{"n":"Park Site On South East False Creek (Hinge Park)","c":"Community","ha":1.33},"geometry":{"type":"Polygon","coordinates":[[[-123.110182,49.270278],[-123.110408,49.270598],[-123.11053,49.270565],[-123.11081,49.270958],[-123.110942,49.270921],[-123.111275,49.271388],[-123.111217,49.271405],[-123.111191,49.271445],[-123.11117,49.271507],[-123.111162,49.271537],[-123.111019,49.271548],[-123.110852,49.271579],[-123.110587,49.271643],[-123.110283,49.271657],[-123.110108,49.271717],[-123.110016,49.27179],[-123.109685,49.272118],[-123.109582,49.272169],[-123.109492,49.272189],[-123.109395,49.272188],[-123.109421,49.271524],[-123.110168,49.271538],[-123.110189,49.271053],[-123.109502,49.27104],[-123.109528,49.27042],[-123.1097,49.270415],[-123.109762,49.270409],[-123.109837,49.270397],[-123.109894,49.270387],[-123.109959,49.270371],[-123.110006,49.270356],[-123.110052,49.270339],[-123.110098,49.27032],[-123.110147,49.270297],[-123.110182,49.270278]]]}},{"type":"Feature","properties":{"n":"Clinton Park","c":"Community","ha":3.05},"geometry":{"type":"Polygon","coordinates":[[[-123.051925,49.271271],[-123.049576,49.271268],[-123.049601,49.269662],[-123.051949,49.269667],[-123.051925,49.271271]]]}},{"type":"Feature","properties":{"n":"Carleton Park","c":"Neighbourhood","ha":0.68},"geometry":{"type":"Polygon","coordinates":[[[-123.029942,49.241763],[-123.030013,49.241792],[-123.030349,49.241438],[-123.031176,49.241776],[-123.030865,49.242105],[-123.0309,49.242119],[-123.030558,49.242483],[-123.030558,49.242483],[-123.029625,49.242103],[-123.029625,49.242102],[-123.029941,49.241763],[-123.029942,49.241763]]]}},{"type":"Feature","properties":{"n":"Cariboo Park","c":"Neighbourhood","ha":0.77},"geometry":{"type":"Polygon","coordinates":[[[-123.029889,49.244358],[-123.027681,49.244346],[-123.027662,49.244323],[-123.028068,49.243907],[-123.028547,49.244101],[-123.028691,49.243947],[-123.028953,49.243666],[-123.030102,49.244134],[-123.029889,49.244358]]]}},{"type":"Feature","properties":{"n":"Cambie Park","c":"Neighbourhood","ha":0.93},"geometry":{"type":"Polygon","coordinates":[[[-123.118794,49.221695],[-123.116982,49.221664],[-123.117007,49.221031],[-123.118861,49.221062],[-123.118809,49.221312],[-123.118794,49.221695]]]}},{"type":"Feature","properties":{"n":"Park Site on Blenheim","c":"Local","ha":0.07},"geometry":{"type":"Polygon","coordinates":[[[-123.17913,49.255648],[-123.17867,49.255646],[-123.178671,49.255465],[-123.179132,49.255467],[-123.17913,49.255648]]]}},{"type":"Feature","properties":{"n":"Alice Townley Park","c":"Local","ha":0.22},"geometry":{"type":"Polygon","coordinates":[[[-123.073646,49.268821],[-123.074475,49.268827],[-123.074468,49.269161],[-123.073639,49.269155],[-123.073646,49.268821]]]}},{"type":"Feature","properties":{"n":"Sun Yat-sen Gardens Park","c":"Local","ha":0.81},"geometry":{"type":"Polygon","coordinates":[[[-123.104276,49.279863],[-123.10354,49.279852],[-123.103533,49.280128],[-123.103226,49.280116],[-123.103238,49.279843],[-123.10298,49.279836],[-123.102973,49.279732],[-123.102747,49.279733],[-123.102747,49.279666],[-123.10247,49.279663],[-123.102486,49.279306],[-123.102817,49.279285],[-123.104184,49.279309],[-123.104297,49.27936],[-123.104276,49.279863]]]}},{"type":"Feature","properties":{"n":"Carolina Park","c":"Local","ha":0.08},"geometry":{"type":"Polygon","coordinates":[[[-123.09099,49.266641],[-123.090851,49.266639],[-123.090852,49.266576],[-123.090714,49.266575],[-123.090719,49.266241],[-123.090858,49.266242],[-123.090996,49.266243],[-123.09099,49.266641]]]}},{"type":"Feature","properties":{"n":"West Point Grey Park","c":"Community","ha":3.75},"geometry":{"type":"Polygon","coordinates":[[[-123.205803,49.267147],[-123.204422,49.267126],[-123.20304,49.267105],[-123.202764,49.267104],[-123.20282,49.265593],[-123.203097,49.265579],[-123.204477,49.2656],[-123.205858,49.265621],[-123.20583,49.266384],[-123.205803,49.267147]]]}},{"type":"Feature","properties":{"n":"Tecumseh Park","c":"Neighbourhood","ha":2.1},"geometry":{"type":"Polygon","coordinates":[[[-123.070831,49.230473],[-123.068972,49.230453],[-123.06902,49.229057],[-123.070868,49.229075],[-123.070831,49.230473]]]}},{"type":"Feature","properties":{"n":"Sunrise Park","c":"Neighbourhood","ha":3.18},"geometry":{"type":"Polygon","coordinates":[[[-123.036321,49.267466],[-123.033932,49.267458],[-123.033953,49.265812],[-123.036344,49.265818],[-123.036321,49.267466]]]}},{"type":"Feature","properties":{"n":"Robson Park","c":"Neighbourhood","ha":1.56},"geometry":{"type":"Polygon","coordinates":[[[-123.091271,49.257924],[-123.091133,49.257922],[-123.091135,49.257832],[-123.09114,49.257617],[-123.091143,49.257431],[-123.091283,49.257458],[-123.091414,49.25749],[-123.091532,49.257512],[-123.091742,49.257544],[-123.091965,49.257569],[-123.092136,49.257598],[-123.092306,49.257638],[-123.092495,49.257692],[-123.092674,49.257743],[-123.092796,49.257795],[-123.092931,49.257854],[-123.09293,49.257937],[-123.092915,49.258752],[-123.091256,49.258738],[-123.091271,49.257924]]]}},{"type":"Feature","properties":{"n":"Norquay Park","c":"Community","ha":2.27},"geometry":{"type":"Polygon","coordinates":[[[-123.05036,49.235942],[-123.051592,49.235949],[-123.051641,49.23868],[-123.051574,49.238704],[-123.050462,49.238187],[-123.050579,49.236719],[-123.05036,49.235942]]]}},{"type":"Feature","properties":{"n":"Moberly Park","c":"Community","ha":3.6},"geometry":{"type":"Polygon","coordinates":[[[-123.085359,49.216372],[-123.08537,49.215191],[-123.083289,49.215141],[-123.083295,49.214767],[-123.087756,49.214872],[-123.087717,49.216412],[-123.085359,49.216372]]]}},{"type":"Feature","properties":{"n":"Jones Park","c":"Neighbourhood","ha":1.43},"geometry":{"type":"Polygon","coordinates":[[[-123.065605,49.236297],[-123.065625,49.235639],[-123.066081,49.235644],[-123.06608,49.235671],[-123.068507,49.235698],[-123.068489,49.2363],[-123.06609,49.236275],[-123.06609,49.236302],[-123.066089,49.236302],[-123.065605,49.236297]]]}},{"type":"Feature","properties":{"n":"General Brock Park","c":"Neighbourhood","ha":2.11},"geometry":{"type":"MultiPolygon","coordinates":[[[[-123.060078,49.244808],[-123.060078,49.244638],[-123.060292,49.244741],[-123.06029,49.244809],[-123.060078,49.244808],[-123.060078,49.244808]]],[[[-123.059801,49.244808],[-123.059802,49.244505],[-123.05994,49.244571],[-123.059939,49.244808],[-123.059801,49.244808],[-123.059801,49.244808]]],[[[-123.057452,49.245294],[-123.057455,49.244082],[-123.058927,49.244084],[-123.059623,49.244419],[-123.059623,49.244473],[-123.059664,49.244474],[-123.059663,49.244808],[-123.059663,49.244989],[-123.059679,49.244989],[-123.059678,49.245296],[-123.059636,49.245323],[-123.057494,49.245321],[-123.057452,49.245294]]]]}},{"type":"Feature","properties":{"n":"Falaise Park","c":"Neighbourhood","ha":7.58},"geometry":{"type":"MultiPolygon","coordinates":[[[[-123.025898,49.256579],[-123.026294,49.256321],[-123.02653,49.256476],[-123.026131,49.256736],[-123.026037,49.256736],[-123.025898,49.256645],[-123.025898,49.256579]]],[[[-123.029633,49.254819],[-123.0299,49.254645],[-123.030255,49.254877],[-123.029395,49.255438],[-123.02904,49.255205],[-123.029633,49.254819]]],[[[-123.025304,49.251994],[-123.025346,49.251967],[-123.025537,49.251967],[-123.02563,49.252197],[-123.025818,49.252391],[-123.028425,49.254099],[-123.028156,49.254274],[-123.026435,49.253145],[-123.025342,49.253144],[-123.025301,49.253116],[-123.025304,49.251994]]],[[[-123.026754,49.25573],[-123.028059,49.254879],[-123.028738,49.255325],[-123.026947,49.256494],[-123.026799,49.256397],[-123.026268,49.256047],[-123.026754,49.25573]]],[[[-123.032854,49.258011],[-123.031035,49.258004],[-123.030105,49.258007],[-123.030106,49.257714],[-123.030633,49.257714],[-123.031137,49.256402],[-123.030975,49.256018],[-123.030324,49.255591],[-123.02994,49.255338],[-123.030509,49.254967],[-123.030734,49.254821],[-123.032259,49.254822],[-123.032254,49.256976],[-123.032814,49.256976],[-123.032856,49.257004],[-123.032854,49.257766],[-123.032854,49.258011]]]]}},{"type":"Feature","properties":{"n":"Morton Park","c":"Local","ha":0.22},"geometry":{"type":"MultiPolygon","coordinates":[[[[-123.142005,49.287253],[-123.142211,49.287116],[-123.142221,49.287119],[-123.142249,49.287411],[-123.142005,49.287253]]],[[[-123.141523,49.287573],[-123.141811,49.287382],[-123.142276,49.287682],[-123.142315,49.288085],[-123.141523,49.287573]]]]}},{"type":"Feature","properties":{"n":"Rosemary Brown Park","c":"Neighbourhood","ha":0.49},"geometry":{"type":"MultiPolygon","coordinates":[[[[-123.155489,49.262415],[-123.155502,49.262065],[-123.15566,49.262067],[-123.155647,49.262418],[-123.155489,49.262415]]],[[[-123.157186,49.26193],[-123.157197,49.261621],[-123.157612,49.261628],[-123.157601,49.261925],[-123.157601,49.261936],[-123.157186,49.26193]]],[[[-123.153889,49.262789],[-123.153901,49.262446],[-123.153964,49.262447],[-123.154025,49.262489],[-123.154112,49.262491],[-123.154176,49.262451],[-123.154178,49.262396],[-123.154587,49.262402],[-123.154599,49.26206],[-123.155228,49.26207],[-123.155213,49.262467],[-123.154375,49.262454],[-123.154362,49.262796],[-123.153889,49.262789]]]]}},{"type":"Feature","properties":{"n":"Prince Edward Park","c":"Neighbourhood","ha":1.22},"geometry":{"type":"Polygon","coordinates":[[[-123.098461,49.251951],[-123.096801,49.251926],[-123.096833,49.251022],[-123.098495,49.251046],[-123.098461,49.251951]]]}},{"type":"Feature","properties":{"n":"Musqueam Park","c":"Neighbourhood","ha":23.75},"geometry":{"type":"Polygon","coordinates":[[[-123.188469,49.230005],[-123.188455,49.230004],[-123.188441,49.230004],[-123.188428,49.230005],[-123.188414,49.230006],[-123.1884,49.230008],[-123.188387,49.230011],[-123.188374,49.230015],[-123.18837,49.230016],[-123.188362,49.230019],[-123.18835,49.230023],[-123.188338,49.230028],[-123.188327,49.230034],[-123.188317,49.23004],[-123.188308,49.230047],[-123.188299,49.230054],[-123.188291,49.230062],[-123.188284,49.230069],[-123.1877,49.230065],[-123.187697,49.230175],[-123.187081,49.230169],[-123.187115,49.228398],[-123.187119,49.228395],[-123.187274,49.228218],[-123.187279,49.2279],[-123.187284,49.227582],[-123.187836,49.227586],[-123.188389,49.22759],[-123.188941,49.227594],[-123.189493,49.227597],[-123.189496,49.227417],[-123.189503,49.227044],[-123.189503,49.226989],[-123.189509,49.226616],[-123.190061,49.22662],[-123.191011,49.226626],[-123.191144,49.226627],[-123.191097,49.228331],[-123.19415,49.229538],[-123.19415,49.229538],[-123.194401,49.229637],[-123.194652,49.229736],[-123.194871,49.229823],[-123.194902,49.229835],[-123.194902,49.229835],[-123.195153,49.229934],[-123.195405,49.230034],[-123.195655,49.230133],[-123.195906,49.230232],[-123.196244,49.230365],[-123.19683,49.230597],[-123.196828,49.230665],[-123.196773,49.232558],[-123.196772,49.232585],[-123.196745,49.233535],[-123.196739,49.233724],[-123.196721,49.234373],[-123.196714,49.234616],[-123.193892,49.233609],[-123.193965,49.23095],[-123.193974,49.230633],[-123.191027,49.230619],[-123.189772,49.230576],[-123.189496,49.230576],[-123.189009,49.230576],[-123.188522,49.230576],[-123.188534,49.230238],[-123.188547,49.230234],[-123.188559,49.230229],[-123.18857,49.230223],[-123.18858,49.230217],[-123.18859,49.230211],[-123.188599,49.230204],[-123.188607,49.230197],[-123.188615,49.230189],[-123.188621,49.230181],[-123.188627,49.230172],[-123.188631,49.230164],[-123.188635,49.230155],[-123.188637,49.230146],[-123.188639,49.230137],[-123.188639,49.230128],[-123.188639,49.230119],[-123.188637,49.23011],[-123.188635,49.230101],[-123.188632,49.230092],[-123.188627,49.230083],[-123.188622,49.230075],[-123.188615,49.230067],[-123.188608,49.230059],[-123.1886,49.230052],[-123.188591,49.230045],[-123.188581,49.230038],[-123.188571,49.230032],[-123.18856,49.230027],[-123.188548,49.230022],[-123.188536,49.230017],[-123.188523,49.230013],[-123.18851,49.23001],[-123.188497,49.230008],[-123.188483,49.230006],[-123.188469,49.230005]]]}},{"type":"Feature","properties":{"n":"Fraser River Park","c":"Neighbourhood","ha":9.1},"geometry":{"type":"MultiPolygon","coordinates":[[[[-123.14642,49.208486],[-123.146555,49.207995],[-123.146727,49.207371],[-123.146804,49.207089],[-123.146983,49.207173],[-123.147319,49.207329],[-123.147654,49.207486],[-123.147989,49.207642],[-123.148324,49.207798],[-123.148818,49.207344],[-123.148818,49.207344],[-123.149083,49.207468],[-123.148916,49.208074],[-123.148839,49.208354],[-123.14878,49.208347],[-123.148107,49.208639],[-123.14808,49.208611],[-123.147591,49.208507],[-123.14642,49.208486]]],[[[-123.15294,49.208151],[-123.152884,49.208234],[-123.152863,49.208261],[-123.152841,49.208289],[-123.152801,49.208349],[-123.152795,49.208352],[-123.152797,49.208354],[-123.152796,49.208355],[-123.152771,49.20841],[-123.152771,49.208467],[-123.152818,49.208544],[-123.152888,49.208616],[-123.152898,49.208626],[-123.152935,49.208659],[-123.152982,49.208699],[-123.153054,49.20876],[-123.153065,49.208767],[-123.153151,49.208833],[-123.153205,49.208876],[-123.153205,49.208879],[-123.153207,49.20888],[-123.153206,49.208901],[-123.153209,49.208915],[-123.15321,49.208919],[-123.153243,49.208928],[-123.153306,49.208938],[-123.153427,49.208975],[-123.153453,49.208987],[-123.153454,49.208987],[-123.15346,49.208991],[-123.15372,49.209172],[-123.153846,49.209251],[-123.153866,49.20929],[-123.154057,49.2094],[-123.154283,49.20953],[-123.154446,49.20969],[-123.154465,49.209755],[-123.154786,49.210005],[-123.154901,49.210068],[-123.155006,49.210155],[-123.155512,49.210479],[-123.155541,49.210509],[-123.155675,49.21059],[-123.155754,49.210623],[-123.155697,49.210821],[-123.155357,49.210806],[-123.15529,49.210798],[-123.155213,49.210788],[-123.153307,49.20993],[-123.149385,49.207387],[-123.149136,49.207271],[-123.149393,49.206338],[-123.14978,49.205746],[-123.149802,49.205729],[-123.149847,49.205731],[-123.149888,49.205768],[-123.149895,49.205812],[-123.149938,49.20587],[-123.150144,49.205967],[-123.150354,49.206051],[-123.150519,49.206117],[-123.150675,49.206235],[-123.150833,49.206351],[-123.150933,49.20642],[-123.151058,49.206476],[-123.151158,49.206535],[-123.151211,49.206585],[-123.151283,49.206635],[-123.151326,49.206666],[-123.151402,49.206716],[-123.151474,49.206754],[-123.151546,49.206807],[-123.151613,49.206838],[-123.151704,49.206923],[-123.151757,49.206948],[-123.151785,49.206973],[-123.151867,49.207035],[-123.151915,49.207095],[-123.151953,49.207132],[-123.151968,49.207188],[-123.151982,49.207242],[-123.152044,49.207273],[-123.152111,49.207332],[-123.152222,49.207413],[-123.152308,49.207463],[-123.152394,49.207538],[-123.152442,49.207604],[-123.152499,49.207654],[-123.152533,49.207689],[-123.152619,49.20776],[-123.152705,49.207826],[-123.152758,49.207889],[-123.152801,49.207945],[-123.152854,49.207995],[-123.152892,49.208032],[-123.152931,49.208092],[-123.152936,49.208123],[-123.15294,49.208151]]]]}},{"type":"Feature","properties":{"n":"Pandora Park","c":"Neighbourhood","ha":1.67},"geometry":{"type":"Polygon","coordinates":[[[-123.059596,49.282909],[-123.056751,49.282895],[-123.056755,49.282171],[-123.05961,49.282185],[-123.059596,49.282909]]]}},{"type":"Feature","properties":{"n":"Seaforth Peace Park","c":"Neighbourhood","ha":0.79},"geometry":{"type":"Polygon","coordinates":[[[-123.146379,49.270765],[-123.146314,49.272302],[-123.146108,49.272298],[-123.145682,49.272301],[-123.145741,49.270752],[-123.146165,49.270762],[-123.146379,49.270765]]]}},{"type":"Feature","properties":{"n":"Renfrew Ravine Park","c":"Neighbourhood","ha":6.06},"geometry":{"type":"Polygon","coordinates":[[[-123.042626,49.249318],[-123.042389,49.248682],[-123.042389,49.248617],[-123.043432,49.248106],[-123.043437,49.247504],[-123.043437,49.2475],[-123.04344,49.2475],[-123.043448,49.247482],[-123.043308,49.247481],[-123.043167,49.24748],[-123.043027,49.24748],[-123.043029,49.247169],[-123.04317,49.247169],[-123.043171,49.246988],[-123.043172,49.246692],[-123.043312,49.246693],[-123.043451,49.246694],[-123.043591,49.246695],[-123.043592,49.246654],[-123.043594,49.246654],[-123.043594,49.24664],[-123.043596,49.246344],[-123.043737,49.246345],[-123.043877,49.246345],[-123.043878,49.246341],[-123.043878,49.246165],[-123.04388,49.245868],[-123.044021,49.245869],[-123.044168,49.24587],[-123.044168,49.245857],[-123.044171,49.245519],[-123.044173,49.245338],[-123.044175,49.245029],[-123.044226,49.245035],[-123.044291,49.244999],[-123.044297,49.244693],[-123.044591,49.244693],[-123.045738,49.244698],[-123.045734,49.245035],[-123.045161,49.245033],[-123.04516,49.245128],[-123.045159,49.245224],[-123.045157,49.245224],[-123.045156,49.245319],[-123.045154,49.245415],[-123.04458,49.245412],[-123.044578,49.245507],[-123.044704,49.245508],[-123.044702,49.245603],[-123.045125,49.245606],[-123.045124,49.245701],[-123.045122,49.245797],[-123.045171,49.245797],[-123.04517,49.245892],[-123.045204,49.245893],[-123.045203,49.245988],[-123.045169,49.245988],[-123.045168,49.24608],[-123.045135,49.24608],[-123.045134,49.246179],[-123.045163,49.246179],[-123.045164,49.24636],[-123.045122,49.246359],[-123.045121,49.24647],[-123.045119,49.24656],[-123.044563,49.246557],[-123.04456,49.246748],[-123.044558,49.246844],[-123.044556,49.246939],[-123.044553,49.247131],[-123.04455,49.247321],[-123.044549,49.247417],[-123.044963,49.247419],[-123.044962,49.247514],[-123.044957,49.247819],[-123.044819,49.247819],[-123.044819,49.248],[-123.044957,49.248],[-123.045096,49.248001],[-123.045095,49.248329],[-123.044957,49.248329],[-123.044819,49.248328],[-123.044681,49.248327],[-123.044543,49.248327],[-123.044543,49.248381],[-123.044543,49.24871],[-123.044339,49.248709],[-123.044339,49.249773],[-123.044137,49.249973],[-123.044001,49.250052],[-123.043816,49.250084],[-123.043603,49.250031],[-123.042998,49.249769],[-123.042626,49.249318]]]}},{"type":"Feature","properties":{"n":"Granville Park","c":"Neighbourhood","ha":1.97},"geometry":{"type":"MultiPolygon","coordinates":[[[[-123.143722,49.258505],[-123.143735,49.258162],[-123.145798,49.258195],[-123.145785,49.258538],[-123.143722,49.258505]]],[[[-123.141336,49.258863],[-123.141364,49.258107],[-123.141995,49.258118],[-123.142619,49.258128],[-123.142626,49.257964],[-123.143465,49.257977],[-123.143459,49.258142],[-123.14343,49.258898],[-123.141965,49.258874],[-123.141336,49.258863]]]]}},{"type":"Feature","properties":{"n":"Memorial South Park","c":"Community","ha":13.75},"geometry":{"type":"MultiPolygon","coordinates":[[[[-123.086378,49.229265],[-123.085869,49.229259],[-123.085868,49.229259],[-123.08587,49.229168],[-123.086381,49.229175],[-123.086378,49.229265]]],[[[-123.082714,49.232653],[-123.082828,49.22931],[-123.082835,49.229129],[-123.084406,49.229149],[-123.084401,49.22933],[-123.084485,49.229332],[-123.08449,49.229151],[-123.08466,49.229153],[-123.08483,49.229155],[-123.085001,49.229157],[-123.084995,49.229338],[-123.085272,49.229341],[-123.085277,49.22916],[-123.085447,49.229162],[-123.085447,49.229163],[-123.085443,49.229343],[-123.085613,49.229346],[-123.085782,49.229348],[-123.085866,49.229349],[-123.086376,49.229355],[-123.086652,49.229359],[-123.086653,49.229359],[-123.086907,49.229362],[-123.087163,49.229365],[-123.087245,49.229366],[-123.087246,49.229366],[-123.087416,49.229368],[-123.087421,49.229188],[-123.087421,49.229188],[-123.087592,49.229189],[-123.087761,49.229191],[-123.087756,49.229373],[-123.087656,49.232716],[-123.082714,49.232653]]]]}},{"type":"Feature","properties":{"n":"West End minipark - JERVIS ST @ BURNABY ST","c":"Local","ha":0.08},"geometry":{"type":"Polygon","coordinates":[[[-123.13619,49.282096],[-123.135994,49.281969],[-123.136379,49.281714],[-123.136576,49.281841],[-123.13619,49.282096]]]}},{"type":"Feature","properties":{"n":"Creekway Park","c":"Local","ha":1.66},"geometry":{"type":"Polygon","coordinates":[[[-123.036396,49.28811],[-123.036141,49.288472],[-123.036075,49.288449],[-123.036051,49.28844],[-123.035983,49.288416],[-123.035982,49.288416],[-123.035982,49.288399],[-123.035968,49.288399],[-123.035954,49.288399],[-123.03594,49.288398],[-123.035927,49.288398],[-123.035913,49.288398],[-123.035899,49.288398],[-123.035885,49.288398],[-123.035871,49.288397],[-123.035857,49.288397],[-123.035843,49.288397],[-123.035829,49.288397],[-123.035815,49.288397],[-123.035802,49.288397],[-123.035788,49.288397],[-123.035774,49.288397],[-123.03576,49.288397],[-123.035746,49.288397],[-123.035732,49.288397],[-123.035718,49.288397],[-123.035704,49.288397],[-123.03569,49.288397],[-123.035677,49.288397],[-123.035663,49.288397],[-123.035649,49.288397],[-123.035635,49.288397],[-123.035621,49.288397],[-123.035607,49.288397],[-123.035593,49.288398],[-123.035579,49.288398],[-123.035565,49.288398],[-123.035551,49.288398],[-123.035537,49.288398],[-123.035524,49.288399],[-123.03551,49.288399],[-123.035496,49.288399],[-123.035482,49.288399],[-123.035468,49.2884],[-123.035454,49.2884],[-123.03544,49.2884],[-123.035427,49.288401],[-123.035413,49.288401],[-123.035399,49.288402],[-123.035385,49.288402],[-123.035371,49.288402],[-123.035357,49.288403],[-123.035343,49.288403],[-123.035329,49.288404],[-123.035315,49.288404],[-123.035302,49.288405],[-123.035288,49.288405],[-123.035274,49.288406],[-123.03526,49.288406],[-123.035246,49.288407],[-123.035232,49.288408],[-123.035218,49.288408],[-123.035204,49.288409],[-123.035191,49.28841],[-123.035177,49.28841],[-123.035163,49.288411],[-123.035149,49.288412],[-123.035135,49.288412],[-123.035121,49.288413],[-123.035107,49.288414],[-123.035094,49.288415],[-123.03508,49.288415],[-123.035074,49.288416],[-123.035066,49.288416],[-123.035052,49.288417],[-123.035038,49.288418],[-123.035024,49.288419],[-123.035011,49.288419],[-123.034997,49.28842],[-123.034983,49.288421],[-123.034981,49.288421],[-123.034969,49.288422],[-123.034955,49.288423],[-123.034942,49.288424],[-123.034928,49.288425],[-123.034914,49.288426],[-123.0349,49.288427],[-123.034886,49.288428],[-123.034872,49.288429],[-123.034859,49.28843],[-123.034845,49.288431],[-123.034831,49.288432],[-123.034817,49.288433],[-123.034803,49.288434],[-123.03479,49.288435],[-123.034776,49.288436],[-123.034762,49.288438],[-123.034748,49.288439],[-123.034735,49.28844],[-123.034721,49.288441],[-123.034707,49.288442],[-123.034693,49.288444],[-123.03468,49.288445],[-123.034666,49.288446],[-123.034652,49.288447],[-123.034638,49.288449],[-123.034624,49.28845],[-123.034611,49.288451],[-123.034597,49.288453],[-123.034583,49.288454],[-123.03457,49.288455],[-123.034556,49.288457],[-123.034543,49.288458],[-123.034542,49.288458],[-123.034528,49.28846],[-123.034515,49.288461],[-123.034501,49.288462],[-123.034487,49.288464],[-123.034473,49.288465],[-123.03446,49.288467],[-123.034446,49.288468],[-123.034432,49.28847],[-123.034419,49.288472],[-123.034405,49.288473],[-123.034391,49.288475],[-123.034378,49.288476],[-123.034364,49.288478],[-123.03435,49.28848],[-123.034337,49.288481],[-123.03377,49.288564],[-123.033769,49.288564],[-123.033671,49.288572],[-123.033652,49.288575],[-123.033632,49.288578],[-123.033612,49.288581],[-123.033326,49.288676],[-123.033086,49.288467],[-123.033155,49.288416],[-123.033218,49.288361],[-123.033272,49.288302],[-123.033319,49.288241],[-123.033358,49.288177],[-123.033388,49.288112],[-123.033412,49.288007],[-123.033424,49.287901],[-123.033422,49.287795],[-123.03343,49.287292],[-123.033431,49.287272],[-123.03343,49.287252],[-123.033426,49.287232],[-123.03342,49.287213],[-123.033411,49.287193],[-123.033399,49.287175],[-123.033386,49.287157],[-123.03337,49.28714],[-123.033351,49.287124],[-123.033331,49.287109],[-123.033309,49.287095],[-123.033252,49.287083],[-123.03334,49.286934],[-123.034008,49.287118],[-123.033911,49.287262],[-123.033778,49.287222],[-123.033654,49.287289],[-123.033652,49.287794],[-123.033746,49.287797],[-123.033902,49.287953],[-123.033901,49.288011],[-123.033918,49.288009],[-123.034046,49.288013],[-123.034236,49.288018],[-123.034578,49.28803],[-123.034671,49.288032],[-123.034815,49.288037],[-123.034979,49.288043],[-123.035341,49.288054],[-123.035689,49.288067],[-123.03581,49.288071],[-123.035976,49.288078],[-123.036161,49.288088],[-123.036396,49.28811]]]}},{"type":"Feature","properties":{"n":"Cambridge Park","c":"Local","ha":0.23},"geometry":{"type":"Polygon","coordinates":[[[-123.061566,49.286719],[-123.061735,49.286577],[-123.061736,49.286578],[-123.062308,49.285981],[-123.062642,49.285751],[-123.062805,49.285852],[-123.062803,49.285852],[-123.062794,49.285859],[-123.062784,49.285866],[-123.062775,49.285872],[-123.062765,49.285879],[-123.062756,49.285885],[-123.062747,49.285892],[-123.062737,49.285899],[-123.062728,49.285905],[-123.062719,49.285912],[-123.062709,49.285919],[-123.0627,49.285926],[-123.062691,49.285932],[-123.062682,49.285939],[-123.062673,49.285946],[-123.062664,49.285953],[-123.062654,49.28596],[-123.062646,49.285967],[-123.062636,49.285973],[-123.062628,49.28598],[-123.062619,49.285987],[-123.06261,49.285994],[-123.062601,49.286001],[-123.062592,49.286008],[-123.062583,49.286015],[-123.062575,49.286022],[-123.062566,49.286029],[-123.062557,49.286036],[-123.062549,49.286043],[-123.06254,49.28605],[-123.062531,49.286058],[-123.062523,49.286065],[-123.062514,49.286072],[-123.062506,49.286079],[-123.062497,49.286086],[-123.062489,49.286093],[-123.062481,49.286101],[-123.062472,49.286108],[-123.062464,49.286115],[-123.062456,49.286122],[-123.062448,49.28613],[-123.062439,49.286137],[-123.062431,49.286144],[-123.062423,49.286152],[-123.062415,49.286159],[-123.062407,49.286166],[-123.062399,49.286174],[-123.062391,49.286181],[-123.062383,49.286189],[-123.062375,49.286196],[-123.062368,49.286204],[-123.06236,49.286211],[-123.062352,49.286219],[-123.062344,49.286226],[-123.062337,49.286234],[-123.062329,49.286241],[-123.062321,49.286249],[-123.062314,49.286256],[-123.062306,49.286264],[-123.062299,49.286272],[-123.062291,49.286279],[-123.062284,49.286287],[-123.062277,49.286295],[-123.062269,49.286302],[-123.062262,49.28631],[-123.062255,49.286318],[-123.062248,49.286325],[-123.06224,49.286333],[-123.062233,49.286341],[-123.062226,49.286349],[-123.062219,49.286356],[-123.062212,49.286364],[-123.062205,49.286372],[-123.062198,49.28638],[-123.062191,49.286388],[-123.062184,49.286396],[-123.062177,49.286404],[-123.062171,49.286411],[-123.062164,49.286419],[-123.062157,49.286427],[-123.062151,49.286435],[-123.062144,49.286443],[-123.062137,49.286451],[-123.062131,49.286459],[-123.062124,49.286467],[-123.062118,49.286475],[-123.062111,49.286483],[-123.062105,49.286491],[-123.062099,49.286499],[-123.062092,49.286507],[-123.062086,49.286515],[-123.06208,49.286523],[-123.062074,49.286532],[-123.062068,49.28654],[-123.062061,49.286548],[-123.062055,49.286556],[-123.061977,49.286662],[-123.061977,49.286662],[-123.061976,49.286661],[-123.061843,49.28682],[-123.061566,49.286719]]]}},{"type":"Feature","properties":{"n":"Marina Square","c":"Neighbourhood","ha":0.63},"geometry":{"type":"Polygon","coordinates":[[[-123.131382,49.293021],[-123.13128,49.293088],[-123.130775,49.292762],[-123.130679,49.292826],[-123.130581,49.292763],[-123.130637,49.292293],[-123.131184,49.29193],[-123.131221,49.29193],[-123.131813,49.292313],[-123.131765,49.292345],[-123.131456,49.292549],[-123.131382,49.293021]]]}},{"type":"Feature","properties":{"n":"Eburne Park","c":"Local","ha":0.9},"geometry":{"type":"Polygon","coordinates":[[[-123.129642,49.206203],[-123.129684,49.206203],[-123.130012,49.206208],[-123.130072,49.206512],[-123.130134,49.206822],[-123.12825,49.206797],[-123.12827,49.206185],[-123.128716,49.20619],[-123.128984,49.206194],[-123.129224,49.206197],[-123.129441,49.2062],[-123.129642,49.206203]]]}},{"type":"Feature","properties":{"n":"Shaughnessy Park","c":"Local","ha":1.45},"geometry":{"type":"Polygon","coordinates":[[[-123.134375,49.256038],[-123.134363,49.256034],[-123.13435,49.25603],[-123.134338,49.256026],[-123.134326,49.256021],[-123.134314,49.256016],[-123.134302,49.256011],[-123.134291,49.256006],[-123.134279,49.256001],[-123.134268,49.255996],[-123.134257,49.25599],[-123.134246,49.255985],[-123.134235,49.255979],[-123.134225,49.255973],[-123.134215,49.255967],[-123.134204,49.255961],[-123.134194,49.255954],[-123.134185,49.255948],[-123.134175,49.255941],[-123.134166,49.255934],[-123.134157,49.255927],[-123.134148,49.25592],[-123.134139,49.255913],[-123.134131,49.255906],[-123.134123,49.255898],[-123.134115,49.255891],[-123.134107,49.255883],[-123.1341,49.255875],[-123.134093,49.255868],[-123.134086,49.25586],[-123.134079,49.255852],[-123.134073,49.255844],[-123.134067,49.255835],[-123.134061,49.255827],[-123.134055,49.255819],[-123.13405,49.25581],[-123.134045,49.255802],[-123.13404,49.255793],[-123.134036,49.255785],[-123.134032,49.255776],[-123.134028,49.255767],[-123.134024,49.255758],[-123.134021,49.255749],[-123.134018,49.255741],[-123.134015,49.255732],[-123.134013,49.255723],[-123.13401,49.255714],[-123.134009,49.255705],[-123.134007,49.255696],[-123.134006,49.255687],[-123.134005,49.255677],[-123.134004,49.255668],[-123.134004,49.255659],[-123.134004,49.25565],[-123.134004,49.255641],[-123.134004,49.255632],[-123.134005,49.255623],[-123.134006,49.255614],[-123.134008,49.255605],[-123.134009,49.255595],[-123.134011,49.255586],[-123.134013,49.255577],[-123.134016,49.255568],[-123.134019,49.25556],[-123.134022,49.255551],[-123.134025,49.255542],[-123.134029,49.255533],[-123.134033,49.255524],[-123.134037,49.255516],[-123.134042,49.255507],[-123.134047,49.255498],[-123.134052,49.25549],[-123.134057,49.255482],[-123.134063,49.255473],[-123.134069,49.255465],[-123.134075,49.255457],[-123.134081,49.255449],[-123.134088,49.255441],[-123.134095,49.255433],[-123.134102,49.255425],[-123.13411,49.255417],[-123.134117,49.25541],[-123.134125,49.255402],[-123.134134,49.255395],[-123.134142,49.255388],[-123.134151,49.255381],[-123.13416,49.255374],[-123.134169,49.255367],[-123.134178,49.25536],[-123.134188,49.255353],[-123.134198,49.255347],[-123.134208,49.255341],[-123.134218,49.255334],[-123.134228,49.255328],[-123.134239,49.255322],[-123.13425,49.255317],[-123.134261,49.255311],[-123.134272,49.255305],[-123.134283,49.2553],[-123.134294,49.255295],[-123.134306,49.25529],[-123.134318,49.255285],[-123.13433,49.25528],[-123.134342,49.255276],[-123.134354,49.255272],[-123.134367,49.255267],[-123.134379,49.255263],[-123.134392,49.25526],[-123.134405,49.255256],[-123.134418,49.255253],[-123.134431,49.255249],[-123.134443,49.255246],[-123.134456,49.255242],[-123.134469,49.255239],[-123.134482,49.255236],[-123.134495,49.255233],[-123.134509,49.25523],[-123.134522,49.255227],[-123.134535,49.255224],[-123.134548,49.255221],[-123.134562,49.255218],[-123.134575,49.255216],[-123.134588,49.255213],[-123.134602,49.25521],[-123.134615,49.255208],[-123.134628,49.255206],[-123.134642,49.255203],[-123.134655,49.255201],[-123.134669,49.255199],[-123.134682,49.255196],[-123.134696,49.255194],[-123.134709,49.255192],[-123.134723,49.25519],[-123.134737,49.255189],[-123.13475,49.255187],[-123.134764,49.255185],[-123.134778,49.255183],[-123.134791,49.255182],[-123.134805,49.25518],[-123.134819,49.255179],[-123.134833,49.255177],[-123.134846,49.255176],[-123.13486,49.255175],[-123.134874,49.255174],[-123.134888,49.255172],[-123.134902,49.255171],[-123.134915,49.25517],[-123.134929,49.255169],[-123.134943,49.255169],[-123.134957,49.255168],[-123.134971,49.255167],[-123.134985,49.255167],[-123.134999,49.255166],[-123.135013,49.255165],[-123.135026,49.255165],[-123.13504,49.255165],[-123.135054,49.255164],[-123.135068,49.255164],[-123.135082,49.255164],[-123.135096,49.255164],[-123.13511,49.255164],[-123.135124,49.255164],[-123.135138,49.255164],[-123.135152,49.255164],[-123.135166,49.255165],[-123.13518,49.255165],[-123.135194,49.255166],[-123.135207,49.255166],[-123.135221,49.255167],[-123.135235,49.255167],[-123.135249,49.255168],[-123.135263,49.255169],[-123.135277,49.25517],[-123.135291,49.255171],[-123.135305,49.255172],[-123.135318,49.255173],[-123.135332,49.255174],[-123.135346,49.255175],[-123.13536,49.255176],[-123.135374,49.255178],[-123.135387,49.255179],[-123.135401,49.255181],[-123.135415,49.255182],[-123.135428,49.255184],[-123.135442,49.255185],[-123.135456,49.255187],[-123.135469,49.255189],[-123.135483,49.255191],[-123.135497,49.255193],[-123.13551,49.255195],[-123.135524,49.255197],[-123.135537,49.255199],[-123.135551,49.255201],[-123.135564,49.255204],[-123.135578,49.255206],[-123.135591,49.255209],[-123.135604,49.255211],[-123.135618,49.255214],[-123.135631,49.255216],[-123.135644,49.255219],[-123.135658,49.255222],[-123.135671,49.255225],[-123.135684,49.255228],[-123.135697,49.255231],[-123.13571,49.255234],[-123.135723,49.255237],[-123.135736,49.25524],[-123.135749,49.255243],[-123.135762,49.255247],[-123.135775,49.25525],[-123.135788,49.255254],[-123.135801,49.255257],[-123.135814,49.255261],[-123.135827,49.255264],[-123.135839,49.255268],[-123.135852,49.255272],[-123.135865,49.255276],[-123.135877,49.25528],[-123.13589,49.255284],[-123.135902,49.255288],[-123.135914,49.255292],[-123.135926,49.255297],[-123.135938,49.255301],[-123.13595,49.255306],[-123.135962,49.255311],[-123.135973,49.255317],[-123.135984,49.255322],[-123.135995,49.255327],[-123.136006,49.255333],[-123.136017,49.255339],[-123.136028,49.255345],[-123.136038,49.255351],[-123.136048,49.255357],[-123.136058,49.255364],[-123.136068,49.25537],[-123.136077,49.255377],[-123.136087,49.255384],[-123.136096,49.255391],[-123.136104,49.255398],[-123.136113,49.255405],[-123.136121,49.255412],[-123.13613,49.255419],[-123.136138,49.255427],[-123.136145,49.255435],[-123.136153,49.255442],[-123.13616,49.25545],[-123.136167,49.255458],[-123.136173,49.255466],[-123.13618,49.255474],[-123.136186,49.255482],[-123.136191,49.255491],[-123.136197,49.255499],[-123.136202,49.255507],[-123.136207,49.255516],[-123.136212,49.255525],[-123.136217,49.255533],[-123.136221,49.255542],[-123.136225,49.255551],[-123.136228,49.255559],[-123.136232,49.255568],[-123.136235,49.255577],[-123.136237,49.255586],[-123.13624,49.255595],[-123.136242,49.255604],[-123.136244,49.255613],[-123.136245,49.255622],[-123.136247,49.255631],[-123.136248,49.25564],[-123.136248,49.25565],[-123.136249,49.255659],[-123.136249,49.255668],[-123.136249,49.255677],[-123.136248,49.255686],[-123.136247,49.255695],[-123.136246,49.255704],[-123.136245,49.255713],[-123.136243,49.255722],[-123.136241,49.255731],[-123.136239,49.25574],[-123.136237,49.255749],[-123.136234,49.255758],[-123.136231,49.255767],[-123.136227,49.255776],[-123.136223,49.255785],[-123.136219,49.255793],[-123.136215,49.255802],[-123.136211,49.255811],[-123.136206,49.255819],[-123.136201,49.255828],[-123.136195,49.255836],[-123.13619,49.255845],[-123.136184,49.255853],[-123.136178,49.255861],[-123.136171,49.255869],[-123.136164,49.255877],[-123.136157,49.255885],[-123.13615,49.255893],[-123.136143,49.2559],[-123.136135,49.255908],[-123.136127,49.255915],[-123.136119,49.255923],[-123.13611,49.25593],[-123.136102,49.255937],[-123.136093,49.255944],[-123.136084,49.255951],[-123.136074,49.255958],[-123.136065,49.255964],[-123.136055,49.255971],[-123.136045,49.255977],[-123.136035,49.255983],[-123.136024,49.25599],[-123.136014,49.255995],[-123.136003,49.256001],[-123.135992,49.256007],[-123.135981,49.256012],[-123.135969,49.256018],[-123.135958,49.256023],[-123.135946,49.256028],[-123.135935,49.256033],[-123.135923,49.256037],[-123.13591,49.256042],[-123.135898,49.256046],[-123.135886,49.25605],[-123.135873,49.256054],[-123.135861,49.256058],[-123.135848,49.256062],[-123.135835,49.256065],[-123.135822,49.256069],[-123.135809,49.256072],[-123.135796,49.256075],[-123.135783,49.256079],[-123.13577,49.256082],[-123.135757,49.256085],[-123.135744,49.256088],[-123.135731,49.256091],[-123.135717,49.256094],[-123.135704,49.256097],[-123.135691,49.256099],[-123.135678,49.256102],[-123.135664,49.256105],[-123.135651,49.256107],[-123.135638,49.25611],[-123.135624,49.256112],[-123.135611,49.256115],[-123.135597,49.256117],[-123.135584,49.256119],[-123.13557,49.256121],[-123.135557,49.256123],[-123.135543,49.256125],[-123.13553,49.256127],[-123.135516,49.256129],[-123.135502,49.256131],[-123.135489,49.256133],[-123.135475,49.256135],[-123.135461,49.256136],[-123.135447,49.256138],[-123.135434,49.256139],[-123.13542,49.256141],[-123.135406,49.256142],[-123.135392,49.256143],[-123.135379,49.256144],[-123.135365,49.256145],[-123.135351,49.256146],[-123.135337,49.256147],[-123.135323,49.256148],[-123.135309,49.256149],[-123.135295,49.25615],[-123.135282,49.256151],[-123.135268,49.256151],[-123.135254,49.256152],[-123.13524,49.256152],[-123.135226,49.256153],[-123.135212,49.256153],[-123.135198,49.256153],[-123.135184,49.256154],[-123.13517,49.256154],[-123.135156,49.256154],[-123.135143,49.256154],[-123.135129,49.256154],[-123.135115,49.256154],[-123.135101,49.256153],[-123.135087,49.256153],[-123.135073,49.256153],[-123.135059,49.256152],[-123.135045,49.256152],[-123.135031,49.256151],[-123.135017,49.25615],[-123.135003,49.25615],[-123.13499,49.256149],[-123.134976,49.256148],[-123.134962,49.256147],[-123.134948,49.256146],[-123.134934,49.256145],[-123.13492,49.256144],[-123.134907,49.256143],[-123.134893,49.256142],[-123.134879,49.25614],[-123.134865,49.256139],[-123.134851,49.256137],[-123.134838,49.256136],[-123.134824,49.256134],[-123.13481,49.256132],[-123.134797,49.256131],[-123.134783,49.256129],[-123.134769,49.256127],[-123.134756,49.256125],[-123.134742,49.256123],[-123.134729,49.256121],[-123.134715,49.256119],[-123.134702,49.256116],[-123.134688,49.256114],[-123.134675,49.256112],[-123.134661,49.256109],[-123.134648,49.256107],[-123.134635,49.256104],[-123.134621,49.256101],[-123.134608,49.256099],[-123.134595,49.256096],[-123.134582,49.256093],[-123.134568,49.25609],[-123.134555,49.256087],[-123.134542,49.256084],[-123.134529,49.256081],[-123.134516,49.256078],[-123.134503,49.256074],[-123.13449,49.256071],[-123.134477,49.256068],[-123.134464,49.256064],[-123.134451,49.256061],[-123.134439,49.256057],[-123.134426,49.256053],[-123.134413,49.25605],[-123.1344,49.256046],[-123.134388,49.256042],[-123.134375,49.256038]]]}},{"type":"Feature","properties":{"n":"Margaret Pigott Park","c":"Local","ha":0.38},"geometry":{"type":"Polygon","coordinates":[[[-123.167487,49.271837],[-123.167879,49.271681],[-123.167857,49.272324],[-123.167812,49.272339],[-123.167714,49.272367],[-123.167575,49.272382],[-123.167468,49.272398],[-123.167422,49.272417],[-123.167367,49.272441],[-123.167289,49.272479],[-123.167245,49.272499],[-123.167201,49.272514],[-123.167044,49.272554],[-123.167063,49.272006],[-123.167487,49.271837]]]}},{"type":"Feature","properties":{"n":"Coopers' Park","c":"Community","ha":1.85},"geometry":{"type":"Polygon","coordinates":[[[-123.113306,49.27405],[-123.113062,49.273821],[-123.112694,49.273989],[-123.112694,49.273989],[-123.112693,49.273988],[-123.112692,49.273988],[-123.112692,49.273987],[-123.112691,49.273987],[-123.11269,49.273987],[-123.11269,49.273986],[-123.112689,49.273986],[-123.112688,49.273985],[-123.112688,49.273985],[-123.112687,49.273984],[-123.112686,49.273984],[-123.112686,49.273983],[-123.112685,49.273983],[-123.112684,49.273982],[-123.112684,49.273982],[-123.112683,49.273982],[-123.112682,49.273981],[-123.112682,49.273981],[-123.112681,49.27398],[-123.11268,49.27398],[-123.11268,49.273979],[-123.112679,49.273979],[-123.112678,49.273979],[-123.112678,49.273978],[-123.112677,49.273978],[-123.112676,49.273977],[-123.112675,49.273977],[-123.112675,49.273976],[-123.112674,49.273976],[-123.112673,49.273976],[-123.112673,49.273975],[-123.112672,49.273975],[-123.112671,49.273974],[-123.11267,49.273974],[-123.11267,49.273973],[-123.112669,49.273973],[-123.112668,49.273973],[-123.112667,49.273972],[-123.112667,49.273972],[-123.112666,49.273971],[-123.112665,49.273971],[-123.112664,49.273971],[-123.112664,49.27397],[-123.112663,49.27397],[-123.112662,49.27397],[-123.112661,49.273969],[-123.112661,49.273969],[-123.11266,49.273968],[-123.112659,49.273968],[-123.112658,49.273968],[-123.112658,49.273967],[-123.112657,49.273967],[-123.112656,49.273966],[-123.112655,49.273966],[-123.112654,49.273966],[-123.112654,49.273965],[-123.112653,49.273965],[-123.112652,49.273965],[-123.112651,49.273964],[-123.112651,49.273964],[-123.11265,49.273964],[-123.112649,49.273963],[-123.112648,49.273963],[-123.112647,49.273962],[-123.112647,49.273962],[-123.112646,49.273962],[-123.112645,49.273961],[-123.112644,49.273961],[-123.112643,49.273961],[-123.112643,49.27396],[-123.112642,49.27396],[-123.112641,49.27396],[-123.11264,49.273959],[-123.112639,49.273959],[-123.112639,49.273959],[-123.112638,49.273958],[-123.112637,49.273958],[-123.112636,49.273958],[-123.112635,49.273957],[-123.112634,49.273957],[-123.112634,49.273957],[-123.112633,49.273956],[-123.112632,49.273956],[-123.112631,49.273956],[-123.11263,49.273956],[-123.112629,49.273955],[-123.112629,49.273955],[-123.112628,49.273955],[-123.112627,49.273954],[-123.112626,49.273954],[-123.112625,49.273954],[-123.112624,49.273953],[-123.112623,49.273953],[-123.112623,49.273953],[-123.112622,49.273953],[-123.112621,49.273952],[-123.11262,49.273952],[-123.112619,49.273952],[-123.112618,49.273951],[-123.112617,49.273951],[-123.112617,49.273951],[-123.112616,49.273951],[-123.112615,49.27395],[-123.112614,49.27395],[-123.112613,49.27395],[-123.112612,49.27395],[-123.112611,49.273949],[-123.11261,49.273949],[-123.11261,49.273949],[-123.112609,49.273949],[-123.112608,49.273948],[-123.112607,49.273948],[-123.112606,49.273948],[-123.112605,49.273948],[-123.112604,49.273947],[-123.112603,49.273947],[-123.112603,49.273947],[-123.112602,49.273947],[-123.112601,49.273946],[-123.1126,49.273946],[-123.112599,49.273946],[-123.112598,49.273946],[-123.112597,49.273945],[-123.112596,49.273945],[-123.112595,49.273945],[-123.112594,49.273945],[-123.112594,49.273945],[-123.112593,49.273944],[-123.112592,49.273944],[-123.112591,49.273944],[-123.11259,49.273944],[-123.112589,49.273944],[-123.112588,49.273943],[-123.112587,49.273943],[-123.112586,49.273943],[-123.112585,49.273943],[-123.112584,49.273943],[-123.112584,49.273942],[-123.112583,49.273942],[-123.112582,49.273942],[-123.112581,49.273942],[-123.11258,49.273942],[-123.112579,49.273941],[-123.112578,49.273941],[-123.112577,49.273941],[-123.112576,49.273941],[-123.112575,49.273941],[-123.112574,49.273941],[-123.112573,49.27394],[-123.112573,49.27394],[-123.112572,49.27394],[-123.112571,49.27394],[-123.11257,49.27394],[-123.112569,49.27394],[-123.112568,49.273939],[-123.112567,49.273939],[-123.112566,49.273939],[-123.112565,49.273939],[-123.112564,49.273939],[-123.112563,49.273939],[-123.112562,49.273939],[-123.112561,49.273938],[-123.11256,49.273938],[-123.112559,49.273938],[-123.112558,49.273938],[-123.112558,49.273938],[-123.112557,49.273938],[-123.112556,49.273938],[-123.112555,49.273938],[-123.112554,49.273937],[-123.112553,49.273937],[-123.112552,49.273937],[-123.112551,49.273937],[-123.11255,49.273937],[-123.112549,49.273937],[-123.112548,49.273937],[-123.112547,49.273937],[-123.112546,49.273937],[-123.112545,49.273937],[-123.112544,49.273936],[-123.112543,49.273936],[-123.112542,49.273936],[-123.112541,49.273936],[-123.11254,49.273936],[-123.11254,49.273936],[-123.112539,49.273936],[-123.112538,49.273936],[-123.112537,49.273936],[-123.112536,49.273936],[-123.112535,49.273936],[-123.112534,49.273936],[-123.112533,49.273936],[-123.112532,49.273935],[-123.112531,49.273935],[-123.11253,49.273935],[-123.112529,49.273935],[-123.112528,49.273935],[-123.112527,49.273935],[-123.112526,49.273935],[-123.112525,49.273935],[-123.112524,49.273935],[-123.112523,49.273935],[-123.112522,49.273935],[-123.112521,49.273935],[-123.11252,49.273935],[-123.112519,49.273935],[-123.112518,49.273935],[-123.112517,49.273935],[-123.112517,49.273935],[-123.112516,49.273935],[-123.112515,49.273935],[-123.112514,49.273935],[-123.112513,49.273935],[-123.112512,49.273935],[-123.112511,49.273935],[-123.11251,49.273935],[-123.112509,49.273935],[-123.112508,49.273935],[-123.112507,49.273935],[-123.112506,49.273935],[-123.112505,49.273935],[-123.112504,49.273935],[-123.112503,49.273935],[-123.112502,49.273935],[-123.112501,49.273935],[-123.1125,49.273935],[-123.112499,49.273935],[-123.112498,49.273935],[-123.112497,49.273935],[-123.112496,49.273935],[-123.112495,49.273935],[-123.112494,49.273935],[-123.112493,49.273935],[-123.112493,49.273935],[-123.112492,49.273935],[-123.112491,49.273935],[-123.11249,49.273935],[-123.112489,49.273935],[-123.112488,49.273935],[-123.112487,49.273935],[-123.112486,49.273935],[-123.112485,49.273936],[-123.112484,49.273936],[-123.112483,49.273936],[-123.112482,49.273936],[-123.112481,49.273936],[-123.11248,49.273936],[-123.112479,49.273936],[-123.112478,49.273936],[-123.112477,49.273936],[-123.112476,49.273936],[-123.112475,49.273936],[-123.112474,49.273936],[-123.112473,49.273936],[-123.112472,49.273937],[-123.112471,49.273937],[-123.112471,49.273937],[-123.11247,49.273937],[-123.112469,49.273937],[-123.112468,49.273937],[-123.112467,49.273937],[-123.112466,49.273937],[-123.112465,49.273937],[-123.112464,49.273937],[-123.112463,49.273938],[-123.112462,49.273938],[-123.112461,49.273938],[-123.11246,49.273938],[-123.112459,49.273938],[-123.112458,49.273938],[-123.112457,49.273938],[-123.112456,49.273938],[-123.112455,49.273939],[-123.112454,49.273939],[-123.112454,49.273939],[-123.112453,49.273939],[-123.112452,49.273939],[-123.112451,49.273939],[-123.11245,49.273939],[-123.112449,49.27394],[-123.112448,49.27394],[-123.112447,49.27394],[-123.112446,49.27394],[-123.112445,49.27394],[-123.112444,49.27394],[-123.112443,49.273941],[-123.112442,49.273941],[-123.112441,49.273941],[-123.112441,49.273941],[-123.11244,49.273941],[-123.112439,49.273941],[-123.112438,49.273942],[-123.112437,49.273942],[-123.112436,49.273942],[-123.112435,49.273942],[-123.112434,49.273942],[-123.112433,49.273942],[-123.112432,49.273943],[-123.112431,49.273943],[-123.11243,49.273943],[-123.11243,49.273943],[-123.112429,49.273943],[-123.112428,49.273944],[-123.112427,49.273944],[-123.112426,49.273944],[-123.112425,49.273944],[-123.112424,49.273945],[-123.112423,49.273945],[-123.112422,49.273945],[-123.112421,49.273945],[-123.11242,49.273945],[-123.11242,49.273946],[-123.112419,49.273946],[-123.112418,49.273946],[-123.112417,49.273946],[-123.112416,49.273947],[-123.112415,49.273947],[-123.112414,49.273947],[-123.112413,49.273947],[-123.112412,49.273947],[-123.112412,49.273948],[-123.112411,49.273948],[-123.11241,49.273948],[-123.112409,49.273948],[-123.112408,49.273949],[-123.112407,49.273949],[-123.112406,49.273949],[-123.112405,49.27395],[-123.112405,49.27395],[-123.112404,49.27395],[-123.112403,49.27395],[-123.112402,49.273951],[-123.112401,49.273951],[-123.1124,49.273951],[-123.112399,49.273951],[-123.112398,49.273952],[-123.112398,49.273952],[-123.112397,49.273952],[-123.112396,49.273953],[-123.112395,49.273953],[-123.112394,49.273953],[-123.112393,49.273953],[-123.112392,49.273954],[-123.112392,49.273954],[-123.112391,49.273954],[-123.11239,49.273955],[-123.112389,49.273955],[-123.112388,49.273955],[-123.112387,49.273956],[-123.112387,49.273956],[-123.112386,49.273956],[-123.112385,49.273956],[-123.112384,49.273957],[-123.112383,49.273957],[-123.112382,49.273957],[-123.112382,49.273958],[-123.112381,49.273958],[-123.11238,49.273958],[-123.11214,49.273684],[-123.112115,49.273656],[-123.113011,49.273225],[-123.113029,49.273217],[-123.113046,49.273209],[-123.113064,49.273201],[-123.113082,49.273194],[-123.113101,49.273186],[-123.113119,49.273179],[-123.113138,49.273172],[-123.113156,49.273165],[-123.113175,49.273159],[-123.113195,49.273152],[-123.113214,49.273146],[-123.113233,49.27314],[-123.113253,49.273135],[-123.113273,49.273129],[-123.113293,49.273124],[-123.113313,49.273119],[-123.113333,49.273114],[-123.113354,49.27311],[-123.113374,49.273106],[-123.113395,49.273102],[-123.113415,49.273098],[-123.113436,49.273094],[-123.113457,49.273091],[-123.113478,49.273088],[-123.113499,49.273085],[-123.11352,49.273082],[-123.113541,49.27308],[-123.113562,49.273078],[-123.113584,49.273076],[-123.113605,49.273074],[-123.113626,49.273073],[-123.113648,49.273071],[-123.113669,49.273071],[-123.113691,49.27307],[-123.113712,49.273069],[-123.113734,49.273069],[-123.113755,49.273069],[-123.113776,49.27307],[-123.113798,49.27307],[-123.113819,49.273071],[-123.113841,49.273072],[-123.113853,49.273073],[-123.114565,49.27273],[-123.114998,49.272668],[-123.116166,49.272676],[-123.116379,49.272846],[-123.11639,49.272856],[-123.116416,49.272876],[-123.116443,49.272895],[-123.116469,49.272915],[-123.116497,49.272934],[-123.116525,49.272952],[-123.116553,49.272971],[-123.116582,49.272989],[-123.116612,49.273007],[-123.116641,49.273024],[-123.116672,49.273041],[-123.116702,49.273058],[-123.116734,49.273074],[-123.116765,49.27309],[-123.116797,49.273106],[-123.11683,49.273121],[-123.116863,49.273136],[-123.116896,49.273151],[-123.11693,49.273165],[-123.116964,49.273179],[-123.116924,49.273221],[-123.116922,49.27322],[-123.116909,49.273215],[-123.116895,49.27321],[-123.11688,49.273205],[-123.116866,49.2732],[-123.116852,49.273195],[-123.116837,49.273191],[-123.116823,49.273186],[-123.116808,49.273182],[-123.116793,49.273178],[-123.116778,49.273174],[-123.116763,49.273171],[-123.116748,49.273167],[-123.116733,49.273164],[-123.116717,49.273161],[-123.116702,49.273158],[-123.116686,49.273155],[-123.116671,49.273152],[-123.116655,49.27315],[-123.116639,49.273147],[-123.116624,49.273145],[-123.116608,49.273143],[-123.116592,49.273142],[-123.116576,49.27314],[-123.11656,49.273139],[-123.116544,49.273138],[-123.116491,49.273098],[-123.11562,49.273099],[-123.115573,49.273127],[-123.115563,49.273128],[-123.115546,49.273129],[-123.115529,49.27313],[-123.115512,49.273132],[-123.115496,49.273134],[-123.115479,49.273136],[-123.115462,49.273138],[-123.115445,49.273141],[-123.115429,49.273143],[-123.115412,49.273146],[-123.115396,49.273149],[-123.115379,49.273152],[-123.115363,49.273156],[-123.115347,49.273159],[-123.11533,49.273163],[-123.115314,49.273167],[-123.115299,49.273171],[-123.115283,49.273176],[-123.115267,49.27318],[-123.115251,49.273185],[-123.115236,49.27319],[-123.115221,49.273195],[-123.115206,49.2732],[-123.11519,49.273205],[-123.115176,49.273211],[-123.115161,49.273216],[-123.115146,49.273222],[-123.115132,49.273228],[-123.115118,49.273234],[-123.115103,49.273241],[-123.11509,49.273247],[-123.115076,49.273254],[-123.115062,49.273261],[-123.115049,49.273268],[-123.115036,49.273275],[-123.115023,49.273282],[-123.11501,49.27329],[-123.114483,49.273299],[-123.114483,49.273299],[-123.114483,49.273299],[-123.114483,49.273299],[-123.114483,49.273298],[-123.114483,49.273298],[-123.114483,49.273298],[-123.114482,49.273298],[-123.114482,49.273298],[-123.114482,49.273298],[-123.114482,49.273298],[-123.114482,49.273298],[-123.114482,49.273298],[-123.114482,49.273298],[-123.114482,49.273298],[-123.114482,49.273298],[-123.114481,49.273298],[-123.114481,49.273298],[-123.114481,49.273298],[-123.114481,49.273298],[-123.114481,49.273298],[-123.114481,49.273298],[-123.114481,49.273298],[-123.114481,49.273298],[-123.114481,49.273298],[-123.11448,49.273298],[-123.11448,49.273298],[-123.11448,49.273298],[-123.11448,49.273298],[-123.11448,49.273298],[-123.11448,49.273298],[-123.11448,49.273298],[-123.11448,49.273298],[-123.114479,49.273298],[-123.114479,49.273298],[-123.114479,49.273298],[-123.114479,49.273298],[-123.114479,49.273298],[-123.114479,49.273298],[-123.114479,49.273298],[-123.114479,49.273298],[-123.114479,49.273298],[-123.114478,49.273298],[-123.114478,49.273298],[-123.114478,49.273298],[-123.114478,49.273298],[-123.114478,49.273298],[-123.114478,49.273298],[-123.114478,49.273298],[-123.114478,49.273298],[-123.114478,49.273298],[-123.114477,49.273298],[-123.114477,49.273298],[-123.114477,49.273298],[-123.114477,49.273298],[-123.114477,49.273298],[-123.114477,49.273298],[-123.114477,49.273298],[-123.114477,49.273298],[-123.114477,49.273298],[-123.114476,49.273298],[-123.114476,49.273298],[-123.114476,49.273298],[-123.114476,49.273298],[-123.114476,49.273298],[-123.114476,49.273298],[-123.114476,49.273298],[-123.114476,49.273298],[-123.114476,49.273298],[-123.114475,49.273298],[-123.114475,49.273298],[-123.114475,49.273298],[-123.114475,49.273298],[-123.114475,49.273298],[-123.114475,49.273298],[-123.114475,49.273298],[-123.114475,49.273298],[-123.114474,49.273298],[-123.114474,49.273298],[-123.114474,49.273298],[-123.114474,49.273298],[-123.114474,49.273298],[-123.114474,49.273298],[-123.114474,49.273298],[-123.114474,49.273298],[-123.114474,49.273298],[-123.114473,49.273298],[-123.114473,49.273297],[-123.114473,49.273297],[-123.114473,49.273297],[-123.114473,49.273297],[-123.114473,49.273297],[-123.114473,49.273297],[-123.114473,49.273297],[-123.114473,49.273297],[-123.114472,49.273297],[-123.114472,49.273297],[-123.114472,49.273297],[-123.114472,49.273297],[-123.114472,49.273297],[-123.114472,49.273297],[-123.114472,49.273297],[-123.114472,49.273297],[-123.114472,49.273297],[-123.114471,49.273297],[-123.114471,49.273297],[-123.114471,49.273297],[-123.114471,49.273297],[-123.114471,49.273297],[-123.114471,49.273297],[-123.114471,49.273297],[-123.114471,49.273297],[-123.114471,49.273297],[-123.11447,49.273297],[-123.11447,49.273297],[-123.11447,49.273297],[-123.11447,49.273297],[-123.11447,49.273297],[-123.11447,49.273297],[-123.11447,49.273297],[-123.11447,49.273297],[-123.114469,49.273297],[-123.114469,49.273297],[-123.114469,49.273297],[-123.114469,49.273297],[-123.114469,49.273297],[-123.114469,49.273297],[-123.114469,49.273297],[-123.114469,49.273297],[-123.114469,49.273297],[-123.114468,49.273297],[-123.114468,49.273297],[-123.114468,49.273297],[-123.114468,49.273297],[-123.114468,49.273297],[-123.114468,49.273297],[-123.114468,49.273297],[-123.114468,49.273297],[-123.114468,49.273297],[-123.114467,49.273297],[-123.114467,49.273297],[-123.114467,49.273297],[-123.114467,49.273297],[-123.114467,49.273297],[-123.114467,49.273297],[-123.114467,49.273297],[-123.114467,49.273297],[-123.114467,49.273297],[-123.114466,49.273297],[-123.114466,49.273297],[-123.114466,49.273297],[-123.114466,49.273297],[-123.114466,49.273297],[-123.114466,49.273297],[-123.114466,49.273297],[-123.114466,49.273297],[-123.114466,49.273297],[-123.114465,49.273297],[-123.114465,49.273297],[-123.114465,49.273297],[-123.114465,49.273297],[-123.114465,49.273297],[-123.114465,49.273297],[-123.114465,49.273297],[-123.114465,49.273297],[-123.114464,49.273297],[-123.114464,49.273297],[-123.114464,49.273297],[-123.114464,49.273297],[-123.114464,49.273297],[-123.114464,49.273297],[-123.114464,49.273297],[-123.114464,49.273297],[-123.114464,49.273297],[-123.114463,49.273297],[-123.114463,49.273297],[-123.114463,49.273297],[-123.114463,49.273297],[-123.114463,49.273297],[-123.114463,49.273296],[-123.114463,49.273296],[-123.114463,49.273296],[-123.114463,49.273296],[-123.114462,49.273296],[-123.114462,49.273296],[-123.114462,49.273296],[-123.114462,49.273296],[-123.114462,49.273296],[-123.114462,49.273296],[-123.114462,49.273296],[-123.114462,49.273296],[-123.114462,49.273296],[-123.114461,49.273296],[-123.114461,49.273296],[-123.114461,49.273296],[-123.114461,49.273296],[-123.114461,49.273296],[-123.114461,49.273296],[-123.114461,49.273296],[-123.114461,49.273296],[-123.114461,49.273296],[-123.11446,49.273296],[-123.11446,49.273296],[-123.11446,49.273296],[-123.11446,49.273296],[-123.11446,49.273296],[-123.11446,49.273296],[-123.11446,49.273296],[-123.11446,49.273296],[-123.114459,49.273296],[-123.114459,49.273296],[-123.114459,49.273296],[-123.114459,49.273296],[-123.114459,49.273296],[-123.114459,49.273296],[-123.114459,49.273296],[-123.114459,49.273296],[-123.114459,49.273296],[-123.114458,49.273296],[-123.114458,49.273296],[-123.114458,49.273296],[-123.114458,49.273296],[-123.114458,49.273296],[-123.114458,49.273296],[-123.114458,49.273296],[-123.114458,49.273296],[-123.114458,49.273296],[-123.114457,49.273296],[-123.114457,49.273296],[-123.114457,49.273296],[-123.114457,49.273296],[-123.114457,49.273296],[-123.114457,49.273296],[-123.114457,49.273296],[-123.114457,49.273296],[-123.114457,49.273296],[-123.114456,49.273296],[-123.114456,49.273296],[-123.114456,49.273296],[-123.114456,49.273296],[-123.114456,49.273296],[-123.114456,49.273296],[-123.114456,49.273296],[-123.114456,49.273296],[-123.114455,49.273296],[-123.114455,49.273296],[-123.114455,49.273296],[-123.114455,49.273296],[-123.114455,49.273296],[-123.114455,49.273296],[-123.114455,49.273296],[-123.114455,49.273296],[-123.114455,49.273296],[-123.114454,49.273296],[-123.114454,49.273296],[-123.114454,49.273296],[-123.114454,49.273296],[-123.114454,49.273296],[-123.114454,49.273296],[-123.114454,49.273296],[-123.114454,49.273296],[-123.114454,49.273296],[-123.114453,49.273296],[-123.114453,49.273296],[-123.114453,49.273296],[-123.114453,49.273296],[-123.114453,49.273296],[-123.114453,49.273296],[-123.114453,49.273296],[-123.114453,49.273296],[-123.114453,49.273296],[-123.114452,49.273296],[-123.114452,49.273296],[-123.114452,49.273296],[-123.114452,49.273296],[-123.114452,49.273296],[-123.114452,49.273296],[-123.114452,49.273296],[-123.114452,49.273296],[-123.114451,49.273296],[-123.114451,49.273296],[-123.114451,49.273296],[-123.114451,49.273296],[-123.114451,49.273296],[-123.114451,49.273296],[-123.114451,49.273296],[-123.114451,49.273296],[-123.114451,49.273295],[-123.11445,49.273295],[-123.11445,49.273295],[-123.11445,49.273295],[-123.11445,49.273295],[-123.11445,49.273295],[-123.11445,49.273295],[-123.11445,49.273295],[-123.11445,49.273295],[-123.11445,49.273295],[-123.114449,49.273295],[-123.114449,49.273295],[-123.114449,49.273295],[-123.114449,49.273295],[-123.114449,49.273295],[-123.114449,49.273295],[-123.114449,49.273295],[-123.114449,49.273295],[-123.114449,49.273295],[-123.114448,49.273295],[-123.114448,49.273295],[-123.114448,49.273295],[-123.114448,49.273295],[-123.114448,49.273295],[-123.114448,49.273295],[-123.114448,49.273295],[-123.114448,49.273295],[-123.114447,49.273295],[-123.114447,49.273295],[-123.114447,49.273295],[-123.114447,49.273295],[-123.114447,49.273295],[-123.114447,49.273295],[-123.114447,49.273295],[-123.114447,49.273295],[-123.114447,49.273295],[-123.114446,49.273295],[-123.114446,49.273295],[-123.114446,49.273295],[-123.114446,49.273295],[-123.114446,49.273295],[-123.114446,49.273295],[-123.114446,49.273295],[-123.114446,49.273295],[-123.114446,49.273295],[-123.114445,49.273295],[-123.114445,49.273295],[-123.114445,49.273295],[-123.114445,49.273295],[-123.114445,49.273295],[-123.114445,49.273295],[-123.114445,49.273295],[-123.114445,49.273295],[-123.114445,49.273295],[-123.114444,49.273295],[-123.114444,49.273295],[-123.114444,49.273295],[-123.114444,49.273295],[-123.114444,49.273295],[-123.114444,49.273295],[-123.114444,49.273295],[-123.114444,49.273295],[-123.114443,49.273295],[-123.114443,49.273295],[-123.114443,49.273295],[-123.114443,49.273295],[-123.114443,49.273295],[-123.114443,49.273295],[-123.114443,49.273295],[-123.114443,49.273295],[-123.114443,49.273295],[-123.114442,49.273295],[-123.114442,49.273295],[-123.114441,49.273295],[-123.11444,49.273295],[-123.114439,49.273295],[-123.114438,49.273295],[-123.114437,49.273295],[-123.114436,49.273295],[-123.114435,49.273294],[-123.114434,49.273294],[-123.114433,49.273294],[-123.114432,49.273294],[-123.114431,49.273294],[-123.11443,49.273294],[-123.114428,49.273294],[-123.114427,49.273294],[-123.114426,49.273294],[-123.114425,49.273294],[-123.114424,49.273294],[-123.114423,49.273294],[-123.114422,49.273294],[-123.114421,49.273294],[-123.11442,49.273294],[-123.114419,49.273294],[-123.114418,49.273294],[-123.114417,49.273294],[-123.114416,49.273294],[-123.114415,49.273294],[-123.114413,49.273294],[-123.114412,49.273294],[-123.114411,49.273294],[-123.11441,49.273294],[-123.114409,49.273293],[-123.114408,49.273293],[-123.114407,49.273293],[-123.114406,49.273293],[-123.114405,49.273293],[-123.114404,49.273293],[-123.114403,49.273293],[-123.114402,49.273293],[-123.114401,49.273293],[-123.1144,49.273293],[-123.114398,49.273293],[-123.114397,49.273293],[-123.114396,49.273293],[-123.114395,49.273293],[-123.114394,49.273293],[-123.114393,49.273293],[-123.114392,49.273293],[-123.114391,49.273293],[-123.11439,49.273293],[-123.114389,49.273293],[-123.114388,49.273293],[-123.114387,49.273293],[-123.114386,49.273293],[-123.114385,49.273293],[-123.114383,49.273293],[-123.114382,49.273293],[-123.114381,49.273293],[-123.11438,49.273293],[-123.114379,49.273293],[-123.114378,49.273293],[-123.114377,49.273293],[-123.114376,49.273293],[-123.114375,49.273293],[-123.114374,49.273293],[-123.114373,49.273293],[-123.114372,49.273293],[-123.114371,49.273293],[-123.114369,49.273293],[-123.114368,49.273293],[-123.114367,49.273294],[-123.114366,49.273294],[-123.114365,49.273294],[-123.114364,49.273294],[-123.114363,49.273294],[-123.114362,49.273294],[-123.114361,49.273294],[-123.11436,49.273294],[-123.114359,49.273294],[-123.114358,49.273294],[-123.114357,49.273294],[-123.114356,49.273294],[-123.114354,49.273294],[-123.114353,49.273294],[-123.114352,49.273294],[-123.114351,49.273294],[-123.11435,49.273294],[-123.114349,49.273294],[-123.114348,49.273294],[-123.114347,49.273294],[-123.114346,49.273294],[-123.114345,49.273294],[-123.114344,49.273294],[-123.114343,49.273295],[-123.114342,49.273295],[-123.114341,49.273295],[-123.11434,49.273295],[-123.114338,49.273295],[-123.114337,49.273295],[-123.114336,49.273295],[-123.114335,49.273295],[-123.114334,49.273295],[-123.114333,49.273295],[-123.114332,49.273295],[-123.114331,49.273295],[-123.11433,49.273295],[-123.114329,49.273295],[-123.114328,49.273295],[-123.114327,49.273296],[-123.114326,49.273296],[-123.114325,49.273296],[-123.114324,49.273296],[-123.114322,49.273296],[-123.114321,49.273296],[-123.11432,49.273296],[-123.114319,49.273296],[-123.114318,49.273296],[-123.114317,49.273296],[-123.114316,49.273296],[-123.114315,49.273297],[-123.114314,49.273297],[-123.114313,49.273297],[-123.114312,49.273297],[-123.114311,49.273297],[-123.11431,49.273297],[-123.114309,49.273297],[-123.114308,49.273297],[-123.114307,49.273297],[-123.114305,49.273297],[-123.114304,49.273298],[-123.114303,49.273298],[-123.114302,49.273298],[-123.114301,49.273298],[-123.1143,49.273298],[-123.114299,49.273298],[-123.114298,49.273298],[-123.114297,49.273298],[-123.114296,49.273298],[-123.114295,49.273299],[-123.114294,49.273299],[-123.114293,49.273299],[-123.114292,49.273299],[-123.114291,49.273299],[-123.11429,49.273299],[-123.114289,49.273299],[-123.114287,49.273299],[-123.114286,49.2733],[-123.114285,49.2733],[-123.114284,49.2733],[-123.114283,49.2733],[-123.114282,49.2733],[-123.114281,49.2733],[-123.11428,49.2733],[-123.114279,49.273301],[-123.114278,49.273301],[-123.114277,49.273301],[-123.114276,49.273301],[-123.114275,49.273301],[-123.114274,49.273301],[-123.114273,49.273301],[-123.114272,49.273302],[-123.114271,49.273302],[-123.11427,49.273302],[-123.114269,49.273302],[-123.114268,49.273302],[-123.114266,49.273302],[-123.114265,49.273302],[-123.114264,49.273303],[-123.114263,49.273303],[-123.114262,49.273303],[-123.114261,49.273303],[-123.11426,49.273303],[-123.114259,49.273303],[-123.114258,49.273304],[-123.114257,49.273304],[-123.114256,49.273304],[-123.114255,49.273304],[-123.114254,49.273304],[-123.114253,49.273304],[-123.114252,49.273305],[-123.114251,49.273305],[-123.11425,49.273305],[-123.114249,49.273305],[-123.114248,49.273305],[-123.114247,49.273306],[-123.114246,49.273306],[-123.114245,49.273306],[-123.114244,49.273306],[-123.114243,49.273306],[-123.114242,49.273306],[-123.11424,49.273307],[-123.114239,49.273307],[-123.114238,49.273307],[-123.114237,49.273307],[-123.114236,49.273307],[-123.114235,49.273308],[-123.114234,49.273308],[-123.114233,49.273308],[-123.114232,49.273308],[-123.114231,49.273308],[-123.11423,49.273309],[-123.114229,49.273309],[-123.114228,49.273309],[-123.114227,49.273309],[-123.114226,49.273309],[-123.114225,49.27331],[-123.114224,49.27331],[-123.114223,49.27331],[-123.114222,49.27331],[-123.114221,49.27331],[-123.11422,49.273311],[-123.114219,49.273311],[-123.114218,49.273311],[-123.114217,49.273311],[-123.114216,49.273312],[-123.114215,49.273312],[-123.114214,49.273312],[-123.114213,49.273312],[-123.114212,49.273312],[-123.114211,49.273313],[-123.11421,49.273313],[-123.114209,49.273313],[-123.114208,49.273313],[-123.114207,49.273314],[-123.114206,49.273314],[-123.114205,49.273314],[-123.114204,49.273314],[-123.114203,49.273315],[-123.114202,49.273315],[-123.114201,49.273315],[-123.1142,49.273315],[-123.114199,49.273315],[-123.114198,49.273316],[-123.114197,49.273316],[-123.114196,49.273316],[-123.114195,49.273316],[-123.114194,49.273317],[-123.114193,49.273317],[-123.114192,49.273317],[-123.114191,49.273317],[-123.11419,49.273318],[-123.114189,49.273318],[-123.114188,49.273318],[-123.114187,49.273319],[-123.114186,49.273319],[-123.114185,49.273319],[-123.114184,49.273319],[-123.114183,49.27332],[-123.114182,49.27332],[-123.114181,49.27332],[-123.11418,49.27332],[-123.114179,49.273321],[-123.114178,49.273321],[-123.114177,49.273321],[-123.114176,49.273321],[-123.114175,49.273322],[-123.114174,49.273322],[-123.114173,49.273322],[-123.114172,49.273323],[-123.114171,49.273323],[-123.11417,49.273323],[-123.114169,49.273323],[-123.114168,49.273324],[-123.114167,49.273324],[-123.114166,49.273324],[-123.114165,49.273324],[-123.114164,49.273325],[-123.114163,49.273325],[-123.114162,49.273325],[-123.114161,49.273326],[-123.11416,49.273326],[-123.114159,49.273326],[-123.114158,49.273327],[-123.114157,49.273327],[-123.114156,49.273327],[-123.114155,49.273327],[-123.114154,49.273328],[-123.114153,49.273328],[-123.114152,49.273328],[-123.114151,49.273329],[-123.11415,49.273329],[-123.114149,49.273329],[-123.114148,49.27333],[-123.114147,49.27333],[-123.114146,49.27333],[-123.114145,49.27333],[-123.114145,49.273331],[-123.114144,49.273331],[-123.114143,49.273331],[-123.114142,49.273332],[-123.114141,49.273332],[-123.11414,49.273332],[-123.114139,49.273333],[-123.114138,49.273333],[-123.114137,49.273333],[-123.114136,49.273334],[-123.114135,49.273334],[-123.114134,49.273334],[-123.114133,49.273335],[-123.114132,49.273335],[-123.114131,49.273335],[-123.11413,49.273336],[-123.114129,49.273336],[-123.114128,49.273336],[-123.114127,49.273337],[-123.114126,49.273337],[-123.114125,49.273337],[-123.114125,49.273338],[-123.114124,49.273338],[-123.114123,49.273338],[-123.114122,49.273339],[-123.114121,49.273339],[-123.11412,49.273339],[-123.114119,49.27334],[-123.114118,49.27334],[-123.114117,49.27334],[-123.114116,49.273341],[-123.114115,49.273341],[-123.114114,49.273341],[-123.114113,49.273342],[-123.114112,49.273342],[-123.114111,49.273342],[-123.114111,49.273343],[-123.11411,49.273343],[-123.114109,49.273344],[-123.114108,49.273344],[-123.114107,49.273344],[-123.114106,49.273345],[-123.114105,49.273345],[-123.114104,49.273345],[-123.114103,49.273346],[-123.114102,49.273346],[-123.114101,49.273346],[-123.1141,49.273347],[-123.1141,49.273347],[-123.114099,49.273348],[-123.114098,49.273348],[-123.114097,49.273348],[-123.114096,49.273349],[-123.114095,49.273349],[-123.114094,49.273349],[-123.114093,49.27335],[-123.114092,49.27335],[-123.114091,49.273351],[-123.11409,49.273351],[-123.11409,49.273351],[-123.114089,49.273352],[-123.114088,49.273352],[-123.114087,49.273352],[-123.114086,49.273353],[-123.114085,49.273353],[-123.114084,49.273354],[-123.114083,49.273354],[-123.114082,49.273354],[-123.114082,49.273355],[-123.114081,49.273355],[-123.11408,49.273356],[-123.114079,49.273356],[-123.114078,49.273356],[-123.114077,49.273357],[-123.113547,49.273599],[-123.113792,49.273829],[-123.113306,49.27405]]]}},{"type":"Feature","properties":{"n":"Trillium Park","c":"Community","ha":3.05},"geometry":{"type":"Polygon","coordinates":[[[-123.094932,49.274067],[-123.094305,49.275659],[-123.094266,49.275649],[-123.094227,49.275641],[-123.094186,49.275635],[-123.094083,49.27562],[-123.093979,49.27561],[-123.093873,49.275605],[-123.093767,49.275605],[-123.093662,49.27561],[-123.093611,49.275614],[-123.093561,49.275621],[-123.093512,49.27563],[-123.093465,49.275642],[-123.093419,49.275657],[-123.093307,49.275634],[-123.093296,49.275626],[-123.093274,49.275612],[-123.093252,49.275597],[-123.09323,49.275583],[-123.093207,49.275569],[-123.093184,49.275556],[-123.09316,49.275543],[-123.093136,49.27553],[-123.093112,49.275517],[-123.093088,49.275504],[-123.093063,49.275492],[-123.093038,49.27548],[-123.093012,49.275469],[-123.092987,49.275457],[-123.09296,49.275446],[-123.092934,49.275436],[-123.092907,49.275425],[-123.092881,49.275415],[-123.092853,49.275405],[-123.092826,49.275396],[-123.092798,49.275387],[-123.09277,49.275378],[-123.092742,49.275369],[-123.092714,49.275361],[-123.092685,49.275353],[-123.092656,49.275346],[-123.092627,49.275338],[-123.092598,49.275331],[-123.092569,49.275325],[-123.092539,49.275319],[-123.09251,49.275313],[-123.09248,49.275307],[-123.09245,49.275302],[-123.09242,49.275297],[-123.092389,49.275293],[-123.092359,49.275288],[-123.092328,49.275285],[-123.092298,49.275281],[-123.092267,49.275278],[-123.09218,49.275249],[-123.092788,49.273706],[-123.094932,49.274067]]]}},{"type":"Feature","properties":{"n":"5th and Pine","c":"Local","ha":0.11},"geometry":{"type":"Polygon","coordinates":[[[-123.142708,49.267002],[-123.14272,49.266673],[-123.142929,49.266677],[-123.143139,49.26668],[-123.143126,49.267009],[-123.142917,49.267005],[-123.142708,49.267002],[-123.142708,49.267002]]]}},{"type":"Feature","properties":{"n":"Columbia Park","c":"Neighbourhood","ha":2.79},"geometry":{"type":"Polygon","coordinates":[[[-123.110996,49.230631],[-123.11286,49.230701],[-123.11286,49.230713],[-123.112859,49.230747],[-123.112859,49.230782],[-123.11286,49.230817],[-123.112862,49.230852],[-123.112864,49.230887],[-123.112868,49.230922],[-123.112873,49.230957],[-123.112878,49.230992],[-123.112885,49.231026],[-123.112892,49.231061],[-123.1129,49.231096],[-123.11291,49.23113],[-123.11292,49.231164],[-123.112931,49.231199],[-123.112943,49.231233],[-123.112956,49.231267],[-123.112969,49.2313],[-123.112984,49.231334],[-123.113,49.231367],[-123.113016,49.231401],[-123.113034,49.231434],[-123.113052,49.231467],[-123.113071,49.231499],[-123.113091,49.231532],[-123.113112,49.231564],[-123.113117,49.231572],[-123.113123,49.231581],[-123.113128,49.231589],[-123.113133,49.231597],[-123.113139,49.231606],[-123.113144,49.231614],[-123.113149,49.231623],[-123.113154,49.231631],[-123.113159,49.23164],[-123.113164,49.231648],[-123.113169,49.231657],[-123.113174,49.231665],[-123.113178,49.231674],[-123.113183,49.231682],[-123.113188,49.231691],[-123.113192,49.2317],[-123.113197,49.231708],[-123.113201,49.231717],[-123.113205,49.231726],[-123.11321,49.231734],[-123.113214,49.231743],[-123.113218,49.231752],[-123.113222,49.23176],[-123.113226,49.231769],[-123.11323,49.231778],[-123.113234,49.231787],[-123.113238,49.231795],[-123.113242,49.231804],[-123.113245,49.231813],[-123.113249,49.231822],[-123.113252,49.23183],[-123.113256,49.231839],[-123.113259,49.231848],[-123.113263,49.231857],[-123.113266,49.231866],[-123.113269,49.231875],[-123.113272,49.231884],[-123.113275,49.231892],[-123.113278,49.231901],[-123.113281,49.23191],[-123.113284,49.231919],[-123.113287,49.231928],[-123.11329,49.231937],[-123.113292,49.231946],[-123.113295,49.231955],[-123.113298,49.231964],[-123.1133,49.231973],[-123.113302,49.231982],[-123.113305,49.231991],[-123.113307,49.232],[-123.113309,49.232009],[-123.113311,49.232018],[-123.113313,49.232027],[-123.113315,49.232036],[-123.113317,49.232045],[-123.113319,49.232054],[-123.113321,49.232063],[-123.113323,49.232072],[-123.113324,49.232081],[-123.113326,49.23209],[-123.113327,49.232099],[-123.113329,49.232108],[-123.11333,49.232117],[-123.113331,49.232126],[-123.113333,49.232135],[-123.113334,49.232144],[-123.113335,49.232153],[-123.113336,49.232162],[-123.113337,49.232172],[-123.113338,49.232181],[-123.113339,49.23219],[-123.113339,49.232199],[-123.11334,49.232208],[-123.113341,49.232217],[-123.113341,49.232226],[-123.113342,49.232235],[-123.113342,49.232244],[-123.113342,49.232254],[-123.113343,49.232263],[-123.113343,49.232272],[-123.113343,49.232281],[-123.113343,49.23229],[-123.113343,49.232299],[-123.113343,49.232308],[-123.113343,49.232317],[-123.113342,49.232326],[-123.113342,49.232335],[-123.110926,49.232241],[-123.110996,49.230631]]]}},{"type":"Feature","properties":{"n":"Park Site on Point Grey at Stephens","c":"Local","ha":0.23},"geometry":{"type":"Polygon","coordinates":[[[-123.16607,49.272403],[-123.166067,49.272381],[-123.166427,49.272238],[-123.166426,49.27226],[-123.16641,49.272753],[-123.166347,49.272771],[-123.166296,49.272787],[-123.166293,49.272789],[-123.166192,49.272869],[-123.166139,49.2729],[-123.165975,49.272962],[-123.165867,49.273006],[-123.165886,49.272476],[-123.16607,49.272403]]]}},{"type":"Feature","properties":{"n":"Park Site on Point Grey at Musqueamview St","c":"Local","ha":0.21},"geometry":{"type":"Polygon","coordinates":[[[-123.176421,49.271924],[-123.175801,49.271888],[-123.175817,49.271817],[-123.175904,49.271455],[-123.176519,49.271518],[-123.176434,49.271872],[-123.176421,49.271924]]]}},{"type":"Feature","properties":{"n":"Park Site on Point Grey at Trafalgar","c":"Local","ha":0.29},"geometry":{"type":"Polygon","coordinates":[[[-123.164959,49.273319],[-123.164943,49.273368],[-123.165049,49.273415],[-123.16499,49.273444],[-123.164979,49.273451],[-123.164943,49.273477],[-123.164748,49.273624],[-123.164635,49.273708],[-123.16446,49.273841],[-123.164373,49.273863],[-123.164309,49.273877],[-123.164253,49.273877],[-123.164182,49.273883],[-123.164183,49.273842],[-123.16419,49.273636],[-123.164473,49.273468],[-123.164489,49.27301],[-123.164619,49.272959],[-123.164959,49.273319]]]}},{"type":"Feature","properties":{"n":"Vanier Park (Cultural Harmony Grove)","c":"Neighbourhood","ha":0.29},"geometry":{"type":"Polygon","coordinates":[[[-123.138508,49.274332],[-123.138601,49.274307],[-123.139419,49.274155],[-123.139429,49.274181],[-123.139451,49.274284],[-123.139545,49.274494],[-123.138766,49.274734],[-123.138536,49.274453],[-123.138508,49.274332]]]}},{"type":"Feature","properties":{"n":"6th and Fir","c":"Neighbourhood","ha":0.13},"geometry":{"type":"Polygon","coordinates":[[[-123.141895,49.266331],[-123.141892,49.266406],[-123.141891,49.266407],[-123.141855,49.266413],[-123.14182,49.26642],[-123.141785,49.266427],[-123.14175,49.266434],[-123.141715,49.266442],[-123.141681,49.266451],[-123.14167,49.266453],[-123.141636,49.266462],[-123.141602,49.266471],[-123.141568,49.266481],[-123.141535,49.266491],[-123.141502,49.266501],[-123.141469,49.266512],[-123.141447,49.266519],[-123.141415,49.26653],[-123.141383,49.266542],[-123.141351,49.266554],[-123.141319,49.266567],[-123.141288,49.266579],[-123.141257,49.266593],[-123.141256,49.266593],[-123.141227,49.266606],[-123.141197,49.26662],[-123.141167,49.266634],[-123.141138,49.266649],[-123.141044,49.266647],[-123.141057,49.266318],[-123.141895,49.266331]]]}},{"type":"Feature","properties":{"n":"Street End - Wall St @ Kamloops","c":"Local","ha":0.13},"geometry":{"type":"Polygon","coordinates":[[[-123.05435,49.291665],[-123.05435,49.291273],[-123.054769,49.291182],[-123.054767,49.291587],[-123.05435,49.291665]]]}},{"type":"Feature","properties":{"n":"Street End - Wall St @ Renfrew","c":"Local","ha":0.1},"geometry":{"type":"Polygon","coordinates":[[[-123.044262,49.291245],[-123.044262,49.291309],[-123.044227,49.29131],[-123.044095,49.29135],[-123.044095,49.291368],[-123.044094,49.291402],[-123.043848,49.291405],[-123.043849,49.291019],[-123.043851,49.29101],[-123.043891,49.291023],[-123.044135,49.29111],[-123.044144,49.291113],[-123.044152,49.291116],[-123.044159,49.29112],[-123.044166,49.291124],[-123.044175,49.291132],[-123.044185,49.291141],[-123.044196,49.291148],[-123.044207,49.291155],[-123.04422,49.291161],[-123.044233,49.291167],[-123.044247,49.291172],[-123.044261,49.291176],[-123.044262,49.291245]]]}},{"type":"Feature","properties":{"n":"Street End - Wall St @ Nanaimo","c":"Local","ha":0.06},"geometry":{"type":"Polygon","coordinates":[[[-123.056666,49.291042],[-123.056617,49.291064],[-123.056376,49.291101],[-123.05634,49.291104],[-123.056337,49.290842],[-123.056481,49.290821],[-123.056559,49.290814],[-123.056587,49.290806],[-123.056635,49.290885],[-123.056666,49.291042]]]}},{"type":"Feature","properties":{"n":"West End minipark - CARDERO ST @ COMOX ST","c":"Local","ha":0.08},"geometry":{"type":"Polygon","coordinates":[[[-123.136924,49.286243],[-123.137125,49.286369],[-123.136736,49.286626],[-123.136539,49.286498],[-123.136924,49.286243]]]}},{"type":"Feature","properties":{"n":"West End minipark - BROUGHTON ST @ NELSON ST","c":"Local","ha":0.08},"geometry":{"type":"Polygon","coordinates":[[[-123.133314,49.285801],[-123.133117,49.285674],[-123.133502,49.285419],[-123.133699,49.285546],[-123.133314,49.285801]]]}},{"type":"Feature","properties":{"n":"Slidey Slides","c":"Neighbourhood","ha":6.2},"geometry":{"type":"Polygon","coordinates":[[[-123.034997,49.281547],[-123.034989,49.282949],[-123.034982,49.283038],[-123.034977,49.2831],[-123.034962,49.283162],[-123.034938,49.283222],[-123.034904,49.28328],[-123.034862,49.283336],[-123.034811,49.283389],[-123.034751,49.283438],[-123.034685,49.283482],[-123.034612,49.283522],[-123.034533,49.283557],[-123.034449,49.283587],[-123.03428,49.283636],[-123.034116,49.283691],[-123.034094,49.283691],[-123.034072,49.28369],[-123.03405,49.283688],[-123.034029,49.283685],[-123.034008,49.28368],[-123.033988,49.283675],[-123.033968,49.283668],[-123.03395,49.28366],[-123.033932,49.283651],[-123.033916,49.283641],[-123.03391,49.283635],[-123.033905,49.283629],[-123.0339,49.283622],[-123.033897,49.283615],[-123.033894,49.283608],[-123.033893,49.283601],[-123.033892,49.283594],[-123.033892,49.283586],[-123.033893,49.283579],[-123.033895,49.283572],[-123.033898,49.283565],[-123.033902,49.283558],[-123.033907,49.283551],[-123.033913,49.283545],[-123.033919,49.283539],[-123.033926,49.283534],[-123.033934,49.283528],[-123.033942,49.283524],[-123.033951,49.283519],[-123.034017,49.283489],[-123.034082,49.283457],[-123.034145,49.283424],[-123.034169,49.283406],[-123.034192,49.283387],[-123.034211,49.283367],[-123.034228,49.283346],[-123.034243,49.283325],[-123.034254,49.283302],[-123.034262,49.283279],[-123.034268,49.283255],[-123.03427,49.283231],[-123.034269,49.283208],[-123.034265,49.283184],[-123.034254,49.282785],[-123.034245,49.282357],[-123.034272,49.282281],[-123.034301,49.282192],[-123.034336,49.282075],[-123.034358,49.281892],[-123.03436,49.281878],[-123.03436,49.281864],[-123.034359,49.28185],[-123.034355,49.281836],[-123.03435,49.281822],[-123.034344,49.281809],[-123.034335,49.281796],[-123.034325,49.281783],[-123.034313,49.281771],[-123.034123,49.281555],[-123.034997,49.281547]]]}},{"type":"Feature","properties":{"n":"Stanley Park","c":"Destination","ha":417.95},"geometry":{"type":"Polygon","coordinates":[[[-123.135547,49.29531],[-123.135528,49.295298],[-123.135511,49.29529],[-123.135492,49.295282],[-123.135472,49.295276],[-123.135451,49.295271],[-123.13543,49.295267],[-123.135413,49.295265],[-123.135395,49.295263],[-123.135376,49.295262],[-123.135358,49.295262],[-123.135528,49.29515],[-123.135947,49.294872],[-123.136072,49.294789],[-123.136093,49.294966],[-123.136101,49.294976],[-123.136116,49.294977],[-123.136131,49.294971],[-123.136226,49.294905],[-123.136275,49.294872],[-123.136342,49.294825],[-123.136418,49.294773],[-123.136488,49.294726],[-123.136613,49.294644],[-123.136631,49.294656],[-123.136649,49.294644],[-123.137709,49.293985],[-123.138239,49.293634],[-123.141563,49.293082],[-123.141997,49.292792],[-123.142381,49.292536],[-123.142478,49.292471],[-123.142862,49.292214],[-123.143056,49.292085],[-123.14344,49.291829],[-123.143537,49.291764],[-123.143921,49.291507],[-123.144115,49.291378],[-123.144498,49.291123],[-123.144595,49.291058],[-123.144978,49.290802],[-123.145171,49.290673],[-123.145555,49.290417],[-123.145749,49.290288],[-123.146211,49.289979],[-123.146293,49.289984],[-123.146314,49.289932],[-123.146576,49.289766],[-123.146681,49.289793],[-123.146727,49.289801],[-123.146794,49.289822],[-123.146871,49.289845],[-123.146932,49.289865],[-123.147054,49.289865],[-123.147146,49.289817],[-123.147202,49.289781],[-123.14731,49.28971],[-123.147357,49.289689],[-123.14742,49.28968],[-123.147455,49.2897],[-123.147418,49.289724],[-123.147378,49.289765],[-123.147316,49.289801],[-123.147281,49.289857],[-123.147281,49.289883],[-123.147501,49.290149],[-123.147882,49.290499],[-123.148374,49.290902],[-123.14866,49.291127],[-123.148684,49.291137],[-123.1487,49.291147],[-123.148719,49.291165],[-123.148752,49.291189],[-123.148764,49.291197],[-123.148772,49.291215],[-123.148795,49.291225],[-123.148815,49.291236],[-123.148827,49.291259],[-123.148834,49.291266],[-123.148846,49.291276],[-123.148854,49.291287],[-123.148862,49.291302],[-123.148878,49.291317],[-123.148897,49.291338],[-123.148905,49.291358],[-123.148913,49.291368],[-123.148933,49.291379],[-123.14896,49.291391],[-123.148972,49.291399],[-123.148984,49.291409],[-123.149003,49.291415],[-123.149011,49.29142],[-123.149058,49.291422],[-123.14907,49.291425],[-123.149105,49.29143],[-123.149133,49.291437],[-123.149144,49.29146],[-123.149136,49.291473],[-123.14914,49.291489],[-123.149129,49.291506],[-123.149121,49.291512],[-123.149105,49.291524],[-123.149105,49.291537],[-123.149113,49.291553],[-123.149121,49.291565],[-123.149133,49.291573],[-123.149164,49.291576],[-123.149176,49.291576],[-123.149203,49.29157],[-123.149231,49.291573],[-123.149239,49.291575],[-123.14925,49.291583],[-123.14927,49.291588],[-123.149282,49.291588],[-123.149293,49.291588],[-123.149329,49.291598],[-123.149352,49.291609],[-123.149372,49.291619],[-123.149384,49.291624],[-123.149395,49.291629],[-123.149407,49.291637],[-123.149423,49.291647],[-123.149435,49.291655],[-123.149454,49.291655],[-123.149462,49.291662],[-123.149474,49.291677],[-123.14949,49.29169],[-123.149497,49.291701],[-123.149545,49.291712],[-123.149553,49.291717],[-123.149569,49.291725],[-123.149585,49.291735],[-123.149608,49.291743],[-123.149632,49.29175],[-123.149644,49.291763],[-123.149663,49.291771],[-123.149679,49.291781],[-123.149691,49.291789],[-123.149706,49.291812],[-123.149726,49.291837],[-123.149738,49.29185],[-123.149754,49.291865],[-123.149761,49.291883],[-123.149765,49.291904],[-123.149773,49.291914],[-123.149797,49.291927],[-123.149812,49.291939],[-123.149828,49.291952],[-123.149836,49.291962],[-123.149848,49.291978],[-123.149863,49.291988],[-123.149871,49.292001],[-123.149926,49.292014],[-123.149954,49.292026],[-123.149997,49.292047],[-123.150009,49.292054],[-123.150016,49.292065],[-123.150016,49.292072],[-123.15002,49.29208],[-123.150052,49.2921],[-123.15006,49.292111],[-123.150071,49.292121],[-123.150091,49.292139],[-123.150103,49.292152],[-123.150123,49.292167],[-123.150138,49.292177],[-123.15015,49.29218],[-123.15017,49.29219],[-123.150185,49.292198],[-123.150197,49.292205],[-123.150217,49.29221],[-123.150228,49.292215],[-123.150236,49.292218],[-123.150252,49.292226],[-123.150268,49.292228],[-123.150279,49.292236],[-123.150299,49.292233],[-123.150338,49.292219],[-123.150346,49.292224],[-123.150358,49.292229],[-123.15037,49.292239],[-123.150374,49.292249],[-123.150382,49.292257],[-123.150401,49.29227],[-123.150421,49.292265],[-123.15044,49.292262],[-123.150452,49.292254],[-123.150464,49.292249],[-123.150499,49.292254],[-123.150507,49.292275],[-123.150515,49.292283],[-123.150527,49.292293],[-123.150539,49.2923],[-123.150566,49.292313],[-123.150582,49.292326],[-123.15059,49.292336],[-123.150593,49.292357],[-123.150578,49.292375],[-123.150562,49.292382],[-123.150539,49.29239],[-123.150508,49.292395],[-123.150496,49.292395],[-123.150461,49.292408],[-123.150433,49.292421],[-123.150429,49.292444],[-123.150429,49.292449],[-123.150429,49.29247],[-123.150433,49.292477],[-123.150453,49.292498],[-123.150457,49.292508],[-123.150473,49.292526],[-123.150492,49.292539],[-123.150508,49.292546],[-123.150524,49.292549],[-123.150567,49.292559],[-123.150602,49.292574],[-123.15061,49.292582],[-123.150618,49.292595],[-123.15063,49.292613],[-123.150637,49.292628],[-123.150641,49.292636],[-123.150665,49.292648],[-123.150681,49.292659],[-123.150696,49.292664],[-123.150724,49.292666],[-123.150743,49.292666],[-123.150771,49.292666],[-123.150786,49.292666],[-123.150822,49.292671],[-123.150865,49.292674],[-123.150884,49.292666],[-123.150908,49.292664],[-123.150979,49.292662],[-123.151018,49.292674],[-123.151045,49.292692],[-123.151081,49.292713],[-123.151096,49.292731],[-123.15112,49.292756],[-123.15114,49.292782],[-123.151151,49.292795],[-123.151187,49.29283],[-123.151191,49.292835],[-123.15121,49.292864],[-123.151234,49.292892],[-123.151246,49.292915],[-123.151254,49.292933],[-123.151266,49.292961],[-123.15127,49.292976],[-123.151274,49.292997],[-123.151285,49.293027],[-123.151289,49.293066],[-123.151325,49.293123],[-123.151325,49.293135],[-123.151329,49.293151],[-123.151333,49.293179],[-123.151329,49.293192],[-123.151325,49.29321],[-123.151298,49.293256],[-123.15129,49.293271],[-123.151275,49.293302],[-123.151263,49.29331],[-123.151228,49.293356],[-123.151204,49.293371],[-123.151181,49.293389],[-123.151165,49.293394],[-123.15111,49.293402],[-123.151075,49.293407],[-123.151044,49.29341],[-123.150985,49.293417],[-123.150965,49.29342],[-123.150918,49.293433],[-123.150891,49.293441],[-123.15086,49.293459],[-123.150848,49.293464],[-123.150829,49.293487],[-123.150817,49.2935],[-123.150813,49.293507],[-123.150813,49.293533],[-123.150821,49.293546],[-123.150833,49.293579],[-123.150848,49.293605],[-123.15086,49.293633],[-123.15086,49.293663],[-123.150868,49.293679],[-123.150876,49.293717],[-123.15088,49.29374],[-123.150888,49.293763],[-123.1509,49.293799],[-123.1509,49.293822],[-123.150917,49.293867],[-123.150921,49.29388],[-123.150928,49.293908],[-123.150948,49.293934],[-123.150964,49.293957],[-123.150991,49.293982],[-123.151027,49.294008],[-123.151054,49.294044],[-123.151082,49.294077],[-123.151117,49.294121],[-123.151149,49.294154],[-123.1512,49.294208],[-123.151223,49.294238],[-123.151255,49.294271],[-123.151294,49.294315],[-123.151321,49.29434],[-123.151353,49.294371],[-123.15138,49.29442],[-123.151388,49.294445],[-123.151427,49.294471],[-123.151439,49.294496],[-123.151439,49.294535],[-123.151432,49.294578],[-123.15142,49.294612],[-123.151401,49.294645],[-123.151381,49.294686],[-123.151385,49.294724],[-123.151386,49.294747],[-123.151466,49.294766],[-123.151539,49.29478],[-123.151627,49.294804],[-123.151707,49.294813],[-123.15178,49.294823],[-123.151867,49.294851],[-123.151947,49.29488],[-123.15202,49.294898],[-123.152085,49.294936],[-123.152202,49.294951],[-123.152267,49.294955],[-123.152333,49.294969],[-123.152384,49.294984],[-123.152435,49.295003],[-123.152486,49.295007],[-123.1525,49.294998],[-123.152522,49.294955],[-123.152558,49.294907],[-123.152558,49.294884],[-123.152594,49.294874],[-123.152653,49.294888],[-123.152697,49.294907],[-123.152719,49.29495],[-123.152711,49.294974],[-123.152711,49.294988],[-123.152704,49.295021],[-123.152704,49.295045],[-123.15269,49.295069],[-123.15269,49.295097],[-123.152705,49.295131],[-123.152719,49.29515],[-123.152756,49.295183],[-123.152778,49.295216],[-123.152821,49.295259],[-123.152858,49.295283],[-123.15288,49.295302],[-123.152926,49.295327],[-123.152947,49.295337],[-123.15302,49.295384],[-123.153057,49.295399],[-123.1531,49.295408],[-123.153144,49.295418],[-123.153231,49.295422],[-123.153304,49.295422],[-123.15337,49.295422],[-123.153421,49.295427],[-123.153472,49.295431],[-123.153523,49.295441],[-123.153574,49.295479],[-123.153632,49.295493],[-123.153697,49.295512],[-123.153741,49.295517],[-123.153814,49.295497],[-123.153872,49.295488],[-123.153945,49.295493],[-123.154003,49.295512],[-123.154054,49.295545],[-123.154083,49.295554],[-123.15412,49.295549],[-123.154141,49.295526],[-123.154207,49.295506],[-123.154236,49.295506],[-123.154345,49.295525],[-123.154382,49.295549],[-123.154396,49.295597],[-123.154404,49.29563],[-123.154418,49.295663],[-123.15444,49.295701],[-123.154441,49.295763],[-123.154426,49.295792],[-123.154419,49.295839],[-123.154419,49.295868],[-123.154405,49.295906],[-123.154398,49.295936],[-123.154384,49.295965],[-123.154391,49.295989],[-123.15442,49.296013],[-123.154479,49.296027],[-123.154508,49.296055],[-123.154544,49.296098],[-123.154566,49.29615],[-123.154508,49.296212],[-123.15445,49.296236],[-123.154356,49.296269],[-123.154327,49.296293],[-123.154312,49.29635],[-123.154313,49.296407],[-123.154298,49.296445],[-123.154313,49.296517],[-123.154342,49.29655],[-123.154386,49.296574],[-123.154422,49.296607],[-123.154459,49.296602],[-123.154488,49.296574],[-123.154538,49.296536],[-123.154582,49.296516],[-123.15464,49.296521],[-123.154677,49.29655],[-123.154677,49.296583],[-123.154633,49.29665],[-123.154597,49.296678],[-123.154561,49.296726],[-123.154583,49.296759],[-123.154627,49.296783],[-123.154677,49.296792],[-123.154779,49.296792],[-123.15483,49.296782],[-123.154867,49.296754],[-123.154888,49.296725],[-123.154939,49.296706],[-123.15499,49.296711],[-123.155092,49.29672],[-123.155158,49.296749],[-123.155209,49.296796],[-123.155202,49.296844],[-123.155209,49.296882],[-123.155253,49.296939],[-123.155297,49.296982],[-123.155351,49.297025],[-123.155417,49.297048],[-123.155475,49.297077],[-123.155541,49.297105],[-123.155584,49.297129],[-123.155686,49.297138],[-123.155744,49.297148],[-123.155854,49.297157],[-123.155905,49.297157],[-123.155999,49.297157],[-123.156086,49.297152],[-123.156159,49.297147],[-123.156195,49.297138],[-123.156246,49.297128],[-123.15629,49.297114],[-123.156341,49.297099],[-123.156399,49.29709],[-123.156435,49.297076],[-123.156515,49.297061],[-123.156559,49.297047],[-123.156632,49.297047],[-123.156697,49.297047],[-123.156734,49.297047],[-123.156814,49.297047],[-123.156857,49.297046],[-123.156908,49.297056],[-123.156945,49.29708],[-123.156989,49.297094],[-123.157032,49.297118],[-123.157069,49.297137],[-123.15712,49.297141],[-123.157142,49.29716],[-123.157171,49.297184],[-123.157207,49.297203],[-123.157258,49.297217],[-123.157287,49.29725],[-123.157324,49.29726],[-123.157389,49.297322],[-123.157382,49.29736],[-123.157397,49.297383],[-123.157441,49.297407],[-123.157484,49.297402],[-123.157499,49.297388],[-123.157535,49.297374],[-123.157632,49.297399],[-123.157661,49.297418],[-123.157719,49.297433],[-123.157756,49.297456],[-123.157807,49.29748],[-123.157865,49.297494],[-123.157952,49.297523],[-123.157989,49.297551],[-123.158083,49.297575],[-123.158149,49.297613],[-123.158164,49.297632],[-123.158186,49.29766],[-123.158259,49.297693],[-123.158332,49.297727],[-123.158368,49.297746],[-123.158426,49.297788],[-123.158477,49.297807],[-123.158499,49.297831],[-123.158521,49.29785],[-123.15855,49.297883],[-123.158572,49.297926],[-123.15858,49.297959],[-123.158602,49.297993],[-123.158631,49.298031],[-123.158638,49.298073],[-123.158646,49.298097],[-123.158653,49.298111],[-123.15866,49.29814],[-123.158697,49.298164],[-123.158733,49.298192],[-123.158755,49.298221],[-123.158777,49.298263],[-123.158763,49.298311],[-123.158763,49.298354],[-123.158763,49.298392],[-123.158793,49.298456],[-123.158808,49.298489],[-123.158822,49.298518],[-123.158815,49.29857],[-123.158822,49.298608],[-123.158874,49.298622],[-123.15891,49.298613],[-123.158946,49.29866],[-123.158968,49.298727],[-123.15899,49.298779],[-123.15902,49.298827],[-123.159056,49.29886],[-123.159078,49.298888],[-123.159129,49.298926],[-123.159216,49.29895],[-123.159253,49.298969],[-123.159289,49.298983],[-123.15934,49.298997],[-123.159362,49.299016],[-123.15937,49.299073],[-123.159362,49.299102],[-123.159355,49.299145],[-123.159341,49.299183],[-123.159327,49.299206],[-123.159312,49.299249],[-123.159305,49.299275],[-123.159349,49.299294],[-123.159414,49.299303],[-123.159451,49.299327],[-123.159422,49.299341],[-123.159364,49.29937],[-123.159342,49.299398],[-123.159327,49.299432],[-123.159335,49.299484],[-123.159335,49.299522],[-123.159342,49.299555],[-123.159342,49.299579],[-123.159386,49.299622],[-123.159423,49.299646],[-123.159488,49.29965],[-123.159597,49.299655],[-123.159612,49.299669],[-123.159721,49.299669],[-123.159787,49.299659],[-123.159852,49.299702],[-123.159874,49.299726],[-123.159881,49.29975],[-123.159903,49.299764],[-123.159947,49.299778],[-123.159947,49.299797],[-123.159911,49.299811],[-123.159853,49.299821],[-123.159765,49.29984],[-123.159707,49.299869],[-123.159664,49.299893],[-123.159547,49.299912],[-123.159496,49.299917],[-123.159467,49.299926],[-123.159336,49.299983],[-123.159315,49.300007],[-123.1593,49.300031],[-123.1593,49.300088],[-123.159279,49.300136],[-123.159264,49.300188],[-123.159264,49.300226],[-123.159265,49.300269],[-123.159265,49.300297],[-123.159272,49.300335],[-123.159309,49.300354],[-123.159367,49.300369],[-123.159418,49.300369],[-123.159461,49.300373],[-123.159512,49.300378],[-123.159585,49.300378],[-123.159636,49.300378],[-123.159702,49.300378],[-123.159767,49.300378],[-123.159803,49.300397],[-123.159833,49.300435],[-123.15976,49.300482],[-123.15968,49.300482],[-123.159535,49.300502],[-123.159484,49.300511],[-123.159382,49.300535],[-123.159331,49.300573],[-123.159332,49.300604],[-123.159325,49.300699],[-123.159325,49.300723],[-123.159405,49.300746],[-123.159463,49.30077],[-123.159507,49.30078],[-123.15958,49.30078],[-123.15974,49.300784],[-123.159791,49.300789],[-123.159893,49.300822],[-123.159936,49.300846],[-123.159958,49.300888],[-123.159958,49.30095],[-123.159908,49.300998],[-123.159828,49.301031],[-123.159726,49.301079],[-123.159668,49.301108],[-123.159581,49.30117],[-123.159552,49.301222],[-123.159494,49.30126],[-123.159436,49.30127],[-123.159385,49.301289],[-123.159297,49.301317],[-123.159239,49.30136],[-123.159181,49.301389],[-123.159094,49.301432],[-123.159058,49.301456],[-123.158985,49.301494],[-123.158891,49.301541],[-123.15884,49.301575],[-123.158789,49.301622],[-123.158745,49.301656],[-123.158692,49.301692],[-123.158575,49.301716],[-123.158488,49.301725],[-123.158364,49.30174],[-123.158335,49.301759],[-123.15827,49.301783],[-123.15819,49.301816],[-123.158095,49.301831],[-123.158023,49.301883],[-123.157994,49.301921],[-123.15795,49.301973],[-123.157936,49.302021],[-123.1579,49.302088],[-123.157863,49.302097],[-123.157791,49.302102],[-123.157725,49.302097],[-123.157681,49.302097],[-123.157645,49.302116],[-123.157623,49.302159],[-123.157624,49.302226],[-123.157646,49.302254],[-123.15766,49.302297],[-123.15766,49.302354],[-123.157668,49.302388],[-123.157683,49.30243],[-123.157683,49.302492],[-123.157683,49.302549],[-123.157669,49.302602],[-123.157647,49.302663],[-123.157625,49.302697],[-123.157596,49.302725],[-123.157553,49.302749],[-123.157524,49.302759],[-123.157487,49.302787],[-123.15748,49.30284],[-123.157488,49.302987],[-123.157495,49.303044],[-123.15751,49.303096],[-123.157532,49.303134],[-123.157547,49.303187],[-123.157584,49.303358],[-123.15762,49.303458],[-123.15762,49.303496],[-123.157622,49.303575],[-123.157607,49.303646],[-123.157607,49.303703],[-123.157615,49.303736],[-123.157666,49.30377],[-123.157731,49.303789],[-123.157848,49.303774],[-123.157913,49.30376],[-123.157986,49.303764],[-123.158037,49.30375],[-123.158095,49.303741],[-123.158168,49.303731],[-123.158226,49.303717],[-123.158277,49.303716],[-123.15835,49.303716],[-123.158401,49.303721],[-123.158481,49.303726],[-123.158532,49.303711],[-123.158583,49.303702],[-123.158677,49.303706],[-123.158728,49.303702],[-123.158801,49.303697],[-123.158903,49.303701],[-123.159034,49.303706],[-123.159092,49.303715],[-123.159114,49.303749],[-123.159092,49.303772],[-123.159063,49.303796],[-123.159034,49.30382],[-123.158954,49.303853],[-123.158845,49.303858],[-123.158801,49.303858],[-123.158758,49.303868],[-123.158663,49.303882],[-123.15862,49.303878],[-123.158569,49.303878],[-123.158459,49.303902],[-123.158358,49.303935],[-123.15824,49.303979],[-123.158167,49.304008],[-123.158145,49.304022],[-123.158102,49.304041],[-123.158043,49.304051],[-123.157971,49.30407],[-123.157913,49.304075],[-123.157869,49.304085],[-123.157811,49.304089],[-123.157702,49.304099],[-123.157621,49.304109],[-123.157541,49.304114],[-123.157491,49.304123],[-123.157454,49.304123],[-123.157411,49.304133],[-123.157381,49.304171],[-123.15736,49.304195],[-123.15736,49.304237],[-123.157346,49.304276],[-123.157331,49.304299],[-123.157309,49.304347],[-123.157309,49.304399],[-123.157273,49.304452],[-123.157244,49.304499],[-123.157223,49.304523],[-123.157201,49.304547],[-123.157179,49.304614],[-123.157165,49.304652],[-123.157136,49.304699],[-123.157114,49.304732],[-123.1571,49.30477],[-123.157092,49.304823],[-123.157085,49.304842],[-123.157078,49.30487],[-123.157078,49.304904],[-123.157064,49.304951],[-123.157042,49.305027],[-123.157035,49.305056],[-123.157013,49.305099],[-123.156999,49.305123],[-123.156984,49.305151],[-123.15697,49.305189],[-123.15697,49.305223],[-123.15697,49.305265],[-123.156985,49.305372],[-123.156956,49.30541],[-123.156949,49.305443],[-123.156927,49.305501],[-123.156913,49.305548],[-123.156913,49.305591],[-123.156913,49.305629],[-123.156899,49.3057],[-123.156877,49.305743],[-123.156877,49.305781],[-123.156856,49.305838],[-123.156849,49.305881],[-123.156834,49.305915],[-123.156827,49.305972],[-123.156805,49.306038],[-123.156806,49.306076],[-123.156791,49.306138],[-123.156755,49.306195],[-123.15674,49.306233],[-123.156689,49.306364],[-123.156689,49.306402],[-123.156675,49.306426],[-123.156675,49.306469],[-123.15666,49.306512],[-123.156639,49.306559],[-123.156624,49.306612],[-123.156617,49.306669],[-123.156603,49.306702],[-123.156581,49.306735],[-123.156581,49.306778],[-123.156579,49.306789],[-123.156556,49.306858],[-123.156516,49.306918],[-123.156467,49.306967],[-123.156433,49.307013],[-123.156421,49.307069],[-123.156399,49.307158],[-123.156383,49.307242],[-123.156376,49.307299],[-123.15637,49.307348],[-123.156363,49.307391],[-123.156352,49.30745],[-123.156344,49.307485],[-123.156335,49.307501],[-123.156317,49.307513],[-123.15631,49.307534],[-123.156297,49.30755],[-123.156285,49.307572],[-123.156281,49.307592],[-123.156281,49.307613],[-123.156289,49.307632],[-123.156291,49.307646],[-123.156295,49.307669],[-123.156295,49.307686],[-123.156303,49.307703],[-123.156308,49.30773],[-123.15631,49.307761],[-123.156322,49.307783],[-123.156337,49.307812],[-123.156345,49.307842],[-123.156345,49.307874],[-123.156345,49.307894],[-123.156334,49.307918],[-123.156332,49.307944],[-123.156332,49.307964],[-123.156332,49.307985],[-123.156328,49.308011],[-123.15633,49.308044],[-123.156332,49.30807],[-123.156331,49.308099],[-123.156329,49.308121],[-123.156323,49.308148],[-123.156321,49.308177],[-123.156321,49.30819],[-123.156321,49.308214],[-123.156321,49.308229],[-123.15632,49.308248],[-123.156308,49.3083],[-123.15631,49.308314],[-123.156308,49.308338],[-123.156307,49.308359],[-123.156297,49.308389],[-123.156297,49.308411],[-123.156297,49.308444],[-123.156292,49.308472],[-123.156282,49.308503],[-123.156284,49.308517],[-123.156279,49.308543],[-123.156265,49.308564],[-123.156263,49.308589],[-123.156258,49.308608],[-123.156256,49.308623],[-123.156246,49.308654],[-123.156247,49.308669],[-123.156245,49.30869],[-123.156241,49.30871],[-123.156233,49.308722],[-123.156224,49.308734],[-123.156214,49.308742],[-123.156203,49.308749],[-123.15619,49.308754],[-123.156161,49.308758],[-123.156155,49.308758],[-123.156144,49.308767],[-123.156132,49.308785],[-123.156123,49.308799],[-123.156113,49.308808],[-123.156087,49.308813],[-123.156043,49.308813],[-123.15603,49.308812],[-123.156007,49.308809],[-123.155989,49.308814],[-123.155957,49.308824],[-123.155938,49.308824],[-123.155887,49.308823],[-123.155848,49.308822],[-123.15581,49.308813],[-123.155791,49.308807],[-123.15577,49.308798],[-123.155745,49.308791],[-123.155711,49.308787],[-123.155677,49.308786],[-123.155595,49.308797],[-123.155551,49.3088],[-123.155493,49.308804],[-123.155436,49.308818],[-123.155398,49.308823],[-123.155335,49.30883],[-123.155297,49.308837],[-123.155245,49.308849],[-123.15519,49.308864],[-123.155138,49.30888],[-123.155088,49.308896],[-123.155046,49.30891],[-123.155012,49.30892],[-123.154953,49.308938],[-123.154926,49.308948],[-123.154896,49.308961],[-123.154869,49.308972],[-123.154856,49.308986],[-123.154821,49.309015],[-123.154775,49.309044],[-123.154741,49.309064],[-123.154714,49.309089],[-123.154693,49.309109],[-123.154667,49.309136],[-123.154642,49.309167],[-123.154617,49.309201],[-123.154611,49.309225],[-123.154606,49.309251],[-123.154598,49.309276],[-123.154595,49.309286],[-123.154575,49.309301],[-123.154564,49.30931],[-123.154528,49.309338],[-123.154462,49.3094],[-123.154419,49.309453],[-123.154357,49.309488],[-123.154321,49.309507],[-123.154285,49.309531],[-123.154263,49.309546],[-123.154212,49.309565],[-123.154183,49.309579],[-123.154132,49.309593],[-123.154081,49.309612],[-123.154052,49.309627],[-123.154008,49.30965],[-123.153979,49.30966],[-123.153936,49.309684],[-123.153907,49.309703],[-123.153812,49.309755],[-123.153754,49.309765],[-123.153703,49.309793],[-123.153667,49.309836],[-123.153624,49.30987],[-123.153594,49.309889],[-123.153551,49.309908],[-123.153507,49.309922],[-123.153435,49.309956],[-123.153384,49.310003],[-123.153355,49.310051],[-123.15334,49.310084],[-123.153326,49.310132],[-123.153313,49.310194],[-123.153307,49.310213],[-123.153301,49.310236],[-123.153307,49.310258],[-123.153313,49.310289],[-123.15331,49.310306],[-123.153307,49.310321],[-123.153296,49.310339],[-123.153281,49.31035],[-123.153272,49.310358],[-123.15324,49.310373],[-123.153223,49.310385],[-123.153214,49.310406],[-123.15322,49.310427],[-123.153223,49.31045],[-123.153232,49.310463],[-123.153238,49.310467],[-123.153249,49.310486],[-123.153255,49.310499],[-123.153261,49.310518],[-123.153264,49.310532],[-123.153261,49.310566],[-123.153258,49.310589],[-123.153261,49.310602],[-123.153273,49.310627],[-123.153285,49.31064],[-123.153303,49.310684],[-123.153303,49.310696],[-123.153288,49.310721],[-123.153279,49.310738],[-123.153285,49.310751],[-123.153291,49.310766],[-123.153295,49.310783],[-123.153298,49.310794],[-123.153303,49.310806],[-123.153289,49.310821],[-123.153286,49.310834],[-123.153277,49.310853],[-123.153309,49.310873],[-123.153336,49.310865],[-123.153371,49.310855],[-123.153403,49.310851],[-123.153426,49.310853],[-123.153458,49.310861],[-123.15347,49.310868],[-123.153482,49.310876],[-123.153491,49.310891],[-123.1535,49.310899],[-123.153523,49.310909],[-123.153538,49.310905],[-123.153564,49.310901],[-123.153584,49.310895],[-123.153593,49.310889],[-123.153616,49.310895],[-123.153634,49.310907],[-123.153643,49.310918],[-123.153655,49.310933],[-123.153666,49.310954],[-123.153669,49.310971],[-123.153669,49.31099],[-123.153681,49.311008],[-123.153681,49.311031],[-123.153678,49.311057],[-123.153681,49.311078],[-123.153681,49.311095],[-123.153681,49.311111],[-123.153681,49.311126],[-123.15369,49.311142],[-123.153688,49.311161],[-123.153679,49.311182],[-123.153679,49.311196],[-123.153685,49.311209],[-123.153685,49.311222],[-123.153679,49.311245],[-123.153667,49.311255],[-123.153647,49.31128],[-123.153647,49.311301],[-123.153665,49.311314],[-123.153668,49.311329],[-123.15365,49.311362],[-123.153638,49.311381],[-123.153627,49.311398],[-123.153598,49.311415],[-123.153592,49.311429],[-123.153592,49.311448],[-123.153604,49.311461],[-123.153595,49.311484],[-123.153572,49.311496],[-123.153528,49.311509],[-123.153493,49.311519],[-123.15344,49.311523],[-123.153388,49.311534],[-123.153338,49.311548],[-123.153282,49.311555],[-123.153236,49.311571],[-123.153164,49.311573],[-123.153117,49.311573],[-123.153065,49.311573],[-123.153024,49.31157],[-123.152983,49.311577],[-123.152925,49.311593],[-123.152884,49.311599],[-123.152846,49.311614],[-123.152822,49.311618],[-123.152799,49.311623],[-123.152761,49.311629],[-123.152717,49.311631],[-123.152679,49.311639],[-123.152647,49.31165],[-123.152609,49.311652],[-123.152565,49.311656],[-123.152524,49.311664],[-123.152478,49.311677],[-123.152446,49.311693],[-123.152428,49.311708],[-123.152405,49.311725],[-123.15237,49.311744],[-123.152343,49.31176],[-123.152305,49.311781],[-123.152288,49.311798],[-123.152256,49.311825],[-123.152227,49.311846],[-123.152203,49.311867],[-123.1522,49.311879],[-123.152191,49.311904],[-123.152171,49.311927],[-123.152159,49.311948],[-123.152154,49.311965],[-123.152145,49.311988],[-123.152145,49.312018],[-123.152145,49.312036],[-123.152139,49.312056],[-123.152119,49.312087],[-123.152121,49.312132],[-123.152098,49.312147],[-123.152075,49.312164],[-123.152045,49.312174],[-123.152022,49.312187],[-123.15201,49.312205],[-123.151972,49.31222],[-123.151949,49.312243],[-123.15192,49.312262],[-123.151899,49.312274],[-123.151873,49.312285],[-123.151856,49.312304],[-123.151841,49.312316],[-123.151809,49.312331],[-123.151777,49.312344],[-123.151748,49.312356],[-123.151721,49.312369],[-123.151692,49.312383],[-123.151666,49.312394],[-123.151651,49.312402],[-123.151631,49.312409],[-123.15159,49.312421],[-123.15157,49.312434],[-123.151535,49.31245],[-123.151514,49.312469],[-123.151503,49.31248],[-123.151468,49.312501],[-123.151441,49.31252],[-123.151402,49.312534],[-123.151384,49.312553],[-123.151352,49.312576],[-123.151312,49.312596],[-123.1513,49.312611],[-123.15125,49.312624],[-123.151224,49.31264],[-123.151177,49.312651],[-123.151142,49.312661],[-123.151122,49.312668],[-123.151098,49.312674],[-123.15106,49.312682],[-123.151031,49.312693],[-123.150996,49.312699],[-123.150964,49.312709],[-123.150929,49.312716],[-123.150909,49.312726],[-123.150888,49.312732],[-123.150871,49.312737],[-123.15085,49.312743],[-123.150827,49.312751],[-123.150795,49.31276],[-123.150777,49.31277],[-123.150754,49.312778],[-123.150695,49.31278],[-123.150654,49.31278],[-123.150631,49.312783],[-123.150602,49.312782],[-123.150573,49.312789],[-123.150543,49.312799],[-123.15052,49.312807],[-123.150497,49.31281],[-123.150465,49.312816],[-123.150421,49.312822],[-123.150392,49.312826],[-123.150365,49.312828],[-123.150318,49.312834],[-123.150298,49.312841],[-123.150281,49.312841],[-123.150248,49.312845],[-123.150207,49.312849],[-123.150172,49.312855],[-123.15014,49.312857],[-123.150091,49.312859],[-123.150067,49.312866],[-123.150023,49.312876],[-123.149985,49.312882],[-123.149937,49.312886],[-123.149922,49.312892],[-123.149896,49.312892],[-123.14987,49.312892],[-123.149826,49.31289],[-123.149794,49.312894],[-123.149759,49.312896],[-123.149735,49.312892],[-123.149665,49.312892],[-123.149653,49.312888],[-123.14963,49.31289],[-123.149592,49.312894],[-123.149575,49.312896],[-123.149545,49.312902],[-123.149522,49.312902],[-123.14949,49.312902],[-123.149426,49.312904],[-123.149411,49.312904],[-123.149388,49.312904],[-123.149352,49.312906],[-123.149329,49.312908],[-123.1493,49.31291],[-123.149274,49.3129],[-123.149259,49.3129],[-123.149241,49.312896],[-123.1492,49.312898],[-123.149183,49.3129],[-123.14916,49.312906],[-123.149136,49.31291],[-123.149098,49.312916],[-123.149075,49.312923],[-123.149063,49.31292],[-123.149048,49.31291],[-123.149037,49.312904],[-123.149022,49.312904],[-123.149024,49.312914],[-123.149012,49.312924],[-123.148992,49.312941],[-123.148969,49.312955],[-123.148951,49.312966],[-123.148919,49.312979],[-123.148904,49.312983],[-123.148878,49.312993],[-123.148858,49.312999],[-123.148802,49.31301],[-123.148773,49.313022],[-123.14875,49.313027],[-123.148723,49.313031],[-123.1487,49.313039],[-123.148671,49.313043],[-123.148639,49.313043],[-123.14858,49.313033],[-123.148551,49.313033],[-123.148522,49.313033],[-123.148501,49.313045],[-123.148487,49.31307],[-123.148481,49.313087],[-123.148475,49.3131],[-123.148463,49.313121],[-123.148443,49.313135],[-123.148428,49.313142],[-123.148399,49.313141],[-123.148364,49.313142],[-123.1483,49.313152],[-123.148271,49.313166],[-123.148256,49.313173],[-123.148227,49.313183],[-123.148192,49.313187],[-123.148183,49.313187],[-123.148142,49.313189],[-123.148101,49.313198],[-123.148072,49.313206],[-123.148052,49.31321],[-123.148034,49.31321],[-123.147993,49.31321],[-123.147958,49.313212],[-123.147938,49.313225],[-123.147911,49.313233],[-123.147883,49.313241],[-123.147854,49.313247],[-123.147825,49.313251],[-123.14779,49.313254],[-123.147761,49.313256],[-123.147737,49.313255],[-123.147693,49.313253],[-123.147652,49.313255],[-123.14762,49.313259],[-123.147594,49.31327],[-123.147574,49.313297],[-123.14755,49.313324],[-123.147527,49.313331],[-123.147492,49.31335],[-123.147445,49.313379],[-123.147428,49.313392],[-123.147387,49.31341],[-123.147372,49.313414],[-123.147352,49.313429],[-123.14734,49.313461],[-123.147329,49.313477],[-123.147314,49.313484],[-123.147285,49.313484],[-123.147259,49.313492],[-123.147256,49.313505],[-123.147267,49.313509],[-123.147276,49.313513],[-123.147282,49.313515],[-123.147265,49.313524],[-123.14723,49.313526],[-123.147197,49.313526],[-123.147162,49.313523],[-123.147121,49.313517],[-123.147104,49.313513],[-123.147066,49.313513],[-123.14704,49.313521],[-123.14701,49.313523],[-123.146981,49.313523],[-123.146958,49.313525],[-123.146917,49.313531],[-123.146891,49.313531],[-123.146873,49.313527],[-123.146861,49.313504],[-123.146858,49.313496],[-123.146838,49.313487],[-123.146803,49.313481],[-123.146768,49.313477],[-123.146721,49.313466],[-123.146677,49.313455],[-123.146653,49.313451],[-123.14661,49.313436],[-123.146592,49.313426],[-123.146542,49.313428],[-123.146487,49.313434],[-123.146456,49.313442],[-123.1464,49.313444],[-123.146377,49.313446],[-123.146356,49.313444],[-123.146327,49.313448],[-123.146283,49.313455],[-123.146245,49.313459],[-123.146213,49.313459],[-123.146193,49.313469],[-123.146132,49.313475],[-123.146111,49.313477],[-123.146088,49.313482],[-123.146061,49.313486],[-123.146012,49.31349],[-123.145988,49.313494],[-123.145948,49.313511],[-123.145933,49.313517],[-123.145921,49.313525],[-123.145907,49.313528],[-123.145883,49.31354],[-123.145869,49.313551],[-123.145866,49.313555],[-123.14584,49.313561],[-123.145819,49.313557],[-123.145802,49.313555],[-123.145781,49.313557],[-123.145766,49.313563],[-123.145758,49.313563],[-123.145723,49.313576],[-123.145705,49.313586],[-123.145679,49.313599],[-123.145667,49.313605],[-123.14565,49.313613],[-123.145615,49.313626],[-123.145585,49.313628],[-123.145577,49.313634],[-123.145542,49.31364],[-123.145492,49.313645],[-123.145416,49.313646],[-123.145398,49.313634],[-123.14536,49.313628],[-123.145352,49.313627],[-123.145319,49.313615],[-123.145299,49.313625],[-123.145278,49.313642],[-123.145255,49.313642],[-123.145226,49.31364],[-123.145193,49.313652],[-123.145172,49.313656],[-123.145143,49.313661],[-123.145114,49.313663],[-123.145064,49.313661],[-123.145014,49.313663],[-123.145,49.313671],[-123.144959,49.313671],[-123.144909,49.313671],[-123.144886,49.313673],[-123.144854,49.313675],[-123.14481,49.313679],[-123.144769,49.313675],[-123.144737,49.313668],[-123.144716,49.313675],[-123.144699,49.313687],[-123.144684,49.313706],[-123.14467,49.313713],[-123.144658,49.313721],[-123.144623,49.313731],[-123.144597,49.31374],[-123.144565,49.313746],[-123.144535,49.313748],[-123.144512,49.313746],[-123.144471,49.313762],[-123.144442,49.313767],[-123.144401,49.313771],[-123.144381,49.313777],[-123.144351,49.313771],[-123.144331,49.313769],[-123.144324,49.31377],[-123.144295,49.313768],[-123.144262,49.313768],[-123.144221,49.313768],[-123.144198,49.313762],[-123.14418,49.313762],[-123.144157,49.313751],[-123.144131,49.313747],[-123.144107,49.313737],[-123.144084,49.313726],[-123.144046,49.31372],[-123.144011,49.313722],[-123.143964,49.313719],[-123.143941,49.313728],[-123.143891,49.313738],[-123.143861,49.313734],[-123.14384,49.313734],[-123.143808,49.313736],[-123.143773,49.31374],[-123.143764,49.313742],[-123.143764,49.313754],[-123.143735,49.313767],[-123.143706,49.313765],[-123.143679,49.313765],[-123.143674,49.313769],[-123.143656,49.313784],[-123.143618,49.313784],[-123.143592,49.313784],[-123.143557,49.313779],[-123.143536,49.313784],[-123.143516,49.313786],[-123.143487,49.313792],[-123.143481,49.313806],[-123.143481,49.313813],[-123.143466,49.313826],[-123.143443,49.313834],[-123.143417,49.313836],[-123.143393,49.313836],[-123.143364,49.313844],[-123.143353,49.313851],[-123.143344,49.313861],[-123.143338,49.313874],[-123.143323,49.313884],[-123.1433,49.313888],[-123.143294,49.313894],[-123.143282,49.313909],[-123.143247,49.313917],[-123.143221,49.313922],[-123.143206,49.313926],[-123.143189,49.313932],[-123.143177,49.31394],[-123.143163,49.313945],[-123.143151,49.313947],[-123.143134,49.313943],[-123.143093,49.313955],[-123.143066,49.313959],[-123.143049,49.313961],[-123.143031,49.313968],[-123.143008,49.313972],[-123.14299,49.313978],[-123.14297,49.313989],[-123.142945,49.31399],[-123.14294,49.313995],[-123.142904,49.314005],[-123.14289,49.314003],[-123.142864,49.314013],[-123.142817,49.314032],[-123.142785,49.314028],[-123.142761,49.314032],[-123.142756,49.314036],[-123.142738,49.314045],[-123.1427,49.314051],[-123.142682,49.314045],[-123.142656,49.314047],[-123.142633,49.314053],[-123.142598,49.314055],[-123.142568,49.314055],[-123.142525,49.314051],[-123.142492,49.314044],[-123.142468,49.314044],[-123.14246,49.314036],[-123.142439,49.314034],[-123.142433,49.314038],[-123.142416,49.314057],[-123.142404,49.314063],[-123.142381,49.314069],[-123.142355,49.314071],[-123.142331,49.314065],[-123.142308,49.314052],[-123.142276,49.314055],[-123.142249,49.314054],[-123.142232,49.314059],[-123.142211,49.314061],[-123.142179,49.314061],[-123.142162,49.314065],[-123.142141,49.314067],[-123.142112,49.314071],[-123.142092,49.314075],[-123.142074,49.314073],[-123.142053,49.314071],[-123.142033,49.314071],[-123.14201,49.314071],[-123.141992,49.314075],[-123.141975,49.314075],[-123.141945,49.314079],[-123.141919,49.314086],[-123.141896,49.314085],[-123.141872,49.314075],[-123.141852,49.314071],[-123.141817,49.314067],[-123.141779,49.314071],[-123.14172,49.314075],[-123.141694,49.314079],[-123.141673,49.314086],[-123.141646,49.314088],[-123.141626,49.31409],[-123.141611,49.314094],[-123.141605,49.314098],[-123.141576,49.314098],[-123.141561,49.314096],[-123.141541,49.314096],[-123.141521,49.314096],[-123.141506,49.314098],[-123.141492,49.314102],[-123.141468,49.314102],[-123.141442,49.314104],[-123.141392,49.314102],[-123.141375,49.314092],[-123.14136,49.314079],[-123.141342,49.31406],[-123.141322,49.314052],[-123.141293,49.314045],[-123.141269,49.314034],[-123.141249,49.31402],[-123.141196,49.314007],[-123.141187,49.313995],[-123.141173,49.313976],[-123.141152,49.31395],[-123.141134,49.313927],[-123.141111,49.31389],[-123.141093,49.313858],[-123.141073,49.31381],[-123.14106,49.313779],[-123.141055,49.31376],[-123.141043,49.313724],[-123.141028,49.313699],[-123.141016,49.313672],[-123.141019,49.313655],[-123.141005,49.313632],[-123.140987,49.313619],[-123.140966,49.313596],[-123.140949,49.313577],[-123.14092,49.31356],[-123.140902,49.313548],[-123.140887,49.313533],[-123.140858,49.313529],[-123.140835,49.31352],[-123.140814,49.313508],[-123.140785,49.313495],[-123.140773,49.313479],[-123.14075,49.313462],[-123.140712,49.313447],[-123.140685,49.313438],[-123.14065,49.313428],[-123.140619,49.313421],[-123.140592,49.313417],[-123.140545,49.31341],[-123.140512,49.313405],[-123.140481,49.313399],[-123.140439,49.313391],[-123.140411,49.313385],[-123.140345,49.313371],[-123.140328,49.313367],[-123.140314,49.313364],[-123.140303,49.31336],[-123.140289,49.313354],[-123.140274,49.31335],[-123.14026,49.313345],[-123.140253,49.313339],[-123.140241,49.313332],[-123.140225,49.313329],[-123.140212,49.313328],[-123.140194,49.313325],[-123.140187,49.313323],[-123.14018,49.31332],[-123.140161,49.313314],[-123.140151,49.313311],[-123.140132,49.313307],[-123.140107,49.313303],[-123.140099,49.313303],[-123.140088,49.313304],[-123.140082,49.313307],[-123.140072,49.313307],[-123.140059,49.313308],[-123.140042,49.31331],[-123.140026,49.31331],[-123.140013,49.31331],[-123.139991,49.31331],[-123.139968,49.313312],[-123.139946,49.313312],[-123.139932,49.313309],[-123.139929,49.313305],[-123.139925,49.3133],[-123.139919,49.313293],[-123.139907,49.313296],[-123.139902,49.313297],[-123.139899,49.313297],[-123.139886,49.313294],[-123.139877,49.313296],[-123.139873,49.313299],[-123.139865,49.3133],[-123.139852,49.313297],[-123.139844,49.313293],[-123.139837,49.31329],[-123.139829,49.313287],[-123.139826,49.313285],[-123.139822,49.313281],[-123.139811,49.313279],[-123.139809,49.313281],[-123.139798,49.313282],[-123.139784,49.313278],[-123.139771,49.313275],[-123.13976,49.313271],[-123.139756,49.313264],[-123.139737,49.313263],[-123.139716,49.313261],[-123.139707,49.313249],[-123.13973,49.313248],[-123.139742,49.313249],[-123.139756,49.313252],[-123.139766,49.313247],[-123.139776,49.313247],[-123.1398,49.31325],[-123.139814,49.313254],[-123.139849,49.313255],[-123.139869,49.313259],[-123.13988,49.313262],[-123.139889,49.313262],[-123.139935,49.313267],[-123.139949,49.313266],[-123.139958,49.313265],[-123.139961,49.313263],[-123.139966,49.313259],[-123.139965,49.313255],[-123.139959,49.313251],[-123.139947,49.313246],[-123.139934,49.313241],[-123.139923,49.313235],[-123.139903,49.313228],[-123.139896,49.313223],[-123.139887,49.313213],[-123.139885,49.313209],[-123.139876,49.313201],[-123.139869,49.313197],[-123.139859,49.313194],[-123.139848,49.31319],[-123.139841,49.313186],[-123.139828,49.313179],[-123.139821,49.313176],[-123.139809,49.313172],[-123.139801,49.313167],[-123.139797,49.313161],[-123.139796,49.313154],[-123.139789,49.313145],[-123.139784,49.313143],[-123.13977,49.313141],[-123.13975,49.313139],[-123.139729,49.313138],[-123.139717,49.313137],[-123.139694,49.313135],[-123.139679,49.313134],[-123.139664,49.313131],[-123.139652,49.31313],[-123.139634,49.313126],[-123.13962,49.313125],[-123.139609,49.313122],[-123.139597,49.313113],[-123.139587,49.313107],[-123.139582,49.313099],[-123.139573,49.313089],[-123.139564,49.313086],[-123.139551,49.313082],[-123.139543,49.313076],[-123.139539,49.313067],[-123.139533,49.31306],[-123.139525,49.313054],[-123.139521,49.31305],[-123.139509,49.313041],[-123.139504,49.313036],[-123.139506,49.313029],[-123.139515,49.313026],[-123.139529,49.313029],[-123.139543,49.313032],[-123.139553,49.313035],[-123.139561,49.313033],[-123.139566,49.313026],[-123.139561,49.313019],[-123.139552,49.313014],[-123.139545,49.313012],[-123.139537,49.313009],[-123.139528,49.313004],[-123.139521,49.312996],[-123.139524,49.312992],[-123.139531,49.31299],[-123.139537,49.312988],[-123.139542,49.312986],[-123.139545,49.312985],[-123.139546,49.312982],[-123.139546,49.312979],[-123.139544,49.312974],[-123.139541,49.312967],[-123.139528,49.31296],[-123.139511,49.312953],[-123.139501,49.312949],[-123.139493,49.312945],[-123.139489,49.312941],[-123.139478,49.312936],[-123.139469,49.312935],[-123.139466,49.312928],[-123.139466,49.312924],[-123.139464,49.312921],[-123.139457,49.312914],[-123.139447,49.312907],[-123.139439,49.312902],[-123.139427,49.312897],[-123.139424,49.312892],[-123.13941,49.312884],[-123.139394,49.312876],[-123.13938,49.312869],[-123.139367,49.312864],[-123.139364,49.312862],[-123.139353,49.312859],[-123.139342,49.312858],[-123.139327,49.31286],[-123.139318,49.312862],[-123.139314,49.312862],[-123.139307,49.312856],[-123.139294,49.312849],[-123.139291,49.312843],[-123.139291,49.312835],[-123.139288,49.312831],[-123.139286,49.312823],[-123.139283,49.312817],[-123.139277,49.312813],[-123.139279,49.312808],[-123.139277,49.312801],[-123.139274,49.312797],[-123.139269,49.312786],[-123.139265,49.312781],[-123.139267,49.312772],[-123.139265,49.312768],[-123.139267,49.312757],[-123.139267,49.312749],[-123.139261,49.31274],[-123.13926,49.312736],[-123.139258,49.312728],[-123.139256,49.312719],[-123.139253,49.312711],[-123.13925,49.312706],[-123.139245,49.312699],[-123.139243,49.312692],[-123.139238,49.312684],[-123.139232,49.312679],[-123.139227,49.312673],[-123.139225,49.312667],[-123.139217,49.31266],[-123.139206,49.312654],[-123.139203,49.312644],[-123.139197,49.312631],[-123.139188,49.312627],[-123.139181,49.312618],[-123.13917,49.312611],[-123.139167,49.312601],[-123.139159,49.312591],[-123.139153,49.312585],[-123.13915,49.312578],[-123.139143,49.312562],[-123.139143,49.312554],[-123.139139,49.312548],[-123.139138,49.31254],[-123.139137,49.312532],[-123.139122,49.31252],[-123.13911,49.31251],[-123.139098,49.312499],[-123.139089,49.312488],[-123.139087,49.312477],[-123.139085,49.312466],[-123.139071,49.31246],[-123.139052,49.312456],[-123.139043,49.312448],[-123.139036,49.312439],[-123.139034,49.312431],[-123.13903,49.312424],[-123.139023,49.31242],[-123.139008,49.312413],[-123.139014,49.312409],[-123.139003,49.312405],[-123.139007,49.312398],[-123.139002,49.312393],[-123.13899,49.312389],[-123.138979,49.312382],[-123.138975,49.312373],[-123.13897,49.312365],[-123.138963,49.312359],[-123.138958,49.312351],[-123.138957,49.312341],[-123.138959,49.312334],[-123.138959,49.312326],[-123.138952,49.312319],[-123.138941,49.31232],[-123.138934,49.312325],[-123.138925,49.312331],[-123.138921,49.312332],[-123.138914,49.31233],[-123.13891,49.312322],[-123.138907,49.312314],[-123.138903,49.312309],[-123.138898,49.312303],[-123.138898,49.312294],[-123.138896,49.312288],[-123.138885,49.312289],[-123.138876,49.312289],[-123.138867,49.312286],[-123.138856,49.312279],[-123.138852,49.312267],[-123.138852,49.312259],[-123.138855,49.312252],[-123.138847,49.312248],[-123.138842,49.312243],[-123.138831,49.31224],[-123.138822,49.312235],[-123.138813,49.312229],[-123.138806,49.312225],[-123.138795,49.312223],[-123.138779,49.312216],[-123.138774,49.312204],[-123.138771,49.312198],[-123.138765,49.312192],[-123.138756,49.312188],[-123.138751,49.312181],[-123.138747,49.312178],[-123.138739,49.312174],[-123.138733,49.312174],[-123.138722,49.312177],[-123.138712,49.312177],[-123.138706,49.312174],[-123.138702,49.312169],[-123.138697,49.312168],[-123.138699,49.312164],[-123.138699,49.312157],[-123.138691,49.312156],[-123.138685,49.312153],[-123.138684,49.312149],[-123.138676,49.312149],[-123.138671,49.312145],[-123.138662,49.312141],[-123.138655,49.312134],[-123.13865,49.312126],[-123.13865,49.312122],[-123.13865,49.312116],[-123.13865,49.31211],[-123.138652,49.312104],[-123.138644,49.312098],[-123.138629,49.312098],[-123.138619,49.312102],[-123.138608,49.312097],[-123.138596,49.312091],[-123.138592,49.312087],[-123.138589,49.312077],[-123.138582,49.312069],[-123.138581,49.312061],[-123.138575,49.312051],[-123.138568,49.312044],[-123.138564,49.312034],[-123.138565,49.312029],[-123.138554,49.312025],[-123.138546,49.31202],[-123.138542,49.312012],[-123.138531,49.312009],[-123.138529,49.312006],[-123.138526,49.311999],[-123.138529,49.311991],[-123.138532,49.311989],[-123.138527,49.311985],[-123.138522,49.311979],[-123.138518,49.311973],[-123.138514,49.311966],[-123.138522,49.311966],[-123.138527,49.311964],[-123.138527,49.311961],[-123.138519,49.311956],[-123.138514,49.311954],[-123.13851,49.311944],[-123.138508,49.311939],[-123.138503,49.311933],[-123.138493,49.311928],[-123.138484,49.311926],[-123.138475,49.311924],[-123.138472,49.311922],[-123.138477,49.311915],[-123.138481,49.311911],[-123.138478,49.311903],[-123.138471,49.311901],[-123.138468,49.311896],[-123.138456,49.311885],[-123.138452,49.311874],[-123.138445,49.311863],[-123.138442,49.311855],[-123.138431,49.311842],[-123.138423,49.311832],[-123.138414,49.311821],[-123.138414,49.311809],[-123.138391,49.311798],[-123.138379,49.31179],[-123.138351,49.311786],[-123.138339,49.311787],[-123.13832,49.311781],[-123.138301,49.311773],[-123.138288,49.31177],[-123.138275,49.311762],[-123.138268,49.311752],[-123.138259,49.311732],[-123.138252,49.311718],[-123.138252,49.311699],[-123.13825,49.311682],[-123.138248,49.311672],[-123.138214,49.311662],[-123.138196,49.311658],[-123.13818,49.311653],[-123.138163,49.311644],[-123.138151,49.311644],[-123.138133,49.31164],[-123.138125,49.311631],[-123.138109,49.311619],[-123.138099,49.311606],[-123.13809,49.311594],[-123.138073,49.311581],[-123.138067,49.311569],[-123.138065,49.311555],[-123.13806,49.311538],[-123.138055,49.31153],[-123.138051,49.311522],[-123.138043,49.311508],[-123.138027,49.311506],[-123.138008,49.311506],[-123.137987,49.311505],[-123.137949,49.311501],[-123.13793,49.311486],[-123.137909,49.311478],[-123.137895,49.311472],[-123.137881,49.311462],[-123.137867,49.311453],[-123.137853,49.311442],[-123.137845,49.311433],[-123.137841,49.311426],[-123.137837,49.311416],[-123.137834,49.311409],[-123.137831,49.311403],[-123.137819,49.3114],[-123.137812,49.311396],[-123.137804,49.311398],[-123.137796,49.311401],[-123.137785,49.311398],[-123.137781,49.311384],[-123.137774,49.31138],[-123.137765,49.311378],[-123.137754,49.311376],[-123.137744,49.311373],[-123.137732,49.311369],[-123.137726,49.311367],[-123.137719,49.311363],[-123.137712,49.311358],[-123.13769,49.311353],[-123.137679,49.311352],[-123.137665,49.311351],[-123.137654,49.311347],[-123.137639,49.311342],[-123.137628,49.311338],[-123.13762,49.311333],[-123.137598,49.311324],[-123.137587,49.31132],[-123.137581,49.311314],[-123.137575,49.31131],[-123.13757,49.311305],[-123.137575,49.311297],[-123.13758,49.311291],[-123.13758,49.311281],[-123.137579,49.311274],[-123.137579,49.311263],[-123.137573,49.311254],[-123.137564,49.311251],[-123.137552,49.311251],[-123.137541,49.311251],[-123.137527,49.311251],[-123.137517,49.311251],[-123.1375,49.311251],[-123.137492,49.311251],[-123.13748,49.311247],[-123.137474,49.311244],[-123.137465,49.31124],[-123.137462,49.311234],[-123.137457,49.311226],[-123.137449,49.311231],[-123.137438,49.311234],[-123.137434,49.311232],[-123.137429,49.311226],[-123.137432,49.311218],[-123.13744,49.31121],[-123.137448,49.311202],[-123.137448,49.311193],[-123.137439,49.311188],[-123.137431,49.311188],[-123.137424,49.311191],[-123.137412,49.311194],[-123.137406,49.311182],[-123.13741,49.311173],[-123.137407,49.311167],[-123.137407,49.311159],[-123.137407,49.311152],[-123.137405,49.311141],[-123.137394,49.311136],[-123.137395,49.31113],[-123.137393,49.311117],[-123.137393,49.311111],[-123.137393,49.3111],[-123.137389,49.311092],[-123.137385,49.311082],[-123.137381,49.311073],[-123.137377,49.311066],[-123.137374,49.311059],[-123.13738,49.31105],[-123.13738,49.311039],[-123.137384,49.311027],[-123.137377,49.311012],[-123.137359,49.310996],[-123.137347,49.310992],[-123.137336,49.310992],[-123.137328,49.310992],[-123.137321,49.310987],[-123.137316,49.310973],[-123.137309,49.31096],[-123.137308,49.310953],[-123.137303,49.31094],[-123.137291,49.310929],[-123.137288,49.310914],[-123.137287,49.310903],[-123.137279,49.310887],[-123.137275,49.310876],[-123.137264,49.31086],[-123.137262,49.310854],[-123.137267,49.310848],[-123.137272,49.310841],[-123.137278,49.310824],[-123.137278,49.310809],[-123.13728,49.3108],[-123.137277,49.310793],[-123.137272,49.310783],[-123.137275,49.310777],[-123.137278,49.310766],[-123.13728,49.310756],[-123.137276,49.31074],[-123.137268,49.310733],[-123.137273,49.310716],[-123.137273,49.3107],[-123.137271,49.310685],[-123.137265,49.310677],[-123.137262,49.310666],[-123.137258,49.310657],[-123.137257,49.310649],[-123.137254,49.310635],[-123.137244,49.310625],[-123.137237,49.310617],[-123.137234,49.310604],[-123.13722,49.310594],[-123.137202,49.310587],[-123.137192,49.310582],[-123.137187,49.310579],[-123.137187,49.310551],[-123.137182,49.310542],[-123.137169,49.310532],[-123.137165,49.310517],[-123.137158,49.310506],[-123.137144,49.3105],[-123.137131,49.310498],[-123.137103,49.310501],[-123.137087,49.3105],[-123.137071,49.310495],[-123.137047,49.310495],[-123.137033,49.310498],[-123.137015,49.3105],[-123.136988,49.310496],[-123.136976,49.310484],[-123.136963,49.310468],[-123.136949,49.310452],[-123.136942,49.310443],[-123.136933,49.310431],[-123.136923,49.31042],[-123.136908,49.310405],[-123.136889,49.310392],[-123.136884,49.310385],[-123.13687,49.310371],[-123.136863,49.310365],[-123.13686,49.310358],[-123.136855,49.310353],[-123.136849,49.310346],[-123.136839,49.310336],[-123.136835,49.310331],[-123.136832,49.310319],[-123.136835,49.310309],[-123.136832,49.310297],[-123.136824,49.310287],[-123.136803,49.31028],[-123.136795,49.310276],[-123.136784,49.310272],[-123.136769,49.310264],[-123.136761,49.310248],[-123.13676,49.310239],[-123.136747,49.310231],[-123.136727,49.310221],[-123.136719,49.310215],[-123.1367,49.310206],[-123.136674,49.310191],[-123.136664,49.310183],[-123.136661,49.310167],[-123.136658,49.310154],[-123.136653,49.310144],[-123.13664,49.310128],[-123.136627,49.310121],[-123.136605,49.310112],[-123.136587,49.310102],[-123.136569,49.310093],[-123.136558,49.310082],[-123.136558,49.310071],[-123.136558,49.310059],[-123.136558,49.310048],[-123.136551,49.310035],[-123.136543,49.310023],[-123.136535,49.310017],[-123.136524,49.310006],[-123.136504,49.310001],[-123.136485,49.309989],[-123.13647,49.309984],[-123.136464,49.309977],[-123.136451,49.309963],[-123.136421,49.30995],[-123.136411,49.309946],[-123.136395,49.309934],[-123.136384,49.309921],[-123.136374,49.309904],[-123.136374,49.30989],[-123.136369,49.309875],[-123.136369,49.309853],[-123.136367,49.309836],[-123.136367,49.309826],[-123.136364,49.309815],[-123.136369,49.309802],[-123.136372,49.309782],[-123.136369,49.309772],[-123.136367,49.30976],[-123.136365,49.309741],[-123.136367,49.309725],[-123.136365,49.309713],[-123.136364,49.309702],[-123.136362,49.309686],[-123.136354,49.309676],[-123.136347,49.309667],[-123.136346,49.309658],[-123.136349,49.309647],[-123.136357,49.309635],[-123.136357,49.309625],[-123.136357,49.309609],[-123.136363,49.309597],[-123.136365,49.309586],[-123.136365,49.309572],[-123.13636,49.309561],[-123.136353,49.309553],[-123.136349,49.309543],[-123.136347,49.309533],[-123.136347,49.309523],[-123.136349,49.30951],[-123.136344,49.309497],[-123.136343,49.30948],[-123.136346,49.309461],[-123.136345,49.309448],[-123.136345,49.30943],[-123.13634,49.309422],[-123.136338,49.309408],[-123.136332,49.309393],[-123.136322,49.309381],[-123.136317,49.309373],[-123.136309,49.309364],[-123.136298,49.309357],[-123.136287,49.309349],[-123.136264,49.309344],[-123.136246,49.309341],[-123.136232,49.309337],[-123.136217,49.309331],[-123.136206,49.309321],[-123.136209,49.309312],[-123.136203,49.309302],[-123.136193,49.309292],[-123.136198,49.309282],[-123.136206,49.309268],[-123.136209,49.309253],[-123.136204,49.309242],[-123.136195,49.30923],[-123.136186,49.309224],[-123.136165,49.309219],[-123.136143,49.309213],[-123.13612,49.309206],[-123.136107,49.3092],[-123.13609,49.309193],[-123.136072,49.309183],[-123.136051,49.30918],[-123.13603,49.309167],[-123.136015,49.309162],[-123.135995,49.309148],[-123.135978,49.309136],[-123.135966,49.309121],[-123.135956,49.309113],[-123.135953,49.309102],[-123.135957,49.309094],[-123.135964,49.309082],[-123.135962,49.309074],[-123.135957,49.309066],[-123.135956,49.309054],[-123.135951,49.309044],[-123.135945,49.309032],[-123.135941,49.309027],[-123.135941,49.309013],[-123.135943,49.308996],[-123.135941,49.308988],[-123.135936,49.308975],[-123.135936,49.308968],[-123.13593,49.308956],[-123.135923,49.308948],[-123.135917,49.30894],[-123.135912,49.30893],[-123.135904,49.30892],[-123.135899,49.308912],[-123.135891,49.308902],[-123.135888,49.308896],[-123.135868,49.308897],[-123.13586,49.308904],[-123.135854,49.308911],[-123.135839,49.308916],[-123.135833,49.308916],[-123.135815,49.308916],[-123.135804,49.308915],[-123.135796,49.308911],[-123.135785,49.308902],[-123.135777,49.30889],[-123.13577,49.308877],[-123.135764,49.308869],[-123.135757,49.308856],[-123.135752,49.308848],[-123.135757,49.30883],[-123.135759,49.308818],[-123.135762,49.308811],[-123.135765,49.308797],[-123.135765,49.308789],[-123.13576,49.308777],[-123.135749,49.308762],[-123.135741,49.308756],[-123.135734,49.308752],[-123.135726,49.308748],[-123.135715,49.308742],[-123.135696,49.308733],[-123.135688,49.308729],[-123.13568,49.30872],[-123.135675,49.308714],[-123.135671,49.308696],[-123.135662,49.308681],[-123.135647,49.308671],[-123.135639,49.30866],[-123.135636,49.308648],[-123.135626,49.308632],[-123.135616,49.308616],[-123.13561,49.308604],[-123.135597,49.308596],[-123.135584,49.308584],[-123.135573,49.308577],[-123.135556,49.308568],[-123.135544,49.308563],[-123.135518,49.308553],[-123.135492,49.308545],[-123.135476,49.308542],[-123.135458,49.308541],[-123.135437,49.308534],[-123.135418,49.308524],[-123.13541,49.308519],[-123.1354,49.308513],[-123.135384,49.308502],[-123.135383,49.308487],[-123.135389,49.308475],[-123.135395,49.308463],[-123.1354,49.308449],[-123.135414,49.308436],[-123.135419,49.308429],[-123.135424,49.308415],[-123.135426,49.308405],[-123.135416,49.308397],[-123.135395,49.308397],[-123.135379,49.308399],[-123.135366,49.308398],[-123.13534,49.308394],[-123.135324,49.308387],[-123.135315,49.308383],[-123.135307,49.308376],[-123.135303,49.308374],[-123.1353,49.308376],[-123.135292,49.308374],[-123.135279,49.308376],[-123.135271,49.30838],[-123.135263,49.308372],[-123.135266,49.308359],[-123.135261,49.308353],[-123.135249,49.30835],[-123.135237,49.308348],[-123.13522,49.308344],[-123.135212,49.308338],[-123.135205,49.308328],[-123.135197,49.308319],[-123.135199,49.308299],[-123.1352,49.308288],[-123.135208,49.30828],[-123.135216,49.308272],[-123.135224,49.308264],[-123.135232,49.308252],[-123.135243,49.308242],[-123.135248,49.308235],[-123.135259,49.308223],[-123.135268,49.308214],[-123.135263,49.308207],[-123.135258,49.308195],[-123.135262,49.308181],[-123.135259,49.308176],[-123.135253,49.308168],[-123.135255,49.308163],[-123.135261,49.30816],[-123.135262,49.308153],[-123.135262,49.308144],[-123.135262,49.308139],[-123.135259,49.308131],[-123.135253,49.308115],[-123.135251,49.30811],[-123.135253,49.308104],[-123.135259,49.308103],[-123.135282,49.308102],[-123.135293,49.3081],[-123.135303,49.308097],[-123.135307,49.308095],[-123.135307,49.308089],[-123.135306,49.308083],[-123.135309,49.308074],[-123.135317,49.308061],[-123.135317,49.308044],[-123.135312,49.308037],[-123.135301,49.308043],[-123.135294,49.30804],[-123.135293,49.30803],[-123.135297,49.308015],[-123.135302,49.308004],[-123.135302,49.308],[-123.135294,49.308006],[-123.135288,49.308],[-123.135291,49.307992],[-123.135294,49.307981],[-123.135299,49.307973],[-123.135307,49.307964],[-123.13531,49.30796],[-123.135318,49.307952],[-123.135321,49.307946],[-123.13533,49.307939],[-123.135329,49.307933],[-123.135336,49.307922],[-123.135337,49.307907],[-123.135337,49.307898],[-123.135337,49.30789],[-123.135324,49.307885],[-123.135315,49.307882],[-123.135299,49.307885],[-123.135283,49.30789],[-123.135273,49.307892],[-123.13527,49.307885],[-123.135271,49.307873],[-123.13527,49.307867],[-123.135262,49.307867],[-123.135244,49.30787],[-123.135236,49.307872],[-123.135228,49.307872],[-123.135229,49.307864],[-123.135237,49.307856],[-123.135253,49.307847],[-123.135265,49.307843],[-123.135279,49.307832],[-123.135294,49.30782],[-123.135305,49.307811],[-123.135313,49.307802],[-123.135321,49.307789],[-123.13533,49.307774],[-123.135335,49.307766],[-123.135345,49.307754],[-123.135348,49.307746],[-123.135354,49.307735],[-123.135356,49.307727],[-123.135356,49.30772],[-123.135345,49.307712],[-123.135335,49.307704],[-123.135317,49.307696],[-123.135304,49.307687],[-123.135306,49.307682],[-123.135317,49.307676],[-123.135327,49.307675],[-123.135333,49.307673],[-123.135336,49.307669],[-123.135338,49.307666],[-123.135337,49.30766],[-123.13533,49.307657],[-123.135315,49.307655],[-123.135302,49.307647],[-123.135296,49.307637],[-123.13528,49.307623],[-123.135264,49.307614],[-123.135252,49.307596],[-123.135244,49.307585],[-123.13524,49.307569],[-123.135228,49.307554],[-123.135212,49.307547],[-123.135203,49.307546],[-123.135177,49.307532],[-123.135169,49.307526],[-123.135169,49.307523],[-123.135177,49.307511],[-123.135189,49.307501],[-123.135186,49.30749],[-123.135177,49.307486],[-123.135164,49.307484],[-123.135162,49.307478],[-123.135167,49.307468],[-123.135175,49.30746],[-123.13518,49.307447],[-123.135188,49.30743],[-123.135199,49.307422],[-123.135212,49.307399],[-123.135205,49.307388],[-123.135199,49.307373],[-123.135192,49.307358],[-123.135187,49.307349],[-123.135179,49.307336],[-123.135168,49.307325],[-123.135155,49.307314],[-123.135145,49.307299],[-123.135137,49.307287],[-123.135139,49.307273],[-123.135136,49.307258],[-123.135126,49.307245],[-123.135098,49.307232],[-123.135091,49.307226],[-123.135074,49.307217],[-123.135049,49.307206],[-123.135032,49.307197],[-123.135016,49.307183],[-123.135008,49.307173],[-123.134999,49.307157],[-123.134998,49.307144],[-123.135006,49.307131],[-123.135018,49.307123],[-123.135018,49.307107],[-123.134998,49.307098],[-123.134982,49.307086],[-123.134972,49.307079],[-123.134959,49.307079],[-123.134943,49.307076],[-123.13493,49.307068],[-123.134921,49.30706],[-123.134913,49.307051],[-123.134909,49.30703],[-123.134898,49.307022],[-123.134877,49.307016],[-123.134859,49.307011],[-123.13485,49.307006],[-123.13484,49.307],[-123.134827,49.306983],[-123.134819,49.306972],[-123.134808,49.306962],[-123.134797,49.306947],[-123.134787,49.306936],[-123.134779,49.306927],[-123.134764,49.306916],[-123.134753,49.306904],[-123.134743,49.306899],[-123.134724,49.306895],[-123.134698,49.306891],[-123.134681,49.306889],[-123.134653,49.306885],[-123.134639,49.306878],[-123.134597,49.306866],[-123.134576,49.306861],[-123.134562,49.306857],[-123.134536,49.306849],[-123.134513,49.306843],[-123.134497,49.306836],[-123.134476,49.306825],[-123.134464,49.306818],[-123.134449,49.306807],[-123.134435,49.306797],[-123.13443,49.306792],[-123.134409,49.306779],[-123.1344,49.306773],[-123.13439,49.306769],[-123.134372,49.306762],[-123.134321,49.306762],[-123.134301,49.306758],[-123.134293,49.306753],[-123.134277,49.306747],[-123.134271,49.306742],[-123.134263,49.306734],[-123.134253,49.306729],[-123.134242,49.306722],[-123.134229,49.306715],[-123.134214,49.306709],[-123.134202,49.306705],[-123.134189,49.306699],[-123.134177,49.306693],[-123.134173,49.30669],[-123.134158,49.306686],[-123.134147,49.306684],[-123.134137,49.306683],[-123.13412,49.306679],[-123.134102,49.306677],[-123.134084,49.306668],[-123.134073,49.306666],[-123.134062,49.306657],[-123.134056,49.30665],[-123.134052,49.306644],[-123.134042,49.306639],[-123.134033,49.306637],[-123.134018,49.306637],[-123.134003,49.306633],[-123.133993,49.306626],[-123.133986,49.306622],[-123.133975,49.306615],[-123.133961,49.306607],[-123.133944,49.306602],[-123.133934,49.306599],[-123.133922,49.306596],[-123.133911,49.306593],[-123.133894,49.306592],[-123.133877,49.306592],[-123.133859,49.306588],[-123.133852,49.306584],[-123.133849,49.306569],[-123.133851,49.306555],[-123.133854,49.306539],[-123.133856,49.306526],[-123.133852,49.306513],[-123.13384,49.306507],[-123.133827,49.306503],[-123.133817,49.306497],[-123.133801,49.306488],[-123.133794,49.306482],[-123.133787,49.306473],[-123.133777,49.306457],[-123.133769,49.306446],[-123.133764,49.306437],[-123.133757,49.306426],[-123.133747,49.306419],[-123.133736,49.306414],[-123.133727,49.30641],[-123.133721,49.306406],[-123.133702,49.306402],[-123.133694,49.3064],[-123.133685,49.306394],[-123.133677,49.306389],[-123.13365,49.306379],[-123.133634,49.306374],[-123.133616,49.306368],[-123.133605,49.306363],[-123.133589,49.306358],[-123.133564,49.306352],[-123.133548,49.306348],[-123.133525,49.30634],[-123.13351,49.306332],[-123.133503,49.306322],[-123.133484,49.306305],[-123.133487,49.306294],[-123.133483,49.306271],[-123.133472,49.306262],[-123.133447,49.30625],[-123.133435,49.306242],[-123.133425,49.306231],[-123.133416,49.306225],[-123.133396,49.306219],[-123.133378,49.306211],[-123.133364,49.306201],[-123.133353,49.306195],[-123.133324,49.306193],[-123.133311,49.306192],[-123.133292,49.306191],[-123.133276,49.306191],[-123.133268,49.306191],[-123.133249,49.30619],[-123.133235,49.30619],[-123.133219,49.30619],[-123.133208,49.306186],[-123.1332,49.306183],[-123.133187,49.30618],[-123.133169,49.306177],[-123.133153,49.306172],[-123.133145,49.306169],[-123.133134,49.306166],[-123.133127,49.306163],[-123.133121,49.306158],[-123.133104,49.306152],[-123.133086,49.306143],[-123.133079,49.306141],[-123.133056,49.306138],[-123.133041,49.306136],[-123.133024,49.306134],[-123.133014,49.30613],[-123.133008,49.306122],[-123.132997,49.306116],[-123.132988,49.306108],[-123.132975,49.306103],[-123.132968,49.306098],[-123.132958,49.30609],[-123.132943,49.306084],[-123.132918,49.306076],[-123.132893,49.306067],[-123.132882,49.306062],[-123.132861,49.306051],[-123.132847,49.306043],[-123.132827,49.306035],[-123.13281,49.306026],[-123.132803,49.306021],[-123.13279,49.306012],[-123.132768,49.306001],[-123.13275,49.305991],[-123.132737,49.305981],[-123.132721,49.305966],[-123.132719,49.305952],[-123.132713,49.305939],[-123.132706,49.305925],[-123.132696,49.305913],[-123.132684,49.305897],[-123.132678,49.305886],[-123.132674,49.305871],[-123.132671,49.305862],[-123.132663,49.305851],[-123.132661,49.305847],[-123.132653,49.305839],[-123.132646,49.30583],[-123.13264,49.305814],[-123.13263,49.305805],[-123.132618,49.305791],[-123.132607,49.305777],[-123.132592,49.305766],[-123.132579,49.305757],[-123.132568,49.305747],[-123.132547,49.305732],[-123.132531,49.305722],[-123.132519,49.305712],[-123.132506,49.3057],[-123.132489,49.30569],[-123.132467,49.305682],[-123.132446,49.305664],[-123.132434,49.305652],[-123.132426,49.305645],[-123.132402,49.305634],[-123.132381,49.305612],[-123.132365,49.3056],[-123.132353,49.305591],[-123.13234,49.305581],[-123.132316,49.305573],[-123.132302,49.305562],[-123.132279,49.305543],[-123.132255,49.305527],[-123.132236,49.305517],[-123.132228,49.305507],[-123.132218,49.305497],[-123.132203,49.305487],[-123.132186,49.305474],[-123.132169,49.305459],[-123.132149,49.305441],[-123.132139,49.305426],[-123.132127,49.305412],[-123.13212,49.305401],[-123.132085,49.305385],[-123.132075,49.305373],[-123.132059,49.305359],[-123.132039,49.305347],[-123.132019,49.305336],[-123.131993,49.305327],[-123.131966,49.305318],[-123.13194,49.305311],[-123.131939,49.305303],[-123.131939,49.30529],[-123.131938,49.305282],[-123.131931,49.305272],[-123.131922,49.305261],[-123.131913,49.30525],[-123.131904,49.305238],[-123.131895,49.305225],[-123.13189,49.305212],[-123.131885,49.305193],[-123.131877,49.305181],[-123.131865,49.305168],[-123.131853,49.305159],[-123.131837,49.305144],[-123.131812,49.305135],[-123.13181,49.305123],[-123.131821,49.305109],[-123.131828,49.305103],[-123.131831,49.305093],[-123.131825,49.305083],[-123.131813,49.30507],[-123.131792,49.305061],[-123.131779,49.30505],[-123.131787,49.305039],[-123.1318,49.305033],[-123.13182,49.305018],[-123.131825,49.305008],[-123.131824,49.304995],[-123.131818,49.304984],[-123.131816,49.30497],[-123.131824,49.304951],[-123.131839,49.304932],[-123.131849,49.304917],[-123.131854,49.304907],[-123.131856,49.304895],[-123.131855,49.304881],[-123.131846,49.304872],[-123.131825,49.304859],[-123.131799,49.304842],[-123.131787,49.30483],[-123.131778,49.304818],[-123.131773,49.304794],[-123.131766,49.304772],[-123.131749,49.304749],[-123.131738,49.304736],[-123.131701,49.304668],[-123.131694,49.304658],[-123.131687,49.304648],[-123.131681,49.304639],[-123.131673,49.304631],[-123.131661,49.304616],[-123.131653,49.304607],[-123.131637,49.304595],[-123.131624,49.304585],[-123.131613,49.304576],[-123.131595,49.304564],[-123.131569,49.304552],[-123.131559,49.304538],[-123.131545,49.304522],[-123.13153,49.304506],[-123.13152,49.304493],[-123.131499,49.304474],[-123.131488,49.304461],[-123.131458,49.304441],[-123.131455,49.304433],[-123.131448,49.304415],[-123.131444,49.304408],[-123.13144,49.304371],[-123.131431,49.304358],[-123.131419,49.304345],[-123.131405,49.304335],[-123.131388,49.304322],[-123.131374,49.30431],[-123.131362,49.304298],[-123.131355,49.30429],[-123.131339,49.304273],[-123.131325,49.304257],[-123.131305,49.304246],[-123.131271,49.304221],[-123.13123,49.304195],[-123.131188,49.304168],[-123.131132,49.304143],[-123.131098,49.304124],[-123.131061,49.304104],[-123.13102,49.304065],[-123.130967,49.304019],[-123.130919,49.303982],[-123.130866,49.30395],[-123.130821,49.303909],[-123.130783,49.303875],[-123.130727,49.303826],[-123.130693,49.303794],[-123.130652,49.303757],[-123.130606,49.303718],[-123.130557,49.303669],[-123.130515,49.303622],[-123.130463,49.303566],[-123.130411,49.303532],[-123.130377,49.303495],[-123.130373,49.303489],[-123.130295,49.30345],[-123.130212,49.303414],[-123.130125,49.303384],[-123.130034,49.303358],[-123.129941,49.303337],[-123.129845,49.303322],[-123.1298,49.303325],[-123.12977,49.303322],[-123.129758,49.30332],[-123.129725,49.303298],[-123.129717,49.303273],[-123.129706,49.303256],[-123.129691,49.303229],[-123.12966,49.303224],[-123.129577,49.303197],[-123.129499,49.303175],[-123.129412,49.30315],[-123.129356,49.303129],[-123.129293,49.303102],[-123.129221,49.303075],[-123.129135,49.303036],[-123.12909,49.303011],[-123.12906,49.302984],[-123.129008,49.302948],[-123.12897,49.302928],[-123.12894,49.302906],[-123.128906,49.30287],[-123.128872,49.302826],[-123.128779,49.302794],[-123.128738,49.302777],[-123.1287,49.302765],[-123.128625,49.302753],[-123.12855,49.30275],[-123.128487,49.30275],[-123.128449,49.302753],[-123.128397,49.30276],[-123.128344,49.30276],[-123.128277,49.302763],[-123.128213,49.302751],[-123.128142,49.302724],[-123.128105,49.302707],[-123.128056,49.302685],[-123.127978,49.302663],[-123.12791,49.302646],[-123.127891,49.302641],[-123.127822,49.302633],[-123.127773,49.302626],[-123.127724,49.302619],[-123.127664,49.302619],[-123.12759,49.302624],[-123.127537,49.302624],[-123.127507,49.302627],[-123.127447,49.302629],[-123.127387,49.302634],[-123.127346,49.302636],[-123.127294,49.302641],[-123.12723,49.302654],[-123.127185,49.302661],[-123.127144,49.302678],[-123.12711,49.302693],[-123.127081,49.302715],[-123.127058,49.302732],[-123.127036,49.302752],[-123.127017,49.302764],[-123.126999,49.302774],[-123.126965,49.302786],[-123.126927,49.302798],[-123.126905,49.302813],[-123.126883,49.302823],[-123.126864,49.302835],[-123.126845,49.302857],[-123.126819,49.302879],[-123.126735,49.302904],[-123.126664,49.302909],[-123.126608,49.302899],[-123.126526,49.302894],[-123.126477,49.302892],[-123.126436,49.302887],[-123.126368,49.302867],[-123.126335,49.302855],[-123.126282,49.302828],[-123.126222,49.302797],[-123.1262,49.302772],[-123.126177,49.302745],[-123.12614,49.302718],[-123.126083,49.302696],[-123.126008,49.302665],[-123.125971,49.302645],[-123.125933,49.302611],[-123.125907,49.302582],[-123.1259,49.302552],[-123.125888,49.302518],[-123.125884,49.302494],[-123.125869,49.302462],[-123.125832,49.302425],[-123.125821,49.302401],[-123.125802,49.302386],[-123.125768,49.302354],[-123.125719,49.302318],[-123.125678,49.302301],[-123.12561,49.302235],[-123.125591,49.302213],[-123.125553,49.302189],[-123.125523,49.302159],[-123.125501,49.302142],[-123.125467,49.302113],[-123.125441,49.302098],[-123.125396,49.302074],[-123.125366,49.302057],[-123.125336,49.30204],[-123.125298,49.302023],[-123.125272,49.302008],[-123.125257,49.301986],[-123.125231,49.301957],[-123.125212,49.301937],[-123.125174,49.301898],[-123.125133,49.301864],[-123.1251,49.301834],[-123.125051,49.3018],[-123.125013,49.301771],[-123.124957,49.301737],[-123.124896,49.301697],[-123.124847,49.30168],[-123.124769,49.30165],[-123.124724,49.301616],[-123.124675,49.301582],[-123.124645,49.301548],[-123.124615,49.301511],[-123.124589,49.301487],[-123.124566,49.30146],[-123.12454,49.301421],[-123.124513,49.301391],[-123.124476,49.30136],[-123.124439,49.30134],[-123.124394,49.301308],[-123.124348,49.301284],[-123.124296,49.30125],[-123.124244,49.30122],[-123.124191,49.301198],[-123.124142,49.301181],[-123.124101,49.301167],[-123.124052,49.301142],[-123.124007,49.301115],[-123.123948,49.301093],[-123.123895,49.301081],[-123.123843,49.301064],[-123.123809,49.30105],[-123.123768,49.301035],[-123.123708,49.301018],[-123.123667,49.301003],[-123.123648,49.300996],[-123.123625,49.300976],[-123.123605,49.300973],[-123.123542,49.300951],[-123.123497,49.300934],[-123.123448,49.300925],[-123.123399,49.300913],[-123.123366,49.3009],[-123.123321,49.300883],[-123.123272,49.300866],[-123.123249,49.300852],[-123.123182,49.300839],[-123.12313,49.300822],[-123.1231,49.300795],[-123.123043,49.300769],[-123.122987,49.300749],[-123.122946,49.300732],[-123.122916,49.3007],[-123.122886,49.300671],[-123.122848,49.300654],[-123.1228,49.300642],[-123.122747,49.300642],[-123.122687,49.300642],[-123.122635,49.300632],[-123.122575,49.30062],[-123.122561,49.300607],[-123.12252,49.300597],[-123.122467,49.30058],[-123.122393,49.30057],[-123.122355,49.30056],[-123.122303,49.300551],[-123.122273,49.300543],[-123.122224,49.300531],[-123.122172,49.300516],[-123.122127,49.300499],[-123.122089,49.30048],[-123.122059,49.300455],[-123.122051,49.300443],[-123.122048,49.300429],[-123.122029,49.300404],[-123.121999,49.300397],[-123.121962,49.300392],[-123.121928,49.300392],[-123.121917,49.300387],[-123.121883,49.300368],[-123.121853,49.30035],[-123.121823,49.300333],[-123.121786,49.300321],[-123.121741,49.300319],[-123.121703,49.300307],[-123.121666,49.300297],[-123.121624,49.300285],[-123.121591,49.30027],[-123.121553,49.300258],[-123.121505,49.300246],[-123.121452,49.300231],[-123.121426,49.300221],[-123.121415,49.300182],[-123.121385,49.30016],[-123.12134,49.300158],[-123.121314,49.300146],[-123.121291,49.300128],[-123.12125,49.300121],[-123.121212,49.300116],[-123.121182,49.300094],[-123.121145,49.300092],[-123.121104,49.300085],[-123.121062,49.30007],[-123.121025,49.300063],[-123.12098,49.300055],[-123.120935,49.30005],[-123.120879,49.300046],[-123.120815,49.300041],[-123.120774,49.300041],[-123.120666,49.300051],[-123.120603,49.300055],[-123.120573,49.300051],[-123.120532,49.300046],[-123.120517,49.300043],[-123.120491,49.300038],[-123.120472,49.300031],[-123.120439,49.300021],[-123.120416,49.300016],[-123.120386,49.300014],[-123.120345,49.300012],[-123.120293,49.300009],[-123.120195,49.299992],[-123.120176,49.299985],[-123.120139,49.299973],[-123.120117,49.299965],[-123.120086,49.299961],[-123.120049,49.299961],[-123.120031,49.299958],[-123.120012,49.299958],[-123.119993,49.299953],[-123.119952,49.299948],[-123.119911,49.299941],[-123.119862,49.299929],[-123.119824,49.299924],[-123.119791,49.299912],[-123.119761,49.299907],[-123.119735,49.299902],[-123.11969,49.299905],[-123.11966,49.299905],[-123.119615,49.2999],[-123.11957,49.299893],[-123.119555,49.299888],[-123.119502,49.299888],[-123.119442,49.299888],[-123.119398,49.299888],[-123.119349,49.29988],[-123.119289,49.299868],[-123.119259,49.299861],[-123.119231,49.299839],[-123.119194,49.299832],[-123.119123,49.299827],[-123.119085,49.299832],[-123.119059,49.299842],[-123.119029,49.299845],[-123.118981,49.299859],[-123.118966,49.299867],[-123.118947,49.299874],[-123.118921,49.299879],[-123.118868,49.299886],[-123.118838,49.299891],[-123.118783,49.299904],[-123.118764,49.299916],[-123.118737,49.299928],[-123.118719,49.299943],[-123.1187,49.299965],[-123.118689,49.299977],[-123.11867,49.299994],[-123.118659,49.300004],[-123.118644,49.300011],[-123.118618,49.300031],[-123.118592,49.300041],[-123.118577,49.300051],[-123.118558,49.300063],[-123.118536,49.300078],[-123.118498,49.300095],[-123.118487,49.300102],[-123.118435,49.300122],[-123.11842,49.300134],[-123.118394,49.300146],[-123.118357,49.30018],[-123.118349,49.300193],[-123.11833,49.300212],[-123.118326,49.300225],[-123.1183,49.300266],[-123.118278,49.300303],[-123.118259,49.30033],[-123.118229,49.300362],[-123.118218,49.300376],[-123.118203,49.300393],[-123.118192,49.300408],[-123.118185,49.300425],[-123.118185,49.300442],[-123.118181,49.300464],[-123.118174,49.300486],[-123.118155,49.300516],[-123.118127,49.300544],[-123.11809,49.300563],[-123.118071,49.300578],[-123.118041,49.300605],[-123.118034,49.300622],[-123.118008,49.300651],[-123.117989,49.300666],[-123.11797,49.300681],[-123.117933,49.300703],[-123.117911,49.300713],[-123.117888,49.30072],[-123.117851,49.30073],[-123.117836,49.30074],[-123.117824,49.300745],[-123.117802,49.300759],[-123.117765,49.300781],[-123.11775,49.300786],[-123.117731,49.300791],[-123.117712,49.300803],[-123.117679,49.300818],[-123.117671,49.300823],[-123.117634,49.30083],[-123.117604,49.300845],[-123.117578,49.30086],[-123.117548,49.300872],[-123.117518,49.300879],[-123.117503,49.300887],[-123.117477,49.300897],[-123.117473,49.300902],[-123.117428,49.300919],[-123.117379,49.300919],[-123.117319,49.300916],[-123.117267,49.300926],[-123.11723,49.300943],[-123.117204,49.300953],[-123.11717,49.300965],[-123.117129,49.300975],[-123.117091,49.300978],[-123.117028,49.300978],[-123.116998,49.300978],[-123.116953,49.300973],[-123.116915,49.300966],[-123.116889,49.300954],[-123.116863,49.300941],[-123.116829,49.300929],[-123.116773,49.300914],[-123.116732,49.300905],[-123.116702,49.300893],[-123.116679,49.300875],[-123.116657,49.300856],[-123.116631,49.300839],[-123.116608,49.300819],[-123.116593,49.300802],[-123.116578,49.30078],[-123.116563,49.300756],[-123.116544,49.300731],[-123.116525,49.300704],[-123.116507,49.300685],[-123.116469,49.300653],[-123.116458,49.300624],[-123.116443,49.300594],[-123.11642,49.300563],[-123.116398,49.300531],[-123.116383,49.300514],[-123.116352,49.300417],[-123.116344,49.300385],[-123.116333,49.30036],[-123.116311,49.300319],[-123.116277,49.30028],[-123.116262,49.300248],[-123.116239,49.300216],[-123.116247,49.300192],[-123.116273,49.300157],[-123.116303,49.300121],[-123.116321,49.300091],[-123.11634,49.300055],[-123.116359,49.300018],[-123.116381,49.299988],[-123.116414,49.299949],[-123.116426,49.29991],[-123.116426,49.299873],[-123.116418,49.299844],[-123.116429,49.299817],[-123.116444,49.2998],[-123.116448,49.299778],[-123.116448,49.299753],[-123.116463,49.299714],[-123.11647,49.29969],[-123.116493,49.299654],[-123.116497,49.299637],[-123.116497,49.299617],[-123.1165,49.2996],[-123.116508,49.299581],[-123.116523,49.299564],[-123.11653,49.299544],[-123.116538,49.299512],[-123.116537,49.299473],[-123.116563,49.299454],[-123.11656,49.299424],[-123.11656,49.299395],[-123.116563,49.299365],[-123.116567,49.299329],[-123.116574,49.29928],[-123.116578,49.299238],[-123.116582,49.299204],[-123.116589,49.299165],[-123.116593,49.299118],[-123.116593,49.299089],[-123.116593,49.299057],[-123.1166,49.299028],[-123.116604,49.299006],[-123.116607,49.298974],[-123.116611,49.298942],[-123.116615,49.29891],[-123.11663,49.298853],[-123.116637,49.298833],[-123.116641,49.298809],[-123.116652,49.298784],[-123.116656,49.298752],[-123.116663,49.298725],[-123.116667,49.298699],[-123.116667,49.298674],[-123.116674,49.298652],[-123.116689,49.29863],[-123.116693,49.298591],[-123.116693,49.298549],[-123.116693,49.29852],[-123.116711,49.298483],[-123.11673,49.298459],[-123.116734,49.298437],[-123.116752,49.2984],[-123.116771,49.298371],[-123.116793,49.298339],[-123.116808,49.298307],[-123.116819,49.298268],[-123.116846,49.298243],[-123.116857,49.298226],[-123.11689,49.298187],[-123.116916,49.298158],[-123.11695,49.298136],[-123.116989,49.298115],[-123.117022,49.298093],[-123.117063,49.298061],[-123.117097,49.298032],[-123.117142,49.297985],[-123.117179,49.297958],[-123.117209,49.297934],[-123.117239,49.297909],[-123.117314,49.297877],[-123.117366,49.297867],[-123.117411,49.297872],[-123.11746,49.297858],[-123.117538,49.297855],[-123.117591,49.297857],[-123.117654,49.297865],[-123.117714,49.297867],[-123.117782,49.297867],[-123.117849,49.297869],[-123.117871,49.297872],[-123.117924,49.297877],[-123.117965,49.297877],[-123.118014,49.297882],[-123.11807,49.297879],[-123.118115,49.297884],[-123.118225,49.297888],[-123.118281,49.297884],[-123.118386,49.297883],[-123.118438,49.297881],[-123.118524,49.297888],[-123.118569,49.297893],[-123.118625,49.2979],[-123.118685,49.29791],[-123.11873,49.297912],[-123.118783,49.29792],[-123.118846,49.297927],[-123.118895,49.297922],[-123.118974,49.297927],[-123.119098,49.297944],[-123.11925,49.29793],[-123.119347,49.297901],[-123.119488,49.297873],[-123.119682,49.297844],[-123.119769,49.297823],[-123.119899,49.297816],[-123.120007,49.297816],[-123.120104,49.297823],[-123.12018,49.297844],[-123.120277,49.297865],[-123.120364,49.297886],[-123.120472,49.297914],[-123.120592,49.297928],[-123.1207,49.297928],[-123.120797,49.297907],[-123.120862,49.297878],[-123.120938,49.297843],[-123.121013,49.297822],[-123.121122,49.297786],[-123.121305,49.297751],[-123.121381,49.297729],[-123.121446,49.29768],[-123.1215,49.297623],[-123.121521,49.297468],[-123.121557,49.297378],[-123.121621,49.297345],[-123.121791,49.297297],[-123.122007,49.297269],[-123.12218,49.297255],[-123.122408,49.297226],[-123.123116,49.297493],[-123.124058,49.297567],[-123.124069,49.297563],[-123.124091,49.297538],[-123.124198,49.297512],[-123.124248,49.297497],[-123.124299,49.297475],[-123.124355,49.297457],[-123.124428,49.297449],[-123.124507,49.297449],[-123.124585,49.297453],[-123.124675,49.297457],[-123.124776,49.297449],[-123.125039,49.297419],[-123.125107,49.297408],[-123.125253,49.297379],[-123.125354,49.297375],[-123.125455,49.29736],[-123.125578,49.297331],[-123.125673,49.297316],[-123.125769,49.29729],[-123.125887,49.297268],[-123.125987,49.297231],[-123.126043,49.297209],[-123.126181,49.297148],[-123.126265,49.297101],[-123.126349,49.297056],[-123.126406,49.297009],[-123.126467,49.296954],[-123.126534,49.296899],[-123.126613,49.296829],[-123.126669,49.296785],[-123.126719,49.296722],[-123.126769,49.296645],[-123.126803,49.296568],[-123.126825,49.296499],[-123.126847,49.29644],[-123.126886,49.296381],[-123.126926,49.296344],[-123.126942,49.2963],[-123.126953,49.296238],[-123.126953,49.296194],[-123.126947,49.29615],[-123.126942,49.296102],[-123.126953,49.296047],[-123.127048,49.296018],[-123.127116,49.296007],[-123.127233,49.295999],[-123.127301,49.295981],[-123.127351,49.295959],[-123.127407,49.295937],[-123.127458,49.295915],[-123.127497,49.295878],[-123.12753,49.29586],[-123.127615,49.295826],[-123.127693,49.295797],[-123.127805,49.295786],[-123.1279,49.295778],[-123.12799,49.295778],[-123.128058,49.295771],[-123.12817,49.295756],[-123.128215,49.295756],[-123.128288,49.295793],[-123.128344,49.295829],[-123.128395,49.295855],[-123.128462,49.295888],[-123.128507,49.295906],[-123.128546,49.295913],[-123.128643,49.295931],[-123.128719,49.295937],[-123.128773,49.295949],[-123.128824,49.295972],[-123.128872,49.295997],[-123.128903,49.29602],[-123.128973,49.296057],[-123.129005,49.296078],[-123.129053,49.296109],[-123.129101,49.296134],[-123.129139,49.296159],[-123.129184,49.296199],[-123.129219,49.296228],[-123.129266,49.296265],[-123.129308,49.296292],[-123.129365,49.296333],[-123.129391,49.29635],[-123.129426,49.296369],[-123.129473,49.296404],[-123.129518,49.296429],[-123.129553,49.296464],[-123.129578,49.296497],[-123.129655,49.296567],[-123.129681,49.296587],[-123.12971,49.296618],[-123.129732,49.296656],[-123.129754,49.296697],[-123.129792,49.296753],[-123.129818,49.296793],[-123.129834,49.296826],[-123.129853,49.296865],[-123.129885,49.296903],[-123.129917,49.29695],[-123.129946,49.297004],[-123.129991,49.297068],[-123.130007,49.297086],[-123.130023,49.297128],[-123.130045,49.297163],[-123.130071,49.297203],[-123.130106,49.29723],[-123.130153,49.297271],[-123.130179,49.297298],[-123.130204,49.297321],[-123.130243,49.297354],[-123.130306,49.297379],[-123.13034,49.297391],[-123.130381,49.297404],[-123.13041,49.29741],[-123.130451,49.297422],[-123.130499,49.297439],[-123.130515,49.297457],[-123.13053,49.297474],[-123.130556,49.297486],[-123.130588,49.297495],[-123.130635,49.297503],[-123.130689,49.297511],[-123.130728,49.297509],[-123.130778,49.297528],[-123.130797,49.297542],[-123.130807,49.297557],[-123.130823,49.297565],[-123.130839,49.297565],[-123.130842,49.297546],[-123.130839,49.297526],[-123.130839,49.297505],[-123.130855,49.297488],[-123.130877,49.297474],[-123.130915,49.297455],[-123.13095,49.297442],[-123.131004,49.297436],[-123.131064,49.297432],[-123.131093,49.297426],[-123.131121,49.297409],[-123.131159,49.297378],[-123.131197,49.297353],[-123.131242,49.297328],[-123.131273,49.297309],[-123.131331,49.297276],[-123.131375,49.297251],[-123.131423,49.29723],[-123.131454,49.297213],[-123.131492,49.297228],[-123.131508,49.297209],[-123.131534,49.297182],[-123.131553,49.297176],[-123.131575,49.297153],[-123.131578,49.297124],[-123.131587,49.297105],[-123.1316,49.297087],[-123.131629,49.297072],[-123.131671,49.297048],[-123.131687,49.297033],[-123.131719,49.297011],[-123.131741,49.296979],[-123.131769,49.296948],[-123.131798,49.296923],[-123.131826,49.296902],[-123.131852,49.29688],[-123.131877,49.296857],[-123.131902,49.296828],[-123.131934,49.296811],[-123.131969,49.296794],[-123.131995,49.296778],[-123.132042,49.296748],[-123.13208,49.296726],[-123.132144,49.296699],[-123.132194,49.296692],[-123.132258,49.296676],[-123.132331,49.296675],[-123.132401,49.296684],[-123.132452,49.296696],[-123.132503,49.296711],[-123.132557,49.296723],[-123.132608,49.296727],[-123.132652,49.29674],[-123.1327,49.296754],[-123.132728,49.296764],[-123.132754,49.296777],[-123.132808,49.296795],[-123.132868,49.296787],[-123.132951,49.296774],[-123.132979,49.29676],[-123.133052,49.296745],[-123.133112,49.296738],[-123.133201,49.296738],[-123.133306,49.296734],[-123.133376,49.296734],[-123.133452,49.29674],[-123.133563,49.296744],[-123.133627,49.296748],[-123.133696,49.296754],[-123.133776,49.296758],[-123.133811,49.296756],[-123.133858,49.296744],[-123.133897,49.296731],[-123.133963,49.296717],[-123.133995,49.296717],[-123.134027,49.296721],[-123.134109,49.296725],[-123.134255,49.296712],[-123.134316,49.296712],[-123.134414,49.29671],[-123.134475,49.296704],[-123.134628,49.296695],[-123.134645,49.296694],[-123.134668,49.296694],[-123.134682,49.296693],[-123.134712,49.296693],[-123.134748,49.29669],[-123.134765,49.29669],[-123.134809,49.296685],[-123.134822,49.296682],[-123.13487,49.296657],[-123.135053,49.296541],[-123.135269,49.296366],[-123.135461,49.296154],[-123.135663,49.295827],[-123.135703,49.295611],[-123.135719,49.295504],[-123.135696,49.295429],[-123.135605,49.295347],[-123.135547,49.29531]]]}},{"type":"Feature","properties":{"n":"Hastings Park - Italian Garden","c":"Neighbourhood","ha":1.96},"geometry":{"type":"Polygon","coordinates":[[[-123.043867,49.282979],[-123.043864,49.284735],[-123.043749,49.284672],[-123.043401,49.284629],[-123.042451,49.284611],[-123.042422,49.282931],[-123.043277,49.282918],[-123.043867,49.282979]]]}},{"type":"Feature","properties":{"n":"Hastings Park - Sanctuary","c":"Neighbourhood","ha":4.24},"geometry":{"type":"Polygon","coordinates":[[[-123.041122,49.281906],[-123.04115,49.282725],[-123.041132,49.282878],[-123.041,49.283082],[-123.040793,49.283236],[-123.040455,49.283365],[-123.04022,49.283445],[-123.039448,49.283439],[-123.038978,49.283408],[-123.038818,49.283341],[-123.038846,49.283181],[-123.038893,49.282885],[-123.038724,49.282725],[-123.038291,49.28259],[-123.038102,49.282264],[-123.038121,49.28195],[-123.038271,49.281427],[-123.038384,49.281353],[-123.038497,49.281335],[-123.038986,49.281359],[-123.03924,49.281353],[-123.039861,49.281396],[-123.040397,49.281451],[-123.040905,49.281537],[-123.041018,49.281586],[-123.041018,49.281697],[-123.040999,49.281869],[-123.041122,49.281906]]]}},{"type":"Feature","properties":{"n":"Sunset Park","c":"Community","ha":7.13},"geometry":{"type":"MultiPolygon","coordinates":[[[[-123.095851,49.223564],[-123.095891,49.221934],[-123.097469,49.221958],[-123.097431,49.223589],[-123.095851,49.223564]]],[[[-123.097707,49.223594],[-123.097745,49.221963],[-123.09956,49.222003],[-123.101572,49.222046],[-123.101522,49.223673],[-123.099503,49.223631],[-123.097707,49.223594]]]]}},{"type":"Feature","properties":{"n":"Everett Crowley Park","c":"Neighbourhood","ha":38.17},"geometry":{"type":"Polygon","coordinates":[[[-123.041479,49.212623],[-123.041261,49.212619],[-123.041044,49.212615],[-123.040826,49.21261],[-123.040609,49.212606],[-123.040392,49.212602],[-123.040174,49.212597],[-123.039957,49.212593],[-123.039739,49.212589],[-123.039421,49.212582],[-123.039093,49.212626],[-123.038845,49.212761],[-123.038604,49.212891],[-123.038353,49.213028],[-123.038165,49.213227],[-123.038145,49.213224],[-123.037936,49.213203],[-123.037728,49.213183],[-123.037519,49.213163],[-123.037311,49.213143],[-123.037102,49.213122],[-123.036894,49.213102],[-123.036686,49.213082],[-123.036478,49.213062],[-123.036309,49.213045],[-123.03627,49.213044],[-123.03606,49.21304],[-123.035852,49.213036],[-123.035642,49.213032],[-123.035433,49.213028],[-123.035224,49.213024],[-123.035053,49.21302],[-123.035015,49.213025],[-123.034805,49.213048],[-123.034594,49.213071],[-123.034384,49.213094],[-123.034173,49.213117],[-123.033963,49.21314],[-123.033945,49.213511],[-123.03255,49.213385],[-123.032512,49.211647],[-123.03149,49.210839],[-123.03074,49.210818],[-123.030599,49.210724],[-123.030572,49.210174],[-123.030594,49.209483],[-123.030978,49.209046],[-123.030972,49.208623],[-123.031979,49.208553],[-123.031987,49.20832],[-123.033631,49.208533],[-123.036505,49.208421],[-123.038103,49.208412],[-123.038868,49.208042],[-123.039187,49.20804],[-123.039188,49.20804],[-123.0392,49.208044],[-123.039213,49.208047],[-123.039225,49.208051],[-123.039238,49.208055],[-123.03925,49.208059],[-123.039263,49.208063],[-123.039275,49.208067],[-123.039288,49.20807],[-123.0393,49.208074],[-123.039313,49.208078],[-123.039326,49.208081],[-123.039338,49.208085],[-123.039351,49.208089],[-123.039363,49.208092],[-123.039376,49.208096],[-123.039389,49.208099],[-123.039401,49.208103],[-123.039414,49.208106],[-123.039427,49.20811],[-123.03944,49.208113],[-123.039452,49.208117],[-123.039465,49.20812],[-123.039478,49.208123],[-123.039491,49.208127],[-123.039503,49.20813],[-123.039516,49.208133],[-123.039529,49.208136],[-123.039542,49.20814],[-123.039555,49.208143],[-123.039568,49.208146],[-123.039581,49.208149],[-123.039594,49.208152],[-123.039607,49.208155],[-123.03962,49.208158],[-123.039632,49.208161],[-123.039645,49.208164],[-123.039659,49.208167],[-123.039671,49.20817],[-123.039684,49.208173],[-123.039698,49.208176],[-123.039711,49.208179],[-123.039724,49.208182],[-123.039737,49.208185],[-123.03975,49.208188],[-123.039763,49.20819],[-123.039776,49.208193],[-123.039789,49.208196],[-123.039802,49.208198],[-123.039815,49.208201],[-123.039829,49.208204],[-123.039842,49.208206],[-123.039855,49.208209],[-123.039868,49.208211],[-123.039882,49.208214],[-123.039895,49.208216],[-123.039908,49.208219],[-123.039921,49.208221],[-123.039935,49.208224],[-123.039948,49.208226],[-123.039961,49.208228],[-123.039974,49.208231],[-123.039988,49.208233],[-123.040001,49.208235],[-123.040014,49.208238],[-123.040028,49.20824],[-123.040041,49.208242],[-123.040054,49.208244],[-123.040068,49.208246],[-123.040081,49.208248],[-123.040095,49.208251],[-123.040108,49.208253],[-123.040121,49.208255],[-123.040135,49.208257],[-123.040148,49.208259],[-123.040162,49.20826],[-123.040175,49.208262],[-123.040189,49.208264],[-123.040202,49.208266],[-123.040216,49.208268],[-123.040229,49.20827],[-123.040243,49.208272],[-123.040256,49.208273],[-123.04027,49.208275],[-123.040283,49.208277],[-123.040297,49.208278],[-123.04031,49.20828],[-123.040324,49.208282],[-123.040337,49.208283],[-123.040351,49.208285],[-123.040364,49.208286],[-123.040378,49.208288],[-123.040392,49.208289],[-123.040405,49.208291],[-123.040419,49.208292],[-123.040432,49.208294],[-123.040446,49.208295],[-123.04046,49.208296],[-123.040473,49.208298],[-123.040487,49.208299],[-123.040501,49.2083],[-123.040514,49.208301],[-123.040528,49.208302],[-123.040542,49.208304],[-123.040555,49.208305],[-123.040569,49.208306],[-123.040583,49.208307],[-123.040596,49.208308],[-123.04061,49.208309],[-123.040624,49.20831],[-123.040637,49.208311],[-123.040651,49.208312],[-123.040665,49.208313],[-123.040678,49.208314],[-123.040692,49.208315],[-123.040706,49.208315],[-123.04072,49.208316],[-123.040733,49.208317],[-123.040747,49.208318],[-123.040761,49.208318],[-123.040774,49.208319],[-123.040788,49.20832],[-123.040802,49.20832],[-123.040816,49.208321],[-123.040829,49.208322],[-123.040843,49.208322],[-123.040857,49.208323],[-123.040871,49.208323],[-123.040884,49.208324],[-123.040898,49.208324],[-123.040912,49.208324],[-123.040926,49.208325],[-123.040939,49.208325],[-123.040953,49.208326],[-123.040967,49.208326],[-123.040981,49.208326],[-123.040995,49.208326],[-123.041008,49.208326],[-123.041022,49.208327],[-123.041036,49.208327],[-123.04105,49.208327],[-123.041063,49.208327],[-123.041077,49.208327],[-123.041091,49.208327],[-123.041105,49.208327],[-123.041118,49.208327],[-123.041132,49.208327],[-123.041146,49.208327],[-123.04116,49.208327],[-123.041173,49.208327],[-123.041187,49.208327],[-123.041201,49.208326],[-123.041215,49.208326],[-123.041229,49.208326],[-123.041242,49.208326],[-123.041256,49.208325],[-123.04127,49.208325],[-123.041284,49.208325],[-123.041297,49.208324],[-123.041311,49.208324],[-123.041325,49.208323],[-123.041339,49.208323],[-123.041352,49.208322],[-123.041366,49.208322],[-123.04138,49.208321],[-123.041394,49.208321],[-123.041407,49.20832],[-123.041421,49.208319],[-123.041435,49.208319],[-123.041449,49.208318],[-123.041462,49.208317],[-123.041476,49.208317],[-123.04149,49.208316],[-123.041503,49.208315],[-123.041517,49.208314],[-123.041531,49.208313],[-123.041544,49.208312],[-123.041558,49.208311],[-123.041572,49.208311],[-123.041586,49.20831],[-123.041599,49.208309],[-123.041613,49.208307],[-123.041627,49.208306],[-123.04164,49.208305],[-123.041654,49.208304],[-123.041668,49.208303],[-123.041681,49.208302],[-123.041695,49.208301],[-123.041709,49.208299],[-123.041722,49.208298],[-123.041736,49.208297],[-123.041749,49.208296],[-123.042085,49.208263],[-123.04208,49.208505],[-123.04208,49.208514],[-123.042079,49.208523],[-123.042079,49.208532],[-123.042079,49.208541],[-123.042078,49.208551],[-123.042078,49.20856],[-123.042078,49.208569],[-123.042077,49.208578],[-123.042077,49.208587],[-123.042076,49.208596],[-123.042076,49.208605],[-123.042075,49.208614],[-123.042075,49.208623],[-123.042074,49.208632],[-123.042074,49.208642],[-123.042073,49.208651],[-123.042072,49.20866],[-123.042072,49.208669],[-123.042071,49.208678],[-123.04207,49.208687],[-123.042069,49.208696],[-123.042069,49.208705],[-123.042068,49.208714],[-123.042067,49.208724],[-123.042066,49.208733],[-123.042065,49.208742],[-123.042064,49.208751],[-123.042063,49.20876],[-123.042062,49.208769],[-123.042062,49.208778],[-123.04206,49.208787],[-123.042059,49.208796],[-123.042058,49.208805],[-123.042057,49.208814],[-123.042056,49.208823],[-123.042055,49.208833],[-123.042054,49.208842],[-123.042053,49.208851],[-123.042051,49.20886],[-123.04205,49.208869],[-123.042049,49.208878],[-123.042048,49.208887],[-123.042046,49.208896],[-123.042045,49.208905],[-123.042044,49.208914],[-123.042042,49.208923],[-123.042041,49.208932],[-123.042039,49.208941],[-123.042038,49.20895],[-123.042036,49.20896],[-123.042035,49.208969],[-123.042033,49.208978],[-123.042032,49.208987],[-123.04203,49.208996],[-123.042028,49.209005],[-123.042027,49.209014],[-123.042025,49.209023],[-123.042023,49.209032],[-123.042022,49.209041],[-123.04202,49.20905],[-123.042018,49.209059],[-123.042016,49.209068],[-123.042014,49.209077],[-123.042012,49.209086],[-123.042012,49.209087],[-123.04201,49.209097],[-123.042008,49.209107],[-123.042006,49.209116],[-123.042004,49.209126],[-123.042002,49.209136],[-123.041999,49.209146],[-123.041997,49.209156],[-123.041995,49.209165],[-123.041993,49.209175],[-123.04199,49.209185],[-123.041988,49.209195],[-123.041985,49.209204],[-123.041983,49.209214],[-123.041981,49.209224],[-123.041978,49.209234],[-123.041648,49.210518],[-123.041646,49.210527],[-123.041644,49.210536],[-123.041642,49.210545],[-123.041639,49.210554],[-123.041637,49.210564],[-123.041635,49.210573],[-123.041633,49.210582],[-123.041631,49.210591],[-123.041629,49.2106],[-123.041627,49.210609],[-123.041625,49.210618],[-123.041623,49.210627],[-123.041621,49.210636],[-123.041619,49.210645],[-123.041617,49.210654],[-123.041615,49.210663],[-123.041613,49.210672],[-123.041611,49.210681],[-123.041609,49.21069],[-123.041607,49.210699],[-123.041605,49.210708],[-123.041604,49.210717],[-123.041602,49.210727],[-123.0416,49.210736],[-123.041599,49.210745],[-123.041597,49.210754],[-123.041595,49.210763],[-123.041594,49.210772],[-123.041592,49.210781],[-123.04159,49.21079],[-123.041589,49.210799],[-123.041587,49.210808],[-123.041586,49.210817],[-123.041584,49.210827],[-123.041583,49.210836],[-123.041581,49.210845],[-123.04158,49.210854],[-123.041579,49.210863],[-123.041577,49.210872],[-123.041576,49.210881],[-123.041575,49.21089],[-123.041574,49.210899],[-123.041572,49.210909],[-123.041571,49.210918],[-123.04157,49.210927],[-123.041569,49.210936],[-123.041568,49.210945],[-123.041566,49.210954],[-123.041565,49.210963],[-123.041564,49.210972],[-123.041563,49.210981],[-123.041562,49.210991],[-123.041561,49.211],[-123.04156,49.211009],[-123.041559,49.211018],[-123.041558,49.211027],[-123.041557,49.211036],[-123.041556,49.211045],[-123.041556,49.211054],[-123.041555,49.211064],[-123.041554,49.211073],[-123.041553,49.211082],[-123.041552,49.211091],[-123.041552,49.2111],[-123.041551,49.211109],[-123.04155,49.211118],[-123.04155,49.211128],[-123.041549,49.211137],[-123.041548,49.211146],[-123.041548,49.211155],[-123.041547,49.211164],[-123.041547,49.211173],[-123.041546,49.211182],[-123.041546,49.211192],[-123.041545,49.211201],[-123.041479,49.212623]]]}},{"type":"Feature","properties":{"n":"Harbour Green Park","c":"Community","ha":3.2},"geometry":{"type":"Polygon","coordinates":[[[-123.118736,49.28979],[-123.118651,49.28979],[-123.118567,49.289791],[-123.118545,49.289792],[-123.1185,49.289793],[-123.118498,49.289779],[-123.118384,49.288986],[-123.118747,49.288747],[-123.118743,49.289183],[-123.118824,49.289182],[-123.118905,49.289183],[-123.118986,49.289184],[-123.119067,49.289187],[-123.119148,49.28919],[-123.119229,49.289194],[-123.11931,49.289199],[-123.11939,49.289205],[-123.119471,49.289212],[-123.119479,49.289213],[-123.11956,49.289221],[-123.11964,49.28923],[-123.119719,49.28924],[-123.119799,49.28925],[-123.119878,49.289262],[-123.119957,49.289275],[-123.120035,49.289288],[-123.120114,49.289302],[-123.120191,49.289318],[-123.120269,49.289334],[-123.120302,49.289341],[-123.120378,49.289358],[-123.120455,49.289376],[-123.120518,49.289392],[-123.120654,49.289428],[-123.120789,49.289465],[-123.120923,49.289504],[-123.121056,49.289544],[-123.121162,49.289578],[-123.121248,49.289464],[-123.121296,49.289478],[-123.121382,49.289354],[-123.12144,49.289371],[-123.12158,49.289172],[-123.121635,49.289188],[-123.121776,49.289233],[-123.121916,49.289279],[-123.122055,49.289326],[-123.122192,49.289375],[-123.122233,49.28939],[-123.122068,49.289581],[-123.122123,49.289602],[-123.122019,49.28972],[-123.122026,49.289722],[-123.122066,49.289737],[-123.121943,49.289864],[-123.121955,49.289869],[-123.122078,49.289921],[-123.122199,49.289974],[-123.12232,49.290029],[-123.122439,49.290086],[-123.122451,49.290092],[-123.122535,49.290133],[-123.122568,49.290149],[-123.122684,49.290208],[-123.122798,49.290269],[-123.122911,49.29033],[-123.123021,49.290393],[-123.12313,49.290457],[-123.123238,49.290522],[-123.123249,49.29053],[-123.12325,49.29053],[-123.123251,49.290531],[-123.123841,49.290912],[-123.123857,49.290923],[-123.123311,49.291284],[-123.123387,49.291334],[-123.123388,49.291334],[-123.123388,49.291335],[-123.123389,49.291335],[-123.12339,49.291336],[-123.12339,49.291336],[-123.123391,49.291336],[-123.123391,49.291337],[-123.123392,49.291337],[-123.123392,49.291338],[-123.123393,49.291338],[-123.123393,49.291339],[-123.123394,49.291339],[-123.123394,49.29134],[-123.123395,49.29134],[-123.123395,49.291341],[-123.123396,49.291341],[-123.123396,49.291342],[-123.123396,49.291342],[-123.123397,49.291343],[-123.123397,49.291343],[-123.123398,49.291344],[-123.123398,49.291344],[-123.123398,49.291345],[-123.123399,49.291345],[-123.123399,49.291346],[-123.123399,49.291346],[-123.1234,49.291347],[-123.1234,49.291348],[-123.1234,49.291348],[-123.1234,49.291349],[-123.123401,49.291349],[-123.123401,49.29135],[-123.123401,49.29135],[-123.123401,49.291351],[-123.123401,49.291351],[-123.123401,49.291352],[-123.123402,49.291353],[-123.123402,49.291353],[-123.123402,49.291354],[-123.123402,49.291354],[-123.123402,49.291355],[-123.123402,49.291356],[-123.123402,49.291356],[-123.123402,49.291357],[-123.123402,49.291357],[-123.123402,49.291358],[-123.123402,49.291358],[-123.123402,49.291359],[-123.123402,49.29136],[-123.123402,49.29136],[-123.123402,49.291361],[-123.123402,49.291361],[-123.123402,49.291362],[-123.123402,49.291362],[-123.123401,49.291363],[-123.123401,49.291364],[-123.123401,49.291364],[-123.123401,49.291365],[-123.123401,49.291365],[-123.1234,49.291366],[-123.1234,49.291366],[-123.1234,49.291367],[-123.1234,49.291367],[-123.123399,49.291368],[-123.123399,49.291369],[-123.123399,49.291369],[-123.123399,49.29137],[-123.123398,49.29137],[-123.123398,49.291371],[-123.123397,49.291371],[-123.123397,49.291372],[-123.123397,49.291372],[-123.123396,49.291373],[-123.123396,49.291373],[-123.123395,49.291374],[-123.123395,49.291374],[-123.123395,49.291375],[-123.123394,49.291375],[-123.123394,49.291376],[-123.123393,49.291376],[-123.123393,49.291377],[-123.123392,49.291377],[-123.123392,49.291378],[-123.123391,49.291378],[-123.12339,49.291378],[-123.12339,49.291379],[-123.123389,49.291379],[-123.123389,49.29138],[-123.123388,49.29138],[-123.123388,49.291381],[-123.123387,49.291381],[-123.123386,49.291381],[-123.123386,49.291382],[-123.123385,49.291382],[-123.123384,49.291383],[-123.123384,49.291383],[-123.123383,49.291383],[-123.123382,49.291384],[-123.123382,49.291384],[-123.123381,49.291384],[-123.12338,49.291385],[-123.123379,49.291385],[-123.123379,49.291385],[-123.123378,49.291386],[-123.123377,49.291386],[-123.123376,49.291386],[-123.123376,49.291386],[-123.123375,49.291387],[-123.123374,49.291387],[-123.123373,49.291387],[-123.123372,49.291387],[-123.123372,49.291388],[-123.123371,49.291388],[-123.12337,49.291388],[-123.123369,49.291388],[-123.123368,49.291389],[-123.123368,49.291389],[-123.123367,49.291389],[-123.123366,49.291389],[-123.123365,49.291389],[-123.123364,49.291389],[-123.123363,49.29139],[-123.123362,49.29139],[-123.123362,49.29139],[-123.123361,49.29139],[-123.12336,49.29139],[-123.123359,49.29139],[-123.123358,49.29139],[-123.123357,49.29139],[-123.123356,49.29139],[-123.123355,49.29139],[-123.123355,49.29139],[-123.123354,49.29139],[-123.123353,49.29139],[-123.123352,49.29139],[-123.123351,49.29139],[-123.12335,49.29139],[-123.123349,49.29139],[-123.123348,49.29139],[-123.123348,49.29139],[-123.123347,49.29139],[-123.123346,49.29139],[-123.123345,49.29139],[-123.123344,49.29139],[-123.123343,49.29139],[-123.123342,49.29139],[-123.123341,49.29139],[-123.123341,49.29139],[-123.12334,49.291389],[-123.123339,49.291389],[-123.123338,49.291389],[-123.123337,49.291389],[-123.123336,49.291389],[-123.123335,49.291389],[-123.123335,49.291388],[-123.123334,49.291388],[-123.123333,49.291388],[-123.123332,49.291388],[-123.123331,49.291388],[-123.123331,49.291387],[-123.12333,49.291387],[-123.123329,49.291387],[-123.123328,49.291387],[-123.123327,49.291386],[-123.123327,49.291386],[-123.123326,49.291386],[-123.123325,49.291385],[-123.123324,49.291385],[-123.123324,49.291385],[-123.123323,49.291385],[-123.123322,49.291384],[-123.123322,49.291384],[-123.123321,49.291384],[-123.12332,49.291383],[-123.123319,49.291383],[-123.123319,49.291382],[-123.123318,49.291382],[-123.123317,49.291382],[-123.123317,49.291381],[-123.123316,49.291381],[-123.12275,49.291015],[-123.122725,49.290998],[-123.12263,49.290939],[-123.122534,49.29088],[-123.122436,49.290823],[-123.122337,49.290767],[-123.122236,49.290712],[-123.122134,49.290658],[-123.12203,49.290605],[-123.121925,49.290553],[-123.121826,49.290506],[-123.121719,49.290457],[-123.12161,49.290409],[-123.1215,49.290362],[-123.121388,49.290317],[-123.121276,49.290273],[-123.121162,49.29023],[-123.121047,49.290188],[-123.120931,49.290148],[-123.120856,49.290123],[-123.12078,49.290099],[-123.120704,49.290075],[-123.120626,49.290053],[-123.120548,49.290031],[-123.12047,49.29001],[-123.120391,49.289991],[-123.120312,49.289972],[-123.120232,49.289954],[-123.120151,49.289937],[-123.12007,49.28992],[-123.119989,49.289905],[-123.119907,49.289891],[-123.119825,49.289878],[-123.119743,49.289865],[-123.11966,49.289854],[-123.119577,49.289843],[-123.119494,49.289833],[-123.11941,49.289825],[-123.119326,49.289817],[-123.119242,49.28981],[-123.119158,49.289805],[-123.119074,49.2898],[-123.118989,49.289796],[-123.118905,49.289793],[-123.11882,49.289791],[-123.118736,49.28979]]]}},{"type":"Feature","properties":{"n":"Promontory Park","c":"Neighbourhood","ha":0.3},"geometry":{"type":"Polygon","coordinates":[[[-123.02676,49.20641],[-123.02676,49.20641],[-123.02676,49.20641],[-123.026761,49.20641],[-123.026761,49.20641],[-123.026761,49.20641],[-123.026761,49.20641],[-123.026762,49.20641],[-123.026762,49.206411],[-123.026762,49.206411],[-123.026762,49.206411],[-123.026763,49.206411],[-123.026763,49.206411],[-123.026763,49.206411],[-123.026763,49.206411],[-123.026764,49.206411],[-123.026764,49.206411],[-123.026764,49.206411],[-123.026764,49.206412],[-123.026765,49.206412],[-123.026765,49.206412],[-123.026765,49.206412],[-123.026765,49.206412],[-123.026766,49.206412],[-123.026766,49.206412],[-123.026766,49.206412],[-123.026766,49.206412],[-123.026767,49.206412],[-123.026767,49.206413],[-123.026767,49.206413],[-123.026767,49.206413],[-123.026768,49.206413],[-123.026768,49.206413],[-123.026768,49.206413],[-123.026768,49.206413],[-123.026769,49.206413],[-123.026769,49.206413],[-123.026769,49.206413],[-123.026769,49.206414],[-123.02677,49.206414],[-123.02677,49.206414],[-123.02677,49.206414],[-123.02677,49.206414],[-123.026771,49.206414],[-123.026771,49.206414],[-123.026771,49.206414],[-123.026771,49.206414],[-123.026772,49.206414],[-123.026772,49.206415],[-123.026772,49.206415],[-123.026772,49.206415],[-123.026773,49.206415],[-123.026773,49.206415],[-123.026773,49.206415],[-123.026773,49.206415],[-123.026774,49.206415],[-123.026774,49.206415],[-123.026774,49.206416],[-123.026774,49.206416],[-123.026775,49.206416],[-123.026775,49.206416],[-123.026775,49.206416],[-123.026775,49.206416],[-123.026776,49.206416],[-123.026776,49.206416],[-123.026776,49.206416],[-123.026776,49.206416],[-123.026777,49.206417],[-123.026777,49.206417],[-123.026777,49.206417],[-123.026777,49.206417],[-123.026778,49.206417],[-123.026778,49.206417],[-123.026778,49.206417],[-123.026778,49.206417],[-123.026779,49.206417],[-123.026779,49.206417],[-123.026779,49.206418],[-123.026779,49.206418],[-123.02678,49.206418],[-123.02678,49.206418],[-123.02678,49.206418],[-123.02678,49.206418],[-123.026781,49.206418],[-123.026781,49.206418],[-123.026781,49.206418],[-123.026781,49.206418],[-123.026782,49.206419],[-123.026782,49.206419],[-123.026782,49.206419],[-123.026782,49.206419],[-123.026782,49.206419],[-123.026783,49.206419],[-123.026783,49.206419],[-123.026783,49.206419],[-123.026783,49.206419],[-123.026784,49.206419],[-123.026784,49.20642],[-123.026784,49.20642],[-123.026784,49.20642],[-123.026785,49.20642],[-123.026785,49.20642],[-123.026785,49.20642],[-123.026785,49.20642],[-123.026786,49.20642],[-123.026786,49.20642],[-123.026786,49.20642],[-123.026786,49.206421],[-123.026787,49.206421],[-123.026787,49.206421],[-123.026787,49.206421],[-123.026787,49.206421],[-123.026788,49.206421],[-123.026788,49.206421],[-123.026788,49.206421],[-123.026788,49.206421],[-123.026789,49.206421],[-123.026789,49.206422],[-123.026789,49.206422],[-123.026789,49.206422],[-123.02679,49.206422],[-123.02679,49.206422],[-123.02679,49.206422],[-123.02679,49.206422],[-123.026791,49.206422],[-123.026791,49.206422],[-123.026791,49.206422],[-123.026791,49.206423],[-123.026792,49.206423],[-123.026792,49.206423],[-123.026792,49.206423],[-123.026792,49.206423],[-123.026793,49.206423],[-123.026793,49.206423],[-123.026793,49.206423],[-123.026793,49.206423],[-123.026794,49.206423],[-123.026794,49.206424],[-123.026794,49.206424],[-123.026794,49.206424],[-123.026795,49.206424],[-123.026795,49.206424],[-123.026795,49.206424],[-123.026795,49.206424],[-123.026796,49.206424],[-123.026796,49.206424],[-123.026796,49.206424],[-123.026796,49.206424],[-123.026797,49.206425],[-123.026797,49.206425],[-123.026797,49.206425],[-123.026797,49.206425],[-123.026798,49.206425],[-123.026798,49.206425],[-123.026798,49.206425],[-123.026798,49.206425],[-123.026799,49.206425],[-123.026799,49.206425],[-123.026799,49.206426],[-123.026799,49.206426],[-123.0268,49.206426],[-123.0268,49.206426],[-123.0268,49.206426],[-123.0268,49.206426],[-123.026801,49.206426],[-123.026801,49.206426],[-123.026801,49.206426],[-123.026801,49.206426],[-123.026802,49.206427],[-123.026802,49.206427],[-123.026802,49.206427],[-123.026802,49.206427],[-123.026803,49.206427],[-123.026803,49.206427],[-123.026803,49.206427],[-123.026803,49.206427],[-123.026804,49.206427],[-123.026804,49.206427],[-123.026804,49.206428],[-123.026804,49.206428],[-123.026805,49.206428],[-123.026805,49.206428],[-123.026805,49.206428],[-123.026805,49.206428],[-123.026806,49.206428],[-123.026806,49.206428],[-123.026806,49.206428],[-123.026806,49.206428],[-123.026807,49.206429],[-123.026807,49.206429],[-123.026807,49.206429],[-123.026807,49.206429],[-123.026808,49.206429],[-123.026808,49.206429],[-123.026808,49.206429],[-123.026808,49.206429],[-123.026809,49.206429],[-123.026809,49.206429],[-123.026809,49.20643],[-123.026809,49.20643],[-123.02681,49.20643],[-123.02681,49.20643],[-123.02681,49.20643],[-123.02681,49.20643],[-123.026811,49.20643],[-123.026811,49.20643],[-123.026811,49.20643],[-123.026811,49.20643],[-123.026812,49.206431],[-123.026812,49.206431],[-123.026812,49.206431],[-123.026812,49.206431],[-123.026813,49.206431],[-123.026813,49.206431],[-123.026813,49.206431],[-123.026814,49.206431],[-123.026814,49.206431],[-123.026814,49.206431],[-123.026814,49.206432],[-123.026815,49.206432],[-123.026815,49.206432],[-123.026815,49.206432],[-123.026815,49.206432],[-123.026816,49.206432],[-123.026816,49.206432],[-123.026816,49.206432],[-123.026816,49.206432],[-123.026817,49.206432],[-123.026817,49.206433],[-123.026817,49.206433],[-123.026817,49.206433],[-123.026818,49.206433],[-123.026818,49.206433],[-123.026818,49.206433],[-123.026818,49.206433],[-123.026819,49.206433],[-123.026819,49.206433],[-123.026819,49.206433],[-123.026819,49.206434],[-123.02682,49.206434],[-123.02682,49.206434],[-123.02682,49.206434],[-123.02682,49.206434],[-123.026821,49.206434],[-123.026821,49.206434],[-123.026821,49.206434],[-123.026821,49.206434],[-123.026822,49.206434],[-123.026822,49.206434],[-123.026822,49.206435],[-123.026822,49.206435],[-123.026823,49.206435],[-123.026823,49.206435],[-123.026823,49.206435],[-123.026823,49.206435],[-123.026824,49.206435],[-123.026824,49.206435],[-123.026824,49.206435],[-123.026824,49.206435],[-123.026825,49.206436],[-123.026825,49.206436],[-123.026825,49.206436],[-123.026825,49.206436],[-123.026826,49.206436],[-123.026826,49.206436],[-123.026826,49.206436],[-123.026826,49.206436],[-123.026827,49.206436],[-123.026827,49.206436],[-123.026827,49.206437],[-123.026827,49.206437],[-123.026828,49.206437],[-123.026828,49.206437],[-123.026828,49.206437],[-123.026828,49.206437],[-123.026829,49.206437],[-123.026829,49.206437],[-123.026829,49.206437],[-123.026829,49.206437],[-123.02683,49.206438],[-123.02683,49.206438],[-123.02683,49.206438],[-123.02683,49.206438],[-123.026831,49.206438],[-123.026831,49.206438],[-123.026831,49.206438],[-123.026831,49.206438],[-123.026832,49.206438],[-123.026832,49.206438],[-123.026832,49.206439],[-123.026832,49.206439],[-123.026833,49.206439],[-123.026833,49.206439],[-123.026833,49.206439],[-123.026833,49.206439],[-123.026834,49.206439],[-123.026834,49.206439],[-123.026834,49.206439],[-123.026834,49.206439],[-123.026835,49.206439],[-123.026835,49.20644],[-123.026835,49.20644],[-123.026835,49.20644],[-123.026836,49.20644],[-123.026836,49.20644],[-123.026836,49.20644],[-123.026836,49.20644],[-123.026837,49.20644],[-123.026837,49.20644],[-123.026837,49.20644],[-123.026837,49.206441],[-123.026838,49.206441],[-123.026838,49.206441],[-123.026838,49.206441],[-123.026838,49.206441],[-123.026839,49.206441],[-123.026839,49.206441],[-123.026839,49.206441],[-123.026839,49.206441],[-123.02684,49.206441],[-123.02684,49.206442],[-123.02684,49.206442],[-123.02684,49.206442],[-123.026841,49.206442],[-123.026841,49.206442],[-123.026841,49.206442],[-123.026841,49.206442],[-123.026842,49.206442],[-123.026842,49.206442],[-123.026842,49.206442],[-123.026842,49.206443],[-123.026843,49.206443],[-123.026843,49.206443],[-123.026843,49.206443],[-123.026843,49.206443],[-123.026844,49.206443],[-123.026844,49.206443],[-123.026844,49.206443],[-123.026844,49.206443],[-123.026845,49.206443],[-123.026845,49.206443],[-123.026845,49.206444],[-123.026845,49.206444],[-123.026846,49.206444],[-123.026846,49.206444],[-123.026846,49.206444],[-123.026846,49.206444],[-123.026847,49.206444],[-123.026847,49.206444],[-123.026847,49.206444],[-123.026847,49.206444],[-123.026848,49.206445],[-123.026848,49.206445],[-123.026848,49.206445],[-123.026848,49.206445],[-123.026849,49.206445],[-123.026849,49.206445],[-123.026849,49.206445],[-123.026849,49.206445],[-123.02685,49.206445],[-123.026858,49.206489],[-123.026858,49.206489],[-123.026857,49.20649],[-123.026856,49.20649],[-123.026855,49.206491],[-123.026855,49.206491],[-123.026854,49.206491],[-123.026853,49.206492],[-123.026852,49.206492],[-123.026852,49.206493],[-123.026851,49.206493],[-123.02685,49.206494],[-123.026849,49.206494],[-123.026849,49.206494],[-123.026848,49.206495],[-123.026847,49.206495],[-123.026846,49.206496],[-123.026846,49.206496],[-123.026845,49.206496],[-123.026844,49.206497],[-123.026843,49.206497],[-123.026843,49.206498],[-123.026842,49.206498],[-123.026841,49.206499],[-123.02684,49.206499],[-123.02684,49.206499],[-123.026839,49.2065],[-123.026838,49.2065],[-123.026837,49.206501],[-123.026837,49.206501],[-123.026836,49.206501],[-123.026835,49.206502],[-123.026834,49.206502],[-123.026833,49.206503],[-123.026833,49.206503],[-123.026832,49.206503],[-123.026831,49.206504],[-123.02683,49.206504],[-123.02683,49.206505],[-123.026829,49.206505],[-123.026828,49.206505],[-123.026827,49.206506],[-123.026826,49.206506],[-123.026826,49.206507],[-123.026825,49.206507],[-123.026824,49.206507],[-123.026823,49.206508],[-123.026823,49.206508],[-123.026822,49.206509],[-123.026821,49.206509],[-123.02682,49.206509],[-123.026819,49.20651],[-123.026819,49.20651],[-123.026818,49.206511],[-123.026817,49.206511],[-123.026816,49.206511],[-123.026815,49.206512],[-123.026815,49.206512],[-123.026814,49.206512],[-123.026813,49.206513],[-123.026812,49.206513],[-123.026811,49.206514],[-123.026811,49.206514],[-123.02681,49.206514],[-123.026809,49.206515],[-123.026808,49.206515],[-123.026807,49.206515],[-123.026807,49.206516],[-123.026806,49.206516],[-123.026805,49.206517],[-123.026804,49.206517],[-123.026803,49.206517],[-123.026803,49.206518],[-123.026802,49.206518],[-123.026801,49.206518],[-123.0268,49.206519],[-123.026799,49.206519],[-123.026798,49.20652],[-123.026798,49.20652],[-123.026797,49.20652],[-123.026796,49.206521],[-123.026795,49.206521],[-123.026794,49.206521],[-123.026794,49.206522],[-123.026793,49.206522],[-123.026792,49.206522],[-123.026791,49.206523],[-123.02679,49.206523],[-123.026789,49.206523],[-123.026789,49.206524],[-123.026788,49.206524],[-123.026787,49.206525],[-123.026786,49.206525],[-123.026785,49.206525],[-123.026784,49.206526],[-123.026784,49.206526],[-123.026783,49.206526],[-123.026782,49.206527],[-123.026781,49.206527],[-123.02678,49.206527],[-123.026779,49.206528],[-123.026779,49.206528],[-123.026778,49.206528],[-123.026777,49.206529],[-123.026776,49.206529],[-123.026775,49.206529],[-123.026774,49.20653],[-123.026773,49.20653],[-123.026773,49.20653],[-123.026772,49.206531],[-123.026771,49.206531],[-123.02677,49.206531],[-123.026769,49.206532],[-123.026768,49.206532],[-123.026768,49.206532],[-123.026767,49.206533],[-123.026766,49.206533],[-123.026765,49.206533],[-123.026764,49.206534],[-123.026763,49.206534],[-123.026762,49.206534],[-123.026762,49.206535],[-123.026761,49.206535],[-123.02676,49.206535],[-123.026759,49.206536],[-123.026758,49.206536],[-123.026757,49.206536],[-123.026756,49.206536],[-123.026755,49.206537],[-123.026755,49.206537],[-123.026754,49.206537],[-123.026753,49.206538],[-123.026752,49.206538],[-123.026751,49.206538],[-123.02675,49.206539],[-123.026749,49.206539],[-123.026749,49.206539],[-123.026748,49.20654],[-123.026747,49.20654],[-123.026746,49.20654],[-123.026745,49.20654],[-123.026744,49.206541],[-123.026743,49.206541],[-123.026742,49.206541],[-123.026742,49.206542],[-123.026741,49.206542],[-123.02674,49.206542],[-123.026739,49.206543],[-123.026738,49.206543],[-123.026737,49.206543],[-123.026736,49.206543],[-123.026735,49.206544],[-123.026734,49.206544],[-123.026734,49.206544],[-123.026733,49.206545],[-123.026732,49.206545],[-123.026731,49.206545],[-123.02673,49.206545],[-123.026729,49.206546],[-123.026728,49.206546],[-123.026727,49.206546],[-123.026726,49.206547],[-123.026726,49.206547],[-123.026725,49.206547],[-123.026724,49.206547],[-123.026723,49.206548],[-123.026722,49.206548],[-123.026721,49.206548],[-123.02672,49.206548],[-123.026719,49.206549],[-123.026718,49.206549],[-123.026718,49.206549],[-123.026717,49.20655],[-123.026716,49.20655],[-123.026715,49.20655],[-123.026714,49.20655],[-123.026713,49.206551],[-123.026712,49.206551],[-123.026711,49.206551],[-123.02671,49.206551],[-123.026709,49.206552],[-123.026708,49.206552],[-123.026708,49.206552],[-123.026707,49.206552],[-123.026706,49.206553],[-123.026705,49.206553],[-123.026704,49.206553],[-123.026703,49.206553],[-123.026702,49.206554],[-123.026701,49.206554],[-123.0267,49.206554],[-123.026699,49.206554],[-123.026698,49.206555],[-123.026698,49.206555],[-123.026697,49.206555],[-123.026696,49.206555],[-123.026695,49.206556],[-123.026694,49.206556],[-123.026693,49.206556],[-123.026692,49.206556],[-123.026691,49.206557],[-123.02669,49.206557],[-123.026689,49.206557],[-123.026688,49.206557],[-123.026687,49.206557],[-123.026686,49.206558],[-123.026686,49.206558],[-123.026685,49.206558],[-123.026684,49.206558],[-123.026683,49.206559],[-123.026682,49.206559],[-123.026681,49.206559],[-123.02668,49.206559],[-123.026679,49.20656],[-123.026678,49.20656],[-123.026677,49.20656],[-123.026676,49.20656],[-123.026675,49.20656],[-123.026674,49.206561],[-123.026674,49.206561],[-123.026673,49.206561],[-123.026672,49.206561],[-123.026671,49.206561],[-123.02667,49.206562],[-123.026669,49.206562],[-123.026668,49.206562],[-123.026667,49.206562],[-123.026666,49.206563],[-123.026665,49.206563],[-123.026664,49.206563],[-123.026663,49.206563],[-123.026662,49.206563],[-123.026661,49.206564],[-123.02666,49.206564],[-123.026659,49.206564],[-123.026659,49.206564],[-123.026658,49.206564],[-123.026657,49.206565],[-123.026656,49.206565],[-123.026655,49.206565],[-123.026654,49.206565],[-123.026653,49.206565],[-123.026652,49.206566],[-123.026651,49.206566],[-123.02665,49.206566],[-123.026649,49.206566],[-123.026648,49.206566],[-123.026647,49.206566],[-123.026646,49.206567],[-123.026645,49.206567],[-123.026644,49.206567],[-123.026643,49.206567],[-123.026642,49.206567],[-123.026642,49.206568],[-123.026641,49.206568],[-123.02664,49.206568],[-123.026639,49.206568],[-123.026638,49.206568],[-123.026637,49.206568],[-123.026636,49.206569],[-123.026635,49.206569],[-123.026634,49.206569],[-123.026633,49.206569],[-123.026632,49.206569],[-123.026631,49.206569],[-123.02663,49.20657],[-123.026629,49.20657],[-123.026628,49.20657],[-123.026627,49.20657],[-123.026626,49.20657],[-123.026625,49.20657],[-123.026624,49.206571],[-123.026623,49.206571],[-123.026622,49.206571],[-123.026621,49.206571],[-123.02662,49.206571],[-123.02662,49.206571],[-123.026619,49.206571],[-123.026618,49.206572],[-123.026617,49.206572],[-123.026616,49.206572],[-123.026615,49.206572],[-123.026614,49.206572],[-123.026613,49.206572],[-123.026612,49.206573],[-123.026611,49.206573],[-123.02661,49.206573],[-123.026609,49.206573],[-123.026608,49.206573],[-123.026607,49.206573],[-123.026606,49.206573],[-123.026605,49.206574],[-123.026604,49.206574],[-123.026603,49.206574],[-123.026602,49.206574],[-123.026601,49.206574],[-123.0266,49.206574],[-123.026599,49.206574],[-123.026598,49.206574],[-123.026597,49.206575],[-123.026596,49.206575],[-123.026595,49.206575],[-123.026594,49.206575],[-123.026593,49.206575],[-123.026592,49.206575],[-123.026592,49.206575],[-123.026591,49.206575],[-123.02659,49.206576],[-123.026589,49.206576],[-123.026588,49.206576],[-123.026587,49.206576],[-123.026586,49.206576],[-123.026585,49.206576],[-123.026584,49.206576],[-123.026583,49.206576],[-123.026582,49.206576],[-123.026581,49.206577],[-123.02658,49.206577],[-123.026579,49.206577],[-123.026578,49.206577],[-123.026577,49.206577],[-123.026576,49.206577],[-123.026575,49.206577],[-123.026574,49.206577],[-123.026573,49.206577],[-123.026572,49.206577],[-123.026571,49.206578],[-123.02657,49.206578],[-123.026569,49.206578],[-123.026568,49.206578],[-123.026567,49.206578],[-123.026566,49.206578],[-123.026565,49.206578],[-123.026564,49.206578],[-123.026563,49.206578],[-123.026562,49.206578],[-123.026561,49.206578],[-123.02656,49.206579],[-123.026559,49.206579],[-123.026558,49.206579],[-123.026557,49.206579],[-123.026556,49.206579],[-123.026555,49.206579],[-123.026554,49.206579],[-123.026553,49.206579],[-123.026552,49.206579],[-123.026551,49.206579],[-123.02655,49.206579],[-123.026549,49.206579],[-123.026548,49.206579],[-123.026547,49.206579],[-123.026547,49.20658],[-123.026546,49.20658],[-123.026545,49.20658],[-123.026544,49.20658],[-123.026543,49.20658],[-123.026542,49.20658],[-123.026541,49.20658],[-123.02654,49.20658],[-123.026539,49.20658],[-123.02593,49.206615],[-123.025929,49.206615],[-123.025928,49.206615],[-123.025927,49.206615],[-123.025926,49.206615],[-123.025925,49.206615],[-123.025924,49.206615],[-123.025923,49.206615],[-123.025922,49.206615],[-123.025921,49.206616],[-123.02592,49.206616],[-123.025919,49.206616],[-123.025918,49.206616],[-123.025917,49.206616],[-123.025916,49.206616],[-123.025915,49.206616],[-123.025914,49.206616],[-123.025913,49.206616],[-123.025912,49.206616],[-123.025912,49.206616],[-123.025911,49.206616],[-123.02591,49.206616],[-123.025909,49.206616],[-123.025908,49.206616],[-123.025907,49.206616],[-123.025906,49.206616],[-123.025905,49.206616],[-123.025904,49.206616],[-123.025903,49.206616],[-123.025902,49.206616],[-123.025901,49.206616],[-123.0259,49.206616],[-123.025899,49.206616],[-123.025898,49.206616],[-123.025897,49.206616],[-123.025896,49.206616],[-123.025895,49.206616],[-123.025894,49.206616],[-123.025893,49.206616],[-123.025892,49.206616],[-123.025891,49.206616],[-123.02589,49.206616],[-123.025889,49.206616],[-123.025888,49.206616],[-123.025887,49.206616],[-123.025886,49.206616],[-123.025885,49.206616],[-123.025884,49.206616],[-123.025883,49.206616],[-123.025882,49.206616],[-123.025881,49.206616],[-123.02588,49.206616],[-123.025879,49.206616],[-123.025878,49.206616],[-123.025877,49.206616],[-123.025876,49.206616],[-123.025875,49.206616],[-123.025874,49.206616],[-123.025873,49.206616],[-123.025872,49.206616],[-123.025871,49.206616],[-123.02587,49.206616],[-123.025869,49.206616],[-123.025868,49.206616],[-123.025867,49.206616],[-123.025867,49.206616],[-123.025866,49.206616],[-123.025865,49.206616],[-123.025864,49.206616],[-123.025863,49.206616],[-123.025862,49.206616],[-123.025861,49.206616],[-123.02586,49.206616],[-123.025859,49.206616],[-123.025858,49.206616],[-123.025857,49.206616],[-123.025856,49.206616],[-123.025855,49.206616],[-123.025854,49.206616],[-123.025853,49.206616],[-123.025852,49.206616],[-123.025851,49.206616],[-123.02585,49.206616],[-123.025849,49.206616],[-123.025848,49.206616],[-123.025847,49.206616],[-123.025846,49.206616],[-123.025845,49.206616],[-123.025844,49.206616],[-123.025843,49.206616],[-123.025842,49.206616],[-123.025841,49.206615],[-123.02584,49.206615],[-123.025839,49.206615],[-123.025838,49.206615],[-123.025837,49.206615],[-123.025836,49.206615],[-123.025835,49.206615],[-123.025834,49.206615],[-123.025833,49.206615],[-123.025832,49.206615],[-123.025831,49.206615],[-123.02583,49.206615],[-123.025829,49.206615],[-123.025828,49.206615],[-123.025827,49.206615],[-123.025826,49.206615],[-123.025825,49.206615],[-123.025825,49.206614],[-123.025824,49.206614],[-123.025823,49.206614],[-123.025822,49.206614],[-123.025821,49.206614],[-123.02582,49.206614],[-123.025819,49.206614],[-123.025818,49.206614],[-123.025817,49.206614],[-123.025816,49.206614],[-123.025815,49.206614],[-123.025814,49.206614],[-123.025813,49.206614],[-123.025812,49.206614],[-123.025811,49.206613],[-123.02581,49.206613],[-123.025809,49.206613],[-123.025808,49.206613],[-123.025807,49.206613],[-123.025806,49.206613],[-123.025805,49.206613],[-123.025804,49.206613],[-123.025803,49.206613],[-123.025802,49.206613],[-123.025801,49.206613],[-123.0258,49.206612],[-123.025799,49.206612],[-123.025798,49.206612],[-123.025797,49.206612],[-123.025796,49.206612],[-123.025795,49.206612],[-123.025794,49.206612],[-123.025793,49.206612],[-123.025793,49.206612],[-123.025792,49.206612],[-123.025791,49.206611],[-123.02579,49.206611],[-123.025789,49.206611],[-123.025788,49.206611],[-123.025787,49.206611],[-123.025786,49.206611],[-123.025785,49.206611],[-123.025784,49.206611],[-123.025783,49.206611],[-123.025782,49.20661],[-123.025781,49.20661],[-123.02578,49.20661],[-123.025779,49.20661],[-123.025778,49.20661],[-123.025777,49.20661],[-123.025776,49.20661],[-123.025775,49.20661],[-123.025774,49.206609],[-123.025773,49.206609],[-123.025772,49.206609],[-123.025771,49.206609],[-123.02577,49.206609],[-123.025769,49.206609],[-123.025768,49.206609],[-123.025768,49.206609],[-123.025767,49.206608],[-123.025766,49.206608],[-123.025765,49.206608],[-123.025764,49.206608],[-123.025763,49.206608],[-123.025762,49.206608],[-123.025761,49.206608],[-123.02576,49.206607],[-123.025759,49.206607],[-123.025758,49.206607],[-123.025757,49.206607],[-123.025756,49.206607],[-123.025755,49.206607],[-123.025754,49.206607],[-123.025753,49.206606],[-123.025752,49.206606],[-123.025751,49.206606],[-123.02575,49.206606],[-123.025749,49.206606],[-123.025748,49.206606],[-123.025747,49.206606],[-123.025747,49.206605],[-123.025746,49.206605],[-123.025745,49.206605],[-123.025744,49.206605],[-123.025743,49.206605],[-123.025742,49.206605],[-123.025741,49.206604],[-123.02574,49.206604],[-123.025739,49.206604],[-123.025738,49.206604],[-123.025737,49.206604],[-123.025736,49.206604],[-123.025735,49.206603],[-123.025734,49.206603],[-123.025733,49.206603],[-123.025732,49.206603],[-123.025731,49.206603],[-123.02573,49.206602],[-123.02573,49.206602],[-123.025729,49.206602],[-123.025728,49.206602],[-123.025727,49.206602],[-123.025726,49.206602],[-123.025725,49.206601],[-123.025724,49.206601],[-123.025723,49.206601],[-123.025722,49.206601],[-123.025721,49.206601],[-123.02572,49.2066],[-123.025719,49.2066],[-123.025718,49.2066],[-123.025717,49.2066],[-123.025716,49.2066],[-123.025716,49.2066],[-123.025715,49.206599],[-123.025714,49.206599],[-123.025713,49.206599],[-123.025712,49.206599],[-123.025711,49.206599],[-123.02571,49.206598],[-123.025709,49.206598],[-123.025708,49.206598],[-123.025707,49.206598],[-123.025706,49.206598],[-123.025705,49.206597],[-123.025704,49.206597],[-123.025703,49.206597],[-123.025702,49.206597],[-123.025702,49.206596],[-123.025701,49.206596],[-123.0257,49.206596],[-123.025699,49.206596],[-123.025698,49.206596],[-123.025697,49.206595],[-123.025696,49.206595],[-123.025695,49.206595],[-123.025694,49.206595],[-123.025693,49.206595],[-123.025692,49.206594],[-123.025691,49.206594],[-123.025691,49.206594],[-123.02569,49.206594],[-123.025689,49.206593],[-123.025688,49.206593],[-123.025687,49.206593],[-123.025686,49.206593],[-123.025685,49.206593],[-123.025684,49.206592],[-123.025683,49.206592],[-123.025682,49.206592],[-123.025681,49.206592],[-123.02568,49.206591],[-123.02568,49.206591],[-123.025679,49.206591],[-123.025678,49.206591],[-123.025677,49.20659],[-123.025676,49.20659],[-123.025675,49.20659],[-123.025674,49.20659],[-123.025673,49.206589],[-123.025672,49.206589],[-123.025671,49.206589],[-123.02567,49.206589],[-123.02567,49.206588],[-123.025669,49.206588],[-123.025668,49.206588],[-123.025667,49.206588],[-123.025666,49.206587],[-123.025665,49.206587],[-123.025664,49.206587],[-123.025663,49.206587],[-123.025662,49.206586],[-123.025661,49.206586],[-123.025661,49.206586],[-123.02566,49.206586],[-123.025659,49.206585],[-123.025658,49.206585],[-123.025657,49.206585],[-123.025656,49.206585],[-123.025655,49.206584],[-123.025654,49.206584],[-123.025653,49.206584],[-123.025653,49.206584],[-123.025652,49.206583],[-123.025651,49.206583],[-123.02565,49.206583],[-123.025649,49.206582],[-123.025648,49.206582],[-123.025647,49.206582],[-123.025646,49.206582],[-123.025645,49.206581],[-123.025645,49.206581],[-123.025644,49.206581],[-123.025643,49.206581],[-123.025642,49.20658],[-123.025641,49.20658],[-123.02564,49.20658],[-123.025639,49.206579],[-123.025638,49.206579],[-123.025638,49.206579],[-123.025637,49.206579],[-123.025636,49.206578],[-123.025635,49.206578],[-123.025634,49.206578],[-123.025633,49.206577],[-123.025632,49.206577],[-123.025631,49.206577],[-123.025631,49.206577],[-123.02563,49.206576],[-123.025629,49.206576],[-123.025628,49.206576],[-123.025627,49.206575],[-123.025626,49.206575],[-123.025625,49.206575],[-123.025625,49.206574],[-123.025624,49.206574],[-123.025623,49.206574],[-123.025622,49.206574],[-123.025621,49.206573],[-123.02562,49.206573],[-123.025619,49.206573],[-123.025618,49.206572],[-123.025618,49.206572],[-123.025617,49.206572],[-123.025616,49.206571],[-123.025615,49.206571],[-123.025614,49.206571],[-123.025613,49.20657],[-123.025612,49.20657],[-123.025612,49.20657],[-123.025611,49.206569],[-123.02561,49.206569],[-123.025609,49.206569],[-123.025608,49.206569],[-123.025607,49.206568],[-123.025607,49.206568],[-123.025606,49.206568],[-123.025605,49.206567],[-123.025604,49.206567],[-123.025603,49.206567],[-123.025602,49.206566],[-123.025601,49.206566],[-123.025601,49.206566],[-123.0256,49.206565],[-123.025599,49.206565],[-123.025598,49.206565],[-123.025597,49.206564],[-123.025596,49.206564],[-123.025596,49.206564],[-123.025595,49.206563],[-123.025594,49.206563],[-123.025594,49.206563],[-123.026014,49.206112],[-123.026018,49.206108],[-123.02676,49.20641]]]}},{"type":"Feature","properties":{"n":"Kinross Corridor \u2013 South","c":"Neighbourhood","ha":0.36},"geometry":{"type":"Polygon","coordinates":[[[-123.036671,49.204336],[-123.036813,49.204443],[-123.036813,49.204443],[-123.036814,49.204444],[-123.036814,49.204445],[-123.036815,49.204445],[-123.036815,49.204446],[-123.036816,49.204446],[-123.036816,49.204447],[-123.036817,49.204447],[-123.036817,49.204448],[-123.036818,49.204448],[-123.036818,49.204449],[-123.036819,49.204449],[-123.036819,49.20445],[-123.03682,49.20445],[-123.03682,49.204451],[-123.036821,49.204451],[-123.036821,49.204452],[-123.036821,49.204453],[-123.036822,49.204453],[-123.036822,49.204454],[-123.036823,49.204454],[-123.036823,49.204455],[-123.036824,49.204455],[-123.036824,49.204456],[-123.036825,49.204456],[-123.036825,49.204457],[-123.036826,49.204457],[-123.036826,49.204458],[-123.036827,49.204458],[-123.036827,49.204459],[-123.036828,49.204459],[-123.036828,49.20446],[-123.036829,49.20446],[-123.036829,49.204461],[-123.03683,49.204461],[-123.03683,49.204462],[-123.036831,49.204463],[-123.036831,49.204463],[-123.036832,49.204464],[-123.036832,49.204464],[-123.036833,49.204465],[-123.036833,49.204465],[-123.036834,49.204466],[-123.036834,49.204466],[-123.036835,49.204467],[-123.036836,49.204467],[-123.036836,49.204468],[-123.036837,49.204468],[-123.036837,49.204469],[-123.036838,49.204469],[-123.036838,49.20447],[-123.036839,49.20447],[-123.036839,49.204471],[-123.03684,49.204471],[-123.03684,49.204472],[-123.036841,49.204472],[-123.036841,49.204473],[-123.036842,49.204473],[-123.036842,49.204474],[-123.036843,49.204475],[-123.036843,49.204475],[-123.036844,49.204476],[-123.036844,49.204476],[-123.036845,49.204477],[-123.036845,49.204477],[-123.036846,49.204478],[-123.036846,49.204478],[-123.036847,49.204479],[-123.036847,49.204479],[-123.036848,49.20448],[-123.036848,49.20448],[-123.036849,49.204481],[-123.03685,49.204481],[-123.03685,49.204482],[-123.036851,49.204482],[-123.036851,49.204483],[-123.036852,49.204483],[-123.036852,49.204484],[-123.036853,49.204484],[-123.036853,49.204485],[-123.036854,49.204485],[-123.036854,49.204486],[-123.036855,49.204486],[-123.036855,49.204487],[-123.036856,49.204487],[-123.036856,49.204488],[-123.036857,49.204488],[-123.036858,49.204489],[-123.036858,49.204489],[-123.036859,49.20449],[-123.036859,49.20449],[-123.03686,49.204491],[-123.03686,49.204491],[-123.036861,49.204492],[-123.036861,49.204492],[-123.036862,49.204493],[-123.036862,49.204493],[-123.036863,49.204494],[-123.036864,49.204494],[-123.036864,49.204495],[-123.036865,49.204496],[-123.036865,49.204496],[-123.036866,49.204497],[-123.036866,49.204497],[-123.036867,49.204498],[-123.036867,49.204498],[-123.036868,49.204499],[-123.036868,49.204499],[-123.036869,49.2045],[-123.03687,49.2045],[-123.03687,49.204501],[-123.036871,49.204501],[-123.036871,49.204502],[-123.036872,49.204502],[-123.036872,49.204503],[-123.036873,49.204503],[-123.036873,49.204504],[-123.036874,49.204504],[-123.036875,49.204505],[-123.036875,49.204505],[-123.036876,49.204506],[-123.036876,49.204506],[-123.036877,49.204507],[-123.036877,49.204507],[-123.036878,49.204508],[-123.036879,49.204508],[-123.036879,49.204509],[-123.03688,49.204509],[-123.03688,49.20451],[-123.036881,49.20451],[-123.036881,49.204511],[-123.036882,49.204511],[-123.036882,49.204512],[-123.036883,49.204512],[-123.036884,49.204513],[-123.036884,49.204513],[-123.036885,49.204514],[-123.036885,49.204514],[-123.036886,49.204514],[-123.036886,49.204515],[-123.036887,49.204515],[-123.036888,49.204516],[-123.036888,49.204516],[-123.036889,49.204517],[-123.036889,49.204517],[-123.03689,49.204518],[-123.036891,49.204518],[-123.036891,49.204519],[-123.036892,49.204519],[-123.036892,49.20452],[-123.036893,49.20452],[-123.036893,49.204521],[-123.036894,49.204521],[-123.036895,49.204522],[-123.036895,49.204522],[-123.036896,49.204523],[-123.036896,49.204523],[-123.036897,49.204524],[-123.036897,49.204524],[-123.036898,49.204525],[-123.036899,49.204525],[-123.036899,49.204526],[-123.0369,49.204526],[-123.0369,49.204527],[-123.036901,49.204527],[-123.036902,49.204528],[-123.036902,49.204528],[-123.036903,49.204529],[-123.036903,49.204529],[-123.036904,49.20453],[-123.036905,49.20453],[-123.036905,49.204531],[-123.036906,49.204531],[-123.036906,49.204532],[-123.036907,49.204532],[-123.036908,49.204533],[-123.036908,49.204533],[-123.036909,49.204533],[-123.036909,49.204534],[-123.03691,49.204534],[-123.036911,49.204535],[-123.036911,49.204535],[-123.036912,49.204536],[-123.036912,49.204536],[-123.036913,49.204537],[-123.036914,49.204537],[-123.036914,49.204538],[-123.036915,49.204538],[-123.036915,49.204539],[-123.036916,49.204539],[-123.036917,49.20454],[-123.036917,49.20454],[-123.036918,49.204541],[-123.036918,49.204541],[-123.036919,49.204542],[-123.03692,49.204542],[-123.03692,49.204543],[-123.036921,49.204543],[-123.036921,49.204544],[-123.036922,49.204544],[-123.036923,49.204544],[-123.036923,49.204545],[-123.036924,49.204545],[-123.036924,49.204546],[-123.036925,49.204546],[-123.036926,49.204547],[-123.036926,49.204547],[-123.036927,49.204548],[-123.036928,49.204548],[-123.036928,49.204549],[-123.036929,49.204549],[-123.036929,49.20455],[-123.03693,49.20455],[-123.036931,49.204551],[-123.036931,49.204551],[-123.036932,49.204552],[-123.036933,49.204552],[-123.036933,49.204552],[-123.036934,49.204553],[-123.036934,49.204553],[-123.036935,49.204554],[-123.036936,49.204554],[-123.036936,49.204555],[-123.036937,49.204555],[-123.036937,49.204556],[-123.036938,49.204556],[-123.036939,49.204557],[-123.036939,49.204557],[-123.03694,49.204558],[-123.036941,49.204558],[-123.036941,49.204558],[-123.036942,49.204559],[-123.036943,49.204559],[-123.036943,49.20456],[-123.036944,49.20456],[-123.036944,49.204561],[-123.036945,49.204561],[-123.036946,49.204562],[-123.036946,49.204562],[-123.036947,49.204563],[-123.036948,49.204563],[-123.036948,49.204564],[-123.036949,49.204564],[-123.03695,49.204564],[-123.03695,49.204565],[-123.036951,49.204565],[-123.036951,49.204566],[-123.036952,49.204566],[-123.036953,49.204567],[-123.036953,49.204567],[-123.036954,49.204568],[-123.036955,49.204568],[-123.036955,49.204569],[-123.036956,49.204569],[-123.036957,49.204569],[-123.036957,49.20457],[-123.036958,49.20457],[-123.036959,49.204571],[-123.036959,49.204571],[-123.03696,49.204572],[-123.03696,49.204572],[-123.036961,49.204573],[-123.036962,49.204573],[-123.036962,49.204574],[-123.036963,49.204574],[-123.036964,49.204574],[-123.036964,49.204575],[-123.036965,49.204575],[-123.036966,49.204576],[-123.036966,49.204576],[-123.036967,49.204577],[-123.036968,49.204577],[-123.036968,49.204578],[-123.036969,49.204578],[-123.03697,49.204578],[-123.03697,49.204579],[-123.036971,49.204579],[-123.036972,49.20458],[-123.036972,49.20458],[-123.036973,49.204581],[-123.036974,49.204581],[-123.036974,49.204582],[-123.036975,49.204582],[-123.036976,49.204582],[-123.036976,49.204583],[-123.036977,49.204583],[-123.036978,49.204584],[-123.036978,49.204584],[-123.036979,49.204585],[-123.03698,49.204585],[-123.03698,49.204586],[-123.036981,49.204586],[-123.036982,49.204586],[-123.036982,49.204587],[-123.036983,49.204587],[-123.036984,49.204588],[-123.036984,49.204588],[-123.036985,49.204589],[-123.036986,49.204589],[-123.036986,49.20459],[-123.036987,49.20459],[-123.036988,49.20459],[-123.036988,49.204591],[-123.036989,49.204591],[-123.03699,49.204592],[-123.03699,49.204592],[-123.036991,49.204593],[-123.036992,49.204593],[-123.036992,49.204593],[-123.036993,49.204594],[-123.036994,49.204594],[-123.036994,49.204595],[-123.036995,49.204595],[-123.036996,49.204596],[-123.036996,49.204596],[-123.036997,49.204596],[-123.036998,49.204597],[-123.036998,49.204597],[-123.036999,49.204598],[-123.037,49.204598],[-123.037,49.204599],[-123.037001,49.204599],[-123.037002,49.204599],[-123.037002,49.2046],[-123.037003,49.2046],[-123.037004,49.204601],[-123.037005,49.204601],[-123.037005,49.204602],[-123.037006,49.204602],[-123.037007,49.204602],[-123.037007,49.204603],[-123.037008,49.204603],[-123.037009,49.204604],[-123.037009,49.204604],[-123.03701,49.204605],[-123.037011,49.204605],[-123.037011,49.204605],[-123.037012,49.204606],[-123.037013,49.204606],[-123.037013,49.204607],[-123.037014,49.204607],[-123.037015,49.204608],[-123.037016,49.204608],[-123.037016,49.204608],[-123.037017,49.204609],[-123.037018,49.204609],[-123.037018,49.20461],[-123.037019,49.20461],[-123.03702,49.20461],[-123.03702,49.204611],[-123.037021,49.204611],[-123.037022,49.204612],[-123.037023,49.204612],[-123.037023,49.204613],[-123.037024,49.204613],[-123.037025,49.204613],[-123.037025,49.204614],[-123.037026,49.204614],[-123.037027,49.204615],[-123.037028,49.204615],[-123.037029,49.204616],[-123.03703,49.204617],[-123.037032,49.204617],[-123.037033,49.204618],[-123.037034,49.204618],[-123.037035,49.204619],[-123.037036,49.20462],[-123.037037,49.20462],[-123.037039,49.204621],[-123.03704,49.204621],[-123.037041,49.204622],[-123.037042,49.204623],[-123.037043,49.204623],[-123.037045,49.204624],[-123.037046,49.204625],[-123.037047,49.204625],[-123.037048,49.204626],[-123.037049,49.204626],[-123.037051,49.204627],[-123.037052,49.204628],[-123.037053,49.204628],[-123.037054,49.204629],[-123.037055,49.204629],[-123.037057,49.20463],[-123.037058,49.204631],[-123.037059,49.204631],[-123.03706,49.204632],[-123.037062,49.204632],[-123.037063,49.204633],[-123.037064,49.204634],[-123.037065,49.204634],[-123.037066,49.204635],[-123.037068,49.204635],[-123.037069,49.204636],[-123.03707,49.204637],[-123.037071,49.204637],[-123.037072,49.204638],[-123.037074,49.204638],[-123.037075,49.204639],[-123.037076,49.204639],[-123.037077,49.20464],[-123.037079,49.204641],[-123.03708,49.204641],[-123.037081,49.204642],[-123.037082,49.204642],[-123.037084,49.204643],[-123.037085,49.204644],[-123.037086,49.204644],[-123.037087,49.204645],[-123.037088,49.204645],[-123.03709,49.204646],[-123.037091,49.204646],[-123.037092,49.204647],[-123.037093,49.204648],[-123.037095,49.204648],[-123.037096,49.204649],[-123.037097,49.204649],[-123.037098,49.20465],[-123.0371,49.20465],[-123.037101,49.204651],[-123.037102,49.204652],[-123.037103,49.204652],[-123.037105,49.204653],[-123.037106,49.204653],[-123.037107,49.204654],[-123.037108,49.204654],[-123.03711,49.204655],[-123.037111,49.204656],[-123.037112,49.204656],[-123.037113,49.204657],[-123.037115,49.204657],[-123.037116,49.204658],[-123.037117,49.204658],[-123.037118,49.204659],[-123.03712,49.204659],[-123.037121,49.20466],[-123.037122,49.204661],[-123.037123,49.204661],[-123.037125,49.204662],[-123.037126,49.204662],[-123.037127,49.204663],[-123.037129,49.204663],[-123.03713,49.204664],[-123.037131,49.204664],[-123.037132,49.204665],[-123.037134,49.204665],[-123.037135,49.204666],[-123.037136,49.204667],[-123.037137,49.204667],[-123.037139,49.204668],[-123.03714,49.204668],[-123.037141,49.204669],[-123.037143,49.204669],[-123.037144,49.20467],[-123.037145,49.20467],[-123.037146,49.204671],[-123.037148,49.204671],[-123.037149,49.204672],[-123.03715,49.204672],[-123.037151,49.204673],[-123.037153,49.204674],[-123.037154,49.204674],[-123.037155,49.204675],[-123.037157,49.204675],[-123.037158,49.204676],[-123.037159,49.204676],[-123.037161,49.204677],[-123.037162,49.204677],[-123.037163,49.204678],[-123.037164,49.204678],[-123.037166,49.204679],[-123.037167,49.204679],[-123.037168,49.20468],[-123.03717,49.20468],[-123.037171,49.204681],[-123.037172,49.204681],[-123.037173,49.204682],[-123.037175,49.204682],[-123.037176,49.204683],[-123.037177,49.204683],[-123.037179,49.204684],[-123.03718,49.204684],[-123.037181,49.204685],[-123.037183,49.204685],[-123.037184,49.204686],[-123.037185,49.204686],[-123.037187,49.204687],[-123.037188,49.204687],[-123.037189,49.204688],[-123.03719,49.204688],[-123.037192,49.204689],[-123.037193,49.204689],[-123.037194,49.20469],[-123.037196,49.20469],[-123.037197,49.204691],[-123.037198,49.204691],[-123.0372,49.204692],[-123.037201,49.204692],[-123.037202,49.204693],[-123.037204,49.204693],[-123.037205,49.204694],[-123.037206,49.204694],[-123.037208,49.204695],[-123.037209,49.204695],[-123.03721,49.204696],[-123.037212,49.204696],[-123.037213,49.204697],[-123.037214,49.204697],[-123.037216,49.204698],[-123.037217,49.204698],[-123.037218,49.204699],[-123.03722,49.204699],[-123.037221,49.2047],[-123.037222,49.2047],[-123.037224,49.204701],[-123.037225,49.204701],[-123.037226,49.204702],[-123.037228,49.204702],[-123.037229,49.204703],[-123.03723,49.204703],[-123.037232,49.204704],[-123.037233,49.204704],[-123.037234,49.204704],[-123.037236,49.204705],[-123.037237,49.204705],[-123.037238,49.204706],[-123.03724,49.204706],[-123.037241,49.204707],[-123.037242,49.204707],[-123.037244,49.204708],[-123.037245,49.204708],[-123.037246,49.204709],[-123.037248,49.204709],[-123.037249,49.20471],[-123.03725,49.20471],[-123.037252,49.20471],[-123.037253,49.204711],[-123.037254,49.204711],[-123.037256,49.204712],[-123.037257,49.204712],[-123.037258,49.204713],[-123.03726,49.204713],[-123.037261,49.204714],[-123.037263,49.204714],[-123.037264,49.204715],[-123.037265,49.204715],[-123.037267,49.204715],[-123.037268,49.204716],[-123.037269,49.204716],[-123.037271,49.204717],[-123.037272,49.204717],[-123.037273,49.204718],[-123.037275,49.204718],[-123.037276,49.204719],[-123.037277,49.204719],[-123.037279,49.204719],[-123.03728,49.20472],[-123.037282,49.20472],[-123.037283,49.204721],[-123.037284,49.204721],[-123.037286,49.204722],[-123.037287,49.204722],[-123.037288,49.204722],[-123.03729,49.204723],[-123.037291,49.204723],[-123.037293,49.204724],[-123.037294,49.204724],[-123.037295,49.204725],[-123.037297,49.204725],[-123.037298,49.204725],[-123.037299,49.204726],[-123.037301,49.204726],[-123.037302,49.204727],[-123.037304,49.204727],[-123.037305,49.204727],[-123.037306,49.204728],[-123.037308,49.204728],[-123.037309,49.204729],[-123.03731,49.204729],[-123.037312,49.20473],[-123.037313,49.20473],[-123.037315,49.20473],[-123.037316,49.204731],[-123.037317,49.204731],[-123.037319,49.204732],[-123.03732,49.204732],[-123.037322,49.204732],[-123.037323,49.204733],[-123.037324,49.204733],[-123.037326,49.204734],[-123.037327,49.204734],[-123.037329,49.204734],[-123.03733,49.204735],[-123.037331,49.204735],[-123.037333,49.204736],[-123.037334,49.204736],[-123.037335,49.204736],[-123.037337,49.204737],[-123.037338,49.204737],[-123.03734,49.204738],[-123.037341,49.204738],[-123.037342,49.204738],[-123.037344,49.204739],[-123.037345,49.204739],[-123.037347,49.204739],[-123.037348,49.20474],[-123.037349,49.20474],[-123.037351,49.204741],[-123.037352,49.204741],[-123.037354,49.204741],[-123.037355,49.204742],[-123.037357,49.204742],[-123.037358,49.204742],[-123.037359,49.204743],[-123.037361,49.204743],[-123.037362,49.204744],[-123.037364,49.204744],[-123.037365,49.204744],[-123.037366,49.204745],[-123.037368,49.204745],[-123.037369,49.204745],[-123.037371,49.204746],[-123.037372,49.204746],[-123.037373,49.204747],[-123.037375,49.204747],[-123.037376,49.204747],[-123.037378,49.204748],[-123.037379,49.204748],[-123.03738,49.204748],[-123.037382,49.204749],[-123.037383,49.204749],[-123.037385,49.204749],[-123.037386,49.20475],[-123.037388,49.20475],[-123.037389,49.20475],[-123.03739,49.204751],[-123.037392,49.204751],[-123.037393,49.204752],[-123.037395,49.204752],[-123.037396,49.204752],[-123.037398,49.204753],[-123.037399,49.204753],[-123.0374,49.204753],[-123.037402,49.204754],[-123.037403,49.204754],[-123.037405,49.204754],[-123.037406,49.204755],[-123.037408,49.204755],[-123.037409,49.204755],[-123.03741,49.204756],[-123.037412,49.204756],[-123.037413,49.204756],[-123.037415,49.204757],[-123.037416,49.204757],[-123.037418,49.204757],[-123.037419,49.204758],[-123.03742,49.204758],[-123.037422,49.204758],[-123.037423,49.204759],[-123.037425,49.204759],[-123.037426,49.204759],[-123.037428,49.20476],[-123.037429,49.20476],[-123.03743,49.20476],[-123.037432,49.204761],[-123.037433,49.204761],[-123.037435,49.204761],[-123.037436,49.204761],[-123.037438,49.204762],[-123.037439,49.204762],[-123.037441,49.204762],[-123.037442,49.204763],[-123.037443,49.204763],[-123.037445,49.204763],[-123.037446,49.204764],[-123.037448,49.204764],[-123.037449,49.204764],[-123.037451,49.204765],[-123.037452,49.204765],[-123.037454,49.204765],[-123.037455,49.204766],[-123.037456,49.204766],[-123.037458,49.204766],[-123.037459,49.204766],[-123.037461,49.204767],[-123.037462,49.204767],[-123.037464,49.204767],[-123.037465,49.204768],[-123.037467,49.204768],[-123.037468,49.204768],[-123.037469,49.204768],[-123.037471,49.204769],[-123.037472,49.204769],[-123.037474,49.204769],[-123.037475,49.20477],[-123.037477,49.20477],[-123.037478,49.20477],[-123.03748,49.20477],[-123.037481,49.204771],[-123.037483,49.204771],[-123.037484,49.204771],[-123.037485,49.204772],[-123.037487,49.204772],[-123.037488,49.204772],[-123.03749,49.204772],[-123.037491,49.204773],[-123.037493,49.204773],[-123.037494,49.204773],[-123.037496,49.204774],[-123.037497,49.204774],[-123.037499,49.204774],[-123.0375,49.204774],[-123.037502,49.204775],[-123.037503,49.204775],[-123.037504,49.204775],[-123.037506,49.204775],[-123.037507,49.204776],[-123.037509,49.204776],[-123.03751,49.204776],[-123.037511,49.204776],[-123.037512,49.204777],[-123.037513,49.204777],[-123.037514,49.204777],[-123.037515,49.204777],[-123.037516,49.204777],[-123.037517,49.204777],[-123.037518,49.204778],[-123.037519,49.204778],[-123.03752,49.204778],[-123.037521,49.204778],[-123.037522,49.204778],[-123.037523,49.204779],[-123.037524,49.204779],[-123.037525,49.204779],[-123.037526,49.204779],[-123.037527,49.204779],[-123.037528,49.20478],[-123.037529,49.20478],[-123.03753,49.20478],[-123.037531,49.20478],[-123.037532,49.20478],[-123.037533,49.204781],[-123.037534,49.204781],[-123.037535,49.204781],[-123.037536,49.204781],[-123.037537,49.204781],[-123.037538,49.204781],[-123.037539,49.204782],[-123.03754,49.204782],[-123.037541,49.204782],[-123.037542,49.204782],[-123.037543,49.204782],[-123.037544,49.204783],[-123.037545,49.204783],[-123.037546,49.204783],[-123.037547,49.204783],[-123.037548,49.204783],[-123.037549,49.204783],[-123.03755,49.204784],[-123.037551,49.204784],[-123.037552,49.204784],[-123.037553,49.204784],[-123.037554,49.204784],[-123.037555,49.204785],[-123.037556,49.204785],[-123.037557,49.204785],[-123.037558,49.204785],[-123.037559,49.204785],[-123.03756,49.204785],[-123.037561,49.204786],[-123.037562,49.204786],[-123.037563,49.204786],[-123.037564,49.204786],[-123.037565,49.204786],[-123.037566,49.204787],[-123.037567,49.204787],[-123.037568,49.204787],[-123.037569,49.204787],[-123.03757,49.204787],[-123.037571,49.204787],[-123.037572,49.204788],[-123.037573,49.204788],[-123.037574,49.204788],[-123.037575,49.204788],[-123.037576,49.204788],[-123.037577,49.204789],[-123.037578,49.204789],[-123.037579,49.204789],[-123.03758,49.204789],[-123.037581,49.204789],[-123.037582,49.204789],[-123.037583,49.20479],[-123.037584,49.20479],[-123.037586,49.20479],[-123.037587,49.20479],[-123.037588,49.20479],[-123.037589,49.20479],[-123.03759,49.204791],[-123.037591,49.204791],[-123.037592,49.204791],[-123.037593,49.204791],[-123.037594,49.204791],[-123.037595,49.204792],[-123.037596,49.204792],[-123.037597,49.204792],[-123.037598,49.204792],[-123.037599,49.204792],[-123.0376,49.204792],[-123.037601,49.204793],[-123.037602,49.204793],[-123.037603,49.204793],[-123.037604,49.204793],[-123.037605,49.204793],[-123.037606,49.204793],[-123.037607,49.204794],[-123.037608,49.204794],[-123.037609,49.204794],[-123.03761,49.204794],[-123.037611,49.204794],[-123.037612,49.204794],[-123.037613,49.204795],[-123.037614,49.204795],[-123.037615,49.204795],[-123.037616,49.204795],[-123.037617,49.204795],[-123.037618,49.204795],[-123.037619,49.204796],[-123.03762,49.204796],[-123.037621,49.204796],[-123.037622,49.204796],[-123.037623,49.204796],[-123.037624,49.204796],[-123.037625,49.204797],[-123.037626,49.204797],[-123.037627,49.204797],[-123.037628,49.204797],[-123.037629,49.204797],[-123.03763,49.204797],[-123.037631,49.204798],[-123.037632,49.204798],[-123.037633,49.204798],[-123.037634,49.204798],[-123.037635,49.204798],[-123.037636,49.204798],[-123.037637,49.204799],[-123.037638,49.204799],[-123.037639,49.204799],[-123.03764,49.204799],[-123.037641,49.204799],[-123.037642,49.204799],[-123.037643,49.204799],[-123.037644,49.2048],[-123.037645,49.2048],[-123.037646,49.2048],[-123.037647,49.2048],[-123.037648,49.2048],[-123.03765,49.2048],[-123.037651,49.204801],[-123.037652,49.204801],[-123.037653,49.204801],[-123.037654,49.204801],[-123.037655,49.204801],[-123.037656,49.204801],[-123.037657,49.204802],[-123.037658,49.204802],[-123.037659,49.204802],[-123.03766,49.204802],[-123.037661,49.204802],[-123.037662,49.204802],[-123.037663,49.204802],[-123.037664,49.204803],[-123.037665,49.204803],[-123.037666,49.204803],[-123.037667,49.204803],[-123.037668,49.204803],[-123.037669,49.204803],[-123.03767,49.204804],[-123.037671,49.204804],[-123.037672,49.204804],[-123.037673,49.204804],[-123.037674,49.204804],[-123.037675,49.204804],[-123.037676,49.204804],[-123.037677,49.204805],[-123.037678,49.204805],[-123.037679,49.204805],[-123.03768,49.204805],[-123.037681,49.204805],[-123.037682,49.204805],[-123.037683,49.204805],[-123.037684,49.204806],[-123.037685,49.204806],[-123.037686,49.204806],[-123.037687,49.204806],[-123.037688,49.204806],[-123.037689,49.204806],[-123.03769,49.204807],[-123.037691,49.204807],[-123.037692,49.204807],[-123.037693,49.204807],[-123.037694,49.204807],[-123.037695,49.204807],[-123.037696,49.204807],[-123.037697,49.204808],[-123.037699,49.204808],[-123.0377,49.204808],[-123.037701,49.204808],[-123.037702,49.204808],[-123.037703,49.204808],[-123.037704,49.204808],[-123.037705,49.204809],[-123.037706,49.204809],[-123.037707,49.204809],[-123.037708,49.204809],[-123.037709,49.204809],[-123.03771,49.204809],[-123.037711,49.204809],[-123.037712,49.20481],[-123.037713,49.20481],[-123.037714,49.20481],[-123.037715,49.20481],[-123.037716,49.20481],[-123.037717,49.20481],[-123.037718,49.20481],[-123.037719,49.204811],[-123.03772,49.204811],[-123.037721,49.204811],[-123.037722,49.204811],[-123.037723,49.204811],[-123.037724,49.204811],[-123.037725,49.204811],[-123.037726,49.204812],[-123.037727,49.204812],[-123.037728,49.204812],[-123.037729,49.204812],[-123.03773,49.204812],[-123.037731,49.204812],[-123.037732,49.204812],[-123.037733,49.204813],[-123.037734,49.204813],[-123.037735,49.204813],[-123.037736,49.204813],[-123.037737,49.204813],[-123.037738,49.204813],[-123.03774,49.204813],[-123.037741,49.204813],[-123.037742,49.204814],[-123.037743,49.204814],[-123.037744,49.204814],[-123.037745,49.204814],[-123.037746,49.204814],[-123.037747,49.204814],[-123.037748,49.204814],[-123.037749,49.204815],[-123.03775,49.204815],[-123.037751,49.204815],[-123.037752,49.204815],[-123.037753,49.204815],[-123.037754,49.204815],[-123.037755,49.204815],[-123.037756,49.204815],[-123.037757,49.204816],[-123.037758,49.204816],[-123.037759,49.204816],[-123.03776,49.204816],[-123.037761,49.204816],[-123.037762,49.204816],[-123.037763,49.204816],[-123.037764,49.204817],[-123.037765,49.204817],[-123.037766,49.204817],[-123.037767,49.204817],[-123.037768,49.204817],[-123.037769,49.204817],[-123.03777,49.204817],[-123.037771,49.204817],[-123.037772,49.204818],[-123.037773,49.204818],[-123.037774,49.204818],[-123.037775,49.204818],[-123.037777,49.204818],[-123.037778,49.204818],[-123.037779,49.204818],[-123.03778,49.204818],[-123.037781,49.204819],[-123.037782,49.204819],[-123.037783,49.204819],[-123.037784,49.204819],[-123.037785,49.204819],[-123.037786,49.204819],[-123.037787,49.204819],[-123.037788,49.204819],[-123.037789,49.20482],[-123.03779,49.20482],[-123.037791,49.20482],[-123.037792,49.20482],[-123.037793,49.20482],[-123.037794,49.20482],[-123.037795,49.20482],[-123.037796,49.20482],[-123.037797,49.20482],[-123.037798,49.204821],[-123.037799,49.204821],[-123.0378,49.204821],[-123.037801,49.204821],[-123.037802,49.204821],[-123.037803,49.204821],[-123.037804,49.204821],[-123.037805,49.204821],[-123.037806,49.204822],[-123.037807,49.204822],[-123.037808,49.204822],[-123.03781,49.204822],[-123.037811,49.204822],[-123.037812,49.204822],[-123.037813,49.204822],[-123.037814,49.204822],[-123.037815,49.204823],[-123.037816,49.204823],[-123.037817,49.204823],[-123.037818,49.204823],[-123.037819,49.204823],[-123.03782,49.204823],[-123.037821,49.204823],[-123.037822,49.204823],[-123.037823,49.204823],[-123.037824,49.204824],[-123.037825,49.204824],[-123.037826,49.204824],[-123.037827,49.204824],[-123.037828,49.204824],[-123.037829,49.204824],[-123.03783,49.204824],[-123.037831,49.204824],[-123.037832,49.204824],[-123.037833,49.204825],[-123.037834,49.204825],[-123.037835,49.204825],[-123.037836,49.204825],[-123.037837,49.204825],[-123.037838,49.204825],[-123.037839,49.204825],[-123.03784,49.204825],[-123.037842,49.204825],[-123.037843,49.204826],[-123.037844,49.204826],[-123.037845,49.204826],[-123.037846,49.204826],[-123.037847,49.204826],[-123.037848,49.204826],[-123.037849,49.204826],[-123.03785,49.204826],[-123.037851,49.204826],[-123.037852,49.204827],[-123.037853,49.204827],[-123.037854,49.204827],[-123.037855,49.204827],[-123.037856,49.204827],[-123.037857,49.204827],[-123.037858,49.204827],[-123.037859,49.204827],[-123.03786,49.204827],[-123.037861,49.204827],[-123.037862,49.204828],[-123.037863,49.204828],[-123.037864,49.204828],[-123.037865,49.204828],[-123.037866,49.204828],[-123.037867,49.204828],[-123.037868,49.204828],[-123.037869,49.204828],[-123.03787,49.204828],[-123.037872,49.204828],[-123.037873,49.204829],[-123.037874,49.204829],[-123.037875,49.204829],[-123.037876,49.204829],[-123.037874,49.204829],[-123.037871,49.20483],[-123.037869,49.20483],[-123.037867,49.20483],[-123.037865,49.204831],[-123.037863,49.204831],[-123.037861,49.204832],[-123.037858,49.204832],[-123.037856,49.204832],[-123.037854,49.204833],[-123.037852,49.204833],[-123.03785,49.204834],[-123.037848,49.204834],[-123.037846,49.204835],[-123.037844,49.204835],[-123.037841,49.204836],[-123.037839,49.204836],[-123.037837,49.204836],[-123.037835,49.204837],[-123.037833,49.204837],[-123.037831,49.204838],[-123.037829,49.204838],[-123.037827,49.204839],[-123.037825,49.204839],[-123.037822,49.20484],[-123.03782,49.20484],[-123.037818,49.204841],[-123.037816,49.204841],[-123.037814,49.204842],[-123.037812,49.204842],[-123.03781,49.204843],[-123.037808,49.204843],[-123.037806,49.204844],[-123.037804,49.204844],[-123.037801,49.204845],[-123.037799,49.204845],[-123.037797,49.204846],[-123.037795,49.204846],[-123.037793,49.204847],[-123.037791,49.204848],[-123.037789,49.204848],[-123.037787,49.204849],[-123.037785,49.204849],[-123.037783,49.20485],[-123.037781,49.20485],[-123.037779,49.204851],[-123.037777,49.204852],[-123.037775,49.204852],[-123.037773,49.204853],[-123.037771,49.204853],[-123.037769,49.204854],[-123.037767,49.204855],[-123.037764,49.204855],[-123.037762,49.204856],[-123.03776,49.204856],[-123.037758,49.204857],[-123.037756,49.204858],[-123.037754,49.204858],[-123.037752,49.204859],[-123.03775,49.204859],[-123.037748,49.20486],[-123.037746,49.204861],[-123.037744,49.204861],[-123.037742,49.204862],[-123.03774,49.204863],[-123.037738,49.204863],[-123.037736,49.204864],[-123.037734,49.204865],[-123.037732,49.204865],[-123.03773,49.204866],[-123.037728,49.204867],[-123.037726,49.204867],[-123.037724,49.204868],[-123.037723,49.204869],[-123.037721,49.204869],[-123.037719,49.20487],[-123.037717,49.204871],[-123.037715,49.204872],[-123.037713,49.204872],[-123.037711,49.204873],[-123.037709,49.204874],[-123.037707,49.204874],[-123.037705,49.204875],[-123.037703,49.204876],[-123.037701,49.204877],[-123.037699,49.204877],[-123.037697,49.204878],[-123.037695,49.204879],[-123.037693,49.20488],[-123.037692,49.20488],[-123.03769,49.204881],[-123.037688,49.204882],[-123.037686,49.204883],[-123.037684,49.204883],[-123.037682,49.204884],[-123.03768,49.204885],[-123.037678,49.204886],[-123.037676,49.204887],[-123.037674,49.204887],[-123.037673,49.204888],[-123.037671,49.204889],[-123.037669,49.20489],[-123.037667,49.204891],[-123.037665,49.204891],[-123.037663,49.204892],[-123.037661,49.204893],[-123.03766,49.204894],[-123.037658,49.204895],[-123.037656,49.204895],[-123.037654,49.204896],[-123.037652,49.204897],[-123.03765,49.204898],[-123.037649,49.204899],[-123.037647,49.2049],[-123.037645,49.204901],[-123.037643,49.204901],[-123.037641,49.204902],[-123.03764,49.204903],[-123.037638,49.204904],[-123.037636,49.204905],[-123.037634,49.204906],[-123.037632,49.204907],[-123.037631,49.204907],[-123.037629,49.204908],[-123.037627,49.204909],[-123.037625,49.20491],[-123.037623,49.204911],[-123.037622,49.204912],[-123.03762,49.204913],[-123.037618,49.204914],[-123.037616,49.204915],[-123.037615,49.204916],[-123.037613,49.204916],[-123.037611,49.204917],[-123.03761,49.204918],[-123.037608,49.204919],[-123.037606,49.20492],[-123.037604,49.204921],[-123.037603,49.204922],[-123.037601,49.204923],[-123.037599,49.204924],[-123.037598,49.204925],[-123.037596,49.204926],[-123.037594,49.204927],[-123.037592,49.204928],[-123.037591,49.204929],[-123.037589,49.20493],[-123.037587,49.204931],[-123.037586,49.204932],[-123.037584,49.204933],[-123.037582,49.204934],[-123.037581,49.204935],[-123.037579,49.204936],[-123.037577,49.204937],[-123.037576,49.204938],[-123.037574,49.204939],[-123.037573,49.20494],[-123.037571,49.204941],[-123.037569,49.204942],[-123.037568,49.204943],[-123.037566,49.204944],[-123.037564,49.204945],[-123.037563,49.204946],[-123.037561,49.204947],[-123.03756,49.204948],[-123.037558,49.204949],[-123.037557,49.20495],[-123.037555,49.204951],[-123.037553,49.204952],[-123.037552,49.204953],[-123.03755,49.204954],[-123.037549,49.204955],[-123.037547,49.204956],[-123.037546,49.204957],[-123.037544,49.204958],[-123.037543,49.204959],[-123.037541,49.20496],[-123.037539,49.204961],[-123.037538,49.204962],[-123.037536,49.204963],[-123.037535,49.204964],[-123.037533,49.204966],[-123.037532,49.204967],[-123.03753,49.204968],[-123.037529,49.204969],[-123.037527,49.20497],[-123.037526,49.204971],[-123.037524,49.204972],[-123.037523,49.204973],[-123.037522,49.204974],[-123.03752,49.204975],[-123.037519,49.204977],[-123.037517,49.204978],[-123.037516,49.204979],[-123.037514,49.20498],[-123.037513,49.204981],[-123.037511,49.204982],[-123.03751,49.204983],[-123.037509,49.204984],[-123.037507,49.204986],[-123.037506,49.204987],[-123.037504,49.204988],[-123.037503,49.204989],[-123.037502,49.20499],[-123.0375,49.204991],[-123.037499,49.204992],[-123.037497,49.204994],[-123.037496,49.204995],[-123.037495,49.204996],[-123.037493,49.204997],[-123.037492,49.204998],[-123.037491,49.204999],[-123.037489,49.205001],[-123.037488,49.205002],[-123.037487,49.205003],[-123.037485,49.205004],[-123.037484,49.205005],[-123.037483,49.205006],[-123.037481,49.205008],[-123.03748,49.205009],[-123.037479,49.20501],[-123.037478,49.205011],[-123.037476,49.205012],[-123.037475,49.205014],[-123.037474,49.205015],[-123.037472,49.205016],[-123.037471,49.205017],[-123.03747,49.205018],[-123.037469,49.20502],[-123.037467,49.205021],[-123.037466,49.205022],[-123.037465,49.205023],[-123.037464,49.205024],[-123.037463,49.205026],[-123.037461,49.205027],[-123.03746,49.205028],[-123.037459,49.205029],[-123.037458,49.205031],[-123.037457,49.205032],[-123.037455,49.205033],[-123.037454,49.205034],[-123.037453,49.205036],[-123.037452,49.205037],[-123.037451,49.205038],[-123.03745,49.205039],[-123.037448,49.205041],[-123.037447,49.205042],[-123.037446,49.205043],[-123.037445,49.205044],[-123.037444,49.205046],[-123.037443,49.205047],[-123.037442,49.205048],[-123.037441,49.205049],[-123.037439,49.205051],[-123.037438,49.205052],[-123.037437,49.205053],[-123.037436,49.205055],[-123.037435,49.205056],[-123.037434,49.205057],[-123.037433,49.205058],[-123.037432,49.20506],[-123.037431,49.205061],[-123.03743,49.205062],[-123.037429,49.205064],[-123.037428,49.205065],[-123.037427,49.205066],[-123.037426,49.205067],[-123.037425,49.205069],[-123.037424,49.20507],[-123.037423,49.205071],[-123.037422,49.205073],[-123.037421,49.205074],[-123.03742,49.205075],[-123.037419,49.205077],[-123.037418,49.205078],[-123.037417,49.205079],[-123.037416,49.205081],[-123.037415,49.205082],[-123.037414,49.205083],[-123.037413,49.205085],[-123.037412,49.205086],[-123.037411,49.205087],[-123.03741,49.205089],[-123.037409,49.20509],[-123.037408,49.205091],[-123.037407,49.205093],[-123.037407,49.205094],[-123.037406,49.205095],[-123.037405,49.205097],[-123.037404,49.205098],[-123.037403,49.205099],[-123.037402,49.205101],[-123.037401,49.205102],[-123.037401,49.205103],[-123.0374,49.205105],[-123.037399,49.205106],[-123.037398,49.205107],[-123.037397,49.205109],[-123.037396,49.20511],[-123.037396,49.205111],[-123.037395,49.205113],[-123.037394,49.205114],[-123.037393,49.205116],[-123.037392,49.205117],[-123.037392,49.205118],[-123.037391,49.20512],[-123.03739,49.205121],[-123.037389,49.205122],[-123.037389,49.205124],[-123.037388,49.205125],[-123.037387,49.205127],[-123.037386,49.205128],[-123.037386,49.205129],[-123.037385,49.205131],[-123.037384,49.205132],[-123.037383,49.205133],[-123.037383,49.205135],[-123.037382,49.205136],[-123.037381,49.205138],[-123.037381,49.205139],[-123.03738,49.20514],[-123.037379,49.205142],[-123.037379,49.205143],[-123.037378,49.205145],[-123.037377,49.205146],[-123.037377,49.205147],[-123.037376,49.205149],[-123.037376,49.20515],[-123.037375,49.205152],[-123.037374,49.205153],[-123.037374,49.205154],[-123.037373,49.205156],[-123.037373,49.205157],[-123.037372,49.205159],[-123.037371,49.20516],[-123.037371,49.205162],[-123.03737,49.205163],[-123.03737,49.205164],[-123.037369,49.205166],[-123.037369,49.205167],[-123.037368,49.205169],[-123.037368,49.20517],[-123.037367,49.205171],[-123.037366,49.205173],[-123.037366,49.205174],[-123.037365,49.205176],[-123.037365,49.205177],[-123.037364,49.205179],[-123.037364,49.20518],[-123.037364,49.205181],[-123.037363,49.205183],[-123.037363,49.205184],[-123.037362,49.205186],[-123.037362,49.205187],[-123.037361,49.205189],[-123.037361,49.20519],[-123.03736,49.205191],[-123.03736,49.205193],[-123.03736,49.205194],[-123.037311,49.205366],[-123.036886,49.205306],[-123.036846,49.205274],[-123.036858,49.204825],[-123.036796,49.204817],[-123.036795,49.204592],[-123.036795,49.204591],[-123.036795,49.20459],[-123.036795,49.20459],[-123.036795,49.204589],[-123.036795,49.204588],[-123.036795,49.204587],[-123.036795,49.204587],[-123.036795,49.204586],[-123.036795,49.204585],[-123.036795,49.204584],[-123.036795,49.204584],[-123.036794,49.204583],[-123.036794,49.204582],[-123.036794,49.204581],[-123.036794,49.20458],[-123.036794,49.20458],[-123.036794,49.204579],[-123.036794,49.204578],[-123.036794,49.204577],[-123.036794,49.204577],[-123.036794,49.204576],[-123.036794,49.204575],[-123.036794,49.204574],[-123.036794,49.204574],[-123.036794,49.204573],[-123.036794,49.204572],[-123.036794,49.204571],[-123.036794,49.204571],[-123.036794,49.20457],[-123.036794,49.204569],[-123.036794,49.204568],[-123.036794,49.204568],[-123.036793,49.204567],[-123.036793,49.204566],[-123.036793,49.204565],[-123.036793,49.204565],[-123.036793,49.204564],[-123.036793,49.204563],[-123.036793,49.204562],[-123.036793,49.204562],[-123.036793,49.204561],[-123.036793,49.20456],[-123.036793,49.204559],[-123.036793,49.204559],[-123.036793,49.204558],[-123.036792,49.204557],[-123.036792,49.204556],[-123.036792,49.204555],[-123.036792,49.204555],[-123.036792,49.204554],[-123.036792,49.204553],[-123.036792,49.204552],[-123.036792,49.204552],[-123.036792,49.204551],[-123.036792,49.20455],[-123.036791,49.204549],[-123.036791,49.204549],[-123.036791,49.204548],[-123.036791,49.204547],[-123.036791,49.204546],[-123.036791,49.204546],[-123.036791,49.204545],[-123.036791,49.204544],[-123.03679,49.204543],[-123.03679,49.204543],[-123.03679,49.204542],[-123.03679,49.204541],[-123.03679,49.20454],[-123.03679,49.20454],[-123.03679,49.204539],[-123.036789,49.204538],[-123.036789,49.204537],[-123.036789,49.204537],[-123.036789,49.204536],[-123.036789,49.204535],[-123.036789,49.204534],[-123.036789,49.204534],[-123.036788,49.204533],[-123.036788,49.204532],[-123.036788,49.204531],[-123.036788,49.204531],[-123.036788,49.20453],[-123.036788,49.204529],[-123.036787,49.204528],[-123.036787,49.204528],[-123.036787,49.204527],[-123.036787,49.204526],[-123.036787,49.204525],[-123.036787,49.204525],[-123.036786,49.204524],[-123.036786,49.204523],[-123.036786,49.204522],[-123.036786,49.204522],[-123.036786,49.204521],[-123.036786,49.20452],[-123.036785,49.204519],[-123.036785,49.204519],[-123.036785,49.204518],[-123.036785,49.204517],[-123.036785,49.204516],[-123.036784,49.204516],[-123.036784,49.204515],[-123.036784,49.204514],[-123.036784,49.204513],[-123.036784,49.204513],[-123.036783,49.204512],[-123.036783,49.204511],[-123.036783,49.20451],[-123.036783,49.20451],[-123.036782,49.204509],[-123.036782,49.204508],[-123.036782,49.204507],[-123.036782,49.204507],[-123.036782,49.204506],[-123.036781,49.204505],[-123.036781,49.204504],[-123.036781,49.204504],[-123.036781,49.204503],[-123.03678,49.204502],[-123.03678,49.204501],[-123.03678,49.204501],[-123.03678,49.2045],[-123.036779,49.204499],[-123.036779,49.204498],[-123.036779,49.204498],[-123.036779,49.204497],[-123.036779,49.204496],[-123.036778,49.204495],[-123.036778,49.204495],[-123.036778,49.204494],[-123.036777,49.204493],[-123.036777,49.204493],[-123.036777,49.204492],[-123.036777,49.204491],[-123.036776,49.20449],[-123.036776,49.20449],[-123.036776,49.204489],[-123.036776,49.204488],[-123.036775,49.204487],[-123.036775,49.204487],[-123.036775,49.204486],[-123.036775,49.204485],[-123.036774,49.204484],[-123.036774,49.204484],[-123.036774,49.204483],[-123.036773,49.204482],[-123.036773,49.204481],[-123.036773,49.204481],[-123.036773,49.20448],[-123.036772,49.204479],[-123.036772,49.204479],[-123.036772,49.204478],[-123.036771,49.204477],[-123.036771,49.204476],[-123.036771,49.204476],[-123.03677,49.204475],[-123.03677,49.204474],[-123.03677,49.204473],[-123.03677,49.204473],[-123.036769,49.204472],[-123.036769,49.204471],[-123.036769,49.20447],[-123.036768,49.20447],[-123.036768,49.204469],[-123.036768,49.204468],[-123.036767,49.204468],[-123.036767,49.204467],[-123.036767,49.204466],[-123.036766,49.204465],[-123.036766,49.204465],[-123.036766,49.204464],[-123.036765,49.204463],[-123.036765,49.204462],[-123.036765,49.204462],[-123.036764,49.204461],[-123.036764,49.20446],[-123.036764,49.20446],[-123.036763,49.204459],[-123.036763,49.204458],[-123.036763,49.204457],[-123.036762,49.204457],[-123.036762,49.204456],[-123.036762,49.204455],[-123.036761,49.204454],[-123.036761,49.204454],[-123.03676,49.204453],[-123.03676,49.204452],[-123.03676,49.204452],[-123.036759,49.204451],[-123.036759,49.20445],[-123.036759,49.204449],[-123.036758,49.204449],[-123.036758,49.204448],[-123.036758,49.204447],[-123.036757,49.204447],[-123.036757,49.204446],[-123.036756,49.204445],[-123.036756,49.204444],[-123.036756,49.204444],[-123.036755,49.204443],[-123.036755,49.204442],[-123.036754,49.204442],[-123.036754,49.204441],[-123.036754,49.20444],[-123.036753,49.204439],[-123.036753,49.204439],[-123.036752,49.204438],[-123.036752,49.204437],[-123.036752,49.204437],[-123.036751,49.204436],[-123.036751,49.204435],[-123.03675,49.204434],[-123.03675,49.204434],[-123.03675,49.204433],[-123.036749,49.204432],[-123.036749,49.204432],[-123.036748,49.204431],[-123.036748,49.20443],[-123.036748,49.204429],[-123.036747,49.204429],[-123.036747,49.204428],[-123.036746,49.204427],[-123.036746,49.204427],[-123.036745,49.204426],[-123.036745,49.204425],[-123.036745,49.204425],[-123.036744,49.204424],[-123.036744,49.204423],[-123.036743,49.204422],[-123.036743,49.204422],[-123.036742,49.204421],[-123.036742,49.20442],[-123.036741,49.20442],[-123.036741,49.204419],[-123.036741,49.204418],[-123.03674,49.204417],[-123.03674,49.204417],[-123.036739,49.204416],[-123.036739,49.204415],[-123.036738,49.204415],[-123.036738,49.204414],[-123.036737,49.204413],[-123.036737,49.204413],[-123.036736,49.204412],[-123.036736,49.204411],[-123.036735,49.204411],[-123.036735,49.20441],[-123.036735,49.204409],[-123.036734,49.204408],[-123.036734,49.204408],[-123.036733,49.204407],[-123.036733,49.204406],[-123.036732,49.204406],[-123.036732,49.204405],[-123.036731,49.204404],[-123.036731,49.204404],[-123.03673,49.204403],[-123.03673,49.204402],[-123.036729,49.204402],[-123.036729,49.204401],[-123.036728,49.2044],[-123.036728,49.2044],[-123.036727,49.204399],[-123.036727,49.204398],[-123.036726,49.204397],[-123.036726,49.204397],[-123.036725,49.204396],[-123.036725,49.204395],[-123.036724,49.204395],[-123.036724,49.204394],[-123.036723,49.204393],[-123.036723,49.204393],[-123.036722,49.204392],[-123.036722,49.204391],[-123.036721,49.204391],[-123.036721,49.20439],[-123.03672,49.204389],[-123.03672,49.204389],[-123.036719,49.204388],[-123.036718,49.204387],[-123.036718,49.204387],[-123.036717,49.204386],[-123.036717,49.204385],[-123.036716,49.204385],[-123.036716,49.204384],[-123.036715,49.204383],[-123.036715,49.204383],[-123.036714,49.204382],[-123.036714,49.204381],[-123.036713,49.204381],[-123.036713,49.20438],[-123.036712,49.204379],[-123.036711,49.204379],[-123.036711,49.204378],[-123.03671,49.204377],[-123.03671,49.204377],[-123.036709,49.204376],[-123.036709,49.204375],[-123.036708,49.204375],[-123.036707,49.204374],[-123.036707,49.204373],[-123.036706,49.204373],[-123.036706,49.204372],[-123.036705,49.204371],[-123.036705,49.204371],[-123.036704,49.20437],[-123.036703,49.204369],[-123.036703,49.204369],[-123.036702,49.204368],[-123.036702,49.204367],[-123.036701,49.204367],[-123.036701,49.204366],[-123.0367,49.204365],[-123.036699,49.204365],[-123.036699,49.204364],[-123.036698,49.204363],[-123.036698,49.204363],[-123.036697,49.204362],[-123.036696,49.204361],[-123.036696,49.204361],[-123.036695,49.20436],[-123.036695,49.204359],[-123.036694,49.204359],[-123.036693,49.204358],[-123.036693,49.204358],[-123.036692,49.204357],[-123.036692,49.204356],[-123.036691,49.204356],[-123.03669,49.204355],[-123.03669,49.204354],[-123.036689,49.204354],[-123.036689,49.204353],[-123.036688,49.204352],[-123.036687,49.204352],[-123.036687,49.204351],[-123.036686,49.20435],[-123.036685,49.20435],[-123.036685,49.204349],[-123.036684,49.204349],[-123.036684,49.204348],[-123.036683,49.204347],[-123.036682,49.204347],[-123.036682,49.204346],[-123.036681,49.204345],[-123.03668,49.204345],[-123.03668,49.204344],[-123.036679,49.204343],[-123.036678,49.204343],[-123.036678,49.204342],[-123.036677,49.204342],[-123.036676,49.204341],[-123.036676,49.20434],[-123.036675,49.20434],[-123.036675,49.204339],[-123.036674,49.204338],[-123.036673,49.204338],[-123.036673,49.204337],[-123.036672,49.204337],[-123.036671,49.204336]]]}},{"type":"Feature","properties":{"n":"Kinross Corridor - Middle","c":"Local","ha":0.14},"geometry":{"type":"Polygon","coordinates":[[[-123.036881,49.20549],[-123.037285,49.205546],[-123.037225,49.205958],[-123.03683,49.205902],[-123.03684,49.205511],[-123.036881,49.20549]]]}},{"type":"Feature","properties":{"n":"Rainbow Park","c":"Neighbourhood","ha":0},"geometry":{"type":"Polygon","coordinates":[[[-123.118453,49.279577],[-123.118096,49.279346],[-123.118905,49.27881],[-123.119262,49.279041],[-123.118453,49.279577]]]}},{"type":"Feature","properties":{"n":"Quilchena Park","c":"Community","ha":7.69},"geometry":{"type":"Polygon","coordinates":[[[-123.147146,49.242099],[-123.149364,49.242138],[-123.150509,49.243544],[-123.150516,49.243552],[-123.150522,49.24356],[-123.150529,49.243568],[-123.150536,49.243576],[-123.150543,49.243584],[-123.15055,49.243592],[-123.150557,49.2436],[-123.150564,49.243608],[-123.150571,49.243616],[-123.150579,49.243624],[-123.150586,49.243632],[-123.150593,49.24364],[-123.150601,49.243647],[-123.150608,49.243655],[-123.150616,49.243663],[-123.150624,49.243671],[-123.150631,49.243678],[-123.150639,49.243686],[-123.150647,49.243694],[-123.150655,49.243701],[-123.150663,49.243709],[-123.150671,49.243716],[-123.150679,49.243724],[-123.150687,49.243731],[-123.150695,49.243739],[-123.150704,49.243746],[-123.150712,49.243754],[-123.15072,49.243761],[-123.150729,49.243768],[-123.150737,49.243776],[-123.150746,49.243783],[-123.150755,49.24379],[-123.150763,49.243798],[-123.150772,49.243805],[-123.150781,49.243812],[-123.15079,49.243819],[-123.150799,49.243826],[-123.150808,49.243833],[-123.150817,49.24384],[-123.150826,49.243847],[-123.150835,49.243854],[-123.150845,49.243861],[-123.150854,49.243868],[-123.150863,49.243875],[-123.150873,49.243882],[-123.150882,49.243888],[-123.150892,49.243895],[-123.150901,49.243902],[-123.150911,49.243909],[-123.150921,49.243915],[-123.15093,49.243922],[-123.15094,49.243928],[-123.152175,49.244749],[-123.152164,49.244755],[-123.152154,49.244762],[-123.152143,49.244768],[-123.152133,49.244774],[-123.152122,49.24478],[-123.152111,49.244786],[-123.1521,49.244792],[-123.152088,49.244797],[-123.152077,49.244803],[-123.152065,49.244808],[-123.152054,49.244813],[-123.152042,49.244818],[-123.15203,49.244823],[-123.152018,49.244828],[-123.152005,49.244833],[-123.151993,49.244837],[-123.151981,49.244842],[-123.151968,49.244846],[-123.151956,49.24485],[-123.151943,49.244854],[-123.15193,49.244858],[-123.151917,49.244862],[-123.151904,49.244865],[-123.151891,49.244868],[-123.151877,49.244872],[-123.151864,49.244875],[-123.151851,49.244878],[-123.151837,49.244881],[-123.151824,49.244883],[-123.15181,49.244886],[-123.151796,49.244888],[-123.151782,49.24489],[-123.151769,49.244892],[-123.151755,49.244894],[-123.151741,49.244896],[-123.151727,49.244898],[-123.151713,49.244899],[-123.151699,49.2449],[-123.151685,49.244902],[-123.151671,49.244902],[-123.151657,49.244903],[-123.151643,49.244904],[-123.151628,49.244905],[-123.151614,49.244905],[-123.1516,49.244905],[-123.151586,49.244905],[-123.151572,49.244905],[-123.149638,49.244874],[-123.149618,49.245431],[-123.148766,49.24557],[-123.147506,49.24388],[-123.1475,49.243872],[-123.147494,49.243864],[-123.147488,49.243856],[-123.147482,49.243848],[-123.147476,49.243839],[-123.147471,49.243831],[-123.147465,49.243823],[-123.147459,49.243815],[-123.147453,49.243807],[-123.147448,49.243798],[-123.147442,49.24379],[-123.147437,49.243782],[-123.147431,49.243773],[-123.147426,49.243765],[-123.14742,49.243757],[-123.147415,49.243748],[-123.14741,49.24374],[-123.147404,49.243732],[-123.147399,49.243723],[-123.147394,49.243715],[-123.147389,49.243707],[-123.147384,49.243698],[-123.147379,49.24369],[-123.147374,49.243681],[-123.147369,49.243673],[-123.147364,49.243664],[-123.147359,49.243656],[-123.147354,49.243648],[-123.14735,49.243639],[-123.147345,49.243631],[-123.14734,49.243622],[-123.147336,49.243613],[-123.147331,49.243605],[-123.147327,49.243596],[-123.147322,49.243588],[-123.147318,49.243579],[-123.147313,49.243571],[-123.147309,49.243562],[-123.147305,49.243553],[-123.147301,49.243545],[-123.147296,49.243536],[-123.147292,49.243528],[-123.147288,49.243519],[-123.147284,49.24351],[-123.14728,49.243502],[-123.147276,49.243493],[-123.147272,49.243484],[-123.147268,49.243476],[-123.147265,49.243467],[-123.147261,49.243458],[-123.147257,49.24345],[-123.147253,49.243441],[-123.14725,49.243432],[-123.147246,49.243423],[-123.147243,49.243415],[-123.147239,49.243406],[-123.147236,49.243397],[-123.147233,49.243388],[-123.147229,49.24338],[-123.147226,49.243371],[-123.147223,49.243362],[-123.147219,49.243353],[-123.147216,49.243344],[-123.147213,49.243336],[-123.14721,49.243327],[-123.147207,49.243318],[-123.147204,49.243309],[-123.147201,49.2433],[-123.147199,49.243292],[-123.147196,49.243283],[-123.147193,49.243274],[-123.14719,49.243265],[-123.147188,49.243256],[-123.147185,49.243247],[-123.147182,49.243238],[-123.14718,49.243229],[-123.147177,49.24322],[-123.147175,49.243212],[-123.147173,49.243203],[-123.14717,49.243194],[-123.147168,49.243185],[-123.147166,49.243176],[-123.147164,49.243167],[-123.147162,49.243158],[-123.14716,49.243149],[-123.147158,49.24314],[-123.147156,49.243131],[-123.147154,49.243122],[-123.147152,49.243113],[-123.14715,49.243104],[-123.147148,49.243095],[-123.147147,49.243086],[-123.147145,49.243077],[-123.147143,49.243068],[-123.147142,49.243059],[-123.14714,49.24305],[-123.147139,49.243041],[-123.147137,49.243032],[-123.147136,49.243023],[-123.147135,49.243014],[-123.147133,49.243005],[-123.147132,49.242996],[-123.147131,49.242987],[-123.14713,49.242978],[-123.147129,49.242969],[-123.147127,49.24296],[-123.147127,49.242951],[-123.147126,49.242942],[-123.147125,49.242933],[-123.147124,49.242924],[-123.147123,49.242915],[-123.147122,49.242906],[-123.147122,49.242897],[-123.147121,49.242888],[-123.147121,49.242879],[-123.14712,49.24287],[-123.14712,49.242861],[-123.147119,49.242852],[-123.147119,49.242843],[-123.147118,49.242834],[-123.147118,49.242825],[-123.147118,49.242816],[-123.147118,49.242807],[-123.147117,49.242798],[-123.147117,49.242789],[-123.147117,49.24278],[-123.147117,49.242771],[-123.147117,49.242762],[-123.147118,49.242753],[-123.147118,49.242744],[-123.147118,49.242735],[-123.147118,49.242725],[-123.147118,49.242716],[-123.147119,49.242707],[-123.147119,49.242698],[-123.147146,49.242099]]]}},{"type":"Feature","properties":{"n":"Gibby's Field","c":"Local","ha":0},"geometry":{"type":"Polygon","coordinates":[[[-123.074295,49.254269],[-123.073743,49.25426],[-123.073755,49.253945],[-123.074307,49.253954],[-123.074295,49.254269]]]}},{"type":"Feature","properties":{"n":"East Park","c":"Neighbourhood","ha":0},"geometry":{"type":"Polygon","coordinates":[[[-123.104477,49.271434],[-123.104436,49.271434],[-123.104401,49.271434],[-123.104375,49.271486],[-123.103846,49.271483],[-123.10361,49.271446],[-123.103398,49.271369],[-123.103416,49.271324],[-123.103616,49.27136],[-123.103741,49.271198],[-123.103743,49.271195],[-123.103848,49.271028],[-123.103933,49.270855],[-123.103998,49.270678],[-123.103999,49.270676],[-123.104,49.270673],[-123.104001,49.27067],[-123.104002,49.270667],[-123.104002,49.270664],[-123.104003,49.270661],[-123.104004,49.270658],[-123.104005,49.270655],[-123.104006,49.270652],[-123.104007,49.270649],[-123.104008,49.270646],[-123.104008,49.270643],[-123.104009,49.27064],[-123.10401,49.270637],[-123.104011,49.270634],[-123.104012,49.270631],[-123.104013,49.270628],[-123.104013,49.270625],[-123.104014,49.270622],[-123.104015,49.270619],[-123.104016,49.270616],[-123.104017,49.270613],[-123.104017,49.27061],[-123.104018,49.270607],[-123.104019,49.270604],[-123.10402,49.270601],[-123.10402,49.270598],[-123.104021,49.270595],[-123.104022,49.270592],[-123.104023,49.270589],[-123.104023,49.270586],[-123.104024,49.270583],[-123.104025,49.27058],[-123.104025,49.270577],[-123.104026,49.270574],[-123.104027,49.270571],[-123.104028,49.270568],[-123.104028,49.270565],[-123.104029,49.270562],[-123.10403,49.270559],[-123.10403,49.270556],[-123.104031,49.270553],[-123.104032,49.27055],[-123.104032,49.270547],[-123.104033,49.270544],[-123.104034,49.270541],[-123.104034,49.270538],[-123.104035,49.270535],[-123.104035,49.270532],[-123.104036,49.270529],[-123.104037,49.270526],[-123.104037,49.270522],[-123.104038,49.270519],[-123.104038,49.270516],[-123.104039,49.270513],[-123.10404,49.27051],[-123.10404,49.270507],[-123.104041,49.270504],[-123.104041,49.270501],[-123.104042,49.270498],[-123.104042,49.270495],[-123.104043,49.270492],[-123.104043,49.270489],[-123.104044,49.270486],[-123.104045,49.270483],[-123.104045,49.27048],[-123.104046,49.270477],[-123.104046,49.270474],[-123.104047,49.270471],[-123.104047,49.270468],[-123.104048,49.270465],[-123.104048,49.270462],[-123.104049,49.270459],[-123.104049,49.270456],[-123.104049,49.270453],[-123.10405,49.27045],[-123.10405,49.270447],[-123.104051,49.270444],[-123.104051,49.270441],[-123.104052,49.270438],[-123.104052,49.270435],[-123.104053,49.270432],[-123.104053,49.270429],[-123.104053,49.270426],[-123.104054,49.270423],[-123.104054,49.270419],[-123.104055,49.270416],[-123.104055,49.270413],[-123.104055,49.27041],[-123.104056,49.270407],[-123.104056,49.270404],[-123.104056,49.270401],[-123.104057,49.270398],[-123.104057,49.270395],[-123.104057,49.270392],[-123.104058,49.270389],[-123.104058,49.270386],[-123.104058,49.270383],[-123.104059,49.27038],[-123.104059,49.270377],[-123.104059,49.270374],[-123.10406,49.270371],[-123.10406,49.270368],[-123.10406,49.270365],[-123.104061,49.270362],[-123.104061,49.270359],[-123.104061,49.270356],[-123.104061,49.270353],[-123.104062,49.27035],[-123.104062,49.270347],[-123.104062,49.270344],[-123.104062,49.27034],[-123.104063,49.270337],[-123.104063,49.270334],[-123.104063,49.270331],[-123.104063,49.270328],[-123.104064,49.270325],[-123.104064,49.270323],[-123.104064,49.270322],[-123.104064,49.270319],[-123.104064,49.270316],[-123.104455,49.270323],[-123.104448,49.270488],[-123.104444,49.270574],[-123.104515,49.270542],[-123.104477,49.271434]]]}}]}